review_id,product_id,brand_name,date_key,aspect,clause_sentiment
0,2070262528,Murad,2023-06-01,Chất lượng/Đóng gói,positive
0,2070262528,Murad,2023-06-01,Chất lượng/Đóng gói,neutral
0,2070262528,Murad,2023-06-01,Chất lượng/Đóng gói,neutral
0,2070262528,Murad,2023-06-01,Chất lượng/Đóng gói,neutral
0,2070262528,Murad,2023-06-01,Dịch vụ/Uy tín,positive
0,2070262528,Murad,2023-06-01,Chất lượng/Đóng gói,positive
1,2070262528,Murad,2026-04-01,Hiệu quả,positive
1,2070262528,Murad,2026-04-01,Hiệu quả,neutral
1,2070262528,Murad,2026-04-01,Hiệu quả,positive
1,2070262528,Murad,2026-04-01,Hiệu quả,positive
1,2070262528,Murad,2026-04-01,Hiệu quả,positive
1,2070262528,Murad,2026-04-01,Giá cả,neutral
2,2070262528,Murad,2026-04-01,Hiệu quả,positive
2,2070262528,Murad,2026-04-01,Hiệu quả,neutral
2,2070262528,Murad,2026-04-01,Hiệu quả,positive
3,2070262528,Murad,2026-03-01,Hiệu quả,positive
3,2070262528,Murad,2026-03-01,Hiệu quả,positive
3,2070262528,Murad,2026-03-01,Mùi hương/Kết cấu,positive
3,2070262528,Murad,2026-03-01,Hiệu quả,neutral
5,2070262528,Murad,2026-03-01,Hiệu quả,positive
6,2070262528,Murad,2026-02-01,Hiệu quả,positive
6,2070262528,Murad,2026-02-01,Hiệu quả,positive
6,2070262528,Murad,2026-02-01,Hiệu quả,positive
6,2070262528,Murad,2026-02-01,Hiệu quả,positive
10,2070262528,Murad,2025-12-01,Hiệu quả,positive
10,2070262528,Murad,2025-12-01,Hiệu quả,neutral
11,2070262528,Murad,2025-12-01,Hiệu quả,positive
11,2070262528,Murad,2025-12-01,Giá cả,positive
11,2070262528,Murad,2025-12-01,Chất lượng/Đóng gói,positive
12,2070262528,Murad,2025-12-01,Hiệu quả,neutral
12,2070262528,Murad,2025-12-01,Hiệu quả,positive
13,2070262528,Murad,2025-12-01,Hiệu quả,positive
13,2070262528,Murad,2025-12-01,Chất lượng/Đóng gói,positive
13,2070262528,Murad,2025-12-01,Hiệu quả,neutral
13,2070262528,Murad,2025-12-01,Giá cả,neutral
14,2070262528,Murad,2025-11-01,Giao hàng,neutral
14,2070262528,Murad,2025-11-01,Dịch vụ/Uy tín,neutral
14,2070262528,Murad,2025-11-01,Dịch vụ/Uy tín,positive
15,2070262528,Murad,2025-11-01,Hiệu quả,neutral
15,2070262528,Murad,2025-11-01,Hiệu quả,neutral
15,2070262528,Murad,2025-11-01,Giá cả,neutral
16,2070262528,Murad,2025-11-01,Hiệu quả,positive
16,2070262528,Murad,2025-11-01,Hiệu quả,neutral
17,2070262528,Murad,2025-11-01,Giao hàng,neutral
18,2070262528,Murad,2025-11-01,Hiệu quả,positive
18,2070262528,Murad,2025-11-01,Giá cả,positive
19,2070262528,Murad,2025-10-01,Giá cả,positive
19,2070262528,Murad,2025-10-01,Dịch vụ/Uy tín,positive
20,2070262528,Murad,2025-10-01,Hiệu quả,neutral
21,2070262528,Murad,2025-10-01,Giá cả,neutral
21,2070262528,Murad,2025-10-01,Chất lượng/Đóng gói,positive
22,2070262528,Murad,2025-10-01,Chất lượng/Đóng gói,neutral
22,2070262528,Murad,2025-10-01,Hiệu quả,negative
23,2070262528,Murad,2025-09-01,Hiệu quả,neutral
23,2070262528,Murad,2025-09-01,Hiệu quả,positive
23,2070262528,Murad,2025-09-01,Hiệu quả,neutral
24,2070262528,Murad,2025-09-01,Hiệu quả,neutral
24,2070262528,Murad,2025-09-01,Hiệu quả,positive
24,2070262528,Murad,2025-09-01,Hiệu quả,positive
24,2070262528,Murad,2025-09-01,Mùi hương/Kết cấu,positive
24,2070262528,Murad,2025-09-01,Hiệu quả,positive
25,2070262528,Murad,2025-09-01,Chất lượng/Đóng gói,negative
26,2070262528,Murad,2025-09-01,Giao hàng,neutral
26,2070262528,Murad,2025-09-01,Chất lượng/Đóng gói,positive
27,2070262528,Murad,2025-09-01,Hiệu quả,neutral
30,2070262528,Murad,2025-05-01,Hiệu quả,positive
30,2070262528,Murad,2025-05-01,Hiệu quả,neutral
30,2070262528,Murad,2025-05-01,Hiệu quả,neutral
31,2070262528,Murad,2025-04-01,Hiệu quả,neutral
32,2070262528,Murad,2025-04-01,Hiệu quả,neutral
35,2070262528,Murad,2025-04-01,Hiệu quả,neutral
35,2070262528,Murad,2025-04-01,Hiệu quả,positive
35,2070262528,Murad,2025-04-01,Hiệu quả,positive
35,2070262528,Murad,2025-04-01,Hiệu quả,positive
35,2070262528,Murad,2025-04-01,Mùi hương/Kết cấu,positive
35,2070262528,Murad,2025-04-01,Hiệu quả,positive
35,2070262528,Murad,2025-04-01,Hiệu quả,positive
35,2070262528,Murad,2025-04-01,Mùi hương/Kết cấu,positive
36,2070262528,Murad,2025-03-01,Hiệu quả,neutral
36,2070262528,Murad,2025-03-01,Hiệu quả,neutral
36,2070262528,Murad,2025-03-01,Hiệu quả,neutral
37,2070262528,Murad,2025-03-01,Hiệu quả,negative
38,2070262528,Murad,2025-01-01,Hiệu quả,positive
38,2070262528,Murad,2025-01-01,Mùi hương/Kết cấu,positive
38,2070262528,Murad,2025-01-01,Hiệu quả,neutral
38,2070262528,Murad,2025-01-01,Hiệu quả,neutral
38,2070262528,Murad,2025-01-01,Hiệu quả,positive
39,2070262528,Murad,2025-01-01,Hiệu quả,positive
39,2070262528,Murad,2025-01-01,Hiệu quả,neutral
39,2070262528,Murad,2025-01-01,Hiệu quả,positive
39,2070262528,Murad,2025-01-01,Hiệu quả,positive
39,2070262528,Murad,2025-01-01,Hiệu quả,positive
39,2070262528,Murad,2025-01-01,Hiệu quả,positive
39,2070262528,Murad,2025-01-01,Hiệu quả,neutral
40,2070262528,Murad,2024-12-01,Hiệu quả,positive
40,2070262528,Murad,2024-12-01,Hiệu quả,positive
40,2070262528,Murad,2024-12-01,Hiệu quả,positive
40,2070262528,Murad,2024-12-01,Hiệu quả,neutral
41,2070262528,Murad,2024-12-01,Giá cả,positive
41,2070262528,Murad,2024-12-01,Hiệu quả,positive
42,2070262528,Murad,2024-12-01,Hiệu quả,neutral
43,2070262528,Murad,2024-12-01,Hiệu quả,positive
43,2070262528,Murad,2024-12-01,Mùi hương/Kết cấu,positive
44,2070262528,Murad,2024-12-01,Hiệu quả,positive
44,2070262528,Murad,2024-12-01,Hiệu quả,neutral
45,2070262528,Murad,2024-11-01,Hiệu quả,neutral
45,2070262528,Murad,2024-11-01,Hiệu quả,positive
45,2070262528,Murad,2024-11-01,Hiệu quả,positive
46,2070262528,Murad,2024-10-01,Hiệu quả,positive
47,2070262528,Murad,2024-09-01,Hiệu quả,positive
48,2070262528,Murad,2024-09-01,Hiệu quả,positive
48,2070262528,Murad,2024-09-01,Hiệu quả,positive
49,2070262528,Murad,2024-09-01,Hiệu quả,neutral
49,2070262528,Murad,2024-09-01,Hiệu quả,positive
49,2070262528,Murad,2024-09-01,Mùi hương/Kết cấu,positive
50,2070262528,Murad,2024-08-01,Hiệu quả,positive
50,2070262528,Murad,2024-08-01,Hiệu quả,neutral
51,2070262528,Murad,2024-07-01,Hiệu quả,positive
51,2070262528,Murad,2024-07-01,Hiệu quả,neutral
52,2070262528,Murad,2024-07-01,Hiệu quả,neutral
52,2070262528,Murad,2024-07-01,Hiệu quả,positive
54,2070262528,Murad,2024-06-01,Giá cả,positive
55,2070262528,Murad,2024-06-01,Hiệu quả,positive
55,2070262528,Murad,2024-06-01,Hiệu quả,positive
55,2070262528,Murad,2024-06-01,Hiệu quả,positive
56,2070262528,Murad,2024-06-01,Chất lượng/Đóng gói,negative
57,2070262528,Murad,2024-05-01,Hiệu quả,positive
57,2070262528,Murad,2024-05-01,Hiệu quả,positive
57,2070262528,Murad,2024-05-01,Hiệu quả,neutral
59,2070262528,Murad,2024-05-01,Hiệu quả,neutral
59,2070262528,Murad,2024-05-01,Hiệu quả,positive
59,2070262528,Murad,2024-05-01,Hiệu quả,positive
59,2070262528,Murad,2024-05-01,Hiệu quả,neutral
60,2070262528,Murad,2024-05-01,Hiệu quả,neutral
61,2070262528,Murad,2024-05-01,Hiệu quả,positive
62,2070262528,Murad,2024-03-01,Hiệu quả,neutral
63,2070262528,Murad,2023-12-01,Hiệu quả,positive
63,2070262528,Murad,2023-12-01,Hiệu quả,positive
63,2070262528,Murad,2023-12-01,Hiệu quả,positive
64,2070262528,Murad,2023-11-01,Hiệu quả,neutral
64,2070262528,Murad,2023-11-01,Chất lượng/Đóng gói,neutral
65,2070262528,Murad,2023-11-01,Giao hàng,neutral
65,2070262528,Murad,2023-11-01,Giá cả,neutral
65,2070262528,Murad,2023-11-01,Giá cả,positive
65,2070262528,Murad,2023-11-01,Chất lượng/Đóng gói,positive
66,2070262528,Murad,2023-11-01,Hiệu quả,positive
66,2070262528,Murad,2023-11-01,Mùi hương/Kết cấu,neutral
67,2070262528,Murad,2023-10-01,Hiệu quả,positive
67,2070262528,Murad,2023-10-01,Dịch vụ/Uy tín,neutral
68,2070262528,Murad,2023-09-01,Chất lượng/Đóng gói,positive
68,2070262528,Murad,2023-09-01,Mùi hương/Kết cấu,positive
68,2070262528,Murad,2023-09-01,Hiệu quả,positive
68,2070262528,Murad,2023-09-01,Mùi hương/Kết cấu,positive
69,2070262528,Murad,2023-08-01,Hiệu quả,positive
69,2070262528,Murad,2023-08-01,Chất lượng/Đóng gói,positive
69,2070262528,Murad,2023-08-01,Mùi hương/Kết cấu,positive
70,2070262528,Murad,2023-08-01,Chất lượng/Đóng gói,positive
71,2070262528,Murad,2023-08-01,Chất lượng/Đóng gói,positive
71,2070262528,Murad,2023-08-01,Hiệu quả,positive
73,2070262528,Murad,2023-07-01,Giá cả,neutral
73,2070262528,Murad,2023-07-01,Hiệu quả,negative
74,2070262528,Murad,2023-07-01,Hiệu quả,neutral
74,2070262528,Murad,2023-07-01,Hiệu quả,positive
75,2070262528,Murad,2023-07-01,Thành phần,neutral
76,2070262528,Murad,2023-07-01,Hiệu quả,positive
76,2070262528,Murad,2023-07-01,Giá cả,neutral
76,2070262528,Murad,2023-07-01,Mùi hương/Kết cấu,positive
78,2070262528,Murad,2023-07-01,Chất lượng/Đóng gói,positive
79,2070262528,Murad,2023-07-01,Hiệu quả,positive
80,2070262528,Murad,2023-06-01,Chất lượng/Đóng gói,neutral
80,2070262528,Murad,2023-06-01,Giá cả,neutral
81,2070262528,Murad,2023-06-01,Hiệu quả,neutral
81,2070262528,Murad,2023-06-01,Dịch vụ/Uy tín,neutral
81,2070262528,Murad,2023-06-01,Dịch vụ/Uy tín,positive
82,2070262528,Murad,2023-06-01,Giao hàng,neutral
82,2070262528,Murad,2023-06-01,Chất lượng/Đóng gói,positive
84,2070262528,Murad,2023-05-01,Giao hàng,neutral
84,2070262528,Murad,2023-05-01,Chất lượng/Đóng gói,neutral
84,2070262528,Murad,2023-05-01,Chất lượng/Đóng gói,negative
85,2070262528,Murad,2023-05-01,Dịch vụ/Uy tín,neutral
85,2070262528,Murad,2023-05-01,Chất lượng/Đóng gói,positive
85,2070262528,Murad,2023-05-01,Chất lượng/Đóng gói,positive
86,2070262528,Murad,2023-04-01,Hiệu quả,positive
89,2070262528,Murad,2023-03-01,Dịch vụ/Uy tín,neutral
89,2070262528,Murad,2023-03-01,Giao hàng,neutral
92,1999474295,Murad,2022-09-01,Chất lượng/Đóng gói,negative
93,1999474295,Murad,2025-09-01,Giá cả,neutral
94,1999474295,Murad,2024-06-01,Chất lượng/Đóng gói,negative
95,1999474295,Murad,2023-02-01,Hiệu quả,negative
95,1999474295,Murad,2023-02-01,Hiệu quả,neutral
96,1999474295,Murad,2026-03-01,Hiệu quả,neutral
97,1999474295,Murad,2026-03-01,Hiệu quả,positive
97,1999474295,Murad,2026-03-01,Giá cả,positive
97,1999474295,Murad,2026-03-01,Hiệu quả,positive
98,1999474295,Murad,2026-03-01,Hiệu quả,positive
98,1999474295,Murad,2026-03-01,Hiệu quả,positive
98,1999474295,Murad,2026-03-01,Hiệu quả,positive
99,1999474295,Murad,2026-01-01,Hiệu quả,positive
100,1999474295,Murad,2026-01-01,Hiệu quả,neutral
101,1999474295,Murad,2025-12-01,Hiệu quả,positive
101,1999474295,Murad,2025-12-01,Hiệu quả,positive
102,1999474295,Murad,2025-12-01,Hiệu quả,positive
103,1999474295,Murad,2025-11-01,Hiệu quả,neutral
103,1999474295,Murad,2025-11-01,Thành phần,neutral
106,1999474295,Murad,2025-09-01,Hiệu quả,positive
106,1999474295,Murad,2025-09-01,Hiệu quả,neutral
106,1999474295,Murad,2025-09-01,Hiệu quả,positive
106,1999474295,Murad,2025-09-01,Thành phần,positive
107,1999474295,Murad,2025-09-01,Hiệu quả,positive
107,1999474295,Murad,2025-09-01,Giá cả,positive
107,1999474295,Murad,2025-09-01,Chất lượng/Đóng gói,positive
107,1999474295,Murad,2025-09-01,Dịch vụ/Uy tín,positive
107,1999474295,Murad,2025-09-01,Dịch vụ/Uy tín,neutral
108,1999474295,Murad,2025-08-01,Hiệu quả,neutral
108,1999474295,Murad,2025-08-01,Hiệu quả,positive
109,1999474295,Murad,2025-05-01,Hiệu quả,neutral
110,1999474295,Murad,2025-03-01,Hiệu quả,positive
110,1999474295,Murad,2025-03-01,Hiệu quả,neutral
111,1999474295,Murad,2024-11-01,Hiệu quả,positive
111,1999474295,Murad,2024-11-01,Giá cả,positive
111,1999474295,Murad,2024-11-01,Thành phần,positive
111,1999474295,Murad,2024-11-01,Hiệu quả,positive
113,1999474295,Murad,2024-10-01,Hiệu quả,neutral
114,1999474295,Murad,2024-09-01,Hiệu quả,neutral
114,1999474295,Murad,2024-09-01,Hiệu quả,positive
115,1999474295,Murad,2024-09-01,Hiệu quả,positive
115,1999474295,Murad,2024-09-01,Hiệu quả,positive
115,1999474295,Murad,2024-09-01,Hiệu quả,neutral
115,1999474295,Murad,2024-09-01,Hiệu quả,neutral
117,1999474295,Murad,2024-09-01,Hiệu quả,positive
117,1999474295,Murad,2024-09-01,Hiệu quả,neutral
118,1999474295,Murad,2024-08-01,Chất lượng/Đóng gói,positive
118,1999474295,Murad,2024-08-01,Mùi hương/Kết cấu,neutral
119,1999474295,Murad,2024-07-01,Giao hàng,neutral
119,1999474295,Murad,2024-07-01,Hiệu quả,negative
120,1999474295,Murad,2024-06-01,Hiệu quả,neutral
121,1999474295,Murad,2024-06-01,Giao hàng,neutral
122,1999474295,Murad,2024-05-01,Hiệu quả,neutral
122,1999474295,Murad,2024-05-01,Hiệu quả,positive
122,1999474295,Murad,2024-05-01,Hiệu quả,positive
122,1999474295,Murad,2024-05-01,Hiệu quả,positive
123,1999474295,Murad,2024-04-01,Hiệu quả,positive
123,1999474295,Murad,2024-04-01,Chất lượng/Đóng gói,positive
124,1999474295,Murad,2024-02-01,Chất lượng/Đóng gói,positive
124,1999474295,Murad,2024-02-01,Mùi hương/Kết cấu,positive
124,1999474295,Murad,2024-02-01,Hiệu quả,positive
126,1999474295,Murad,2024-01-01,Hiệu quả,neutral
126,1999474295,Murad,2024-01-01,Hiệu quả,positive
126,1999474295,Murad,2024-01-01,Hiệu quả,neutral
126,1999474295,Murad,2024-01-01,Hiệu quả,neutral
127,1999474295,Murad,2024-01-01,Hiệu quả,negative
128,1999474295,Murad,2024-01-01,Chất lượng/Đóng gói,positive
129,1999474295,Murad,2023-12-01,Hiệu quả,positive
130,1999474295,Murad,2023-11-01,Giao hàng,neutral
130,1999474295,Murad,2023-11-01,Chất lượng/Đóng gói,neutral
130,1999474295,Murad,2023-11-01,Giá cả,positive
130,1999474295,Murad,2023-11-01,Chất lượng/Đóng gói,positive
131,1999474295,Murad,2023-11-01,Hiệu quả,positive
132,1999474295,Murad,2023-11-01,Giá cả,positive
132,1999474295,Murad,2023-11-01,Chất lượng/Đóng gói,positive
133,1999474295,Murad,2023-11-01,Giao hàng,neutral
133,1999474295,Murad,2023-11-01,Dịch vụ/Uy tín,neutral
134,1999474295,Murad,2023-11-01,Giao hàng,neutral
134,1999474295,Murad,2023-11-01,Chất lượng/Đóng gói,neutral
134,1999474295,Murad,2023-11-01,Chất lượng/Đóng gói,positive
135,1999474295,Murad,2023-11-01,Giá cả,neutral
135,1999474295,Murad,2023-11-01,Giá cả,neutral
136,1999474295,Murad,2023-10-01,Giá cả,neutral
137,1999474295,Murad,2023-10-01,Hiệu quả,positive
138,1999474295,Murad,2023-09-01,Hiệu quả,positive
138,1999474295,Murad,2023-09-01,Chất lượng/Đóng gói,positive
138,1999474295,Murad,2023-09-01,Mùi hương/Kết cấu,positive
139,1999474295,Murad,2023-09-01,Hiệu quả,positive
139,1999474295,Murad,2023-09-01,Chất lượng/Đóng gói,positive
139,1999474295,Murad,2023-09-01,Giao hàng,positive
139,1999474295,Murad,2023-09-01,Mùi hương/Kết cấu,positive
140,1999474295,Murad,2023-09-01,Hiệu quả,positive
140,1999474295,Murad,2023-09-01,Chất lượng/Đóng gói,positive
140,1999474295,Murad,2023-09-01,Mùi hương/Kết cấu,positive
142,1999474295,Murad,2023-08-01,Hiệu quả,positive
142,1999474295,Murad,2023-08-01,Hiệu quả,neutral
143,1999474295,Murad,2023-08-01,Giao hàng,neutral
143,1999474295,Murad,2023-08-01,Chất lượng/Đóng gói,neutral
143,1999474295,Murad,2023-08-01,Hiệu quả,positive
144,1999474295,Murad,2023-08-01,Chất lượng/Đóng gói,positive
144,1999474295,Murad,2023-08-01,Hiệu quả,positive
144,1999474295,Murad,2023-08-01,Mùi hương/Kết cấu,positive
145,1999474295,Murad,2023-07-01,Dịch vụ/Uy tín,neutral
145,1999474295,Murad,2023-07-01,Giao hàng,positive
145,1999474295,Murad,2023-07-01,Dịch vụ/Uy tín,positive
146,1999474295,Murad,2023-07-01,Giá cả,neutral
147,1999474295,Murad,2023-07-01,Hiệu quả,neutral
148,1999474295,Murad,2023-07-01,Giá cả,neutral
148,1999474295,Murad,2023-07-01,Hiệu quả,neutral
149,1999474295,Murad,2023-07-01,Giao hàng,neutral
149,1999474295,Murad,2023-07-01,Chất lượng/Đóng gói,positive
149,1999474295,Murad,2023-07-01,Dịch vụ/Uy tín,neutral
150,1999474295,Murad,2023-07-01,Giao hàng,neutral
151,1999474295,Murad,2023-07-01,Chất lượng/Đóng gói,positive
152,1999474295,Murad,2023-06-01,Hiệu quả,positive
152,1999474295,Murad,2023-06-01,Hiệu quả,positive
153,1999474295,Murad,2023-05-01,Hiệu quả,positive
154,1999474295,Murad,2023-05-01,Chất lượng/Đóng gói,positive
157,1999474295,Murad,2023-05-01,Hiệu quả,neutral
157,1999474295,Murad,2023-05-01,Hiệu quả,neutral
157,1999474295,Murad,2023-05-01,Giao hàng,neutral
157,1999474295,Murad,2023-05-01,Mùi hương/Kết cấu,neutral
158,1999474295,Murad,2023-04-01,Chất lượng/Đóng gói,positive
159,1999474295,Murad,2023-04-01,Hiệu quả,positive
159,1999474295,Murad,2023-04-01,Giao hàng,positive
159,1999474295,Murad,2023-04-01,Dịch vụ/Uy tín,positive
160,1999474295,Murad,2023-04-01,Hiệu quả,neutral
160,1999474295,Murad,2023-04-01,Hiệu quả,neutral
162,1999474295,Murad,2023-03-01,Hiệu quả,positive
162,1999474295,Murad,2023-03-01,Giá cả,negative
163,1999474295,Murad,2023-03-01,Chất lượng/Đóng gói,positive
163,1999474295,Murad,2023-03-01,Giao hàng,positive
163,1999474295,Murad,2023-03-01,Hiệu quả,neutral
164,1999474295,Murad,2023-03-01,Giao hàng,neutral
164,1999474295,Murad,2023-03-01,Chất lượng/Đóng gói,positive
164,1999474295,Murad,2023-03-01,Giá cả,neutral
165,1999474295,Murad,2023-03-01,Chất lượng/Đóng gói,positive
166,1999474295,Murad,2023-03-01,Chất lượng/Đóng gói,positive
167,1999474295,Murad,2023-03-01,Hiệu quả,positive
167,1999474295,Murad,2023-03-01,Chất lượng/Đóng gói,positive
168,1999474295,Murad,2023-02-01,Chất lượng/Đóng gói,neutral
170,1999474295,Murad,2023-02-01,Hiệu quả,neutral
170,1999474295,Murad,2023-02-01,Giá cả,neutral
171,1999474295,Murad,2023-01-01,Hiệu quả,positive
171,1999474295,Murad,2023-01-01,Hiệu quả,neutral
171,1999474295,Murad,2023-01-01,Giá cả,neutral
172,1999474295,Murad,2023-01-01,Giao hàng,neutral
172,1999474295,Murad,2023-01-01,Chất lượng/Đóng gói,neutral
175,1999474295,Murad,2022-11-01,Giao hàng,neutral
176,1999474295,Murad,2022-10-01,Chất lượng/Đóng gói,positive
177,1999474295,Murad,2022-09-01,Hiệu quả,positive
177,1999474295,Murad,2022-09-01,Chất lượng/Đóng gói,neutral
177,1999474295,Murad,2022-09-01,Chất lượng/Đóng gói,positive
181,1999468969,Murad,2023-05-01,Hiệu quả,positive
181,1999468969,Murad,2023-05-01,Giá cả,neutral
182,1999468969,Murad,2023-03-01,Mùi hương/Kết cấu,neutral
182,1999468969,Murad,2023-03-01,Hiệu quả,positive
183,1999570180,Murad,2024-12-01,Giá cả,neutral
183,1999570180,Murad,2024-12-01,Chất lượng/Đóng gói,neutral
184,1999570180,Murad,2024-03-01,Hiệu quả,negative
186,1999570180,Murad,2026-04-01,Hiệu quả,neutral
186,1999570180,Murad,2026-04-01,Hiệu quả,positive
186,1999570180,Murad,2026-04-01,Giá cả,neutral
187,1999570180,Murad,2026-03-01,Mùi hương/Kết cấu,neutral
187,1999570180,Murad,2026-03-01,Mùi hương/Kết cấu,neutral
187,1999570180,Murad,2026-03-01,Hiệu quả,neutral
188,1999570180,Murad,2025-12-01,Hiệu quả,neutral
188,1999570180,Murad,2025-12-01,Hiệu quả,positive
190,1999570180,Murad,2025-09-01,Mùi hương/Kết cấu,positive
190,1999570180,Murad,2025-09-01,Hiệu quả,positive
190,1999570180,Murad,2025-09-01,Giá cả,positive
191,1999570180,Murad,2025-09-01,Giá cả,neutral
191,1999570180,Murad,2025-09-01,Hiệu quả,positive
192,1999570180,Murad,2025-07-01,Hiệu quả,neutral
194,1999570180,Murad,2024-11-01,Hiệu quả,positive
195,1999570180,Murad,2024-10-01,Mùi hương/Kết cấu,neutral
195,1999570180,Murad,2024-10-01,Mùi hương/Kết cấu,neutral
195,1999570180,Murad,2024-10-01,Mùi hương/Kết cấu,neutral
195,1999570180,Murad,2024-10-01,Mùi hương/Kết cấu,neutral
196,1999570180,Murad,2024-06-01,Hiệu quả,positive
196,1999570180,Murad,2024-06-01,Mùi hương/Kết cấu,positive
197,1999570180,Murad,2024-06-01,Thành phần,neutral
198,1999570180,Murad,2024-05-01,Hiệu quả,positive
198,1999570180,Murad,2024-05-01,Giá cả,positive
199,1999570180,Murad,2024-04-01,Giá cả,neutral
202,1999570180,Murad,2024-01-01,Hiệu quả,neutral
202,1999570180,Murad,2024-01-01,Hiệu quả,positive
204,1999570180,Murad,2023-11-01,Chất lượng/Đóng gói,neutral
205,1999570180,Murad,2023-09-01,Giá cả,neutral
208,1999570180,Murad,2023-08-01,Chất lượng/Đóng gói,positive
210,1999570180,Murad,2023-04-01,Giá cả,neutral
211,1999570180,Murad,2023-03-01,Mùi hương/Kết cấu,neutral
211,1999570180,Murad,2023-03-01,Mùi hương/Kết cấu,positive
214,1999512677,Murad,2022-10-01,Chất lượng/Đóng gói,positive
216,1999512677,Murad,2025-11-01,Hiệu quả,neutral
217,1999512677,Murad,2025-02-01,Giá cả,neutral
218,1999512677,Murad,2024-11-01,Chất lượng/Đóng gói,positive
219,1999512677,Murad,2024-11-01,Giá cả,neutral
219,1999512677,Murad,2024-11-01,Hiệu quả,neutral
219,1999512677,Murad,2024-11-01,Giá cả,neutral
219,1999512677,Murad,2024-11-01,Dịch vụ/Uy tín,positive
220,1999512677,Murad,2024-09-01,Hiệu quả,positive
221,1999512677,Murad,2024-08-01,Giao hàng,neutral
221,1999512677,Murad,2024-08-01,Chất lượng/Đóng gói,negative
221,1999512677,Murad,2024-08-01,Giao hàng,negative
221,1999512677,Murad,2024-08-01,Chất lượng/Đóng gói,negative
221,1999512677,Murad,2024-08-01,Chất lượng/Đóng gói,positive
222,1999512677,Murad,2023-09-01,Hiệu quả,positive
222,1999512677,Murad,2023-09-01,Chất lượng/Đóng gói,positive
222,1999512677,Murad,2023-09-01,Mùi hương/Kết cấu,positive
222,1999512677,Murad,2023-09-01,Chất lượng/Đóng gói,neutral
223,1999512677,Murad,2023-06-01,Giao hàng,neutral
223,1999512677,Murad,2023-06-01,Chất lượng/Đóng gói,positive
225,1999512677,Murad,2023-04-01,Giá cả,neutral
225,1999512677,Murad,2023-04-01,Giá cả,positive
227,1999512677,Murad,2022-11-01,Dịch vụ/Uy tín,neutral
227,1999512677,Murad,2022-11-01,Dịch vụ/Uy tín,neutral
229,1999428938,Murad,2024-07-01,Hiệu quả,neutral
229,1999428938,Murad,2024-07-01,Hiệu quả,neutral
229,1999428938,Murad,2024-07-01,Mùi hương/Kết cấu,positive
230,1999428938,Murad,2024-04-01,Hiệu quả,positive
230,1999428938,Murad,2024-04-01,Mùi hương/Kết cấu,positive
230,1999428938,Murad,2024-04-01,Hiệu quả,neutral
230,1999428938,Murad,2024-04-01,Hiệu quả,positive
231,1999428938,Murad,2023-11-01,Giá cả,neutral
233,1999428938,Murad,2023-08-01,Hiệu quả,neutral
235,1999428938,Murad,2023-06-01,Hiệu quả,positive
235,1999428938,Murad,2023-06-01,Hiệu quả,positive
236,1999428938,Murad,2023-04-01,Chất lượng/Đóng gói,neutral
237,1999567409,Murad,2024-07-01,Chất lượng/Đóng gói,neutral
237,1999567409,Murad,2024-07-01,Giá cả,negative
238,1999567409,Murad,2023-05-01,Chất lượng/Đóng gói,neutral
239,1999567409,Murad,2024-07-01,Hiệu quả,negative
240,1999567409,Murad,2024-11-01,Giá cả,neutral
240,1999567409,Murad,2024-11-01,Hiệu quả,positive
241,1999567409,Murad,2024-10-01,Chất lượng/Đóng gói,neutral
241,1999567409,Murad,2024-10-01,Giao hàng,neutral
241,1999567409,Murad,2024-10-01,Giá cả,neutral
241,1999567409,Murad,2024-10-01,Giá cả,positive
241,1999567409,Murad,2024-10-01,Chất lượng/Đóng gói,positive
242,1999567409,Murad,2024-09-01,Hiệu quả,neutral
243,1999567409,Murad,2024-08-01,Mùi hương/Kết cấu,positive
243,1999567409,Murad,2024-08-01,Hiệu quả,positive
243,1999567409,Murad,2024-08-01,Mùi hương/Kết cấu,positive
244,1999567409,Murad,2024-06-01,Hiệu quả,positive
245,1999567409,Murad,2024-03-01,Chất lượng/Đóng gói,positive
245,1999567409,Murad,2024-03-01,Mùi hương/Kết cấu,positive
245,1999567409,Murad,2024-03-01,Hiệu quả,positive
245,1999567409,Murad,2024-03-01,Giá cả,positive
245,1999567409,Murad,2024-03-01,Hiệu quả,neutral
246,1999567409,Murad,2023-11-01,Chất lượng/Đóng gói,positive
247,1999567409,Murad,2023-07-01,Dịch vụ/Uy tín,positive
247,1999567409,Murad,2023-07-01,Chất lượng/Đóng gói,positive
248,1999567409,Murad,2023-05-01,Hiệu quả,positive
248,1999567409,Murad,2023-05-01,Hiệu quả,negative
249,1999567409,Murad,2023-05-01,Giao hàng,neutral
249,1999567409,Murad,2023-05-01,Hiệu quả,positive
251,1999567409,Murad,2023-03-01,Chất lượng/Đóng gói,positive
252,1999567409,Murad,2023-03-01,Giao hàng,neutral
252,1999567409,Murad,2023-03-01,Chất lượng/Đóng gói,positive
252,1999567409,Murad,2023-03-01,Hiệu quả,positive
252,1999567409,Murad,2023-03-01,Chất lượng/Đóng gói,positive
252,1999567409,Murad,2023-03-01,Chất lượng/Đóng gói,positive
253,1999567409,Murad,2023-02-01,Hiệu quả,positive
255,1999567409,Murad,2022-10-01,Hiệu quả,positive
255,1999567409,Murad,2022-10-01,Chất lượng/Đóng gói,positive
255,1999567409,Murad,2022-10-01,Dịch vụ/Uy tín,positive
255,1999567409,Murad,2022-10-01,Dịch vụ/Uy tín,positive
256,3172657876,Murad,2025-12-01,Hiệu quả,positive
259,2612411027,Murad,2025-11-01,Hiệu quả,neutral
259,2612411027,Murad,2025-11-01,Mùi hương/Kết cấu,positive
259,2612411027,Murad,2025-11-01,Hiệu quả,neutral
260,2612411027,Murad,2025-11-01,Giá cả,positive
260,2612411027,Murad,2025-11-01,Hiệu quả,positive
261,2612411027,Murad,2025-11-01,Giao hàng,neutral
261,2612411027,Murad,2025-11-01,Chất lượng/Đóng gói,positive
262,2612411027,Murad,2025-09-01,Hiệu quả,positive
262,2612411027,Murad,2025-09-01,Chất lượng/Đóng gói,positive
262,2612411027,Murad,2025-09-01,Thành phần,positive
263,2612411027,Murad,2025-09-01,Hiệu quả,positive
263,2612411027,Murad,2025-09-01,Giá cả,neutral
264,2612411027,Murad,2024-05-01,Chất lượng/Đóng gói,positive
264,2612411027,Murad,2024-05-01,Mùi hương/Kết cấu,positive
264,2612411027,Murad,2024-05-01,Hiệu quả,positive
265,3001185622,Murad,2025-12-01,Hiệu quả,positive
265,3001185622,Murad,2025-12-01,Hiệu quả,neutral
265,3001185622,Murad,2025-12-01,Hiệu quả,negative
265,3001185622,Murad,2025-12-01,Giá cả,neutral
265,3001185622,Murad,2025-12-01,Hiệu quả,positive
267,3001185622,Murad,2025-03-01,Dịch vụ/Uy tín,neutral
267,3001185622,Murad,2025-03-01,Thành phần,neutral
267,3001185622,Murad,2025-03-01,Dịch vụ/Uy tín,neutral
268,3001185622,Murad,2025-03-01,Hiệu quả,positive
268,3001185622,Murad,2025-03-01,Giá cả,positive
270,3061281641,Obagi,2025-09-01,Giao hàng,neutral
270,3061281641,Obagi,2025-09-01,Chất lượng/Đóng gói,neutral
271,3061281641,Obagi,2025-08-01,Hiệu quả,positive
271,3061281641,Obagi,2025-08-01,Chất lượng/Đóng gói,positive
271,3061281641,Obagi,2025-08-01,Thành phần,positive
271,3061281641,Obagi,2025-08-01,Chất lượng/Đóng gói,neutral
272,3064161529,Obagi,2026-03-01,Hiệu quả,positive
272,3064161529,Obagi,2026-03-01,Hiệu quả,positive
273,2995389616,Obagi,2025-11-01,Hiệu quả,neutral
273,2995389616,Obagi,2025-11-01,Hiệu quả,positive
276,3001271404,Obagi,2025-11-01,Chất lượng/Đóng gói,positive
276,3001271404,Obagi,2025-11-01,Hiệu quả,positive
277,3001271404,Obagi,2025-11-01,Hiệu quả,positive
277,3001271404,Obagi,2025-11-01,Giá cả,positive
277,3001271404,Obagi,2025-11-01,Chất lượng/Đóng gói,positive
278,3001271404,Obagi,2025-11-01,Chất lượng/Đóng gói,positive
279,3001271404,Obagi,2025-11-01,Hiệu quả,positive
280,3001271404,Obagi,2025-10-01,Giao hàng,neutral
281,3001271404,Obagi,2025-09-01,Giá cả,neutral
281,3001271404,Obagi,2025-09-01,Thành phần,neutral
281,3001271404,Obagi,2025-09-01,Giá cả,positive
282,3001271404,Obagi,2025-09-01,Chất lượng/Đóng gói,positive
282,3001271404,Obagi,2025-09-01,Hiệu quả,positive
282,3001271404,Obagi,2025-09-01,Giá cả,positive
282,3001271404,Obagi,2025-09-01,Chất lượng/Đóng gói,positive
283,3001271404,Obagi,2025-09-01,Giá cả,negative
284,3001271404,Obagi,2025-08-01,Chất lượng/Đóng gói,positive
284,3001271404,Obagi,2025-08-01,Mùi hương/Kết cấu,positive
285,3001271404,Obagi,2025-08-01,Giá cả,neutral
286,3001271404,Obagi,2025-08-01,Giá cả,positive
287,3001271404,Obagi,2025-08-01,Giá cả,neutral
287,3001271404,Obagi,2025-08-01,Hiệu quả,positive
287,3001271404,Obagi,2025-08-01,Chất lượng/Đóng gói,positive
289,3001271404,Obagi,2025-07-01,Chất lượng/Đóng gói,positive
289,3001271404,Obagi,2025-07-01,Giá cả,positive
289,3001271404,Obagi,2025-07-01,Chất lượng/Đóng gói,positive
290,3001271404,Obagi,2025-07-01,Hiệu quả,positive
290,3001271404,Obagi,2025-07-01,Giá cả,positive
290,3001271404,Obagi,2025-07-01,Chất lượng/Đóng gói,positive
291,3001271404,Obagi,2025-06-01,Chất lượng/Đóng gói,positive
291,3001271404,Obagi,2025-06-01,Giá cả,positive
291,3001271404,Obagi,2025-06-01,Giao hàng,neutral
292,3001271404,Obagi,2025-06-01,Giá cả,positive
292,3001271404,Obagi,2025-06-01,Hiệu quả,positive
293,3001271404,Obagi,2025-06-01,Giá cả,positive
293,3001271404,Obagi,2025-06-01,Chất lượng/Đóng gói,positive
293,3001271404,Obagi,2025-06-01,Chất lượng/Đóng gói,positive
293,3001271404,Obagi,2025-06-01,Giá cả,positive
294,3001271404,Obagi,2025-04-01,Chất lượng/Đóng gói,positive
294,3001271404,Obagi,2025-04-01,Hiệu quả,positive
296,3001271404,Obagi,2025-04-01,Giao hàng,neutral
296,3001271404,Obagi,2025-04-01,Giá cả,positive
297,3001271404,Obagi,2025-04-01,Giá cả,positive
297,3001271404,Obagi,2025-04-01,Chất lượng/Đóng gói,positive
297,3001271404,Obagi,2025-04-01,Giao hàng,positive
298,3001271404,Obagi,2025-03-01,Giao hàng,neutral
298,3001271404,Obagi,2025-03-01,Dịch vụ/Uy tín,neutral
298,3001271404,Obagi,2025-03-01,Chất lượng/Đóng gói,positive
298,3001271404,Obagi,2025-03-01,Chất lượng/Đóng gói,neutral
298,3001271404,Obagi,2025-03-01,Chất lượng/Đóng gói,neutral
298,3001271404,Obagi,2025-03-01,Chất lượng/Đóng gói,negative
299,2965410910,Obagi,2025-09-01,Chất lượng/Đóng gói,neutral
301,2965410910,Obagi,2026-03-01,Hiệu quả,positive
301,2965410910,Obagi,2026-03-01,Giá cả,positive
301,2965410910,Obagi,2026-03-01,Dịch vụ/Uy tín,positive
302,2965410910,Obagi,2026-03-01,Hiệu quả,neutral
302,2965410910,Obagi,2026-03-01,Hiệu quả,positive
303,2965410910,Obagi,2026-03-01,Giao hàng,neutral
304,2965410910,Obagi,2026-01-01,Hiệu quả,neutral
304,2965410910,Obagi,2026-01-01,Hiệu quả,positive
305,2965410910,Obagi,2026-01-01,Dịch vụ/Uy tín,positive
305,2965410910,Obagi,2026-01-01,Giao hàng,neutral
305,2965410910,Obagi,2026-01-01,Chất lượng/Đóng gói,positive
305,2965410910,Obagi,2026-01-01,Giao hàng,neutral
305,2965410910,Obagi,2026-01-01,Dịch vụ/Uy tín,neutral
305,2965410910,Obagi,2026-01-01,Hiệu quả,neutral
306,2965410910,Obagi,2025-12-01,Mùi hương/Kết cấu,positive
307,2965410910,Obagi,2025-10-01,Hiệu quả,positive
308,2965410910,Obagi,2025-10-01,Hiệu quả,neutral
308,2965410910,Obagi,2025-10-01,Mùi hương/Kết cấu,positive
308,2965410910,Obagi,2025-10-01,Hiệu quả,neutral
308,2965410910,Obagi,2025-10-01,Hiệu quả,positive
309,2965410910,Obagi,2025-10-01,Hiệu quả,neutral
311,2965410910,Obagi,2025-09-01,Hiệu quả,neutral
311,2965410910,Obagi,2025-09-01,Mùi hương/Kết cấu,positive
314,2965410910,Obagi,2025-08-01,Hiệu quả,positive
314,2965410910,Obagi,2025-08-01,Mùi hương/Kết cấu,positive
315,2965410910,Obagi,2025-08-01,Giá cả,neutral
315,2965410910,Obagi,2025-08-01,Dịch vụ/Uy tín,neutral
316,2965410910,Obagi,2025-06-01,Chất lượng/Đóng gói,positive
316,2965410910,Obagi,2025-06-01,Hiệu quả,positive
316,2965410910,Obagi,2025-06-01,Giá cả,neutral
317,2965410910,Obagi,2025-06-01,Giao hàng,neutral
317,2965410910,Obagi,2025-06-01,Chất lượng/Đóng gói,positive
317,2965410910,Obagi,2025-06-01,Hiệu quả,positive
317,2965410910,Obagi,2025-06-01,Giá cả,positive
318,2965410910,Obagi,2025-05-01,Hiệu quả,positive
318,2965410910,Obagi,2025-05-01,Giá cả,neutral
320,2965410910,Obagi,2025-04-01,Chất lượng/Đóng gói,positive
320,2965410910,Obagi,2025-04-01,Giao hàng,positive
320,2965410910,Obagi,2025-04-01,Dịch vụ/Uy tín,positive
321,2965410910,Obagi,2025-04-01,Hiệu quả,negative
321,2965410910,Obagi,2025-04-01,Hiệu quả,negative
321,2965410910,Obagi,2025-04-01,Giá cả,neutral
321,2965410910,Obagi,2025-04-01,Dịch vụ/Uy tín,positive
322,2965410910,Obagi,2025-04-01,Hiệu quả,positive
322,2965410910,Obagi,2025-04-01,Hiệu quả,positive
322,2965410910,Obagi,2025-04-01,Giá cả,positive
322,2965410910,Obagi,2025-04-01,Thành phần,positive
323,2965410910,Obagi,2025-04-01,Giá cả,positive
323,2965410910,Obagi,2025-04-01,Chất lượng/Đóng gói,positive
323,2965410910,Obagi,2025-04-01,Dịch vụ/Uy tín,positive
324,2965410910,Obagi,2025-04-01,Giá cả,neutral
325,2965410910,Obagi,2025-03-01,Hiệu quả,negative
325,2965410910,Obagi,2025-03-01,Giá cả,negative
325,2965410910,Obagi,2025-03-01,Chất lượng/Đóng gói,negative
326,2965410910,Obagi,2025-02-01,Giá cả,neutral
326,2965410910,Obagi,2025-02-01,Chất lượng/Đóng gói,neutral
326,2965410910,Obagi,2025-02-01,Giá cả,neutral
328,2397779456,Obagi,2025-12-01,Dịch vụ/Uy tín,negative
328,2397779456,Obagi,2025-12-01,Chất lượng/Đóng gói,negative
328,2397779456,Obagi,2025-12-01,Dịch vụ/Uy tín,negative
329,2397779456,Obagi,2024-03-01,Giá cả,neutral
329,2397779456,Obagi,2024-03-01,Giao hàng,neutral
329,2397779456,Obagi,2024-03-01,Giá cả,neutral
329,2397779456,Obagi,2024-03-01,Dịch vụ/Uy tín,neutral
329,2397779456,Obagi,2024-03-01,Dịch vụ/Uy tín,neutral
329,2397779456,Obagi,2024-03-01,Dịch vụ/Uy tín,neutral
331,2397779456,Obagi,2026-03-01,Chất lượng/Đóng gói,positive
331,2397779456,Obagi,2026-03-01,Giá cả,neutral
332,2397779456,Obagi,2025-12-01,Hiệu quả,positive
333,2397779456,Obagi,2025-08-01,Hiệu quả,positive
334,2397779456,Obagi,2025-07-01,Hiệu quả,positive
335,2397779456,Obagi,2025-07-01,Dịch vụ/Uy tín,neutral
335,2397779456,Obagi,2025-07-01,Dịch vụ/Uy tín,neutral
335,2397779456,Obagi,2025-07-01,Dịch vụ/Uy tín,neutral
335,2397779456,Obagi,2025-07-01,Dịch vụ/Uy tín,positive
336,2397779456,Obagi,2025-06-01,Hiệu quả,positive
336,2397779456,Obagi,2025-06-01,Hiệu quả,positive
336,2397779456,Obagi,2025-06-01,Hiệu quả,positive
336,2397779456,Obagi,2025-06-01,Hiệu quả,positive
336,2397779456,Obagi,2025-06-01,Hiệu quả,positive
337,2397779456,Obagi,2025-05-01,Hiệu quả,neutral
338,2397779456,Obagi,2025-04-01,Giao hàng,neutral
338,2397779456,Obagi,2025-04-01,Chất lượng/Đóng gói,positive
338,2397779456,Obagi,2025-04-01,Giao hàng,positive
338,2397779456,Obagi,2025-04-01,Dịch vụ/Uy tín,positive
339,2397779456,Obagi,2025-04-01,Hiệu quả,positive
339,2397779456,Obagi,2025-04-01,Hiệu quả,positive
339,2397779456,Obagi,2025-04-01,Giá cả,positive
339,2397779456,Obagi,2025-04-01,Thành phần,neutral
339,2397779456,Obagi,2025-04-01,Hiệu quả,positive
340,2397779456,Obagi,2025-03-01,Hiệu quả,positive
340,2397779456,Obagi,2025-03-01,Thành phần,neutral
341,2397779456,Obagi,2025-02-01,Hiệu quả,positive
343,2397779456,Obagi,2025-01-01,Hiệu quả,positive
343,2397779456,Obagi,2025-01-01,Giá cả,positive
344,2397779456,Obagi,2025-01-01,Mùi hương/Kết cấu,positive
345,2397779456,Obagi,2024-12-01,Hiệu quả,positive
345,2397779456,Obagi,2024-12-01,Hiệu quả,positive
346,2397779456,Obagi,2024-11-01,Hiệu quả,positive
347,2397779456,Obagi,2024-09-01,Dịch vụ/Uy tín,neutral
348,2397779456,Obagi,2024-08-01,Chất lượng/Đóng gói,positive
348,2397779456,Obagi,2024-08-01,Dịch vụ/Uy tín,positive
348,2397779456,Obagi,2024-08-01,Giao hàng,neutral
349,2397779456,Obagi,2024-08-01,Hiệu quả,positive
349,2397779456,Obagi,2024-08-01,Hiệu quả,positive
349,2397779456,Obagi,2024-08-01,Hiệu quả,neutral
352,2397779456,Obagi,2024-05-01,Hiệu quả,positive
352,2397779456,Obagi,2024-05-01,Hiệu quả,negative
353,2397779456,Obagi,2024-05-01,Hiệu quả,positive
356,2397779456,Obagi,2024-04-01,Hiệu quả,positive
356,2397779456,Obagi,2024-04-01,Chất lượng/Đóng gói,positive
356,2397779456,Obagi,2024-04-01,Mùi hương/Kết cấu,positive
357,2397779456,Obagi,2024-03-01,Hiệu quả,positive
358,2397779456,Obagi,2024-03-01,Chất lượng/Đóng gói,positive
358,2397779456,Obagi,2024-03-01,Mùi hương/Kết cấu,positive
358,2397779456,Obagi,2024-03-01,Hiệu quả,positive
358,2397779456,Obagi,2024-03-01,Mùi hương/Kết cấu,positive
359,2397779456,Obagi,2024-03-01,Chất lượng/Đóng gói,positive
360,2397779456,Obagi,2024-03-01,Hiệu quả,neutral
361,2397779456,Obagi,2024-03-01,Hiệu quả,positive
361,2397779456,Obagi,2024-03-01,Chất lượng/Đóng gói,positive
361,2397779456,Obagi,2024-03-01,Dịch vụ/Uy tín,positive
363,2397779456,Obagi,2024-03-01,Hiệu quả,positive
364,2397779456,Obagi,2024-02-01,Mùi hương/Kết cấu,neutral
365,2397779456,Obagi,2024-02-01,Chất lượng/Đóng gói,positive
365,2397779456,Obagi,2024-02-01,Mùi hương/Kết cấu,positive
365,2397779456,Obagi,2024-02-01,Hiệu quả,positive
366,2397779456,Obagi,2024-02-01,Hiệu quả,positive
367,2397779456,Obagi,2024-01-01,Mùi hương/Kết cấu,neutral
368,2397779456,Obagi,2024-01-01,Chất lượng/Đóng gói,positive
368,2397779456,Obagi,2024-01-01,Chất lượng/Đóng gói,neutral
368,2397779456,Obagi,2024-01-01,Giao hàng,neutral
369,2397779456,Obagi,2024-01-01,Hiệu quả,positive
370,2397779456,Obagi,2024-01-01,Chất lượng/Đóng gói,neutral
372,2397779456,Obagi,2024-01-01,Chất lượng/Đóng gói,positive
374,2397779456,Obagi,2024-01-01,Hiệu quả,positive
375,2397779456,Obagi,2023-12-01,Giao hàng,neutral
375,2397779456,Obagi,2023-12-01,Giao hàng,positive
375,2397779456,Obagi,2023-12-01,Dịch vụ/Uy tín,positive
375,2397779456,Obagi,2023-12-01,Chất lượng/Đóng gói,neutral
376,2397779456,Obagi,2023-12-01,Hiệu quả,positive
376,2397779456,Obagi,2023-12-01,Mùi hương/Kết cấu,positive
378,2397779456,Obagi,2023-12-01,Dịch vụ/Uy tín,neutral
379,2397779456,Obagi,2023-12-01,Chất lượng/Đóng gói,positive
381,2397779456,Obagi,2023-11-01,Chất lượng/Đóng gói,positive
382,2397779456,Obagi,2023-11-01,Giao hàng,neutral
382,2397779456,Obagi,2023-11-01,Hiệu quả,neutral
383,2397779456,Obagi,2023-11-01,Chất lượng/Đóng gói,neutral
383,2397779456,Obagi,2023-11-01,Giao hàng,neutral
384,2397779456,Obagi,2023-11-01,Chất lượng/Đóng gói,positive
385,2397779456,Obagi,2023-11-01,Mùi hương/Kết cấu,neutral
387,2397779456,Obagi,2023-11-01,Hiệu quả,positive
389,2397779456,Obagi,2023-10-01,Hiệu quả,positive
390,2397779456,Obagi,2023-09-01,Hiệu quả,positive
390,2397779456,Obagi,2023-09-01,Chất lượng/Đóng gói,positive
390,2397779456,Obagi,2023-09-01,Mùi hương/Kết cấu,positive
391,2392971001,Obagi,2024-11-01,Chất lượng/Đóng gói,negative
391,2392971001,Obagi,2024-11-01,Giao hàng,neutral
391,2392971001,Obagi,2024-11-01,Hiệu quả,neutral
391,2392971001,Obagi,2024-11-01,Giá cả,neutral
391,2392971001,Obagi,2024-11-01,Dịch vụ/Uy tín,negative
392,2392971001,Obagi,2025-12-01,Giá cả,neutral
392,2392971001,Obagi,2025-12-01,Mùi hương/Kết cấu,neutral
392,2392971001,Obagi,2025-12-01,Hiệu quả,positive
394,2392971001,Obagi,2026-02-01,Hiệu quả,negative
395,2392971001,Obagi,2025-09-01,Chất lượng/Đóng gói,neutral
395,2392971001,Obagi,2025-09-01,Giá cả,positive
396,2392971001,Obagi,2025-08-01,Hiệu quả,neutral
398,2392971001,Obagi,2025-06-01,Hiệu quả,neutral
398,2392971001,Obagi,2025-06-01,Giá cả,neutral
399,2392971001,Obagi,2025-06-01,Hiệu quả,neutral
399,2392971001,Obagi,2025-06-01,Giá cả,neutral
399,2392971001,Obagi,2025-06-01,Hiệu quả,positive
399,2392971001,Obagi,2025-06-01,Mùi hương/Kết cấu,positive
400,2392971001,Obagi,2025-06-01,Hiệu quả,neutral
400,2392971001,Obagi,2025-06-01,Hiệu quả,positive
401,2392971001,Obagi,2025-06-01,Giá cả,neutral
401,2392971001,Obagi,2025-06-01,Mùi hương/Kết cấu,neutral
402,2392971001,Obagi,2025-05-01,Hiệu quả,positive
402,2392971001,Obagi,2025-05-01,Hiệu quả,positive
402,2392971001,Obagi,2025-05-01,Giá cả,positive
402,2392971001,Obagi,2025-05-01,Mùi hương/Kết cấu,positive
402,2392971001,Obagi,2025-05-01,Hiệu quả,neutral
402,2392971001,Obagi,2025-05-01,Giá cả,neutral
402,2392971001,Obagi,2025-05-01,Mùi hương/Kết cấu,positive
403,2392971001,Obagi,2024-12-01,Hiệu quả,positive
403,2392971001,Obagi,2024-12-01,Giá cả,positive
403,2392971001,Obagi,2024-12-01,Thành phần,positive
405,2392971001,Obagi,2024-10-01,Dịch vụ/Uy tín,neutral
407,2392971001,Obagi,2024-06-01,Giá cả,neutral
407,2392971001,Obagi,2024-06-01,Hiệu quả,neutral
407,2392971001,Obagi,2024-06-01,Hiệu quả,positive
407,2392971001,Obagi,2024-06-01,Mùi hương/Kết cấu,positive
408,2392971001,Obagi,2024-06-01,Mùi hương/Kết cấu,positive
408,2392971001,Obagi,2024-06-01,Hiệu quả,positive
408,2392971001,Obagi,2024-06-01,Mùi hương/Kết cấu,positive
408,2392971001,Obagi,2024-06-01,Giá cả,neutral
409,2392971001,Obagi,2023-12-01,Mùi hương/Kết cấu,positive
409,2392971001,Obagi,2023-12-01,Mùi hương/Kết cấu,positive
410,2392971001,Obagi,2023-11-01,Giá cả,neutral
411,2397873395,Obagi,2023-10-01,Chất lượng/Đóng gói,negative
411,2397873395,Obagi,2023-10-01,Hiệu quả,neutral
411,2397873395,Obagi,2023-10-01,Giá cả,neutral
411,2397873395,Obagi,2023-10-01,Chất lượng/Đóng gói,neutral
411,2397873395,Obagi,2023-10-01,Giá cả,neutral
412,2397873395,Obagi,2023-09-01,Chất lượng/Đóng gói,neutral
412,2397873395,Obagi,2023-09-01,Hiệu quả,negative
412,2397873395,Obagi,2023-09-01,Dịch vụ/Uy tín,neutral
414,2397873395,Obagi,2024-04-01,Dịch vụ/Uy tín,neutral
415,2397873395,Obagi,2024-01-01,Giao hàng,neutral
415,2397873395,Obagi,2024-01-01,Hiệu quả,neutral
416,2397873395,Obagi,2023-12-01,Chất lượng/Đóng gói,negative
417,2397873395,Obagi,2026-03-01,Hiệu quả,positive
417,2397873395,Obagi,2026-03-01,Hiệu quả,neutral
417,2397873395,Obagi,2026-03-01,Hiệu quả,neutral
418,2397873395,Obagi,2026-03-01,Chất lượng/Đóng gói,positive
419,2397873395,Obagi,2026-03-01,Hiệu quả,neutral
420,2397873395,Obagi,2026-03-01,Hiệu quả,neutral
420,2397873395,Obagi,2026-03-01,Chất lượng/Đóng gói,positive
421,2397873395,Obagi,2026-03-01,Hiệu quả,positive
421,2397873395,Obagi,2026-03-01,Mùi hương/Kết cấu,positive
421,2397873395,Obagi,2026-03-01,Hiệu quả,neutral
422,2397873395,Obagi,2025-12-01,Hiệu quả,positive
422,2397873395,Obagi,2025-12-01,Mùi hương/Kết cấu,positive
422,2397873395,Obagi,2025-12-01,Hiệu quả,neutral
424,2397873395,Obagi,2025-12-01,Chất lượng/Đóng gói,positive
424,2397873395,Obagi,2025-12-01,Hiệu quả,positive
424,2397873395,Obagi,2025-12-01,Giá cả,positive
426,2397873395,Obagi,2025-11-01,Giá cả,positive
427,2397873395,Obagi,2025-11-01,Giao hàng,neutral
427,2397873395,Obagi,2025-11-01,Chất lượng/Đóng gói,neutral
427,2397873395,Obagi,2025-11-01,Giao hàng,positive
428,2397873395,Obagi,2025-11-01,Giá cả,neutral
428,2397873395,Obagi,2025-11-01,Giá cả,neutral
429,2397873395,Obagi,2025-10-01,Chất lượng/Đóng gói,positive
429,2397873395,Obagi,2025-10-01,Chất lượng/Đóng gói,neutral
431,2397873395,Obagi,2025-10-01,Hiệu quả,positive
431,2397873395,Obagi,2025-10-01,Giá cả,positive
432,2397873395,Obagi,2025-10-01,Giá cả,positive
432,2397873395,Obagi,2025-10-01,Hiệu quả,positive
433,2397873395,Obagi,2025-10-01,Hiệu quả,positive
433,2397873395,Obagi,2025-10-01,Hiệu quả,neutral
434,2397873395,Obagi,2025-10-01,Dịch vụ/Uy tín,neutral
435,2397873395,Obagi,2025-09-01,Giá cả,positive
436,2397873395,Obagi,2025-09-01,Giá cả,neutral
437,2397873395,Obagi,2025-09-01,Hiệu quả,positive
437,2397873395,Obagi,2025-09-01,Giá cả,positive
437,2397873395,Obagi,2025-09-01,Thành phần,positive
438,2397873395,Obagi,2025-09-01,Chất lượng/Đóng gói,positive
438,2397873395,Obagi,2025-09-01,Chất lượng/Đóng gói,neutral
439,2397873395,Obagi,2025-08-01,Hiệu quả,positive
439,2397873395,Obagi,2025-08-01,Mùi hương/Kết cấu,positive
440,2397873395,Obagi,2025-07-01,Hiệu quả,positive
441,2397873395,Obagi,2025-06-01,Hiệu quả,neutral
441,2397873395,Obagi,2025-06-01,Hiệu quả,neutral
442,2397873395,Obagi,2025-06-01,Hiệu quả,positive
443,2397873395,Obagi,2025-06-01,Hiệu quả,neutral
443,2397873395,Obagi,2025-06-01,Hiệu quả,neutral
443,2397873395,Obagi,2025-06-01,Hiệu quả,neutral
444,2397873395,Obagi,2025-06-01,Hiệu quả,positive
444,2397873395,Obagi,2025-06-01,Mùi hương/Kết cấu,positive
444,2397873395,Obagi,2025-06-01,Hiệu quả,positive
444,2397873395,Obagi,2025-06-01,Giá cả,positive
444,2397873395,Obagi,2025-06-01,Hiệu quả,neutral
446,2397873395,Obagi,2025-05-01,Chất lượng/Đóng gói,positive
446,2397873395,Obagi,2025-05-01,Hiệu quả,positive
446,2397873395,Obagi,2025-05-01,Giá cả,positive
446,2397873395,Obagi,2025-05-01,Hiệu quả,positive
446,2397873395,Obagi,2025-05-01,Mùi hương/Kết cấu,positive
447,2397873395,Obagi,2025-04-01,Hiệu quả,positive
448,2397873395,Obagi,2025-04-01,Hiệu quả,neutral
449,2397873395,Obagi,2025-03-01,Hiệu quả,positive
449,2397873395,Obagi,2025-03-01,Giá cả,positive
451,2397873395,Obagi,2025-03-01,Hiệu quả,positive
451,2397873395,Obagi,2025-03-01,Hiệu quả,neutral
452,2397873395,Obagi,2025-03-01,Chất lượng/Đóng gói,positive
452,2397873395,Obagi,2025-03-01,Chất lượng/Đóng gói,positive
452,2397873395,Obagi,2025-03-01,Chất lượng/Đóng gói,positive
452,2397873395,Obagi,2025-03-01,Hiệu quả,positive
452,2397873395,Obagi,2025-03-01,Hiệu quả,positive
454,2397873395,Obagi,2024-12-01,Hiệu quả,positive
454,2397873395,Obagi,2024-12-01,Hiệu quả,positive
454,2397873395,Obagi,2024-12-01,Giá cả,positive
454,2397873395,Obagi,2024-12-01,Hiệu quả,positive
454,2397873395,Obagi,2024-12-01,Mùi hương/Kết cấu,positive
454,2397873395,Obagi,2024-12-01,Chất lượng/Đóng gói,positive
455,2397873395,Obagi,2024-12-01,Hiệu quả,positive
456,2397873395,Obagi,2024-12-01,Hiệu quả,positive
456,2397873395,Obagi,2024-12-01,Hiệu quả,neutral
456,2397873395,Obagi,2024-12-01,Hiệu quả,positive
456,2397873395,Obagi,2024-12-01,Mùi hương/Kết cấu,positive
457,2397873395,Obagi,2024-12-01,Chất lượng/Đóng gói,positive
457,2397873395,Obagi,2024-12-01,Hiệu quả,positive
458,2397873395,Obagi,2024-12-01,Hiệu quả,positive
458,2397873395,Obagi,2024-12-01,Mùi hương/Kết cấu,positive
459,2397873395,Obagi,2024-11-01,Hiệu quả,positive
460,2397873395,Obagi,2024-11-01,Hiệu quả,positive
460,2397873395,Obagi,2024-11-01,Thành phần,neutral
461,2397873395,Obagi,2024-11-01,Hiệu quả,positive
461,2397873395,Obagi,2024-11-01,Hiệu quả,neutral
462,2397873395,Obagi,2024-11-01,Hiệu quả,positive
462,2397873395,Obagi,2024-11-01,Chất lượng/Đóng gói,positive
463,2397873395,Obagi,2024-11-01,Chất lượng/Đóng gói,negative
464,2397873395,Obagi,2024-11-01,Hiệu quả,neutral
464,2397873395,Obagi,2024-11-01,Chất lượng/Đóng gói,positive
464,2397873395,Obagi,2024-11-01,Hiệu quả,neutral
464,2397873395,Obagi,2024-11-01,Chất lượng/Đóng gói,positive
464,2397873395,Obagi,2024-11-01,Hiệu quả,neutral
464,2397873395,Obagi,2024-11-01,Hiệu quả,neutral
465,2397873395,Obagi,2024-11-01,Hiệu quả,neutral
465,2397873395,Obagi,2024-11-01,Hiệu quả,positive
465,2397873395,Obagi,2024-11-01,Giá cả,positive
465,2397873395,Obagi,2024-11-01,Hiệu quả,neutral
466,2397873395,Obagi,2024-09-01,Hiệu quả,positive
466,2397873395,Obagi,2024-09-01,Hiệu quả,neutral
466,2397873395,Obagi,2024-09-01,Hiệu quả,positive
466,2397873395,Obagi,2024-09-01,Hiệu quả,neutral
467,2397873395,Obagi,2024-09-01,Chất lượng/Đóng gói,positive
468,2397873395,Obagi,2024-09-01,Chất lượng/Đóng gói,positive
473,2397873395,Obagi,2024-07-01,Chất lượng/Đóng gói,positive
473,2397873395,Obagi,2024-07-01,Hiệu quả,positive
474,2397873395,Obagi,2024-07-01,Hiệu quả,neutral
474,2397873395,Obagi,2024-07-01,Hiệu quả,positive
474,2397873395,Obagi,2024-07-01,Giá cả,positive
476,2397873395,Obagi,2024-07-01,Hiệu quả,neutral
476,2397873395,Obagi,2024-07-01,Hiệu quả,neutral
476,2397873395,Obagi,2024-07-01,Hiệu quả,positive
476,2397873395,Obagi,2024-07-01,Hiệu quả,positive
476,2397873395,Obagi,2024-07-01,Giá cả,positive
477,2397873395,Obagi,2024-07-01,Hiệu quả,positive
478,2397873395,Obagi,2024-07-01,Hiệu quả,neutral
478,2397873395,Obagi,2024-07-01,Hiệu quả,neutral
478,2397873395,Obagi,2024-07-01,Dịch vụ/Uy tín,neutral
481,2397873395,Obagi,2024-06-01,Hiệu quả,neutral
482,2397873395,Obagi,2024-06-01,Hiệu quả,neutral
482,2397873395,Obagi,2024-06-01,Hiệu quả,positive
482,2397873395,Obagi,2024-06-01,Hiệu quả,positive
482,2397873395,Obagi,2024-06-01,Giá cả,positive
482,2397873395,Obagi,2024-06-01,Hiệu quả,positive
483,2397873395,Obagi,2024-06-01,Hiệu quả,neutral
484,2397873395,Obagi,2024-06-01,Hiệu quả,positive
486,2397873395,Obagi,2024-06-01,Giá cả,neutral
487,2397873395,Obagi,2024-05-01,Giá cả,neutral
487,2397873395,Obagi,2024-05-01,Hiệu quả,positive
487,2397873395,Obagi,2024-05-01,Giá cả,positive
487,2397873395,Obagi,2024-05-01,Hiệu quả,positive
487,2397873395,Obagi,2024-05-01,Hiệu quả,positive
487,2397873395,Obagi,2024-05-01,Hiệu quả,positive
487,2397873395,Obagi,2024-05-01,Chất lượng/Đóng gói,positive
489,2397873395,Obagi,2024-05-01,Dịch vụ/Uy tín,positive
490,2397873395,Obagi,2024-05-01,Giao hàng,neutral
490,2397873395,Obagi,2024-05-01,Hiệu quả,neutral
491,2397873395,Obagi,2024-05-01,Chất lượng/Đóng gói,positive
491,2397873395,Obagi,2024-05-01,Chất lượng/Đóng gói,positive
492,2397873395,Obagi,2024-05-01,Hiệu quả,positive
493,2397873395,Obagi,2024-05-01,Giá cả,positive
493,2397873395,Obagi,2024-05-01,Chất lượng/Đóng gói,positive
494,2397873395,Obagi,2024-05-01,Mùi hương/Kết cấu,neutral
495,2397873395,Obagi,2024-05-01,Hiệu quả,positive
495,2397873395,Obagi,2024-05-01,Hiệu quả,neutral
495,2397873395,Obagi,2024-05-01,Hiệu quả,positive
497,2397873395,Obagi,2024-04-01,Hiệu quả,neutral
498,2397873395,Obagi,2024-04-01,Hiệu quả,neutral
498,2397873395,Obagi,2024-04-01,Hiệu quả,neutral
498,2397873395,Obagi,2024-04-01,Hiệu quả,neutral
499,2397873395,Obagi,2024-04-01,Giá cả,neutral
500,2397873395,Obagi,2024-04-01,Hiệu quả,positive
500,2397873395,Obagi,2024-04-01,Chất lượng/Đóng gói,positive
500,2397873395,Obagi,2024-04-01,Mùi hương/Kết cấu,positive
501,2397873395,Obagi,2024-03-01,Hiệu quả,neutral
502,2397873395,Obagi,2024-03-01,Hiệu quả,positive
503,2397873395,Obagi,2024-03-01,Hiệu quả,neutral
504,2397873395,Obagi,2024-03-01,Giao hàng,neutral
506,2397873395,Obagi,2024-03-01,Hiệu quả,positive
508,2397873395,Obagi,2024-03-01,Hiệu quả,positive
508,2397873395,Obagi,2024-03-01,Giá cả,neutral
509,2397873395,Obagi,2024-03-01,Giá cả,positive
509,2397873395,Obagi,2024-03-01,Chất lượng/Đóng gói,positive
511,2997446023,Obagi,2025-08-01,Chất lượng/Đóng gói,negative
511,2997446023,Obagi,2025-08-01,Chất lượng/Đóng gói,neutral
511,2997446023,Obagi,2025-08-01,Chất lượng/Đóng gói,negative
512,2997446023,Obagi,2026-03-01,Thành phần,neutral
512,2997446023,Obagi,2026-03-01,Chất lượng/Đóng gói,neutral
512,2997446023,Obagi,2026-03-01,Dịch vụ/Uy tín,neutral
512,2997446023,Obagi,2026-03-01,Chất lượng/Đóng gói,negative
513,2997446023,Obagi,2025-10-01,Giá cả,neutral
514,2997446023,Obagi,2025-10-01,Chất lượng/Đóng gói,positive
515,2997446023,Obagi,2025-10-01,Chất lượng/Đóng gói,negative
515,2997446023,Obagi,2025-10-01,Giao hàng,neutral
516,2997446023,Obagi,2025-09-01,Hiệu quả,positive
516,2997446023,Obagi,2025-09-01,Giá cả,positive
516,2997446023,Obagi,2025-09-01,Chất lượng/Đóng gói,positive
518,2997446023,Obagi,2025-09-01,Chất lượng/Đóng gói,positive
518,2997446023,Obagi,2025-09-01,Dịch vụ/Uy tín,positive
518,2997446023,Obagi,2025-09-01,Giao hàng,neutral
518,2997446023,Obagi,2025-09-01,Chất lượng/Đóng gói,neutral
518,2997446023,Obagi,2025-09-01,Dịch vụ/Uy tín,positive
519,2997446023,Obagi,2025-09-01,Chất lượng/Đóng gói,positive
519,2997446023,Obagi,2025-09-01,Giá cả,neutral
519,2997446023,Obagi,2025-09-01,Mùi hương/Kết cấu,neutral
521,2997446023,Obagi,2025-06-01,Giá cả,positive
521,2997446023,Obagi,2025-06-01,Chất lượng/Đóng gói,positive
521,2997446023,Obagi,2025-06-01,Hiệu quả,positive
521,2997446023,Obagi,2025-06-01,Hiệu quả,neutral
522,2997446023,Obagi,2025-06-01,Giá cả,positive
522,2997446023,Obagi,2025-06-01,Chất lượng/Đóng gói,positive
523,3135559245,Obagi,2026-03-01,Giá cả,neutral
523,3135559245,Obagi,2026-03-01,Giá cả,neutral
523,3135559245,Obagi,2026-03-01,Chất lượng/Đóng gói,neutral
525,3135559245,Obagi,2026-02-01,Mùi hương/Kết cấu,positive
525,3135559245,Obagi,2026-02-01,Thành phần,neutral
527,3135559245,Obagi,2026-02-01,Giao hàng,neutral
528,3135559245,Obagi,2025-12-01,Hiệu quả,positive
528,3135559245,Obagi,2025-12-01,Mùi hương/Kết cấu,positive
528,3135559245,Obagi,2025-12-01,Thành phần,neutral
529,3135559245,Obagi,2025-12-01,Giá cả,neutral
529,3135559245,Obagi,2025-12-01,Hiệu quả,positive
529,3135559245,Obagi,2025-12-01,Giá cả,positive
529,3135559245,Obagi,2025-12-01,Mùi hương/Kết cấu,positive
529,3135559245,Obagi,2025-12-01,Thành phần,positive
532,3135559245,Obagi,2025-12-01,Mùi hương/Kết cấu,neutral
532,3135559245,Obagi,2025-12-01,Mùi hương/Kết cấu,positive
533,3135559245,Obagi,2025-12-01,Hiệu quả,positive
533,3135559245,Obagi,2025-12-01,Hiệu quả,positive
533,3135559245,Obagi,2025-12-01,Mùi hương/Kết cấu,positive
534,3135559245,Obagi,2025-11-01,Giá cả,positive
534,3135559245,Obagi,2025-11-01,Chất lượng/Đóng gói,positive
535,3135559245,Obagi,2025-11-01,Hiệu quả,positive
535,3135559245,Obagi,2025-11-01,Mùi hương/Kết cấu,positive
535,3135559245,Obagi,2025-11-01,Hiệu quả,neutral
535,3135559245,Obagi,2025-11-01,Hiệu quả,neutral
535,3135559245,Obagi,2025-11-01,Mùi hương/Kết cấu,positive
535,3135559245,Obagi,2025-11-01,Hiệu quả,negative
535,3135559245,Obagi,2025-11-01,Thành phần,negative
536,3135559245,Obagi,2025-11-01,Hiệu quả,positive
538,2397924237,Obagi,2024-03-01,Giá cả,neutral
540,2397924237,Obagi,2025-08-01,Chất lượng/Đóng gói,positive
540,2397924237,Obagi,2025-08-01,Chất lượng/Đóng gói,negative
541,2397924237,Obagi,2024-06-01,Giao hàng,neutral
541,2397924237,Obagi,2024-06-01,Dịch vụ/Uy tín,neutral
542,2397924237,Obagi,2023-12-01,Chất lượng/Đóng gói,positive
543,2397924237,Obagi,2023-11-01,Hiệu quả,positive
543,2397924237,Obagi,2023-11-01,Chất lượng/Đóng gói,positive
543,2397924237,Obagi,2023-11-01,Dịch vụ/Uy tín,positive
543,2397924237,Obagi,2023-11-01,Chất lượng/Đóng gói,positive
544,2397924237,Obagi,2023-09-01,Chất lượng/Đóng gói,neutral
544,2397924237,Obagi,2023-09-01,Giao hàng,neutral
544,2397924237,Obagi,2023-09-01,Giao hàng,neutral
544,2397924237,Obagi,2023-09-01,Chất lượng/Đóng gói,positive
545,2397924237,Obagi,2025-12-01,Chất lượng/Đóng gói,positive
546,2397924237,Obagi,2025-09-01,Hiệu quả,positive
547,2397924237,Obagi,2025-08-01,Hiệu quả,negative
547,2397924237,Obagi,2025-08-01,Hiệu quả,neutral
548,2397924237,Obagi,2025-08-01,Hiệu quả,positive
549,2397924237,Obagi,2025-07-01,Hiệu quả,positive
550,2397924237,Obagi,2025-07-01,Hiệu quả,positive
551,2397924237,Obagi,2025-06-01,Hiệu quả,positive
551,2397924237,Obagi,2025-06-01,Hiệu quả,positive
552,2397924237,Obagi,2025-06-01,Hiệu quả,positive
554,2397924237,Obagi,2025-06-01,Hiệu quả,positive
554,2397924237,Obagi,2025-06-01,Hiệu quả,positive
554,2397924237,Obagi,2025-06-01,Hiệu quả,neutral
555,2397924237,Obagi,2025-06-01,Hiệu quả,positive
555,2397924237,Obagi,2025-06-01,Hiệu quả,neutral
556,2397924237,Obagi,2025-05-01,Hiệu quả,negative
558,2397924237,Obagi,2025-03-01,Giá cả,neutral
559,2397924237,Obagi,2025-03-01,Hiệu quả,positive
559,2397924237,Obagi,2025-03-01,Hiệu quả,positive
560,2397924237,Obagi,2025-03-01,Hiệu quả,neutral
560,2397924237,Obagi,2025-03-01,Hiệu quả,positive
560,2397924237,Obagi,2025-03-01,Dịch vụ/Uy tín,neutral
561,2397924237,Obagi,2024-12-01,Hiệu quả,positive
561,2397924237,Obagi,2024-12-01,Hiệu quả,positive
562,2397924237,Obagi,2024-12-01,Hiệu quả,negative
563,2397924237,Obagi,2024-12-01,Hiệu quả,neutral
565,2397924237,Obagi,2024-11-01,Hiệu quả,positive
565,2397924237,Obagi,2024-11-01,Mùi hương/Kết cấu,positive
565,2397924237,Obagi,2024-11-01,Hiệu quả,positive
566,2397924237,Obagi,2024-11-01,Giá cả,neutral
566,2397924237,Obagi,2024-11-01,Giá cả,neutral
567,2397924237,Obagi,2024-11-01,Hiệu quả,neutral
567,2397924237,Obagi,2024-11-01,Hiệu quả,positive
567,2397924237,Obagi,2024-11-01,Hiệu quả,neutral
568,2397924237,Obagi,2024-11-01,Hiệu quả,positive
570,2397924237,Obagi,2024-09-01,Giá cả,neutral
570,2397924237,Obagi,2024-09-01,Giá cả,positive
571,2397924237,Obagi,2024-09-01,Hiệu quả,positive
571,2397924237,Obagi,2024-09-01,Giá cả,positive
571,2397924237,Obagi,2024-09-01,Hiệu quả,positive
572,2397924237,Obagi,2024-08-01,Chất lượng/Đóng gói,positive
573,2397924237,Obagi,2024-07-01,Giá cả,neutral
575,2397924237,Obagi,2024-07-01,Hiệu quả,positive
575,2397924237,Obagi,2024-07-01,Hiệu quả,positive
577,2397924237,Obagi,2024-07-01,Hiệu quả,neutral
577,2397924237,Obagi,2024-07-01,Hiệu quả,neutral
578,2397924237,Obagi,2024-07-01,Hiệu quả,positive
578,2397924237,Obagi,2024-07-01,Mùi hương/Kết cấu,positive
578,2397924237,Obagi,2024-07-01,Hiệu quả,neutral
578,2397924237,Obagi,2024-07-01,Hiệu quả,positive
578,2397924237,Obagi,2024-07-01,Hiệu quả,positive
578,2397924237,Obagi,2024-07-01,Hiệu quả,neutral
580,2397924237,Obagi,2024-06-01,Hiệu quả,positive
580,2397924237,Obagi,2024-06-01,Mùi hương/Kết cấu,positive
580,2397924237,Obagi,2024-06-01,Hiệu quả,positive
580,2397924237,Obagi,2024-06-01,Hiệu quả,neutral
581,2397924237,Obagi,2024-06-01,Hiệu quả,positive
582,2397924237,Obagi,2024-06-01,Hiệu quả,neutral
582,2397924237,Obagi,2024-06-01,Hiệu quả,neutral
583,2397924237,Obagi,2024-06-01,Hiệu quả,positive
583,2397924237,Obagi,2024-06-01,Mùi hương/Kết cấu,positive
583,2397924237,Obagi,2024-06-01,Hiệu quả,positive
583,2397924237,Obagi,2024-06-01,Hiệu quả,positive
583,2397924237,Obagi,2024-06-01,Hiệu quả,neutral
584,2397924237,Obagi,2024-06-01,Hiệu quả,neutral
584,2397924237,Obagi,2024-06-01,Giá cả,neutral
585,2397924237,Obagi,2024-05-01,Hiệu quả,neutral
586,2397924237,Obagi,2024-05-01,Giá cả,neutral
587,2397924237,Obagi,2024-05-01,Giao hàng,neutral
587,2397924237,Obagi,2024-05-01,Hiệu quả,negative
589,2397924237,Obagi,2024-05-01,Chất lượng/Đóng gói,negative
589,2397924237,Obagi,2024-05-01,Giao hàng,negative
589,2397924237,Obagi,2024-05-01,Chất lượng/Đóng gói,positive
590,2397924237,Obagi,2024-05-01,Hiệu quả,positive
593,2397924237,Obagi,2024-04-01,Chất lượng/Đóng gói,positive
593,2397924237,Obagi,2024-04-01,Dịch vụ/Uy tín,neutral
595,2397924237,Obagi,2024-04-01,Hiệu quả,negative
595,2397924237,Obagi,2024-04-01,Hiệu quả,positive
596,2397924237,Obagi,2024-04-01,Giá cả,neutral
597,2397924237,Obagi,2024-04-01,Hiệu quả,neutral
597,2397924237,Obagi,2024-04-01,Hiệu quả,positive
597,2397924237,Obagi,2024-04-01,Chất lượng/Đóng gói,neutral
597,2397924237,Obagi,2024-04-01,Giao hàng,neutral
598,2397924237,Obagi,2024-04-01,Chất lượng/Đóng gói,neutral
599,2397924237,Obagi,2024-03-01,Chất lượng/Đóng gói,neutral
599,2397924237,Obagi,2024-03-01,Giao hàng,neutral
599,2397924237,Obagi,2024-03-01,Chất lượng/Đóng gói,positive
600,2397924237,Obagi,2024-03-01,Hiệu quả,positive
601,2397924237,Obagi,2024-03-01,Giá cả,positive
601,2397924237,Obagi,2024-03-01,Giao hàng,neutral
602,2397924237,Obagi,2024-03-01,Hiệu quả,positive
602,2397924237,Obagi,2024-03-01,Hiệu quả,positive
603,2397924237,Obagi,2024-03-01,Hiệu quả,positive
603,2397924237,Obagi,2024-03-01,Hiệu quả,positive
603,2397924237,Obagi,2024-03-01,Mùi hương/Kết cấu,positive
604,2397924237,Obagi,2024-03-01,Dịch vụ/Uy tín,neutral
605,2397924237,Obagi,2024-03-01,Giao hàng,neutral
605,2397924237,Obagi,2024-03-01,Giá cả,neutral
606,2397924237,Obagi,2024-03-01,Hiệu quả,positive
607,2397924237,Obagi,2024-03-01,Chất lượng/Đóng gói,neutral
607,2397924237,Obagi,2024-03-01,Chất lượng/Đóng gói,neutral
607,2397924237,Obagi,2024-03-01,Chất lượng/Đóng gói,neutral
607,2397924237,Obagi,2024-03-01,Chất lượng/Đóng gói,neutral
610,2397924237,Obagi,2024-02-01,Hiệu quả,positive
612,2397924237,Obagi,2024-01-01,Dịch vụ/Uy tín,positive
613,2397924237,Obagi,2024-01-01,Hiệu quả,positive
613,2397924237,Obagi,2024-01-01,Chất lượng/Đóng gói,positive
613,2397924237,Obagi,2024-01-01,Mùi hương/Kết cấu,positive
614,2397924237,Obagi,2024-01-01,Hiệu quả,positive
614,2397924237,Obagi,2024-01-01,Mùi hương/Kết cấu,positive
616,2397924237,Obagi,2024-01-01,Giao hàng,neutral
616,2397924237,Obagi,2024-01-01,Giá cả,neutral
616,2397924237,Obagi,2024-01-01,Chất lượng/Đóng gói,positive
617,2397924237,Obagi,2024-01-01,Hiệu quả,neutral
618,2397924237,Obagi,2024-01-01,Hiệu quả,positive
618,2397924237,Obagi,2024-01-01,Chất lượng/Đóng gói,positive
618,2397924237,Obagi,2024-01-01,Mùi hương/Kết cấu,positive
621,2397924237,Obagi,2023-12-01,Hiệu quả,positive
623,2397924237,Obagi,2023-12-01,Chất lượng/Đóng gói,positive
623,2397924237,Obagi,2023-12-01,Dịch vụ/Uy tín,positive
623,2397924237,Obagi,2023-12-01,Hiệu quả,positive
623,2397924237,Obagi,2023-12-01,Chất lượng/Đóng gói,positive
624,2397924237,Obagi,2023-12-01,Chất lượng/Đóng gói,neutral
624,2397924237,Obagi,2023-12-01,Chất lượng/Đóng gói,negative
624,2397924237,Obagi,2023-12-01,Giá cả,neutral
625,2397924237,Obagi,2023-12-01,Giao hàng,neutral
625,2397924237,Obagi,2023-12-01,Dịch vụ/Uy tín,neutral
625,2397924237,Obagi,2023-12-01,Dịch vụ/Uy tín,neutral
625,2397924237,Obagi,2023-12-01,Dịch vụ/Uy tín,positive
625,2397924237,Obagi,2023-12-01,Dịch vụ/Uy tín,neutral
626,2397924237,Obagi,2023-12-01,Chất lượng/Đóng gói,positive
626,2397924237,Obagi,2023-12-01,Mùi hương/Kết cấu,positive
627,2397924237,Obagi,2023-12-01,Dịch vụ/Uy tín,neutral
628,2397924237,Obagi,2023-12-01,Hiệu quả,positive
629,2397924237,Obagi,2023-12-01,Hiệu quả,neutral
630,2397924237,Obagi,2023-12-01,Mùi hương/Kết cấu,positive
630,2397924237,Obagi,2023-12-01,Giao hàng,neutral
631,2397924237,Obagi,2023-12-01,Giá cả,positive
631,2397924237,Obagi,2023-12-01,Dịch vụ/Uy tín,neutral
631,2397924237,Obagi,2023-12-01,Dịch vụ/Uy tín,neutral
632,2397924237,Obagi,2023-12-01,Chất lượng/Đóng gói,positive
632,2397924237,Obagi,2023-12-01,Giá cả,neutral
633,2397924237,Obagi,2023-12-01,Chất lượng/Đóng gói,negative
634,2397924237,Obagi,2023-12-01,Giá cả,neutral
635,2397924237,Obagi,2023-12-01,Chất lượng/Đóng gói,positive
635,2397924237,Obagi,2023-12-01,Giao hàng,neutral
635,2397924237,Obagi,2023-12-01,Giá cả,neutral
635,2397924237,Obagi,2023-12-01,Giá cả,neutral
636,2397924237,Obagi,2023-12-01,Chất lượng/Đóng gói,positive
639,2392814305,Obagi,2025-06-01,Chất lượng/Đóng gói,neutral
639,2392814305,Obagi,2025-06-01,Hiệu quả,neutral
639,2392814305,Obagi,2025-06-01,Giá cả,neutral
639,2392814305,Obagi,2025-06-01,Chất lượng/Đóng gói,negative
639,2392814305,Obagi,2025-06-01,Giá cả,neutral
640,2392814305,Obagi,2024-03-01,Giao hàng,neutral
640,2392814305,Obagi,2024-03-01,Dịch vụ/Uy tín,neutral
640,2392814305,Obagi,2024-03-01,Chất lượng/Đóng gói,positive
640,2392814305,Obagi,2024-03-01,Hiệu quả,positive
641,2392814305,Obagi,2024-01-01,Mùi hương/Kết cấu,negative
641,2392814305,Obagi,2024-01-01,Hiệu quả,positive
642,2392814305,Obagi,2023-11-01,Giá cả,neutral
646,2997466004,Obagi,2026-02-01,Mùi hương/Kết cấu,positive
647,2997466004,Obagi,2026-02-01,Hiệu quả,positive
647,2997466004,Obagi,2026-02-01,Hiệu quả,positive
647,2997466004,Obagi,2026-02-01,Giá cả,neutral
647,2997466004,Obagi,2026-02-01,Thành phần,neutral
648,2997466004,Obagi,2025-11-01,Hiệu quả,positive
648,2997466004,Obagi,2025-11-01,Hiệu quả,neutral
649,2997466004,Obagi,2025-10-01,Hiệu quả,positive
650,2997466004,Obagi,2025-09-01,Hiệu quả,positive
652,2997466004,Obagi,2025-08-01,Chất lượng/Đóng gói,positive
655,2880693154,Obagi,2025-09-01,Hiệu quả,positive
656,2880693154,Obagi,2025-09-01,Hiệu quả,positive
656,2880693154,Obagi,2025-09-01,Hiệu quả,positive
657,3064046678,Obagi,2025-10-01,Hiệu quả,positive
658,3064046678,Obagi,2025-10-01,Giá cả,positive
659,3064046678,Obagi,2025-08-01,Mùi hương/Kết cấu,neutral
659,3064046678,Obagi,2025-08-01,Hiệu quả,neutral
660,2997467026,Obagi,2025-11-01,Giao hàng,neutral
660,2997467026,Obagi,2025-11-01,Chất lượng/Đóng gói,positive
660,2997467026,Obagi,2025-11-01,Giao hàng,neutral
660,2997467026,Obagi,2025-11-01,Chất lượng/Đóng gói,positive
661,2997467026,Obagi,2025-10-01,Hiệu quả,negative
661,2997467026,Obagi,2025-10-01,Giá cả,neutral
662,2997467026,Obagi,2025-09-01,Hiệu quả,negative
663,2997467026,Obagi,2025-06-01,Hiệu quả,positive
663,2997467026,Obagi,2025-06-01,Giá cả,positive
663,2997467026,Obagi,2025-06-01,Thành phần,positive
664,2997467026,Obagi,2025-06-01,Giao hàng,neutral
664,2997467026,Obagi,2025-06-01,Dịch vụ/Uy tín,neutral
664,2997467026,Obagi,2025-06-01,Giá cả,positive
665,2997467026,Obagi,2025-05-01,Dịch vụ/Uy tín,positive
665,2997467026,Obagi,2025-05-01,Hiệu quả,positive
665,2997467026,Obagi,2025-05-01,Chất lượng/Đóng gói,positive
665,2997467026,Obagi,2025-05-01,Thành phần,positive
665,2997467026,Obagi,2025-05-01,Hiệu quả,positive
665,2997467026,Obagi,2025-05-01,Hiệu quả,neutral
665,2997467026,Obagi,2025-05-01,Hiệu quả,positive
665,2997467026,Obagi,2025-05-01,Giá cả,positive
666,2997467026,Obagi,2025-05-01,Giá cả,neutral
667,2855649419,Obagi,2025-11-01,Hiệu quả,positive
667,2855649419,Obagi,2025-11-01,Mùi hương/Kết cấu,positive
667,2855649419,Obagi,2025-11-01,Hiệu quả,positive
667,2855649419,Obagi,2025-11-01,Giao hàng,neutral
667,2855649419,Obagi,2025-11-01,Giá cả,positive
668,2855649419,Obagi,2025-10-01,Chất lượng/Đóng gói,neutral
668,2855649419,Obagi,2025-10-01,Hiệu quả,neutral
669,2855649419,Obagi,2025-09-01,Dịch vụ/Uy tín,neutral
669,2855649419,Obagi,2025-09-01,Dịch vụ/Uy tín,neutral
669,2855649419,Obagi,2025-09-01,Giao hàng,positive
669,2855649419,Obagi,2025-09-01,Chất lượng/Đóng gói,negative
670,2855649419,Obagi,2025-09-01,Hiệu quả,positive
670,2855649419,Obagi,2025-09-01,Giá cả,positive
670,2855649419,Obagi,2025-09-01,Thành phần,positive
671,2855649419,Obagi,2025-07-01,Hiệu quả,positive
672,2413489553,Obagi,2025-11-01,Hiệu quả,positive
672,2413489553,Obagi,2025-11-01,Thành phần,positive
672,2413489553,Obagi,2025-11-01,Hiệu quả,positive
673,2413489553,Obagi,2025-09-01,Hiệu quả,positive
673,2413489553,Obagi,2025-09-01,Hiệu quả,positive
674,2413489553,Obagi,2025-09-01,Hiệu quả,negative
674,2413489553,Obagi,2025-09-01,Giá cả,neutral
674,2413489553,Obagi,2025-09-01,Giá cả,neutral
676,2413489553,Obagi,2025-07-01,Giá cả,neutral
677,2413489553,Obagi,2025-06-01,Hiệu quả,positive
678,2413489553,Obagi,2025-06-01,Chất lượng/Đóng gói,positive
678,2413489553,Obagi,2025-06-01,Giao hàng,neutral
678,2413489553,Obagi,2025-06-01,Giá cả,neutral
678,2413489553,Obagi,2025-06-01,Hiệu quả,positive
679,2413489553,Obagi,2025-05-01,Hiệu quả,positive
679,2413489553,Obagi,2025-05-01,Hiệu quả,positive
680,2413489553,Obagi,2025-05-01,Hiệu quả,positive
680,2413489553,Obagi,2025-05-01,Chất lượng/Đóng gói,positive
683,2424351193,Obagi,2025-09-01,Hiệu quả,positive
683,2424351193,Obagi,2025-09-01,Giá cả,positive
683,2424351193,Obagi,2025-09-01,Dịch vụ/Uy tín,neutral
683,2424351193,Obagi,2025-09-01,Giá cả,neutral
683,2424351193,Obagi,2025-09-01,Dịch vụ/Uy tín,neutral
683,2424351193,Obagi,2025-09-01,Chất lượng/Đóng gói,positive
685,2424351193,Obagi,2025-11-01,Hiệu quả,neutral
685,2424351193,Obagi,2025-11-01,Hiệu quả,positive
687,2424351193,Obagi,2025-09-01,Hiệu quả,neutral
688,2424351193,Obagi,2025-08-01,Hiệu quả,positive
689,2424351193,Obagi,2025-08-01,Hiệu quả,positive
690,2424351193,Obagi,2025-06-01,Giá cả,neutral
691,2424351193,Obagi,2025-06-01,Hiệu quả,positive
691,2424351193,Obagi,2025-06-01,Hiệu quả,neutral
692,2424351193,Obagi,2025-06-01,Thành phần,neutral
692,2424351193,Obagi,2025-06-01,Thành phần,neutral
692,2424351193,Obagi,2025-06-01,Thành phần,neutral
692,2424351193,Obagi,2025-06-01,Thành phần,neutral
694,2397901251,Obagi,2024-06-01,Dịch vụ/Uy tín,neutral
694,2397901251,Obagi,2024-06-01,Dịch vụ/Uy tín,negative
694,2397901251,Obagi,2024-06-01,Dịch vụ/Uy tín,neutral
695,2397901251,Obagi,2025-04-01,Dịch vụ/Uy tín,neutral
696,2397901251,Obagi,2025-09-01,Giao hàng,neutral
696,2397901251,Obagi,2025-09-01,Chất lượng/Đóng gói,positive
696,2397901251,Obagi,2025-09-01,Giá cả,neutral
698,2397901251,Obagi,2025-09-01,Giá cả,positive
699,2397901251,Obagi,2025-08-01,Hiệu quả,positive
699,2397901251,Obagi,2025-08-01,Chất lượng/Đóng gói,neutral
699,2397901251,Obagi,2025-08-01,Dịch vụ/Uy tín,neutral
700,2397901251,Obagi,2024-12-01,Hiệu quả,positive
700,2397901251,Obagi,2024-12-01,Mùi hương/Kết cấu,positive
700,2397901251,Obagi,2024-12-01,Mùi hương/Kết cấu,positive
700,2397901251,Obagi,2024-12-01,Hiệu quả,neutral
701,2397901251,Obagi,2024-11-01,Hiệu quả,positive
701,2397901251,Obagi,2024-11-01,Mùi hương/Kết cấu,positive
702,2397901251,Obagi,2024-11-01,Mùi hương/Kết cấu,neutral
702,2397901251,Obagi,2024-11-01,Hiệu quả,positive
702,2397901251,Obagi,2024-11-01,Mùi hương/Kết cấu,positive
705,2397901251,Obagi,2023-12-01,Chất lượng/Đóng gói,neutral
706,2397901251,Obagi,2023-12-01,Dịch vụ/Uy tín,neutral
708,2397901251,Obagi,2023-11-01,Dịch vụ/Uy tín,neutral
708,2397901251,Obagi,2023-11-01,Giá cả,neutral
711,3072813842,Obagi,2025-09-01,Chất lượng/Đóng gói,positive
712,3072813842,Obagi,2025-09-01,Chất lượng/Đóng gói,positive
712,3072813842,Obagi,2025-09-01,Chất lượng/Đóng gói,neutral
714,3052307780,Obagi,2025-11-01,Chất lượng/Đóng gói,negative
717,3052307780,Obagi,2025-12-01,Chất lượng/Đóng gói,neutral
718,3052307780,Obagi,2026-03-01,Hiệu quả,neutral
718,3052307780,Obagi,2026-03-01,Dịch vụ/Uy tín,positive
719,3052307780,Obagi,2026-04-01,Hiệu quả,positive
720,3052307780,Obagi,2026-04-01,Hiệu quả,positive
722,3052307780,Obagi,2026-04-01,Hiệu quả,positive
722,3052307780,Obagi,2026-04-01,Hiệu quả,positive
722,3052307780,Obagi,2026-04-01,Mùi hương/Kết cấu,positive
723,3052307780,Obagi,2026-04-01,Mùi hương/Kết cấu,neutral
725,3052307780,Obagi,2026-03-01,Mùi hương/Kết cấu,neutral
725,3052307780,Obagi,2026-03-01,Hiệu quả,positive
726,3052307780,Obagi,2026-03-01,Chất lượng/Đóng gói,neutral
728,3052307780,Obagi,2026-03-01,Hiệu quả,positive
728,3052307780,Obagi,2026-03-01,Hiệu quả,positive
729,3052307780,Obagi,2026-03-01,Hiệu quả,positive
729,3052307780,Obagi,2026-03-01,Hiệu quả,positive
729,3052307780,Obagi,2026-03-01,Mùi hương/Kết cấu,neutral
730,3052307780,Obagi,2026-02-01,Chất lượng/Đóng gói,positive
731,3052307780,Obagi,2026-01-01,Mùi hương/Kết cấu,positive
731,3052307780,Obagi,2026-01-01,Giao hàng,neutral
732,3052307780,Obagi,2026-01-01,Mùi hương/Kết cấu,positive
733,3052307780,Obagi,2026-01-01,Dịch vụ/Uy tín,neutral
733,3052307780,Obagi,2026-01-01,Chất lượng/Đóng gói,neutral
733,3052307780,Obagi,2026-01-01,Hiệu quả,positive
734,3052307780,Obagi,2025-12-01,Hiệu quả,positive
735,3052307780,Obagi,2025-12-01,Hiệu quả,positive
735,3052307780,Obagi,2025-12-01,Mùi hương/Kết cấu,positive
736,3052307780,Obagi,2025-12-01,Giao hàng,neutral
736,3052307780,Obagi,2025-12-01,Giá cả,neutral
736,3052307780,Obagi,2025-12-01,Giá cả,neutral
737,3052307780,Obagi,2025-12-01,Hiệu quả,positive
737,3052307780,Obagi,2025-12-01,Mùi hương/Kết cấu,positive
737,3052307780,Obagi,2025-12-01,Giao hàng,neutral
738,3052307780,Obagi,2025-12-01,Hiệu quả,positive
739,3052307780,Obagi,2025-12-01,Hiệu quả,positive
740,3052307780,Obagi,2025-12-01,Hiệu quả,positive
740,3052307780,Obagi,2025-12-01,Hiệu quả,positive
740,3052307780,Obagi,2025-12-01,Hiệu quả,neutral
740,3052307780,Obagi,2025-12-01,Hiệu quả,positive
740,3052307780,Obagi,2025-12-01,Giá cả,positive
741,3052307780,Obagi,2025-12-01,Dịch vụ/Uy tín,neutral
741,3052307780,Obagi,2025-12-01,Giao hàng,positive
741,3052307780,Obagi,2025-12-01,Dịch vụ/Uy tín,neutral
742,3052307780,Obagi,2025-12-01,Giao hàng,positive
742,3052307780,Obagi,2025-12-01,Dịch vụ/Uy tín,neutral
742,3052307780,Obagi,2025-12-01,Dịch vụ/Uy tín,neutral
743,3052307780,Obagi,2025-12-01,Hiệu quả,neutral
743,3052307780,Obagi,2025-12-01,Giá cả,neutral
744,3052307780,Obagi,2025-12-01,Hiệu quả,positive
744,3052307780,Obagi,2025-12-01,Thành phần,neutral
745,3052307780,Obagi,2025-12-01,Hiệu quả,positive
745,3052307780,Obagi,2025-12-01,Mùi hương/Kết cấu,positive
746,3052307780,Obagi,2025-12-01,Mùi hương/Kết cấu,positive
746,3052307780,Obagi,2025-12-01,Hiệu quả,positive
747,3052307780,Obagi,2025-12-01,Hiệu quả,positive
748,3052307780,Obagi,2025-12-01,Chất lượng/Đóng gói,neutral
748,3052307780,Obagi,2025-12-01,Hiệu quả,negative
749,3052307780,Obagi,2025-12-01,Giao hàng,neutral
749,3052307780,Obagi,2025-12-01,Dịch vụ/Uy tín,neutral
749,3052307780,Obagi,2025-12-01,Chất lượng/Đóng gói,positive
749,3052307780,Obagi,2025-12-01,Dịch vụ/Uy tín,positive
749,3052307780,Obagi,2025-12-01,Dịch vụ/Uy tín,neutral
749,3052307780,Obagi,2025-12-01,Giá cả,positive
749,3052307780,Obagi,2025-12-01,Chất lượng/Đóng gói,positive
750,3052307780,Obagi,2025-12-01,Mùi hương/Kết cấu,positive
751,3052307780,Obagi,2025-12-01,Chất lượng/Đóng gói,negative
752,3052307780,Obagi,2025-12-01,Giá cả,neutral
752,3052307780,Obagi,2025-12-01,Chất lượng/Đóng gói,neutral
753,3052307780,Obagi,2025-12-01,Chất lượng/Đóng gói,neutral
753,3052307780,Obagi,2025-12-01,Dịch vụ/Uy tín,neutral
754,3052307780,Obagi,2025-12-01,Giá cả,positive
754,3052307780,Obagi,2025-12-01,Chất lượng/Đóng gói,positive
754,3052307780,Obagi,2025-12-01,Chất lượng/Đóng gói,positive
754,3052307780,Obagi,2025-12-01,Giá cả,neutral
755,3052307780,Obagi,2025-12-01,Mùi hương/Kết cấu,positive
755,3052307780,Obagi,2025-12-01,Mùi hương/Kết cấu,neutral
755,3052307780,Obagi,2025-12-01,Hiệu quả,positive
755,3052307780,Obagi,2025-12-01,Mùi hương/Kết cấu,positive
756,3052307780,Obagi,2025-12-01,Mùi hương/Kết cấu,positive
756,3052307780,Obagi,2025-12-01,Hiệu quả,positive
756,3052307780,Obagi,2025-12-01,Mùi hương/Kết cấu,positive
756,3052307780,Obagi,2025-12-01,Hiệu quả,positive
757,3052307780,Obagi,2025-12-01,Mùi hương/Kết cấu,neutral
758,3052307780,Obagi,2025-12-01,Giá cả,positive
758,3052307780,Obagi,2025-12-01,Mùi hương/Kết cấu,neutral
759,3052307780,Obagi,2025-12-01,Hiệu quả,positive
759,3052307780,Obagi,2025-12-01,Mùi hương/Kết cấu,neutral
759,3052307780,Obagi,2025-12-01,Mùi hương/Kết cấu,positive
760,3052307780,Obagi,2025-12-01,Mùi hương/Kết cấu,positive
760,3052307780,Obagi,2025-12-01,Hiệu quả,positive
760,3052307780,Obagi,2025-12-01,Mùi hương/Kết cấu,positive
760,3052307780,Obagi,2025-12-01,Mùi hương/Kết cấu,neutral
761,3052307780,Obagi,2025-12-01,Dịch vụ/Uy tín,neutral
761,3052307780,Obagi,2025-12-01,Giao hàng,neutral
762,3052307780,Obagi,2025-12-01,Hiệu quả,positive
762,3052307780,Obagi,2025-12-01,Mùi hương/Kết cấu,positive
763,3052307780,Obagi,2025-12-01,Hiệu quả,positive
763,3052307780,Obagi,2025-12-01,Mùi hương/Kết cấu,neutral
763,3052307780,Obagi,2025-12-01,Thành phần,neutral
764,3052307780,Obagi,2025-12-01,Mùi hương/Kết cấu,neutral
764,3052307780,Obagi,2025-12-01,Giá cả,positive
764,3052307780,Obagi,2025-12-01,Chất lượng/Đóng gói,positive
765,3052307780,Obagi,2025-12-01,Hiệu quả,positive
765,3052307780,Obagi,2025-12-01,Giá cả,positive
765,3052307780,Obagi,2025-12-01,Thành phần,positive
766,3052307780,Obagi,2025-12-01,Giá cả,neutral
766,3052307780,Obagi,2025-12-01,Giá cả,neutral
768,3052307780,Obagi,2025-11-01,Hiệu quả,positive
769,3052307780,Obagi,2025-11-01,Giá cả,neutral
771,3052307780,Obagi,2025-11-01,Hiệu quả,positive
772,3052307780,Obagi,2025-11-01,Hiệu quả,positive
772,3052307780,Obagi,2025-11-01,Hiệu quả,positive
773,3052307780,Obagi,2025-11-01,Hiệu quả,positive
773,3052307780,Obagi,2025-11-01,Hiệu quả,positive
773,3052307780,Obagi,2025-11-01,Giá cả,positive
773,3052307780,Obagi,2025-11-01,Hiệu quả,positive
774,3052307780,Obagi,2025-11-01,Hiệu quả,positive
775,3052307780,Obagi,2025-11-01,Hiệu quả,positive
776,3052307780,Obagi,2025-11-01,Hiệu quả,positive
777,3052307780,Obagi,2025-11-01,Hiệu quả,neutral
778,3052307780,Obagi,2025-11-01,Giá cả,positive
778,3052307780,Obagi,2025-11-01,Giao hàng,positive
778,3052307780,Obagi,2025-11-01,Dịch vụ/Uy tín,positive
779,3052307780,Obagi,2025-11-01,Hiệu quả,positive
780,3052307780,Obagi,2025-11-01,Mùi hương/Kết cấu,positive
780,3052307780,Obagi,2025-11-01,Hiệu quả,positive
782,3052307780,Obagi,2025-11-01,Giá cả,positive
783,3052307780,Obagi,2025-11-01,Hiệu quả,positive
784,3052307780,Obagi,2025-11-01,Hiệu quả,positive
784,3052307780,Obagi,2025-11-01,Mùi hương/Kết cấu,positive
785,3052307780,Obagi,2025-11-01,Hiệu quả,positive
786,3052307780,Obagi,2025-11-01,Chất lượng/Đóng gói,positive
786,3052307780,Obagi,2025-11-01,Dịch vụ/Uy tín,neutral
787,3052307780,Obagi,2025-11-01,Hiệu quả,positive
787,3052307780,Obagi,2025-11-01,Mùi hương/Kết cấu,positive
787,3052307780,Obagi,2025-11-01,Mùi hương/Kết cấu,neutral
788,3052307780,Obagi,2025-11-01,Hiệu quả,positive
788,3052307780,Obagi,2025-11-01,Mùi hương/Kết cấu,positive
788,3052307780,Obagi,2025-11-01,Hiệu quả,positive
789,3052307780,Obagi,2025-11-01,Hiệu quả,positive
789,3052307780,Obagi,2025-11-01,Hiệu quả,positive
789,3052307780,Obagi,2025-11-01,Mùi hương/Kết cấu,positive
790,3052307780,Obagi,2025-11-01,Giá cả,neutral
791,3052307780,Obagi,2025-11-01,Hiệu quả,positive
792,3052307780,Obagi,2025-11-01,Hiệu quả,positive
792,3052307780,Obagi,2025-11-01,Hiệu quả,positive
793,3052307780,Obagi,2025-11-01,Giá cả,neutral
793,3052307780,Obagi,2025-11-01,Giá cả,positive
794,3052307780,Obagi,2025-11-01,Giá cả,positive
795,3052307780,Obagi,2025-10-01,Hiệu quả,positive
796,3052307780,Obagi,2025-10-01,Hiệu quả,positive
796,3052307780,Obagi,2025-10-01,Mùi hương/Kết cấu,positive
796,3052307780,Obagi,2025-10-01,Hiệu quả,positive
797,3052307780,Obagi,2025-09-01,Giá cả,neutral
797,3052307780,Obagi,2025-09-01,Giá cả,neutral
798,3052307780,Obagi,2025-09-01,Chất lượng/Đóng gói,neutral
799,3052307780,Obagi,2025-09-01,Dịch vụ/Uy tín,neutral
799,3052307780,Obagi,2025-09-01,Hiệu quả,positive
800,3052307780,Obagi,2025-09-01,Hiệu quả,positive
800,3052307780,Obagi,2025-09-01,Hiệu quả,positive
801,3052307780,Obagi,2025-08-01,Hiệu quả,positive
801,3052307780,Obagi,2025-08-01,Giao hàng,neutral
802,3052307780,Obagi,2025-07-01,Dịch vụ/Uy tín,neutral
802,3052307780,Obagi,2025-07-01,Dịch vụ/Uy tín,neutral
803,3052307780,Obagi,2025-07-01,Hiệu quả,positive
803,3052307780,Obagi,2025-07-01,Giá cả,neutral
803,3052307780,Obagi,2025-07-01,Giá cả,neutral
804,3052307780,Obagi,2025-06-01,Chất lượng/Đóng gói,neutral
804,3052307780,Obagi,2025-06-01,Dịch vụ/Uy tín,neutral
804,3052307780,Obagi,2025-06-01,Giá cả,positive
804,3052307780,Obagi,2025-06-01,Hiệu quả,negative
805,3052307780,Obagi,2025-06-01,Hiệu quả,neutral
806,3052307780,Obagi,2025-06-01,Hiệu quả,positive
806,3052307780,Obagi,2025-06-01,Giá cả,positive
806,3052307780,Obagi,2025-06-01,Thành phần,positive
807,3052307780,Obagi,2025-06-01,Hiệu quả,positive
807,3052307780,Obagi,2025-06-01,Giá cả,positive
807,3052307780,Obagi,2025-06-01,Thành phần,positive
810,3052307780,Obagi,2025-06-01,Hiệu quả,positive
810,3052307780,Obagi,2025-06-01,Giá cả,positive
811,3052307780,Obagi,2025-06-01,Hiệu quả,positive
812,3052307780,Obagi,2025-06-01,Hiệu quả,neutral
812,3052307780,Obagi,2025-06-01,Giá cả,neutral
813,3052307780,Obagi,2025-05-01,Hiệu quả,positive
813,3052307780,Obagi,2025-05-01,Giá cả,positive
813,3052307780,Obagi,2025-05-01,Thành phần,positive
815,3052307780,Obagi,2025-05-01,Dịch vụ/Uy tín,positive
815,3052307780,Obagi,2025-05-01,Chất lượng/Đóng gói,positive
815,3052307780,Obagi,2025-05-01,Chất lượng/Đóng gói,positive
815,3052307780,Obagi,2025-05-01,Giao hàng,neutral
816,2965505412,Obagi,2025-10-01,Giao hàng,neutral
816,2965505412,Obagi,2025-10-01,Chất lượng/Đóng gói,positive
816,2965505412,Obagi,2025-10-01,Giá cả,negative
816,2965505412,Obagi,2025-10-01,Chất lượng/Đóng gói,negative
817,2965505412,Obagi,2026-04-01,Chất lượng/Đóng gói,positive
817,2965505412,Obagi,2026-04-01,Dịch vụ/Uy tín,positive
818,2965505412,Obagi,2026-03-01,Thành phần,neutral
818,2965505412,Obagi,2026-03-01,Giá cả,neutral
819,2965505412,Obagi,2026-03-01,Hiệu quả,positive
819,2965505412,Obagi,2026-03-01,Mùi hương/Kết cấu,positive
819,2965505412,Obagi,2026-03-01,Hiệu quả,neutral
820,2965505412,Obagi,2026-02-01,Giao hàng,neutral
820,2965505412,Obagi,2026-02-01,Chất lượng/Đóng gói,positive
820,2965505412,Obagi,2026-02-01,Hiệu quả,positive
821,2965505412,Obagi,2026-02-01,Hiệu quả,neutral
823,2965505412,Obagi,2025-12-01,Giao hàng,neutral
825,2965505412,Obagi,2025-12-01,Hiệu quả,positive
825,2965505412,Obagi,2025-12-01,Mùi hương/Kết cấu,positive
826,2965505412,Obagi,2025-12-01,Hiệu quả,neutral
826,2965505412,Obagi,2025-12-01,Mùi hương/Kết cấu,positive
829,2965505412,Obagi,2025-11-01,Hiệu quả,neutral
830,2965505412,Obagi,2025-11-01,Hiệu quả,neutral
830,2965505412,Obagi,2025-11-01,Mùi hương/Kết cấu,positive
831,2965505412,Obagi,2025-11-01,Hiệu quả,positive
831,2965505412,Obagi,2025-11-01,Mùi hương/Kết cấu,positive
832,2965505412,Obagi,2025-11-01,Hiệu quả,positive
832,2965505412,Obagi,2025-11-01,Mùi hương/Kết cấu,positive
832,2965505412,Obagi,2025-11-01,Giá cả,neutral
833,2965505412,Obagi,2025-11-01,Dịch vụ/Uy tín,neutral
833,2965505412,Obagi,2025-11-01,Giao hàng,neutral
833,2965505412,Obagi,2025-11-01,Giá cả,positive
834,2965505412,Obagi,2025-11-01,Hiệu quả,neutral
834,2965505412,Obagi,2025-11-01,Hiệu quả,neutral
834,2965505412,Obagi,2025-11-01,Thành phần,positive
834,2965505412,Obagi,2025-11-01,Thành phần,neutral
834,2965505412,Obagi,2025-11-01,Hiệu quả,positive
835,2965505412,Obagi,2025-11-01,Hiệu quả,neutral
835,2965505412,Obagi,2025-11-01,Hiệu quả,positive
835,2965505412,Obagi,2025-11-01,Thành phần,positive
837,2965505412,Obagi,2025-11-01,Chất lượng/Đóng gói,positive
838,2965505412,Obagi,2025-11-01,Giá cả,neutral
839,2965505412,Obagi,2025-11-01,Dịch vụ/Uy tín,positive
839,2965505412,Obagi,2025-11-01,Giá cả,positive
840,2965505412,Obagi,2025-10-01,Giá cả,neutral
840,2965505412,Obagi,2025-10-01,Hiệu quả,positive
840,2965505412,Obagi,2025-10-01,Giá cả,positive
841,2965505412,Obagi,2025-10-01,Mùi hương/Kết cấu,positive
841,2965505412,Obagi,2025-10-01,Hiệu quả,positive
841,2965505412,Obagi,2025-10-01,Thành phần,positive
842,2965505412,Obagi,2025-10-01,Giá cả,neutral
842,2965505412,Obagi,2025-10-01,Hiệu quả,positive
844,2965505412,Obagi,2025-09-01,Hiệu quả,neutral
845,2965505412,Obagi,2025-08-01,Chất lượng/Đóng gói,positive
846,2965505412,Obagi,2025-07-01,Giá cả,neutral
847,2965505412,Obagi,2025-07-01,Chất lượng/Đóng gói,positive
847,2965505412,Obagi,2025-07-01,Dịch vụ/Uy tín,neutral
848,2965505412,Obagi,2025-06-01,Hiệu quả,negative
848,2965505412,Obagi,2025-06-01,Giá cả,negative
849,2965505412,Obagi,2025-04-01,Giá cả,positive
850,2965505412,Obagi,2025-04-01,Giao hàng,positive
850,2965505412,Obagi,2025-04-01,Dịch vụ/Uy tín,positive
850,2965505412,Obagi,2025-04-01,Giá cả,neutral
850,2965505412,Obagi,2025-04-01,Giá cả,neutral
850,2965505412,Obagi,2025-04-01,Giá cả,positive
850,2965505412,Obagi,2025-04-01,Dịch vụ/Uy tín,neutral
851,2965505412,Obagi,2025-03-01,Chất lượng/Đóng gói,positive
851,2965505412,Obagi,2025-03-01,Hiệu quả,positive
851,2965505412,Obagi,2025-03-01,Hiệu quả,neutral
851,2965505412,Obagi,2025-03-01,Giá cả,neutral
853,2965505412,Obagi,2025-03-01,Hiệu quả,positive
853,2965505412,Obagi,2025-03-01,Giá cả,positive
853,2965505412,Obagi,2025-03-01,Thành phần,positive
855,2965505412,Obagi,2025-02-01,Hiệu quả,positive
855,2965505412,Obagi,2025-02-01,Thành phần,positive
856,2965505412,Obagi,2025-01-01,Hiệu quả,negative
858,2995156939,Obagi,2026-03-01,Hiệu quả,positive
858,2995156939,Obagi,2026-03-01,Giá cả,positive
859,2995156939,Obagi,2026-04-01,Chất lượng/Đóng gói,neutral
859,2995156939,Obagi,2026-04-01,Giá cả,neutral
860,2995156939,Obagi,2026-04-01,Hiệu quả,positive
860,2995156939,Obagi,2026-04-01,Mùi hương/Kết cấu,positive
860,2995156939,Obagi,2026-04-01,Chất lượng/Đóng gói,positive
860,2995156939,Obagi,2026-04-01,Thành phần,positive
860,2995156939,Obagi,2026-04-01,Chất lượng/Đóng gói,positive
860,2995156939,Obagi,2026-04-01,Thành phần,positive
860,2995156939,Obagi,2026-04-01,Hiệu quả,positive
860,2995156939,Obagi,2026-04-01,Mùi hương/Kết cấu,positive
861,2995156939,Obagi,2026-04-01,Hiệu quả,positive
861,2995156939,Obagi,2026-04-01,Hiệu quả,positive
862,2995156939,Obagi,2026-03-01,Hiệu quả,positive
862,2995156939,Obagi,2026-03-01,Hiệu quả,positive
862,2995156939,Obagi,2026-03-01,Mùi hương/Kết cấu,positive
863,2995156939,Obagi,2026-03-01,Hiệu quả,positive
863,2995156939,Obagi,2026-03-01,Hiệu quả,positive
864,2995156939,Obagi,2026-03-01,Hiệu quả,positive
864,2995156939,Obagi,2026-03-01,Chất lượng/Đóng gói,positive
864,2995156939,Obagi,2026-03-01,Thành phần,positive
865,2995156939,Obagi,2026-03-01,Chất lượng/Đóng gói,positive
865,2995156939,Obagi,2026-03-01,Thành phần,positive
867,2995156939,Obagi,2025-12-01,Hiệu quả,positive
867,2995156939,Obagi,2025-12-01,Hiệu quả,positive
867,2995156939,Obagi,2025-12-01,Hiệu quả,positive
868,2995156939,Obagi,2025-12-01,Hiệu quả,positive
868,2995156939,Obagi,2025-12-01,Hiệu quả,neutral
868,2995156939,Obagi,2025-12-01,Dịch vụ/Uy tín,positive
869,2995156939,Obagi,2025-12-01,Hiệu quả,positive
869,2995156939,Obagi,2025-12-01,Hiệu quả,positive
869,2995156939,Obagi,2025-12-01,Giá cả,neutral
869,2995156939,Obagi,2025-12-01,Hiệu quả,positive
869,2995156939,Obagi,2025-12-01,Mùi hương/Kết cấu,positive
870,2995156939,Obagi,2025-12-01,Hiệu quả,positive
870,2995156939,Obagi,2025-12-01,Giá cả,positive
870,2995156939,Obagi,2025-12-01,Giá cả,neutral
870,2995156939,Obagi,2025-12-01,Mùi hương/Kết cấu,positive
870,2995156939,Obagi,2025-12-01,Thành phần,positive
871,2995156939,Obagi,2025-12-01,Chất lượng/Đóng gói,positive
871,2995156939,Obagi,2025-12-01,Dịch vụ/Uy tín,positive
871,2995156939,Obagi,2025-12-01,Giao hàng,neutral
872,2995156939,Obagi,2025-12-01,Chất lượng/Đóng gói,neutral
872,2995156939,Obagi,2025-12-01,Giao hàng,neutral
872,2995156939,Obagi,2025-12-01,Giá cả,positive
873,2995156939,Obagi,2025-12-01,Giá cả,neutral
874,2995156939,Obagi,2025-12-01,Chất lượng/Đóng gói,positive
874,2995156939,Obagi,2025-12-01,Giao hàng,positive
874,2995156939,Obagi,2025-12-01,Dịch vụ/Uy tín,positive
875,2995156939,Obagi,2025-12-01,Giá cả,positive
875,2995156939,Obagi,2025-12-01,Chất lượng/Đóng gói,positive
876,2995156939,Obagi,2025-11-01,Mùi hương/Kết cấu,positive
876,2995156939,Obagi,2025-11-01,Hiệu quả,positive
876,2995156939,Obagi,2025-11-01,Hiệu quả,positive
876,2995156939,Obagi,2025-11-01,Mùi hương/Kết cấu,positive
876,2995156939,Obagi,2025-11-01,Hiệu quả,positive
877,2995156939,Obagi,2025-11-01,Chất lượng/Đóng gói,positive
877,2995156939,Obagi,2025-11-01,Giá cả,positive
878,2995156939,Obagi,2025-09-01,Thành phần,positive
879,2995156939,Obagi,2025-09-01,Chất lượng/Đóng gói,positive
879,2995156939,Obagi,2025-09-01,Thành phần,positive
879,2995156939,Obagi,2025-09-01,Hiệu quả,positive
880,2995156939,Obagi,2025-09-01,Hiệu quả,positive
880,2995156939,Obagi,2025-09-01,Mùi hương/Kết cấu,positive
881,2995156939,Obagi,2025-09-01,Giá cả,neutral
883,2995156939,Obagi,2025-08-01,Mùi hương/Kết cấu,neutral
885,2995156939,Obagi,2025-07-01,Chất lượng/Đóng gói,positive
885,2995156939,Obagi,2025-07-01,Hiệu quả,positive
886,2995156939,Obagi,2025-07-01,Hiệu quả,positive
886,2995156939,Obagi,2025-07-01,Giá cả,positive
887,2995156939,Obagi,2025-07-01,Giá cả,positive
888,2995156939,Obagi,2025-06-01,Giá cả,neutral
888,2995156939,Obagi,2025-06-01,Giao hàng,neutral
888,2995156939,Obagi,2025-06-01,Dịch vụ/Uy tín,neutral
888,2995156939,Obagi,2025-06-01,Chất lượng/Đóng gói,neutral
889,2995156939,Obagi,2025-06-01,Giá cả,neutral
889,2995156939,Obagi,2025-06-01,Dịch vụ/Uy tín,positive
890,2995156939,Obagi,2025-06-01,Hiệu quả,positive
890,2995156939,Obagi,2025-06-01,Giá cả,positive
890,2995156939,Obagi,2025-06-01,Thành phần,positive
891,2995156939,Obagi,2025-06-01,Hiệu quả,positive
891,2995156939,Obagi,2025-06-01,Giá cả,positive
891,2995156939,Obagi,2025-06-01,Thành phần,positive
892,2995156939,Obagi,2025-06-01,Mùi hương/Kết cấu,neutral
892,2995156939,Obagi,2025-06-01,Giá cả,neutral
893,2995156939,Obagi,2025-05-01,Chất lượng/Đóng gói,positive
893,2995156939,Obagi,2025-05-01,Hiệu quả,positive
893,2995156939,Obagi,2025-05-01,Chất lượng/Đóng gói,positive
894,2995156939,Obagi,2025-05-01,Hiệu quả,positive
894,2995156939,Obagi,2025-05-01,Giá cả,positive
894,2995156939,Obagi,2025-05-01,Thành phần,positive
896,2995156939,Obagi,2025-05-01,Hiệu quả,positive
896,2995156939,Obagi,2025-05-01,Giá cả,positive
896,2995156939,Obagi,2025-05-01,Thành phần,positive
897,2995156939,Obagi,2025-05-01,Hiệu quả,positive
897,2995156939,Obagi,2025-05-01,Thành phần,positive
898,2995156939,Obagi,2025-04-01,Hiệu quả,neutral
899,2995156939,Obagi,2025-04-01,Giá cả,neutral
900,2995156939,Obagi,2025-04-01,Hiệu quả,positive
901,2995156939,Obagi,2025-04-01,Hiệu quả,positive
901,2995156939,Obagi,2025-04-01,Giá cả,positive
901,2995156939,Obagi,2025-04-01,Thành phần,positive
902,2995156939,Obagi,2025-03-01,Giá cả,positive
903,2995156939,Obagi,2025-03-01,Giá cả,neutral
903,2995156939,Obagi,2025-03-01,Thành phần,neutral
904,2995156939,Obagi,2025-03-01,Chất lượng/Đóng gói,positive
904,2995156939,Obagi,2025-03-01,Giá cả,positive
905,2995156939,Obagi,2025-03-01,Giá cả,neutral
905,2995156939,Obagi,2025-03-01,Hiệu quả,positive
905,2995156939,Obagi,2025-03-01,Giá cả,neutral
905,2995156939,Obagi,2025-03-01,Hiệu quả,positive
906,2995156939,Obagi,2025-03-01,Hiệu quả,neutral
906,2995156939,Obagi,2025-03-01,Giá cả,neutral
906,2995156939,Obagi,2025-03-01,Giao hàng,neutral
906,2995156939,Obagi,2025-03-01,Dịch vụ/Uy tín,neutral
907,2995156939,Obagi,2025-03-01,Hiệu quả,positive
907,2995156939,Obagi,2025-03-01,Giá cả,positive
907,2995156939,Obagi,2025-03-01,Giao hàng,positive
907,2995156939,Obagi,2025-03-01,Thành phần,positive
907,2995156939,Obagi,2025-03-01,Dịch vụ/Uy tín,positive
910,2398069022,Obagi,2025-04-01,Giá cả,negative
911,2398069022,Obagi,2024-04-01,Dịch vụ/Uy tín,neutral
912,2398069022,Obagi,2024-05-01,Hiệu quả,positive
912,2398069022,Obagi,2024-05-01,Hiệu quả,positive
912,2398069022,Obagi,2024-05-01,Thành phần,neutral
913,2398069022,Obagi,2026-03-01,Chất lượng/Đóng gói,positive
913,2398069022,Obagi,2026-03-01,Hiệu quả,neutral
914,2398069022,Obagi,2025-11-01,Mùi hương/Kết cấu,neutral
914,2398069022,Obagi,2025-11-01,Mùi hương/Kết cấu,positive
914,2398069022,Obagi,2025-11-01,Mùi hương/Kết cấu,positive
914,2398069022,Obagi,2025-11-01,Dịch vụ/Uy tín,neutral
914,2398069022,Obagi,2025-11-01,Giá cả,neutral
914,2398069022,Obagi,2025-11-01,Giá cả,positive
917,2398069022,Obagi,2025-08-01,Hiệu quả,positive
917,2398069022,Obagi,2025-08-01,Giá cả,neutral
917,2398069022,Obagi,2025-08-01,Thành phần,neutral
917,2398069022,Obagi,2025-08-01,Hiệu quả,positive
917,2398069022,Obagi,2025-08-01,Giá cả,positive
918,2398069022,Obagi,2025-08-01,Hiệu quả,positive
919,2398069022,Obagi,2025-05-01,Hiệu quả,neutral
919,2398069022,Obagi,2025-05-01,Hiệu quả,positive
920,2398069022,Obagi,2025-04-01,Hiệu quả,neutral
921,2398069022,Obagi,2025-03-01,Hiệu quả,neutral
921,2398069022,Obagi,2025-03-01,Giá cả,neutral
921,2398069022,Obagi,2025-03-01,Giá cả,neutral
922,2398069022,Obagi,2025-03-01,Hiệu quả,neutral
922,2398069022,Obagi,2025-03-01,Hiệu quả,neutral
923,2398069022,Obagi,2024-12-01,Hiệu quả,neutral
923,2398069022,Obagi,2024-12-01,Hiệu quả,positive
924,2398069022,Obagi,2024-11-01,Giá cả,positive
925,2398069022,Obagi,2024-11-01,Hiệu quả,positive
925,2398069022,Obagi,2024-11-01,Hiệu quả,positive
925,2398069022,Obagi,2024-11-01,Chất lượng/Đóng gói,positive
925,2398069022,Obagi,2024-11-01,Dịch vụ/Uy tín,positive
926,2398069022,Obagi,2024-10-01,Hiệu quả,positive
926,2398069022,Obagi,2024-10-01,Giá cả,positive
926,2398069022,Obagi,2024-10-01,Thành phần,neutral
927,2398069022,Obagi,2024-09-01,Giá cả,neutral
928,2398069022,Obagi,2024-08-01,Hiệu quả,neutral
929,2398069022,Obagi,2024-08-01,Hiệu quả,positive
929,2398069022,Obagi,2024-08-01,Giá cả,positive
929,2398069022,Obagi,2024-08-01,Hiệu quả,positive
930,2398069022,Obagi,2024-08-01,Hiệu quả,positive
930,2398069022,Obagi,2024-08-01,Hiệu quả,neutral
931,2398069022,Obagi,2024-08-01,Thành phần,neutral
931,2398069022,Obagi,2024-08-01,Hiệu quả,neutral
931,2398069022,Obagi,2024-08-01,Hiệu quả,positive
931,2398069022,Obagi,2024-08-01,Hiệu quả,neutral
932,2398069022,Obagi,2024-07-01,Giá cả,neutral
932,2398069022,Obagi,2024-07-01,Chất lượng/Đóng gói,positive
934,2398069022,Obagi,2024-07-01,Giao hàng,neutral
934,2398069022,Obagi,2024-07-01,Hiệu quả,positive
936,2398069022,Obagi,2024-06-01,Hiệu quả,positive
937,2398069022,Obagi,2024-06-01,Chất lượng/Đóng gói,positive
938,2398069022,Obagi,2024-06-01,Hiệu quả,positive
938,2398069022,Obagi,2024-06-01,Mùi hương/Kết cấu,positive
938,2398069022,Obagi,2024-06-01,Hiệu quả,neutral
939,2398069022,Obagi,2024-06-01,Mùi hương/Kết cấu,positive
940,2398069022,Obagi,2024-05-01,Hiệu quả,neutral
941,2398069022,Obagi,2024-05-01,Hiệu quả,positive
942,2398069022,Obagi,2024-05-01,Thành phần,neutral
942,2398069022,Obagi,2024-05-01,Hiệu quả,positive
943,2398069022,Obagi,2024-05-01,Hiệu quả,positive
943,2398069022,Obagi,2024-05-01,Mùi hương/Kết cấu,positive
944,2398069022,Obagi,2024-04-01,Hiệu quả,neutral
945,2398069022,Obagi,2024-03-01,Hiệu quả,positive
945,2398069022,Obagi,2024-03-01,Hiệu quả,positive
946,2398069022,Obagi,2024-03-01,Hiệu quả,positive
946,2398069022,Obagi,2024-03-01,Mùi hương/Kết cấu,positive
946,2398069022,Obagi,2024-03-01,Hiệu quả,positive
946,2398069022,Obagi,2024-03-01,Hiệu quả,neutral
947,2398069022,Obagi,2024-03-01,Thành phần,neutral
948,2398069022,Obagi,2024-03-01,Chất lượng/Đóng gói,positive
948,2398069022,Obagi,2024-03-01,Giao hàng,neutral
948,2398069022,Obagi,2024-03-01,Dịch vụ/Uy tín,neutral
948,2398069022,Obagi,2024-03-01,Dịch vụ/Uy tín,neutral
949,2398069022,Obagi,2024-03-01,Chất lượng/Đóng gói,positive
949,2398069022,Obagi,2024-03-01,Giao hàng,neutral
949,2398069022,Obagi,2024-03-01,Chất lượng/Đóng gói,positive
949,2398069022,Obagi,2024-03-01,Hiệu quả,positive
951,2398069022,Obagi,2024-01-01,Mùi hương/Kết cấu,positive
951,2398069022,Obagi,2024-01-01,Hiệu quả,neutral
951,2398069022,Obagi,2024-01-01,Hiệu quả,positive
951,2398069022,Obagi,2024-01-01,Mùi hương/Kết cấu,positive
952,2398069022,Obagi,2024-01-01,Hiệu quả,positive
952,2398069022,Obagi,2024-01-01,Giá cả,neutral
953,2398069022,Obagi,2023-12-01,Mùi hương/Kết cấu,positive
953,2398069022,Obagi,2023-12-01,Hiệu quả,positive
953,2398069022,Obagi,2023-12-01,Mùi hương/Kết cấu,positive
955,2398069022,Obagi,2023-12-01,Chất lượng/Đóng gói,positive
956,2398069022,Obagi,2023-12-01,Hiệu quả,negative
957,2398069022,Obagi,2023-12-01,Hiệu quả,neutral
957,2398069022,Obagi,2023-12-01,Giao hàng,neutral
957,2398069022,Obagi,2023-12-01,Giá cả,positive
957,2398069022,Obagi,2023-12-01,Giao hàng,neutral
957,2398069022,Obagi,2023-12-01,Dịch vụ/Uy tín,neutral
958,2398069022,Obagi,2023-12-01,Hiệu quả,positive
958,2398069022,Obagi,2023-12-01,Giá cả,neutral
959,2398069022,Obagi,2023-12-01,Chất lượng/Đóng gói,positive
959,2398069022,Obagi,2023-12-01,Mùi hương/Kết cấu,positive
959,2398069022,Obagi,2023-12-01,Mùi hương/Kết cấu,positive
959,2398069022,Obagi,2023-12-01,Hiệu quả,negative
960,2398069022,Obagi,2023-12-01,Chất lượng/Đóng gói,positive
960,2398069022,Obagi,2023-12-01,Hiệu quả,neutral
960,2398069022,Obagi,2023-12-01,Mùi hương/Kết cấu,neutral
960,2398069022,Obagi,2023-12-01,Hiệu quả,positive
961,2398069022,Obagi,2023-11-01,Hiệu quả,positive
961,2398069022,Obagi,2023-11-01,Hiệu quả,positive
962,2398069022,Obagi,2023-11-01,Chất lượng/Đóng gói,positive
962,2398069022,Obagi,2023-11-01,Giá cả,neutral
964,2398069022,Obagi,2023-10-01,Hiệu quả,positive
964,2398069022,Obagi,2023-10-01,Hiệu quả,positive
964,2398069022,Obagi,2023-10-01,Hiệu quả,positive
965,2398069022,Obagi,2023-09-01,Hiệu quả,positive
965,2398069022,Obagi,2023-09-01,Chất lượng/Đóng gói,positive
965,2398069022,Obagi,2023-09-01,Mùi hương/Kết cấu,positive
966,2398069022,Obagi,2023-09-01,Giá cả,positive
966,2398069022,Obagi,2023-09-01,Chất lượng/Đóng gói,positive
966,2398069022,Obagi,2023-09-01,Hiệu quả,positive
966,2398069022,Obagi,2023-09-01,Giá cả,positive
966,2398069022,Obagi,2023-09-01,Mùi hương/Kết cấu,positive
969,3058098805,URIAGE,2026-03-01,Hiệu quả,positive
969,3058098805,URIAGE,2026-03-01,Giá cả,neutral
969,3058098805,URIAGE,2026-03-01,Giá cả,neutral
969,3058098805,URIAGE,2026-03-01,Thành phần,neutral
969,3058098805,URIAGE,2026-03-01,Thành phần,neutral
969,3058098805,URIAGE,2026-03-01,Hiệu quả,positive
969,3058098805,URIAGE,2026-03-01,Hiệu quả,positive
970,1843807592,URIAGE,2023-12-01,Mùi hương/Kết cấu,neutral
970,1843807592,URIAGE,2023-12-01,Giá cả,positive
970,1843807592,URIAGE,2023-12-01,Chất lượng/Đóng gói,positive
970,1843807592,URIAGE,2023-12-01,Giá cả,positive
971,1843807592,URIAGE,2023-08-01,Hiệu quả,negative
972,1843807592,URIAGE,2025-01-01,Mùi hương/Kết cấu,positive
973,1843807592,URIAGE,2024-12-01,Hiệu quả,positive
974,1843807592,URIAGE,2024-12-01,Giá cả,neutral
974,1843807592,URIAGE,2024-12-01,Giá cả,neutral
974,1843807592,URIAGE,2024-12-01,Thành phần,neutral
974,1843807592,URIAGE,2024-12-01,Dịch vụ/Uy tín,neutral
974,1843807592,URIAGE,2024-12-01,Hiệu quả,positive
974,1843807592,URIAGE,2024-12-01,Giá cả,positive
975,1843807592,URIAGE,2024-09-01,Chất lượng/Đóng gói,positive
975,1843807592,URIAGE,2024-09-01,Hiệu quả,positive
975,1843807592,URIAGE,2024-09-01,Hiệu quả,positive
975,1843807592,URIAGE,2024-09-01,Hiệu quả,neutral
976,1843807592,URIAGE,2024-08-01,Hiệu quả,positive
976,1843807592,URIAGE,2024-08-01,Hiệu quả,neutral
977,1843807592,URIAGE,2024-08-01,Chất lượng/Đóng gói,positive
978,1843807592,URIAGE,2024-07-01,Chất lượng/Đóng gói,negative
978,1843807592,URIAGE,2024-07-01,Chất lượng/Đóng gói,neutral
979,1843807592,URIAGE,2024-06-01,Hiệu quả,neutral
980,1843807592,URIAGE,2024-06-01,Hiệu quả,neutral
981,1843807592,URIAGE,2024-05-01,Hiệu quả,neutral
981,1843807592,URIAGE,2024-05-01,Mùi hương/Kết cấu,neutral
981,1843807592,URIAGE,2024-05-01,Hiệu quả,neutral
982,1843807592,URIAGE,2024-05-01,Giá cả,neutral
984,1843807592,URIAGE,2024-05-01,Hiệu quả,neutral
984,1843807592,URIAGE,2024-05-01,Giá cả,positive
984,1843807592,URIAGE,2024-05-01,Mùi hương/Kết cấu,positive
985,1843807592,URIAGE,2024-05-01,Hiệu quả,positive
985,1843807592,URIAGE,2024-05-01,Hiệu quả,neutral
986,1843807592,URIAGE,2024-04-01,Hiệu quả,neutral
986,1843807592,URIAGE,2024-04-01,Mùi hương/Kết cấu,positive
988,1843807592,URIAGE,2024-04-01,Hiệu quả,positive
988,1843807592,URIAGE,2024-04-01,Chất lượng/Đóng gói,positive
988,1843807592,URIAGE,2024-04-01,Mùi hương/Kết cấu,positive
989,1843807592,URIAGE,2024-04-01,Hiệu quả,positive
990,1843807592,URIAGE,2024-04-01,Mùi hương/Kết cấu,positive
990,1843807592,URIAGE,2024-04-01,Hiệu quả,neutral
991,1843807592,URIAGE,2024-04-01,Mùi hương/Kết cấu,positive
992,1843807592,URIAGE,2024-04-01,Mùi hương/Kết cấu,positive
992,1843807592,URIAGE,2024-04-01,Hiệu quả,positive
993,1843807592,URIAGE,2024-03-01,Mùi hương/Kết cấu,neutral
994,1843807592,URIAGE,2024-03-01,Chất lượng/Đóng gói,positive
994,1843807592,URIAGE,2024-03-01,Mùi hương/Kết cấu,neutral
995,1843807592,URIAGE,2024-03-01,Hiệu quả,neutral
995,1843807592,URIAGE,2024-03-01,Giá cả,neutral
995,1843807592,URIAGE,2024-03-01,Giao hàng,positive
997,1843807592,URIAGE,2024-03-01,Hiệu quả,positive
998,1843807592,URIAGE,2024-03-01,Hiệu quả,positive
998,1843807592,URIAGE,2024-03-01,Chất lượng/Đóng gói,positive
998,1843807592,URIAGE,2024-03-01,Mùi hương/Kết cấu,positive
999,1843807592,URIAGE,2024-02-01,Hiệu quả,neutral
999,1843807592,URIAGE,2024-02-01,Giá cả,neutral
999,1843807592,URIAGE,2024-02-01,Giao hàng,positive
1000,1843807592,URIAGE,2024-02-01,Mùi hương/Kết cấu,positive
1000,1843807592,URIAGE,2024-02-01,Hiệu quả,positive
1002,1843807592,URIAGE,2023-12-01,Giao hàng,neutral
1003,1843807592,URIAGE,2023-12-01,Chất lượng/Đóng gói,neutral
1003,1843807592,URIAGE,2023-12-01,Dịch vụ/Uy tín,positive
1005,1843807592,URIAGE,2023-10-01,Hiệu quả,positive
1006,1843807592,URIAGE,2023-08-01,Dịch vụ/Uy tín,neutral
1006,1843807592,URIAGE,2023-08-01,Giá cả,positive
1009,1843807592,URIAGE,2023-03-01,Mùi hương/Kết cấu,positive
1009,1843807592,URIAGE,2023-03-01,Mùi hương/Kết cấu,negative
1009,1843807592,URIAGE,2023-03-01,Giá cả,neutral
1010,1843807592,URIAGE,2023-02-01,Giao hàng,neutral
1010,1843807592,URIAGE,2023-02-01,Hiệu quả,positive
1010,1843807592,URIAGE,2023-02-01,Mùi hương/Kết cấu,positive
1011,1843807592,URIAGE,2023-01-01,Mùi hương/Kết cấu,positive
1013,1843807592,URIAGE,2022-12-01,Mùi hương/Kết cấu,positive
1013,1843807592,URIAGE,2022-12-01,Hiệu quả,positive
1013,1843807592,URIAGE,2022-12-01,Mùi hương/Kết cấu,positive
1014,1843807592,URIAGE,2022-12-01,Giá cả,neutral
1014,1843807592,URIAGE,2022-12-01,Hiệu quả,positive
1016,1843807592,URIAGE,2022-10-01,Hiệu quả,neutral
1019,222158026,URIAGE,2024-09-01,Hiệu quả,positive
1019,222158026,URIAGE,2024-09-01,Giá cả,positive
1021,222158026,URIAGE,2024-03-01,Hiệu quả,positive
1024,222158001,URIAGE,2023-12-01,Mùi hương/Kết cấu,neutral
1025,222158001,URIAGE,2023-03-01,Chất lượng/Đóng gói,positive
1025,222158001,URIAGE,2023-03-01,Giao hàng,positive
1026,222158001,URIAGE,2022-12-01,Dịch vụ/Uy tín,neutral
1027,222158001,URIAGE,2022-08-01,Mùi hương/Kết cấu,neutral
1027,222158001,URIAGE,2022-08-01,Mùi hương/Kết cấu,neutral
1027,222158001,URIAGE,2022-08-01,Giao hàng,neutral
1027,222158001,URIAGE,2022-08-01,Giao hàng,neutral
1027,222158001,URIAGE,2022-08-01,Chất lượng/Đóng gói,neutral
1027,222158001,URIAGE,2022-08-01,Hiệu quả,negative
1031,222158001,URIAGE,2022-05-01,Giá cả,neutral
1031,222158001,URIAGE,2022-05-01,Chất lượng/Đóng gói,neutral
1031,222158001,URIAGE,2022-05-01,Dịch vụ/Uy tín,positive
1032,973858332,URIAGE,2025-08-01,Mùi hương/Kết cấu,positive
1032,973858332,URIAGE,2025-08-01,Hiệu quả,positive
1032,973858332,URIAGE,2025-08-01,Hiệu quả,neutral
1032,973858332,URIAGE,2025-08-01,Hiệu quả,negative
1033,973858332,URIAGE,2024-01-01,Mùi hương/Kết cấu,positive
1033,973858332,URIAGE,2024-01-01,Hiệu quả,positive
1033,973858332,URIAGE,2024-01-01,Hiệu quả,positive
1034,973858332,URIAGE,2023-07-01,Dịch vụ/Uy tín,neutral
1035,973858332,URIAGE,2023-07-01,Hiệu quả,neutral
1035,973858332,URIAGE,2023-07-01,Giá cả,positive
1036,973858332,URIAGE,2022-03-01,Chất lượng/Đóng gói,positive
1036,973858332,URIAGE,2022-03-01,Giao hàng,positive
1036,973858332,URIAGE,2022-03-01,Dịch vụ/Uy tín,positive
1036,973858332,URIAGE,2022-03-01,Hiệu quả,positive
1036,973858332,URIAGE,2022-03-01,Mùi hương/Kết cấu,positive
1036,973858332,URIAGE,2022-03-01,Thành phần,neutral
1036,973858332,URIAGE,2022-03-01,Dịch vụ/Uy tín,neutral
1037,973858332,URIAGE,2022-03-01,Chất lượng/Đóng gói,neutral
1037,973858332,URIAGE,2022-03-01,Giao hàng,neutral
1037,973858332,URIAGE,2022-03-01,Dịch vụ/Uy tín,neutral
1037,973858332,URIAGE,2022-03-01,Hiệu quả,positive
1037,973858332,URIAGE,2022-03-01,Mùi hương/Kết cấu,neutral
1037,973858332,URIAGE,2022-03-01,Mùi hương/Kết cấu,positive
1037,973858332,URIAGE,2022-03-01,Dịch vụ/Uy tín,positive
1037,973858332,URIAGE,2022-03-01,Dịch vụ/Uy tín,neutral
1038,2455918956,URIAGE,2024-11-01,Chất lượng/Đóng gói,positive
1039,2455918956,URIAGE,2024-07-01,Chất lượng/Đóng gói,positive
1039,2455918956,URIAGE,2024-07-01,Hiệu quả,positive
1041,222146988,URIAGE,2025-03-01,Mùi hương/Kết cấu,positive
1041,222146988,URIAGE,2025-03-01,Hiệu quả,positive
1041,222146988,URIAGE,2025-03-01,Mùi hương/Kết cấu,neutral
1042,222146988,URIAGE,2024-01-01,Mùi hương/Kết cấu,positive
1043,222146988,URIAGE,2024-01-01,Chất lượng/Đóng gói,negative
1043,222146988,URIAGE,2024-01-01,Chất lượng/Đóng gói,neutral
1048,222146988,URIAGE,2023-03-01,Hiệu quả,positive
1049,222146988,URIAGE,2022-12-01,Giá cả,neutral
1049,222146988,URIAGE,2022-12-01,Chất lượng/Đóng gói,positive
1049,222146988,URIAGE,2022-12-01,Giá cả,positive
1049,222146988,URIAGE,2022-12-01,Chất lượng/Đóng gói,positive
1050,222146988,URIAGE,2022-10-01,Chất lượng/Đóng gói,positive
1050,222146988,URIAGE,2022-10-01,Hiệu quả,neutral
1050,222146988,URIAGE,2022-10-01,Hiệu quả,negative
1050,222146988,URIAGE,2022-10-01,Giao hàng,positive
1051,222146988,URIAGE,2022-01-01,Giao hàng,neutral
1051,222146988,URIAGE,2022-01-01,Giá cả,neutral
1052,222146988,URIAGE,2020-12-01,Hiệu quả,positive
1054,222158022,URIAGE,2022-05-01,Chất lượng/Đóng gói,neutral
1055,222158022,URIAGE,2021-07-01,Giao hàng,neutral
1058,938538927,URIAGE,2022-11-01,Hiệu quả,negative
1059,938538927,URIAGE,2023-07-01,Hiệu quả,negative
1059,938538927,URIAGE,2023-07-01,Chất lượng/Đóng gói,negative
1061,938538927,URIAGE,2025-06-01,Hiệu quả,positive
1061,938538927,URIAGE,2025-06-01,Mùi hương/Kết cấu,positive
1062,938538927,URIAGE,2024-11-01,Thành phần,neutral
1063,938538927,URIAGE,2024-11-01,Mùi hương/Kết cấu,positive
1063,938538927,URIAGE,2024-11-01,Thành phần,neutral
1064,938538927,URIAGE,2024-11-01,Mùi hương/Kết cấu,neutral
1065,938538927,URIAGE,2024-10-01,Hiệu quả,negative
1065,938538927,URIAGE,2024-10-01,Giá cả,negative
1065,938538927,URIAGE,2024-10-01,Dịch vụ/Uy tín,neutral
1066,938538927,URIAGE,2024-07-01,Hiệu quả,positive
1067,938538927,URIAGE,2024-06-01,Thành phần,neutral
1067,938538927,URIAGE,2024-06-01,Hiệu quả,neutral
1069,938538927,URIAGE,2024-06-01,Giao hàng,neutral
1069,938538927,URIAGE,2024-06-01,Dịch vụ/Uy tín,neutral
1070,938538927,URIAGE,2024-04-01,Chất lượng/Đóng gói,positive
1070,938538927,URIAGE,2024-04-01,Dịch vụ/Uy tín,positive
1071,938538927,URIAGE,2024-03-01,Chất lượng/Đóng gói,positive
1072,938538927,URIAGE,2024-03-01,Hiệu quả,positive
1072,938538927,URIAGE,2024-03-01,Chất lượng/Đóng gói,positive
1072,938538927,URIAGE,2024-03-01,Mùi hương/Kết cấu,positive
1073,938538927,URIAGE,2024-03-01,Hiệu quả,positive
1073,938538927,URIAGE,2024-03-01,Hiệu quả,neutral
1073,938538927,URIAGE,2024-03-01,Mùi hương/Kết cấu,neutral
1074,938538927,URIAGE,2024-03-01,Hiệu quả,positive
1076,938538927,URIAGE,2024-02-01,Giao hàng,neutral
1077,938538927,URIAGE,2024-01-01,Hiệu quả,negative
1078,938538927,URIAGE,2023-12-01,Thành phần,neutral
1080,938538927,URIAGE,2023-10-01,Thành phần,neutral
1080,938538927,URIAGE,2023-10-01,Mùi hương/Kết cấu,positive
1081,938538927,URIAGE,2023-10-01,Chất lượng/Đóng gói,positive
1081,938538927,URIAGE,2023-10-01,Hiệu quả,positive
1081,938538927,URIAGE,2023-10-01,Mùi hương/Kết cấu,positive
1082,938538927,URIAGE,2023-10-01,Mùi hương/Kết cấu,positive
1083,938538927,URIAGE,2023-09-01,Giá cả,neutral
1083,938538927,URIAGE,2023-09-01,Chất lượng/Đóng gói,neutral
1084,938538927,URIAGE,2023-03-01,Chất lượng/Đóng gói,neutral
1084,938538927,URIAGE,2023-03-01,Dịch vụ/Uy tín,neutral
1084,938538927,URIAGE,2023-03-01,Giao hàng,neutral
1085,938538927,URIAGE,2023-03-01,Hiệu quả,positive
1086,938538927,URIAGE,2023-03-01,Mùi hương/Kết cấu,neutral
1086,938538927,URIAGE,2023-03-01,Mùi hương/Kết cấu,positive
1087,938538927,URIAGE,2023-03-01,Hiệu quả,positive
1087,938538927,URIAGE,2023-03-01,Chất lượng/Đóng gói,positive
1087,938538927,URIAGE,2023-03-01,Mùi hương/Kết cấu,neutral
1087,938538927,URIAGE,2023-03-01,Hiệu quả,positive
1087,938538927,URIAGE,2023-03-01,Giá cả,positive
1088,938538927,URIAGE,2023-03-01,Hiệu quả,positive
1090,938538927,URIAGE,2023-02-01,Mùi hương/Kết cấu,neutral
1090,938538927,URIAGE,2023-02-01,Hiệu quả,positive
1090,938538927,URIAGE,2023-02-01,Giá cả,positive
1091,938538927,URIAGE,2022-12-01,Hiệu quả,neutral
1092,938538927,URIAGE,2022-11-01,Mùi hương/Kết cấu,neutral
1093,938538927,URIAGE,2022-11-01,Giao hàng,neutral
1094,938538927,URIAGE,2022-09-01,Hiệu quả,neutral
1096,938538927,URIAGE,2022-09-01,Chất lượng/Đóng gói,neutral
1096,938538927,URIAGE,2022-09-01,Dịch vụ/Uy tín,neutral
1096,938538927,URIAGE,2022-09-01,Dịch vụ/Uy tín,positive
1096,938538927,URIAGE,2022-09-01,Giá cả,neutral
1096,938538927,URIAGE,2022-09-01,Dịch vụ/Uy tín,neutral
1097,938538927,URIAGE,2022-07-01,Hiệu quả,positive
1098,938538927,URIAGE,2022-06-01,Hiệu quả,neutral
1099,938538927,URIAGE,2022-06-01,Giao hàng,neutral
1099,938538927,URIAGE,2022-06-01,Giá cả,positive
1099,938538927,URIAGE,2022-06-01,Dịch vụ/Uy tín,positive
1100,938538927,URIAGE,2022-05-01,Giao hàng,neutral
1100,938538927,URIAGE,2022-05-01,Dịch vụ/Uy tín,neutral
1101,938538927,URIAGE,2022-04-01,Hiệu quả,negative
1101,938538927,URIAGE,2022-04-01,Giao hàng,negative
1102,938538927,URIAGE,2022-03-01,Dịch vụ/Uy tín,neutral
1102,938538927,URIAGE,2022-03-01,Chất lượng/Đóng gói,positive
1102,938538927,URIAGE,2022-03-01,Giá cả,neutral
1103,938538927,URIAGE,2022-03-01,Giao hàng,neutral
1103,938538927,URIAGE,2022-03-01,Chất lượng/Đóng gói,neutral
1103,938538927,URIAGE,2022-03-01,Giá cả,neutral
1104,938538927,URIAGE,2022-01-01,Giá cả,neutral
1104,938538927,URIAGE,2022-01-01,Giao hàng,neutral
1104,938538927,URIAGE,2022-01-01,Mùi hương/Kết cấu,neutral
1105,938538927,URIAGE,2021-12-01,Hiệu quả,positive
1106,222158002,URIAGE,2021-03-01,Giao hàng,neutral
1107,222158002,URIAGE,2024-10-01,Hiệu quả,positive
1107,222158002,URIAGE,2024-10-01,Mùi hương/Kết cấu,positive
1110,222158002,URIAGE,2023-08-01,Chất lượng/Đóng gói,neutral
1111,222158002,URIAGE,2023-07-01,Dịch vụ/Uy tín,neutral
1112,222158002,URIAGE,2023-06-01,Chất lượng/Đóng gói,neutral
1113,222158002,URIAGE,2020-10-01,Dịch vụ/Uy tín,neutral
1114,1843880173,URIAGE,2023-04-01,Hiệu quả,negative
1115,1843880173,URIAGE,2024-05-01,Hiệu quả,positive
1115,1843880173,URIAGE,2024-05-01,Chất lượng/Đóng gói,negative
1115,1843880173,URIAGE,2024-05-01,Chất lượng/Đóng gói,positive
1116,1843880173,URIAGE,2023-11-01,Chất lượng/Đóng gói,neutral
1117,1843880173,URIAGE,2025-06-01,Hiệu quả,positive
1117,1843880173,URIAGE,2025-06-01,Mùi hương/Kết cấu,positive
1117,1843880173,URIAGE,2025-06-01,Hiệu quả,positive
1118,1843880173,URIAGE,2024-12-01,Hiệu quả,positive
1118,1843880173,URIAGE,2024-12-01,Giá cả,positive
1119,1843880173,URIAGE,2024-05-01,Hiệu quả,positive
1120,1843880173,URIAGE,2024-05-01,Chất lượng/Đóng gói,negative
1121,1843880173,URIAGE,2024-02-01,Hiệu quả,neutral
1121,1843880173,URIAGE,2024-02-01,Giá cả,neutral
1121,1843880173,URIAGE,2024-02-01,Giao hàng,positive
1122,1843880173,URIAGE,2023-12-01,Hiệu quả,neutral
1123,1843880173,URIAGE,2023-11-01,Dịch vụ/Uy tín,neutral
1123,1843880173,URIAGE,2023-11-01,Giao hàng,neutral
1123,1843880173,URIAGE,2023-11-01,Dịch vụ/Uy tín,neutral
1124,1843880173,URIAGE,2023-09-01,Dịch vụ/Uy tín,neutral
1125,1843880173,URIAGE,2023-08-01,Hiệu quả,positive
1125,1843880173,URIAGE,2023-08-01,Giá cả,positive
1125,1843880173,URIAGE,2023-08-01,Dịch vụ/Uy tín,positive
1126,1843880173,URIAGE,2023-07-01,Hiệu quả,negative
1127,1843880173,URIAGE,2023-07-01,Giá cả,neutral
1128,1843880173,URIAGE,2023-06-01,Chất lượng/Đóng gói,neutral
1128,1843880173,URIAGE,2023-06-01,Giá cả,positive
1128,1843880173,URIAGE,2023-06-01,Chất lượng/Đóng gói,positive
1129,1843880173,URIAGE,2023-04-01,Mùi hương/Kết cấu,neutral
1129,1843880173,URIAGE,2023-04-01,Chất lượng/Đóng gói,positive
1131,1843880173,URIAGE,2023-04-01,Hiệu quả,positive
1133,973870179,URIAGE,2025-06-01,Hiệu quả,positive
1135,222146970,URIAGE,2024-04-01,Chất lượng/Đóng gói,positive
1135,222146970,URIAGE,2024-04-01,Mùi hương/Kết cấu,positive
1135,222146970,URIAGE,2024-04-01,Hiệu quả,positive
1135,222146970,URIAGE,2024-04-01,Mùi hương/Kết cấu,positive
1136,222146970,URIAGE,2023-11-01,Chất lượng/Đóng gói,positive
1136,222146970,URIAGE,2023-11-01,Hiệu quả,neutral
1136,222146970,URIAGE,2023-11-01,Hiệu quả,positive
1136,222146970,URIAGE,2023-11-01,Mùi hương/Kết cấu,positive
1140,2324328530,URIAGE,2024-06-01,Giao hàng,neutral
1142,2324328530,URIAGE,2023-12-01,Hiệu quả,neutral
1142,2324328530,URIAGE,2023-12-01,Giá cả,neutral
1142,2324328530,URIAGE,2023-12-01,Mùi hương/Kết cấu,neutral
1142,2324328530,URIAGE,2023-12-01,Hiệu quả,neutral
1142,2324328530,URIAGE,2023-12-01,Giá cả,neutral
1143,2324328530,URIAGE,2023-09-01,Mùi hương/Kết cấu,neutral
1144,2324328530,URIAGE,2023-07-01,Thành phần,neutral
1145,259452687,URIAGE,2023-03-01,Chất lượng/Đóng gói,neutral
1146,259452687,URIAGE,2022-08-01,Chất lượng/Đóng gói,neutral
1146,259452687,URIAGE,2022-08-01,Giá cả,neutral
1146,259452687,URIAGE,2022-08-01,Giá cả,positive
1149,259452687,URIAGE,2024-06-01,Chất lượng/Đóng gói,positive
1151,259452687,URIAGE,2023-11-01,Chất lượng/Đóng gói,positive
1152,259452687,URIAGE,2023-11-01,Hiệu quả,positive
1152,259452687,URIAGE,2023-11-01,Giao hàng,positive
1153,259452687,URIAGE,2023-10-01,Hiệu quả,positive
1153,259452687,URIAGE,2023-10-01,Chất lượng/Đóng gói,positive
1153,259452687,URIAGE,2023-10-01,Mùi hương/Kết cấu,positive
1155,259452687,URIAGE,2023-09-01,Hiệu quả,positive
1155,259452687,URIAGE,2023-09-01,Chất lượng/Đóng gói,positive
1155,259452687,URIAGE,2023-09-01,Mùi hương/Kết cấu,positive
1156,259452687,URIAGE,2023-08-01,Hiệu quả,positive
1156,259452687,URIAGE,2023-08-01,Chất lượng/Đóng gói,positive
1156,259452687,URIAGE,2023-08-01,Mùi hương/Kết cấu,positive
1157,259452687,URIAGE,2023-08-01,Chất lượng/Đóng gói,positive
1157,259452687,URIAGE,2023-08-01,Mùi hương/Kết cấu,positive
1158,259452687,URIAGE,2023-07-01,Hiệu quả,positive
1158,259452687,URIAGE,2023-07-01,Dịch vụ/Uy tín,neutral
1161,259452687,URIAGE,2023-03-01,Dịch vụ/Uy tín,neutral
1165,259452687,URIAGE,2022-08-01,Giá cả,neutral
1165,259452687,URIAGE,2022-08-01,Giá cả,neutral
1166,259452687,URIAGE,2022-07-01,Chất lượng/Đóng gói,positive
1166,259452687,URIAGE,2022-07-01,Giao hàng,neutral
1167,259452687,URIAGE,2022-07-01,Chất lượng/Đóng gói,positive
1167,259452687,URIAGE,2022-07-01,Giao hàng,positive
1168,259452687,URIAGE,2022-07-01,Hiệu quả,neutral
1169,259452687,URIAGE,2022-07-01,Chất lượng/Đóng gói,positive
1170,259452687,URIAGE,2022-07-01,Giao hàng,neutral
1172,259452687,URIAGE,2022-06-01,Dịch vụ/Uy tín,neutral
1172,259452687,URIAGE,2022-06-01,Dịch vụ/Uy tín,neutral
1173,259452687,URIAGE,2022-06-01,Dịch vụ/Uy tín,neutral
1173,259452687,URIAGE,2022-06-01,Hiệu quả,neutral
1174,259452687,URIAGE,2022-06-01,Giá cả,positive
1174,259452687,URIAGE,2022-06-01,Chất lượng/Đóng gói,positive
1174,259452687,URIAGE,2022-06-01,Giá cả,neutral
1176,259452687,URIAGE,2022-06-01,Dịch vụ/Uy tín,neutral
1177,259452687,URIAGE,2022-05-01,Chất lượng/Đóng gói,positive
1177,259452687,URIAGE,2022-05-01,Hiệu quả,positive
1185,259452687,URIAGE,2022-03-01,Hiệu quả,neutral
1186,2390783756,URIAGE,2024-04-01,Hiệu quả,positive
1187,2390783756,URIAGE,2024-11-01,Hiệu quả,positive
1188,2390783756,URIAGE,2024-10-01,Thành phần,neutral
1188,2390783756,URIAGE,2024-10-01,Hiệu quả,positive
1188,2390783756,URIAGE,2024-10-01,Mùi hương/Kết cấu,positive
1188,2390783756,URIAGE,2024-10-01,Hiệu quả,neutral
1189,2390783756,URIAGE,2024-08-01,Chất lượng/Đóng gói,positive
1190,2390783756,URIAGE,2024-01-01,Hiệu quả,neutral
1191,2390783756,URIAGE,2024-01-01,Hiệu quả,positive
1191,2390783756,URIAGE,2024-01-01,Chất lượng/Đóng gói,positive
1191,2390783756,URIAGE,2024-01-01,Mùi hương/Kết cấu,positive
1193,2390783756,URIAGE,2023-11-01,Chất lượng/Đóng gói,positive
1195,222146995,URIAGE,2022-06-01,Chất lượng/Đóng gói,neutral
1195,222146995,URIAGE,2022-06-01,Chất lượng/Đóng gói,neutral
1195,222146995,URIAGE,2022-06-01,Chất lượng/Đóng gói,negative
1195,222146995,URIAGE,2022-06-01,Chất lượng/Đóng gói,neutral
1195,222146995,URIAGE,2022-06-01,Dịch vụ/Uy tín,neutral
1195,222146995,URIAGE,2022-06-01,Hiệu quả,positive
1195,222146995,URIAGE,2022-06-01,Chất lượng/Đóng gói,positive
1197,222146995,URIAGE,2023-11-01,Hiệu quả,positive
1197,222146995,URIAGE,2023-11-01,Chất lượng/Đóng gói,positive
1197,222146995,URIAGE,2023-11-01,Dịch vụ/Uy tín,positive
1198,222146995,URIAGE,2023-03-01,Giao hàng,neutral
1199,222146995,URIAGE,2022-07-01,Mùi hương/Kết cấu,neutral
1200,222146995,URIAGE,2022-03-01,Hiệu quả,positive
1201,222146995,URIAGE,2021-11-01,Dịch vụ/Uy tín,neutral
1201,222146995,URIAGE,2021-11-01,Giao hàng,neutral
1201,222146995,URIAGE,2021-11-01,Giá cả,neutral
1202,222146995,URIAGE,2025-06-01,Mùi hương/Kết cấu,positive
1204,222146995,URIAGE,2024-06-01,Hiệu quả,neutral
1206,222146995,URIAGE,2024-05-01,Mùi hương/Kết cấu,positive
1208,222146995,URIAGE,2023-10-01,Chất lượng/Đóng gói,positive
1210,222146995,URIAGE,2023-09-01,Hiệu quả,positive
1210,222146995,URIAGE,2023-09-01,Chất lượng/Đóng gói,positive
1210,222146995,URIAGE,2023-09-01,Mùi hương/Kết cấu,positive
1211,222146995,URIAGE,2023-08-01,Hiệu quả,positive
1211,222146995,URIAGE,2023-08-01,Chất lượng/Đóng gói,positive
1212,222146995,URIAGE,2023-07-01,Hiệu quả,positive
1212,222146995,URIAGE,2023-07-01,Hiệu quả,positive
1213,222146995,URIAGE,2023-07-01,Giá cả,neutral
1216,222146995,URIAGE,2023-05-01,Chất lượng/Đóng gói,positive
1216,222146995,URIAGE,2023-05-01,Hiệu quả,negative
1219,222146995,URIAGE,2022-12-01,Giao hàng,neutral
1219,222146995,URIAGE,2022-12-01,Dịch vụ/Uy tín,neutral
1219,222146995,URIAGE,2022-12-01,Dịch vụ/Uy tín,positive
1219,222146995,URIAGE,2022-12-01,Dịch vụ/Uy tín,positive
1219,222146995,URIAGE,2022-12-01,Dịch vụ/Uy tín,neutral
1220,222146995,URIAGE,2022-12-01,Giá cả,neutral
1220,222146995,URIAGE,2022-12-01,Giao hàng,neutral
1220,222146995,URIAGE,2022-12-01,Chất lượng/Đóng gói,neutral
1221,222146995,URIAGE,2022-11-01,Dịch vụ/Uy tín,positive
1221,222146995,URIAGE,2022-11-01,Giá cả,positive
1221,222146995,URIAGE,2022-11-01,Chất lượng/Đóng gói,positive
1222,222146995,URIAGE,2022-09-01,Mùi hương/Kết cấu,neutral
1222,222146995,URIAGE,2022-09-01,Mùi hương/Kết cấu,neutral
1226,222146995,URIAGE,2022-07-01,Chất lượng/Đóng gói,neutral
1226,222146995,URIAGE,2022-07-01,Dịch vụ/Uy tín,neutral
1227,222146995,URIAGE,2022-06-01,Giá cả,neutral
1229,222146995,URIAGE,2022-06-01,Chất lượng/Đóng gói,positive
1229,222146995,URIAGE,2022-06-01,Giá cả,neutral
1229,222146995,URIAGE,2022-06-01,Hiệu quả,positive
1230,222146995,URIAGE,2022-05-01,Giao hàng,positive
1231,222146995,URIAGE,2022-03-01,Chất lượng/Đóng gói,neutral
1231,222146995,URIAGE,2022-03-01,Giá cả,neutral
1232,222146995,URIAGE,2022-03-01,Giá cả,neutral
1232,222146995,URIAGE,2022-03-01,Giao hàng,neutral
1233,222146995,URIAGE,2022-03-01,Chất lượng/Đóng gói,positive
1233,222146995,URIAGE,2022-03-01,Giao hàng,positive
1233,222146995,URIAGE,2022-03-01,Dịch vụ/Uy tín,positive
1233,222146995,URIAGE,2022-03-01,Giá cả,positive
1233,222146995,URIAGE,2022-03-01,Dịch vụ/Uy tín,positive
1234,222146995,URIAGE,2022-03-01,Giao hàng,neutral
1234,222146995,URIAGE,2022-03-01,Giao hàng,positive
1234,222146995,URIAGE,2022-03-01,Dịch vụ/Uy tín,positive
1235,222146995,URIAGE,2022-01-01,Giao hàng,neutral
1235,222146995,URIAGE,2022-01-01,Dịch vụ/Uy tín,neutral
1235,222146995,URIAGE,2022-01-01,Giá cả,positive
1237,222146995,URIAGE,2021-12-01,Chất lượng/Đóng gói,neutral
1237,222146995,URIAGE,2021-12-01,Dịch vụ/Uy tín,neutral
1238,222146995,URIAGE,2021-12-01,Hiệu quả,neutral
1238,222146995,URIAGE,2021-12-01,Giá cả,neutral
1238,222146995,URIAGE,2021-12-01,Giao hàng,neutral
1238,222146995,URIAGE,2021-12-01,Chất lượng/Đóng gói,neutral
1238,222146995,URIAGE,2021-12-01,Dịch vụ/Uy tín,positive
1241,222146995,URIAGE,2021-11-01,Giá cả,neutral
1242,222146993,URIAGE,2022-07-01,Chất lượng/Đóng gói,neutral
1242,222146993,URIAGE,2022-07-01,Chất lượng/Đóng gói,negative
1242,222146993,URIAGE,2022-07-01,Chất lượng/Đóng gói,negative
1242,222146993,URIAGE,2022-07-01,Chất lượng/Đóng gói,negative
1243,222146993,URIAGE,2022-06-01,Giao hàng,neutral
1243,222146993,URIAGE,2022-06-01,Dịch vụ/Uy tín,neutral
1243,222146993,URIAGE,2022-06-01,Giá cả,positive
1244,222146993,URIAGE,2024-06-01,Giao hàng,neutral
1244,222146993,URIAGE,2024-06-01,Dịch vụ/Uy tín,neutral
1244,222146993,URIAGE,2024-06-01,Giá cả,neutral
1244,222146993,URIAGE,2024-06-01,Hiệu quả,neutral
1245,222146993,URIAGE,2022-07-01,Chất lượng/Đóng gói,positive
1245,222146993,URIAGE,2022-07-01,Dịch vụ/Uy tín,positive
1245,222146993,URIAGE,2022-07-01,Giá cả,positive
1245,222146993,URIAGE,2022-07-01,Giá cả,positive
1245,222146993,URIAGE,2022-07-01,Chất lượng/Đóng gói,positive
1246,222146993,URIAGE,2022-07-01,Giá cả,positive
1246,222146993,URIAGE,2022-07-01,Thành phần,neutral
1246,222146993,URIAGE,2022-07-01,Hiệu quả,positive
1247,222146993,URIAGE,2022-07-01,Dịch vụ/Uy tín,neutral
1248,222146993,URIAGE,2022-07-01,Giá cả,positive
1249,222146993,URIAGE,2022-07-01,Giá cả,neutral
1252,222146993,URIAGE,2022-07-01,Dịch vụ/Uy tín,neutral
1252,222146993,URIAGE,2022-07-01,Dịch vụ/Uy tín,neutral
1252,222146993,URIAGE,2022-07-01,Chất lượng/Đóng gói,positive
1253,222146993,URIAGE,2022-06-01,Giá cả,neutral
1253,222146993,URIAGE,2022-06-01,Chất lượng/Đóng gói,positive
1253,222146993,URIAGE,2022-06-01,Chất lượng/Đóng gói,neutral
1254,222146993,URIAGE,2022-06-01,Giá cả,positive
1255,222146993,URIAGE,2022-03-01,Giá cả,neutral
1257,2920650549,URIAGE,2024-12-01,Hiệu quả,neutral
1257,2920650549,URIAGE,2024-12-01,Giá cả,negative
1257,2920650549,URIAGE,2024-12-01,Chất lượng/Đóng gói,negative
1258,2920650549,URIAGE,2024-12-01,Giá cả,neutral
1259,2920650549,URIAGE,2024-12-01,Giao hàng,neutral
1259,2920650549,URIAGE,2024-12-01,Dịch vụ/Uy tín,neutral
1260,222146998,URIAGE,2025-01-01,Chất lượng/Đóng gói,negative
1260,222146998,URIAGE,2025-01-01,Dịch vụ/Uy tín,neutral
1260,222146998,URIAGE,2025-01-01,Hiệu quả,neutral
1262,222146998,URIAGE,2024-09-01,Mùi hương/Kết cấu,positive
1262,222146998,URIAGE,2024-09-01,Mùi hương/Kết cấu,positive
1262,222146998,URIAGE,2024-09-01,Hiệu quả,positive
1262,222146998,URIAGE,2024-09-01,Hiệu quả,positive
1262,222146998,URIAGE,2024-09-01,Mùi hương/Kết cấu,positive
1262,222146998,URIAGE,2024-09-01,Hiệu quả,positive
1263,222146998,URIAGE,2024-08-01,Chất lượng/Đóng gói,positive
1266,222146998,URIAGE,2024-03-01,Chất lượng/Đóng gói,positive
1266,222146998,URIAGE,2024-03-01,Giá cả,neutral
1269,222146998,URIAGE,2023-09-01,Hiệu quả,positive
1269,222146998,URIAGE,2023-09-01,Chất lượng/Đóng gói,positive
1269,222146998,URIAGE,2023-09-01,Mùi hương/Kết cấu,positive
1271,222146998,URIAGE,2023-07-01,Giá cả,neutral
1271,222146998,URIAGE,2023-07-01,Dịch vụ/Uy tín,neutral
1272,222146998,URIAGE,2023-02-01,Hiệu quả,positive
1273,222146998,URIAGE,2022-12-01,Hiệu quả,positive
1274,222146998,URIAGE,2022-07-01,Hiệu quả,neutral
1274,222146998,URIAGE,2022-07-01,Chất lượng/Đóng gói,negative
1275,222146998,URIAGE,2021-03-01,Hiệu quả,negative
1276,222158013,URIAGE,2024-05-01,Hiệu quả,positive
1276,222158013,URIAGE,2024-05-01,Chất lượng/Đóng gói,neutral
1277,222158013,URIAGE,2024-12-01,Mùi hương/Kết cấu,positive
1278,222158013,URIAGE,2024-12-01,Hiệu quả,positive
1278,222158013,URIAGE,2024-12-01,Giá cả,positive
1278,222158013,URIAGE,2024-12-01,Hiệu quả,neutral
1279,222158013,URIAGE,2024-12-01,Hiệu quả,positive
1279,222158013,URIAGE,2024-12-01,Giá cả,positive
1279,222158013,URIAGE,2024-12-01,Hiệu quả,positive
1280,222158013,URIAGE,2024-12-01,Hiệu quả,positive
1280,222158013,URIAGE,2024-12-01,Giá cả,neutral
1280,222158013,URIAGE,2024-12-01,Hiệu quả,positive
1280,222158013,URIAGE,2024-12-01,Giá cả,positive
1281,222158013,URIAGE,2024-11-01,Hiệu quả,positive
1282,222158013,URIAGE,2024-08-01,Hiệu quả,positive
1282,222158013,URIAGE,2024-08-01,Giá cả,positive
1283,222158013,URIAGE,2024-08-01,Hiệu quả,positive
1283,222158013,URIAGE,2024-08-01,Hiệu quả,positive
1283,222158013,URIAGE,2024-08-01,Mùi hương/Kết cấu,positive
1284,222158013,URIAGE,2024-06-01,Hiệu quả,positive
1284,222158013,URIAGE,2024-06-01,Hiệu quả,neutral
1285,222158013,URIAGE,2024-05-01,Giao hàng,neutral
1285,222158013,URIAGE,2024-05-01,Chất lượng/Đóng gói,neutral
1285,222158013,URIAGE,2024-05-01,Giá cả,positive
1285,222158013,URIAGE,2024-05-01,Chất lượng/Đóng gói,positive
1288,222158013,URIAGE,2024-03-01,Hiệu quả,positive
1288,222158013,URIAGE,2024-03-01,Mùi hương/Kết cấu,positive
1289,222158013,URIAGE,2024-02-01,Giá cả,neutral
1289,222158013,URIAGE,2024-02-01,Chất lượng/Đóng gói,neutral
1290,222158013,URIAGE,2024-01-01,Chất lượng/Đóng gói,positive
1290,222158013,URIAGE,2024-01-01,Giao hàng,positive
1290,222158013,URIAGE,2024-01-01,Dịch vụ/Uy tín,positive
1291,222158013,URIAGE,2023-12-01,Hiệu quả,positive
1293,222158013,URIAGE,2023-11-01,Chất lượng/Đóng gói,positive
1297,222158013,URIAGE,2023-08-01,Chất lượng/Đóng gói,neutral
1298,222158013,URIAGE,2023-07-01,Hiệu quả,neutral
1301,222158013,URIAGE,2023-06-01,Chất lượng/Đóng gói,positive
1301,222158013,URIAGE,2023-06-01,Chất lượng/Đóng gói,positive
1302,222158013,URIAGE,2023-06-01,Thành phần,neutral
1302,222158013,URIAGE,2023-06-01,Dịch vụ/Uy tín,neutral
1302,222158013,URIAGE,2023-06-01,Chất lượng/Đóng gói,neutral
1302,222158013,URIAGE,2023-06-01,Chất lượng/Đóng gói,neutral
1304,222158013,URIAGE,2023-05-01,Giá cả,neutral
1304,222158013,URIAGE,2023-05-01,Hiệu quả,positive
1305,222158013,URIAGE,2023-04-01,Giá cả,positive
1306,222158013,URIAGE,2023-04-01,Giao hàng,positive
1307,222158013,URIAGE,2023-04-01,Chất lượng/Đóng gói,positive
1308,222158013,URIAGE,2023-03-01,Hiệu quả,neutral
1309,222158013,URIAGE,2022-12-01,Mùi hương/Kết cấu,positive
1309,222158013,URIAGE,2022-12-01,Hiệu quả,positive
1309,222158013,URIAGE,2022-12-01,Chất lượng/Đóng gói,positive
1310,222158013,URIAGE,2022-10-01,Giao hàng,neutral
1311,222158013,URIAGE,2022-09-01,Giao hàng,neutral
1312,222158013,URIAGE,2022-07-01,Chất lượng/Đóng gói,positive
1314,222158013,URIAGE,2022-05-01,Giao hàng,neutral
1314,222158013,URIAGE,2022-05-01,Giá cả,neutral
1316,222158013,URIAGE,2021-12-01,Dịch vụ/Uy tín,positive
1317,222158013,URIAGE,2021-11-01,Giao hàng,neutral
1318,222158013,URIAGE,2021-11-01,Giá cả,neutral
1319,222158013,URIAGE,2021-11-01,Giá cả,positive
1319,222158013,URIAGE,2021-11-01,Giao hàng,neutral
1323,222158014,URIAGE,2024-05-01,Chất lượng/Đóng gói,positive
1323,222158014,URIAGE,2024-05-01,Dịch vụ/Uy tín,positive
1324,222158014,URIAGE,2024-03-01,Hiệu quả,positive
1324,222158014,URIAGE,2024-03-01,Mùi hương/Kết cấu,positive
1325,222158014,URIAGE,2024-02-01,Hiệu quả,neutral
1325,222158014,URIAGE,2024-02-01,Hiệu quả,positive
1329,222158014,URIAGE,2023-03-01,Giao hàng,neutral
1330,222158014,URIAGE,2023-03-01,Chất lượng/Đóng gói,positive
1330,222158014,URIAGE,2023-03-01,Giao hàng,positive
1330,222158014,URIAGE,2023-03-01,Chất lượng/Đóng gói,positive
1331,222158014,URIAGE,2023-03-01,Hiệu quả,positive
1331,222158014,URIAGE,2023-03-01,Chất lượng/Đóng gói,positive
1331,222158014,URIAGE,2023-03-01,Mùi hương/Kết cấu,positive
1332,222158014,URIAGE,2022-07-01,Chất lượng/Đóng gói,neutral
1332,222158014,URIAGE,2022-07-01,Dịch vụ/Uy tín,positive
1333,222158014,URIAGE,2022-01-01,Chất lượng/Đóng gói,positive
1333,222158014,URIAGE,2022-01-01,Dịch vụ/Uy tín,positive
1333,222158014,URIAGE,2022-01-01,Hiệu quả,neutral
1333,222158014,URIAGE,2022-01-01,Giao hàng,neutral
1334,973872245,URIAGE,2025-04-01,Hiệu quả,positive
1335,973872245,URIAGE,2022-06-01,Chất lượng/Đóng gói,positive
1336,973872245,URIAGE,2022-01-01,Chất lượng/Đóng gói,positive
1339,222158010,URIAGE,2024-03-01,Hiệu quả,positive
1340,222158010,URIAGE,2024-02-01,Hiệu quả,positive
1340,222158010,URIAGE,2024-02-01,Hiệu quả,positive
1340,222158010,URIAGE,2024-02-01,Hiệu quả,positive
1341,222158010,URIAGE,2024-02-01,Dịch vụ/Uy tín,neutral
1341,222158010,URIAGE,2024-02-01,Chất lượng/Đóng gói,negative
1343,222158010,URIAGE,2024-01-01,Giá cả,positive
1343,222158010,URIAGE,2024-01-01,Chất lượng/Đóng gói,positive
1343,222158010,URIAGE,2024-01-01,Giao hàng,neutral
1343,222158010,URIAGE,2024-01-01,Mùi hương/Kết cấu,neutral
1345,222158010,URIAGE,2023-12-01,Chất lượng/Đóng gói,neutral
1345,222158010,URIAGE,2023-12-01,Chất lượng/Đóng gói,positive
1346,222158010,URIAGE,2023-11-01,Hiệu quả,neutral
1346,222158010,URIAGE,2023-11-01,Hiệu quả,neutral
1346,222158010,URIAGE,2023-11-01,Hiệu quả,positive
1348,222158010,URIAGE,2023-05-01,Chất lượng/Đóng gói,positive
1350,222158010,URIAGE,2023-04-01,Hiệu quả,positive
1350,222158010,URIAGE,2023-04-01,Chất lượng/Đóng gói,positive
1352,222158010,URIAGE,2022-07-01,Mùi hương/Kết cấu,neutral
1353,222158010,URIAGE,2022-05-01,Mùi hương/Kết cấu,positive
1353,222158010,URIAGE,2022-05-01,Hiệu quả,positive
1353,222158010,URIAGE,2022-05-01,Chất lượng/Đóng gói,positive
1354,222158010,URIAGE,2022-03-01,Chất lượng/Đóng gói,neutral
1354,222158010,URIAGE,2022-03-01,Giao hàng,neutral
1354,222158010,URIAGE,2022-03-01,Dịch vụ/Uy tín,neutral
1354,222158010,URIAGE,2022-03-01,Thành phần,positive
1354,222158010,URIAGE,2022-03-01,Dịch vụ/Uy tín,neutral
1355,222158010,URIAGE,2022-01-01,Chất lượng/Đóng gói,positive
1356,222158010,URIAGE,2021-12-01,Giá cả,positive
1356,222158010,URIAGE,2021-12-01,Chất lượng/Đóng gói,positive
1356,222158010,URIAGE,2021-12-01,Dịch vụ/Uy tín,neutral
1357,222158010,URIAGE,2021-11-01,Chất lượng/Đóng gói,neutral
1357,222158010,URIAGE,2021-11-01,Giao hàng,neutral
1359,222158010,URIAGE,2021-11-01,Giao hàng,neutral
1361,222146999,URIAGE,2022-08-01,Chất lượng/Đóng gói,neutral
1361,222146999,URIAGE,2022-08-01,Chất lượng/Đóng gói,neutral
1362,222146999,URIAGE,2023-07-01,Giao hàng,neutral
1362,222146999,URIAGE,2023-07-01,Hiệu quả,positive
1363,222146999,URIAGE,2024-12-01,Mùi hương/Kết cấu,positive
1364,222146999,URIAGE,2024-09-01,Chất lượng/Đóng gói,positive
1364,222146999,URIAGE,2024-09-01,Dịch vụ/Uy tín,positive
1365,222146999,URIAGE,2024-08-01,Hiệu quả,positive
1367,222146999,URIAGE,2024-06-01,Mùi hương/Kết cấu,neutral
1368,222146999,URIAGE,2024-06-01,Hiệu quả,negative
1369,222146999,URIAGE,2024-05-01,Hiệu quả,neutral
1369,222146999,URIAGE,2024-05-01,Mùi hương/Kết cấu,positive
1371,222146999,URIAGE,2023-10-01,Mùi hương/Kết cấu,positive
1371,222146999,URIAGE,2023-10-01,Hiệu quả,neutral
1373,222146999,URIAGE,2023-04-01,Chất lượng/Đóng gói,positive
1373,222146999,URIAGE,2023-04-01,Dịch vụ/Uy tín,positive
1376,222146999,URIAGE,2023-03-01,Hiệu quả,positive
1377,222146999,URIAGE,2023-02-01,Chất lượng/Đóng gói,positive
1377,222146999,URIAGE,2023-02-01,Mùi hương/Kết cấu,positive
1377,222146999,URIAGE,2023-02-01,Hiệu quả,positive
1379,222146999,URIAGE,2022-11-01,Mùi hương/Kết cấu,positive
1380,222146999,URIAGE,2022-11-01,Giá cả,neutral
1382,222146999,URIAGE,2022-10-01,Hiệu quả,positive
1383,222146999,URIAGE,2022-10-01,Chất lượng/Đóng gói,positive
1384,222146999,URIAGE,2022-09-01,Giao hàng,neutral
1384,222146999,URIAGE,2022-09-01,Dịch vụ/Uy tín,neutral
1384,222146999,URIAGE,2022-09-01,Mùi hương/Kết cấu,negative
1384,222146999,URIAGE,2022-09-01,Hiệu quả,positive
1384,222146999,URIAGE,2022-09-01,Hiệu quả,positive
1387,222146999,URIAGE,2022-06-01,Chất lượng/Đóng gói,positive
1387,222146999,URIAGE,2022-06-01,Hiệu quả,neutral
1388,222146999,URIAGE,2022-05-01,Hiệu quả,positive
1389,222146999,URIAGE,2022-01-01,Hiệu quả,positive
1389,222146999,URIAGE,2022-01-01,Hiệu quả,positive
1391,222146999,URIAGE,2021-11-01,Chất lượng/Đóng gói,positive
1392,973842697,URIAGE,2024-05-01,Hiệu quả,neutral
1392,973842697,URIAGE,2024-05-01,Mùi hương/Kết cấu,positive
1392,973842697,URIAGE,2024-05-01,Mùi hương/Kết cấu,positive
1392,973842697,URIAGE,2024-05-01,Hiệu quả,negative
1392,973842697,URIAGE,2024-05-01,Mùi hương/Kết cấu,positive
1393,973842697,URIAGE,2024-01-01,Hiệu quả,neutral
1393,973842697,URIAGE,2024-01-01,Hiệu quả,neutral
1393,973842697,URIAGE,2024-01-01,Hiệu quả,neutral
1394,973842697,URIAGE,2023-09-01,Hiệu quả,positive
1394,973842697,URIAGE,2023-09-01,Giá cả,positive
1394,973842697,URIAGE,2023-09-01,Chất lượng/Đóng gói,positive
1394,973842697,URIAGE,2023-09-01,Mùi hương/Kết cấu,positive
1394,973842697,URIAGE,2023-09-01,Hiệu quả,neutral
1394,973842697,URIAGE,2023-09-01,Hiệu quả,neutral
1395,973842697,URIAGE,2023-08-01,Hiệu quả,positive
1395,973842697,URIAGE,2023-08-01,Chất lượng/Đóng gói,positive
1395,973842697,URIAGE,2023-08-01,Mùi hương/Kết cấu,positive
1396,973842697,URIAGE,2022-07-01,Chất lượng/Đóng gói,positive
1396,973842697,URIAGE,2022-07-01,Giao hàng,positive
1396,973842697,URIAGE,2022-07-01,Dịch vụ/Uy tín,positive
1399,1454114566,URIAGE,2022-11-01,Giao hàng,neutral
1399,1454114566,URIAGE,2022-11-01,Giá cả,negative
1399,1454114566,URIAGE,2022-11-01,Chất lượng/Đóng gói,negative
1401,1454114566,URIAGE,2022-11-01,Giá cả,neutral
1402,1454114566,URIAGE,2021-10-01,Chất lượng/Đóng gói,positive
1402,1454114566,URIAGE,2021-10-01,Mùi hương/Kết cấu,positive
1404,1454114566,URIAGE,2021-09-01,Giá cả,negative
1404,1454114566,URIAGE,2021-09-01,Chất lượng/Đóng gói,negative
1404,1454114566,URIAGE,2021-09-01,Dịch vụ/Uy tín,neutral
1405,1454114566,URIAGE,2021-09-01,Hiệu quả,neutral
1405,1454114566,URIAGE,2021-09-01,Dịch vụ/Uy tín,neutral
1405,1454114566,URIAGE,2021-09-01,Giao hàng,neutral
1405,1454114566,URIAGE,2021-09-01,Dịch vụ/Uy tín,neutral
1406,1454114566,URIAGE,2021-09-01,Chất lượng/Đóng gói,positive
1406,1454114566,URIAGE,2021-09-01,Chất lượng/Đóng gói,negative
1407,1454114566,URIAGE,2021-09-01,Mùi hương/Kết cấu,positive
1408,953152482,URIAGE,2025-03-01,Hiệu quả,neutral
1409,953152482,URIAGE,2024-12-01,Hiệu quả,negative
1410,953152482,URIAGE,2024-12-01,Hiệu quả,neutral
1411,953152482,URIAGE,2024-12-01,Hiệu quả,neutral
1411,953152482,URIAGE,2024-12-01,Mùi hương/Kết cấu,positive
1413,953152482,URIAGE,2024-11-01,Hiệu quả,neutral
1413,953152482,URIAGE,2024-11-01,Hiệu quả,positive
1413,953152482,URIAGE,2024-11-01,Hiệu quả,neutral
1413,953152482,URIAGE,2024-11-01,Mùi hương/Kết cấu,positive
1414,953152482,URIAGE,2024-11-01,Hiệu quả,positive
1414,953152482,URIAGE,2024-11-01,Hiệu quả,neutral
1415,953152482,URIAGE,2024-11-01,Mùi hương/Kết cấu,positive
1416,953152482,URIAGE,2024-10-01,Hiệu quả,neutral
1416,953152482,URIAGE,2024-10-01,Mùi hương/Kết cấu,positive
1417,953152482,URIAGE,2024-05-01,Hiệu quả,neutral
1418,953152482,URIAGE,2024-05-01,Thành phần,neutral
1418,953152482,URIAGE,2024-05-01,Hiệu quả,positive
1419,953152482,URIAGE,2024-05-01,Chất lượng/Đóng gói,negative
1420,953152482,URIAGE,2024-05-01,Thành phần,neutral
1420,953152482,URIAGE,2024-05-01,Mùi hương/Kết cấu,positive
1420,953152482,URIAGE,2024-05-01,Hiệu quả,positive
1420,953152482,URIAGE,2024-05-01,Hiệu quả,neutral
1421,953152482,URIAGE,2024-05-01,Chất lượng/Đóng gói,positive
1421,953152482,URIAGE,2024-05-01,Dịch vụ/Uy tín,positive
1422,953152482,URIAGE,2024-05-01,Mùi hương/Kết cấu,positive
1424,953152482,URIAGE,2024-04-01,Chất lượng/Đóng gói,positive
1424,953152482,URIAGE,2024-04-01,Mùi hương/Kết cấu,positive
1424,953152482,URIAGE,2024-04-01,Mùi hương/Kết cấu,neutral
1424,953152482,URIAGE,2024-04-01,Hiệu quả,positive
1424,953152482,URIAGE,2024-04-01,Hiệu quả,positive
1426,953152482,URIAGE,2024-03-01,Mùi hương/Kết cấu,neutral
1427,953152482,URIAGE,2024-03-01,Hiệu quả,positive
1427,953152482,URIAGE,2024-03-01,Mùi hương/Kết cấu,positive
1428,953152482,URIAGE,2024-03-01,Hiệu quả,neutral
1428,953152482,URIAGE,2024-03-01,Giá cả,neutral
1428,953152482,URIAGE,2024-03-01,Giao hàng,positive
1429,953152482,URIAGE,2024-03-01,Thành phần,neutral
1429,953152482,URIAGE,2024-03-01,Hiệu quả,neutral
1430,953152482,URIAGE,2024-03-01,Mùi hương/Kết cấu,positive
1433,953152482,URIAGE,2024-01-01,Hiệu quả,neutral
1437,953152482,URIAGE,2023-12-01,Mùi hương/Kết cấu,positive
1437,953152482,URIAGE,2023-12-01,Hiệu quả,positive
1438,953152482,URIAGE,2023-11-01,Chất lượng/Đóng gói,neutral
1439,953152482,URIAGE,2023-07-01,Mùi hương/Kết cấu,positive
1443,953152482,URIAGE,2023-06-01,Chất lượng/Đóng gói,positive
1443,953152482,URIAGE,2023-06-01,Chất lượng/Đóng gói,positive
1444,953152482,URIAGE,2023-05-01,Giá cả,positive
1444,953152482,URIAGE,2023-05-01,Chất lượng/Đóng gói,positive
1445,953152482,URIAGE,2023-05-01,Chất lượng/Đóng gói,positive
1446,953152482,URIAGE,2023-05-01,Giao hàng,neutral
1446,953152482,URIAGE,2023-05-01,Giá cả,positive
1446,953152482,URIAGE,2023-05-01,Chất lượng/Đóng gói,positive
1448,953152482,URIAGE,2022-05-01,Mùi hương/Kết cấu,neutral
1449,953152482,URIAGE,2022-05-01,Giá cả,neutral
1451,3206293687,Eucerin,2026-04-01,Hiệu quả,negative
1451,3206293687,Eucerin,2026-04-01,Mùi hương/Kết cấu,positive
1451,3206293687,Eucerin,2026-04-01,Thành phần,positive
1451,3206293687,Eucerin,2026-04-01,Chất lượng/Đóng gói,positive
1453,3206293687,Eucerin,2026-04-01,Mùi hương/Kết cấu,neutral
1453,3206293687,Eucerin,2026-04-01,Chất lượng/Đóng gói,neutral
1454,3206293687,Eucerin,2026-04-01,Dịch vụ/Uy tín,neutral
1455,3206293687,Eucerin,2026-04-01,Hiệu quả,positive
1456,3206293687,Eucerin,2026-03-01,Hiệu quả,negative
1456,3206293687,Eucerin,2026-03-01,Mùi hương/Kết cấu,positive
1456,3206293687,Eucerin,2026-03-01,Thành phần,positive
1456,3206293687,Eucerin,2026-03-01,Hiệu quả,neutral
1457,3206293687,Eucerin,2026-03-01,Dịch vụ/Uy tín,neutral
1458,3206293687,Eucerin,2026-03-01,Hiệu quả,positive
1458,3206293687,Eucerin,2026-03-01,Hiệu quả,negative
1459,3206293687,Eucerin,2026-03-01,Hiệu quả,neutral
1460,3206293687,Eucerin,2026-03-01,Giá cả,neutral
1462,3206293687,Eucerin,2026-01-01,Dịch vụ/Uy tín,positive
1462,3206293687,Eucerin,2026-01-01,Dịch vụ/Uy tín,positive
1463,3206293687,Eucerin,2025-12-01,Chất lượng/Đóng gói,positive
1464,3206293687,Eucerin,2025-12-01,Hiệu quả,neutral
1464,3206293687,Eucerin,2025-12-01,Hiệu quả,positive
1466,3206293687,Eucerin,2025-11-01,Giá cả,positive
1466,3206293687,Eucerin,2025-11-01,Giá cả,positive
1467,3206293687,Eucerin,2025-11-01,Hiệu quả,negative
1471,2967065515,Eucerin,2025-09-01,Hiệu quả,positive
1471,2967065515,Eucerin,2025-09-01,Hiệu quả,neutral
1471,2967065515,Eucerin,2025-09-01,Hiệu quả,positive
1471,2967065515,Eucerin,2025-09-01,Hiệu quả,positive
1472,2967065515,Eucerin,2025-06-01,Giá cả,neutral
1473,2967065515,Eucerin,2025-04-01,Mùi hương/Kết cấu,positive
1473,2967065515,Eucerin,2025-04-01,Hiệu quả,neutral
1474,2967065515,Eucerin,2025-04-01,Hiệu quả,positive
1474,2967065515,Eucerin,2025-04-01,Giá cả,positive
1474,2967065515,Eucerin,2025-04-01,Thành phần,positive
1475,2967065515,Eucerin,2025-04-01,Chất lượng/Đóng gói,positive
1475,2967065515,Eucerin,2025-04-01,Giao hàng,positive
1475,2967065515,Eucerin,2025-04-01,Chất lượng/Đóng gói,neutral
1475,2967065515,Eucerin,2025-04-01,Chất lượng/Đóng gói,positive
1476,2967065515,Eucerin,2025-04-01,Giá cả,neutral
1476,2967065515,Eucerin,2025-04-01,Chất lượng/Đóng gói,positive
1477,2967065515,Eucerin,2025-03-01,Hiệu quả,positive
1478,2967065515,Eucerin,2025-03-01,Hiệu quả,neutral
1479,2967065515,Eucerin,2025-03-01,Giá cả,positive
1479,2967065515,Eucerin,2025-03-01,Chất lượng/Đóng gói,positive
1479,2967065515,Eucerin,2025-03-01,Giá cả,neutral
1480,2967065515,Eucerin,2025-03-01,Hiệu quả,neutral
1480,2967065515,Eucerin,2025-03-01,Giá cả,neutral
1480,2967065515,Eucerin,2025-03-01,Dịch vụ/Uy tín,neutral
1480,2967065515,Eucerin,2025-03-01,Chất lượng/Đóng gói,positive
1481,2967065515,Eucerin,2025-03-01,Hiệu quả,positive
1481,2967065515,Eucerin,2025-03-01,Giá cả,positive
1482,2120330631,Eucerin,2023-09-01,Dịch vụ/Uy tín,positive
1483,2120330631,Eucerin,2024-10-01,Hiệu quả,positive
1487,2120330631,Eucerin,2025-09-01,Chất lượng/Đóng gói,positive
1487,2120330631,Eucerin,2025-09-01,Hiệu quả,neutral
1489,2120330631,Eucerin,2025-08-01,Hiệu quả,positive
1490,2120330631,Eucerin,2025-06-01,Giá cả,neutral
1490,2120330631,Eucerin,2025-06-01,Giá cả,neutral
1493,2120330631,Eucerin,2025-05-01,Giá cả,positive
1493,2120330631,Eucerin,2025-05-01,Mùi hương/Kết cấu,positive
1493,2120330631,Eucerin,2025-05-01,Hiệu quả,positive
1493,2120330631,Eucerin,2025-05-01,Mùi hương/Kết cấu,positive
1494,2120330631,Eucerin,2025-05-01,Giá cả,positive
1494,2120330631,Eucerin,2025-05-01,Mùi hương/Kết cấu,positive
1494,2120330631,Eucerin,2025-05-01,Hiệu quả,positive
1495,2120330631,Eucerin,2025-04-01,Hiệu quả,positive
1496,2120330631,Eucerin,2025-04-01,Giá cả,neutral
1497,2120330631,Eucerin,2025-04-01,Hiệu quả,positive
1499,2120330631,Eucerin,2025-04-01,Giá cả,neutral
1499,2120330631,Eucerin,2025-04-01,Giá cả,positive
1499,2120330631,Eucerin,2025-04-01,Mùi hương/Kết cấu,positive
1501,2120330631,Eucerin,2025-04-01,Giá cả,positive
1501,2120330631,Eucerin,2025-04-01,Thành phần,positive
1503,2120330631,Eucerin,2025-03-01,Giá cả,positive
1503,2120330631,Eucerin,2025-03-01,Mùi hương/Kết cấu,positive
1504,2120330631,Eucerin,2025-02-01,Hiệu quả,positive
1504,2120330631,Eucerin,2025-02-01,Giá cả,positive
1504,2120330631,Eucerin,2025-02-01,Mùi hương/Kết cấu,positive
1504,2120330631,Eucerin,2025-02-01,Thành phần,neutral
1505,2120330631,Eucerin,2025-02-01,Hiệu quả,positive
1505,2120330631,Eucerin,2025-02-01,Mùi hương/Kết cấu,positive
1506,2120330631,Eucerin,2025-02-01,Giá cả,neutral
1509,2120330631,Eucerin,2025-01-01,Giá cả,neutral
1509,2120330631,Eucerin,2025-01-01,Hiệu quả,neutral
1509,2120330631,Eucerin,2025-01-01,Hiệu quả,positive
1510,2120330631,Eucerin,2025-01-01,Hiệu quả,positive
1510,2120330631,Eucerin,2025-01-01,Hiệu quả,positive
1510,2120330631,Eucerin,2025-01-01,Mùi hương/Kết cấu,positive
1512,2120330631,Eucerin,2025-01-01,Giá cả,positive
1512,2120330631,Eucerin,2025-01-01,Mùi hương/Kết cấu,positive
1513,2120330631,Eucerin,2024-12-01,Giá cả,neutral
1513,2120330631,Eucerin,2024-12-01,Giá cả,neutral
1516,2120330631,Eucerin,2024-12-01,Giá cả,neutral
1516,2120330631,Eucerin,2024-12-01,Hiệu quả,neutral
1516,2120330631,Eucerin,2024-12-01,Hiệu quả,neutral
1516,2120330631,Eucerin,2024-12-01,Hiệu quả,neutral
1516,2120330631,Eucerin,2024-12-01,Hiệu quả,neutral
1518,2120330631,Eucerin,2024-12-01,Hiệu quả,positive
1520,2120330631,Eucerin,2024-11-01,Hiệu quả,neutral
1520,2120330631,Eucerin,2024-11-01,Giá cả,neutral
1524,2120330631,Eucerin,2024-10-01,Giá cả,neutral
1524,2120330631,Eucerin,2024-10-01,Giá cả,neutral
1526,2120330631,Eucerin,2024-10-01,Giao hàng,neutral
1528,2120330631,Eucerin,2024-09-01,Hiệu quả,positive
1528,2120330631,Eucerin,2024-09-01,Mùi hương/Kết cấu,positive
1529,2120330631,Eucerin,2024-09-01,Hiệu quả,neutral
1531,2120330631,Eucerin,2024-09-01,Hiệu quả,positive
1531,2120330631,Eucerin,2024-09-01,Mùi hương/Kết cấu,positive
1534,2120330631,Eucerin,2024-08-01,Giá cả,neutral
1534,2120330631,Eucerin,2024-08-01,Hiệu quả,positive
1535,2120330631,Eucerin,2024-07-01,Hiệu quả,positive
1536,2120330631,Eucerin,2024-06-01,Mùi hương/Kết cấu,positive
1537,2120330631,Eucerin,2024-06-01,Chất lượng/Đóng gói,positive
1538,2120330631,Eucerin,2024-06-01,Giá cả,neutral
1538,2120330631,Eucerin,2024-06-01,Dịch vụ/Uy tín,neutral
1538,2120330631,Eucerin,2024-06-01,Giá cả,neutral
1539,2120330631,Eucerin,2024-06-01,Giá cả,neutral
1540,2120330631,Eucerin,2024-06-01,Mùi hương/Kết cấu,positive
1541,2120330631,Eucerin,2024-05-01,Mùi hương/Kết cấu,positive
1543,2120330631,Eucerin,2024-04-01,Hiệu quả,negative
1544,2120330631,Eucerin,2024-03-01,Hiệu quả,positive
1544,2120330631,Eucerin,2024-03-01,Chất lượng/Đóng gói,positive
1544,2120330631,Eucerin,2024-03-01,Mùi hương/Kết cấu,positive
1545,2120330631,Eucerin,2024-03-01,Chất lượng/Đóng gói,positive
1545,2120330631,Eucerin,2024-03-01,Chất lượng/Đóng gói,positive
1545,2120330631,Eucerin,2024-03-01,Giao hàng,neutral
1546,2120330631,Eucerin,2024-03-01,Hiệu quả,positive
1546,2120330631,Eucerin,2024-03-01,Giá cả,neutral
1547,2120330631,Eucerin,2024-03-01,Mùi hương/Kết cấu,positive
1547,2120330631,Eucerin,2024-03-01,Giá cả,neutral
1548,2120330631,Eucerin,2024-03-01,Chất lượng/Đóng gói,neutral
1548,2120330631,Eucerin,2024-03-01,Hiệu quả,positive
1548,2120330631,Eucerin,2024-03-01,Hiệu quả,positive
1548,2120330631,Eucerin,2024-03-01,Mùi hương/Kết cấu,positive
1548,2120330631,Eucerin,2024-03-01,Mùi hương/Kết cấu,positive
1551,2120330631,Eucerin,2024-03-01,Hiệu quả,positive
1553,2120330631,Eucerin,2024-03-01,Chất lượng/Đóng gói,positive
1553,2120330631,Eucerin,2024-03-01,Mùi hương/Kết cấu,positive
1554,2120330631,Eucerin,2024-03-01,Chất lượng/Đóng gói,neutral
1554,2120330631,Eucerin,2024-03-01,Chất lượng/Đóng gói,negative
1555,2120330631,Eucerin,2024-03-01,Giá cả,neutral
1557,2120330631,Eucerin,2024-03-01,Giao hàng,neutral
1558,2120330631,Eucerin,2024-03-01,Chất lượng/Đóng gói,positive
1559,2120330631,Eucerin,2024-03-01,Hiệu quả,positive
1559,2120330631,Eucerin,2024-03-01,Chất lượng/Đóng gói,positive
1559,2120330631,Eucerin,2024-03-01,Mùi hương/Kết cấu,positive
1559,2120330631,Eucerin,2024-03-01,Giá cả,neutral
1560,2120330631,Eucerin,2024-03-01,Mùi hương/Kết cấu,positive
1560,2120330631,Eucerin,2024-03-01,Hiệu quả,neutral
1563,2120330631,Eucerin,2024-03-01,Hiệu quả,positive
1563,2120330631,Eucerin,2024-03-01,Chất lượng/Đóng gói,positive
1563,2120330631,Eucerin,2024-03-01,Mùi hương/Kết cấu,positive
1564,2120330631,Eucerin,2024-03-01,Hiệu quả,positive
1565,2120330631,Eucerin,2024-03-01,Chất lượng/Đóng gói,positive
1567,2120330631,Eucerin,2024-02-01,Giá cả,neutral
1568,2120330631,Eucerin,2024-02-01,Chất lượng/Đóng gói,neutral
1569,2120330631,Eucerin,2024-02-01,Hiệu quả,neutral
1572,2120320632,Eucerin,2020-12-01,Hiệu quả,negative
1573,2120320632,Eucerin,2021-06-01,Dịch vụ/Uy tín,neutral
1573,2120320632,Eucerin,2021-06-01,Dịch vụ/Uy tín,neutral
1574,2120320632,Eucerin,2026-03-01,Chất lượng/Đóng gói,neutral
1574,2120320632,Eucerin,2026-03-01,Giao hàng,neutral
1574,2120320632,Eucerin,2026-03-01,Mùi hương/Kết cấu,positive
1575,2120320632,Eucerin,2023-04-01,Chất lượng/Đóng gói,positive
1576,2120320632,Eucerin,2023-04-01,Mùi hương/Kết cấu,negative
1577,2120320632,Eucerin,2023-03-01,Chất lượng/Đóng gói,neutral
1577,2120320632,Eucerin,2023-03-01,Giao hàng,neutral
1577,2120320632,Eucerin,2023-03-01,Giao hàng,neutral
1578,2120320632,Eucerin,2023-03-01,Giao hàng,neutral
1578,2120320632,Eucerin,2023-03-01,Dịch vụ/Uy tín,neutral
1579,2120320632,Eucerin,2023-03-01,Dịch vụ/Uy tín,neutral
1579,2120320632,Eucerin,2023-03-01,Dịch vụ/Uy tín,neutral
1580,2120320632,Eucerin,2023-03-01,Giá cả,neutral
1581,2120320632,Eucerin,2023-03-01,Giá cả,neutral
1583,2120320632,Eucerin,2023-03-01,Dịch vụ/Uy tín,neutral
1583,2120320632,Eucerin,2023-03-01,Chất lượng/Đóng gói,positive
1584,2120320632,Eucerin,2023-02-01,Dịch vụ/Uy tín,neutral
1584,2120320632,Eucerin,2023-02-01,Chất lượng/Đóng gói,negative
1585,2120320632,Eucerin,2023-02-01,Mùi hương/Kết cấu,positive
1586,2120320632,Eucerin,2023-02-01,Giá cả,neutral
1588,2120320632,Eucerin,2022-11-01,Giao hàng,neutral
1588,2120320632,Eucerin,2022-11-01,Dịch vụ/Uy tín,neutral
1589,2120320632,Eucerin,2022-10-01,Giá cả,positive
1589,2120320632,Eucerin,2022-10-01,Chất lượng/Đóng gói,positive
1590,2120320632,Eucerin,2022-08-01,Chất lượng/Đóng gói,neutral
1591,2120320632,Eucerin,2022-05-01,Chất lượng/Đóng gói,positive
1592,2120320632,Eucerin,2022-05-01,Mùi hương/Kết cấu,positive
1593,2120320632,Eucerin,2022-04-01,Giao hàng,positive
1593,2120320632,Eucerin,2022-04-01,Mùi hương/Kết cấu,positive
1593,2120320632,Eucerin,2022-04-01,Mùi hương/Kết cấu,positive
1594,2120320632,Eucerin,2022-04-01,Giao hàng,neutral
1596,2120320632,Eucerin,2022-01-01,Hiệu quả,positive
1596,2120320632,Eucerin,2022-01-01,Mùi hương/Kết cấu,positive
1596,2120320632,Eucerin,2022-01-01,Mùi hương/Kết cấu,positive
1596,2120320632,Eucerin,2022-01-01,Giao hàng,positive
1596,2120320632,Eucerin,2022-01-01,Mùi hương/Kết cấu,positive
1598,2120320632,Eucerin,2022-01-01,Mùi hương/Kết cấu,positive
1599,2120320632,Eucerin,2022-01-01,Mùi hương/Kết cấu,positive
1600,2120320632,Eucerin,2022-01-01,Dịch vụ/Uy tín,neutral
1601,2120320632,Eucerin,2022-01-01,Chất lượng/Đóng gói,positive
1602,2120320632,Eucerin,2021-12-01,Mùi hương/Kết cấu,positive
1603,2120320632,Eucerin,2021-12-01,Hiệu quả,neutral
1603,2120320632,Eucerin,2021-12-01,Mùi hương/Kết cấu,positive
1604,2120320632,Eucerin,2021-12-01,Chất lượng/Đóng gói,neutral
1604,2120320632,Eucerin,2021-12-01,Chất lượng/Đóng gói,positive
1604,2120320632,Eucerin,2021-12-01,Mùi hương/Kết cấu,neutral
1605,2120320632,Eucerin,2021-12-01,Chất lượng/Đóng gói,positive
1607,2120320632,Eucerin,2021-09-01,Mùi hương/Kết cấu,positive
1610,2967183326,Eucerin,2026-04-01,Giá cả,positive
1611,2967183326,Eucerin,2025-12-01,Hiệu quả,neutral
1611,2967183326,Eucerin,2025-12-01,Hiệu quả,neutral
1611,2967183326,Eucerin,2025-12-01,Giá cả,positive
1611,2967183326,Eucerin,2025-12-01,Hiệu quả,positive
1611,2967183326,Eucerin,2025-12-01,Hiệu quả,positive
1611,2967183326,Eucerin,2025-12-01,Dịch vụ/Uy tín,positive
1611,2967183326,Eucerin,2025-12-01,Dịch vụ/Uy tín,positive
1612,2967183326,Eucerin,2025-11-01,Giá cả,positive
1612,2967183326,Eucerin,2025-11-01,Hiệu quả,positive
1613,2967183326,Eucerin,2025-09-01,Giá cả,positive
1613,2967183326,Eucerin,2025-09-01,Hiệu quả,positive
1614,2967183326,Eucerin,2025-05-01,Hiệu quả,positive
1614,2967183326,Eucerin,2025-05-01,Giá cả,positive
1614,2967183326,Eucerin,2025-05-01,Thành phần,positive
1615,2967183326,Eucerin,2025-05-01,Chất lượng/Đóng gói,positive
1616,2967183326,Eucerin,2025-04-01,Giá cả,neutral
1618,2967183326,Eucerin,2025-04-01,Giá cả,neutral
1618,2967183326,Eucerin,2025-04-01,Chất lượng/Đóng gói,neutral
1618,2967183326,Eucerin,2025-04-01,Giao hàng,neutral
1618,2967183326,Eucerin,2025-04-01,Dịch vụ/Uy tín,neutral
1619,2967183326,Eucerin,2025-04-01,Hiệu quả,positive
1619,2967183326,Eucerin,2025-04-01,Giá cả,positive
1619,2967183326,Eucerin,2025-04-01,Thành phần,positive
1620,2967183326,Eucerin,2025-04-01,Giao hàng,neutral
1620,2967183326,Eucerin,2025-04-01,Dịch vụ/Uy tín,neutral
1620,2967183326,Eucerin,2025-04-01,Giá cả,neutral
1621,2967183326,Eucerin,2025-04-01,Mùi hương/Kết cấu,positive
1622,2967183326,Eucerin,2025-04-01,Giao hàng,neutral
1622,2967183326,Eucerin,2025-04-01,Dịch vụ/Uy tín,neutral
1622,2967183326,Eucerin,2025-04-01,Chất lượng/Đóng gói,positive
1623,2967183326,Eucerin,2025-03-01,Hiệu quả,positive
1623,2967183326,Eucerin,2025-03-01,Giá cả,positive
1623,2967183326,Eucerin,2025-03-01,Thành phần,positive
1624,2967183326,Eucerin,2025-03-01,Hiệu quả,positive
1624,2967183326,Eucerin,2025-03-01,Giá cả,positive
1624,2967183326,Eucerin,2025-03-01,Thành phần,positive
1625,2967183326,Eucerin,2025-03-01,Hiệu quả,negative
1625,2967183326,Eucerin,2025-03-01,Hiệu quả,neutral
1625,2967183326,Eucerin,2025-03-01,Giá cả,neutral
1627,2967183326,Eucerin,2025-03-01,Hiệu quả,positive
1627,2967183326,Eucerin,2025-03-01,Giá cả,positive
1627,2967183326,Eucerin,2025-03-01,Mùi hương/Kết cấu,positive
1627,2967183326,Eucerin,2025-03-01,Thành phần,positive
1628,2967183326,Eucerin,2025-03-01,Mùi hương/Kết cấu,positive
1628,2967183326,Eucerin,2025-03-01,Chất lượng/Đóng gói,neutral
1628,2967183326,Eucerin,2025-03-01,Hiệu quả,neutral
1628,2967183326,Eucerin,2025-03-01,Hiệu quả,positive
1629,2967183326,Eucerin,2025-03-01,Mùi hương/Kết cấu,positive
1629,2967183326,Eucerin,2025-03-01,Giá cả,neutral
1629,2967183326,Eucerin,2025-03-01,Mùi hương/Kết cấu,neutral
1630,2967183326,Eucerin,2025-03-01,Hiệu quả,positive
1630,2967183326,Eucerin,2025-03-01,Giá cả,neutral
1630,2967183326,Eucerin,2025-03-01,Chất lượng/Đóng gói,positive
1630,2967183326,Eucerin,2025-03-01,Thành phần,positive
1630,2967183326,Eucerin,2025-03-01,Dịch vụ/Uy tín,positive
1631,2967183326,Eucerin,2025-03-01,Chất lượng/Đóng gói,neutral
1631,2967183326,Eucerin,2025-03-01,Giá cả,neutral
1631,2967183326,Eucerin,2025-03-01,Giao hàng,neutral
1632,2967183326,Eucerin,2025-03-01,Giá cả,negative
1632,2967183326,Eucerin,2025-03-01,Dịch vụ/Uy tín,negative
1632,2967183326,Eucerin,2025-03-01,Hiệu quả,neutral
1633,2967183326,Eucerin,2025-02-01,Chất lượng/Đóng gói,neutral
1633,2967183326,Eucerin,2025-02-01,Chất lượng/Đóng gói,neutral
1633,2967183326,Eucerin,2025-02-01,Dịch vụ/Uy tín,neutral
1634,2120398073,Eucerin,2026-04-01,Mùi hương/Kết cấu,positive
1636,2120398073,Eucerin,2023-02-01,Hiệu quả,neutral
1637,2120398073,Eucerin,2023-01-01,Hiệu quả,positive
1637,2120398073,Eucerin,2023-01-01,Chất lượng/Đóng gói,positive
1637,2120398073,Eucerin,2023-01-01,Mùi hương/Kết cấu,positive
1639,2120398073,Eucerin,2022-11-01,Hiệu quả,neutral
1639,2120398073,Eucerin,2022-11-01,Giá cả,neutral
1640,2120398073,Eucerin,2022-11-01,Giá cả,neutral
1640,2120398073,Eucerin,2022-11-01,Hiệu quả,neutral
1640,2120398073,Eucerin,2022-11-01,Chất lượng/Đóng gói,neutral
1640,2120398073,Eucerin,2022-11-01,Chất lượng/Đóng gói,positive
1640,2120398073,Eucerin,2022-11-01,Giá cả,negative
1641,2120398073,Eucerin,2022-10-01,Giao hàng,neutral
1642,2120398073,Eucerin,2022-10-01,Chất lượng/Đóng gói,positive
1642,2120398073,Eucerin,2022-10-01,Giao hàng,positive
1646,2120398073,Eucerin,2022-08-01,Giao hàng,neutral
1646,2120398073,Eucerin,2022-08-01,Giá cả,neutral
1648,2120398073,Eucerin,2022-08-01,Chất lượng/Đóng gói,neutral
1648,2120398073,Eucerin,2022-08-01,Giao hàng,negative
1648,2120398073,Eucerin,2022-08-01,Hiệu quả,neutral
1648,2120398073,Eucerin,2022-08-01,Giá cả,neutral
1648,2120398073,Eucerin,2022-08-01,Chất lượng/Đóng gói,neutral
1648,2120398073,Eucerin,2022-08-01,Hiệu quả,neutral
1649,2120398073,Eucerin,2022-02-01,Dịch vụ/Uy tín,neutral
1649,2120398073,Eucerin,2022-02-01,Dịch vụ/Uy tín,neutral
1649,2120398073,Eucerin,2022-02-01,Chất lượng/Đóng gói,positive
1649,2120398073,Eucerin,2022-02-01,Dịch vụ/Uy tín,positive
1652,2120398073,Eucerin,2021-06-01,Mùi hương/Kết cấu,positive
1654,2181040964,Eucerin,2025-06-01,Hiệu quả,positive
1654,2181040964,Eucerin,2025-06-01,Mùi hương/Kết cấu,positive
1654,2181040964,Eucerin,2025-06-01,Hiệu quả,positive
1654,2181040964,Eucerin,2025-06-01,Giá cả,positive
1655,2181040964,Eucerin,2025-05-01,Hiệu quả,positive
1656,2181040964,Eucerin,2025-04-01,Hiệu quả,positive
1656,2181040964,Eucerin,2025-04-01,Hiệu quả,neutral
1657,2181040964,Eucerin,2025-03-01,Hiệu quả,neutral
1657,2181040964,Eucerin,2025-03-01,Hiệu quả,positive
1657,2181040964,Eucerin,2025-03-01,Hiệu quả,positive
1658,2181040964,Eucerin,2025-03-01,Hiệu quả,neutral
1658,2181040964,Eucerin,2025-03-01,Hiệu quả,positive
1658,2181040964,Eucerin,2025-03-01,Giá cả,positive
1658,2181040964,Eucerin,2025-03-01,Hiệu quả,positive
1659,2181040964,Eucerin,2025-03-01,Hiệu quả,neutral
1659,2181040964,Eucerin,2025-03-01,Hiệu quả,positive
1659,2181040964,Eucerin,2025-03-01,Giá cả,positive
1659,2181040964,Eucerin,2025-03-01,Hiệu quả,positive
1659,2181040964,Eucerin,2025-03-01,Dịch vụ/Uy tín,neutral
1660,2181040964,Eucerin,2025-03-01,Hiệu quả,neutral
1660,2181040964,Eucerin,2025-03-01,Hiệu quả,positive
1660,2181040964,Eucerin,2025-03-01,Giá cả,positive
1662,2181040964,Eucerin,2025-02-01,Hiệu quả,positive
1662,2181040964,Eucerin,2025-02-01,Mùi hương/Kết cấu,positive
1664,2181040964,Eucerin,2025-02-01,Dịch vụ/Uy tín,neutral
1664,2181040964,Eucerin,2025-02-01,Chất lượng/Đóng gói,neutral
1664,2181040964,Eucerin,2025-02-01,Hiệu quả,positive
1664,2181040964,Eucerin,2025-02-01,Mùi hương/Kết cấu,positive
1665,2181040964,Eucerin,2025-02-01,Chất lượng/Đóng gói,positive
1665,2181040964,Eucerin,2025-02-01,Dịch vụ/Uy tín,positive
1665,2181040964,Eucerin,2025-02-01,Dịch vụ/Uy tín,neutral
1666,2181040964,Eucerin,2025-01-01,Hiệu quả,neutral
1668,2181040964,Eucerin,2025-01-01,Mùi hương/Kết cấu,neutral
1669,2181040964,Eucerin,2024-12-01,Hiệu quả,positive
1669,2181040964,Eucerin,2024-12-01,Hiệu quả,positive
1669,2181040964,Eucerin,2024-12-01,Giá cả,positive
1670,2181040964,Eucerin,2024-11-01,Hiệu quả,positive
1670,2181040964,Eucerin,2024-11-01,Mùi hương/Kết cấu,positive
1671,2181040964,Eucerin,2024-11-01,Giao hàng,positive
1671,2181040964,Eucerin,2024-11-01,Dịch vụ/Uy tín,positive
1671,2181040964,Eucerin,2024-11-01,Dịch vụ/Uy tín,positive
1672,2181040964,Eucerin,2024-10-01,Giao hàng,neutral
1672,2181040964,Eucerin,2024-10-01,Chất lượng/Đóng gói,positive
1672,2181040964,Eucerin,2024-10-01,Chất lượng/Đóng gói,negative
1673,2181040964,Eucerin,2024-10-01,Dịch vụ/Uy tín,neutral
1674,2181040964,Eucerin,2024-09-01,Hiệu quả,neutral
1674,2181040964,Eucerin,2024-09-01,Hiệu quả,positive
1674,2181040964,Eucerin,2024-09-01,Giá cả,positive
1674,2181040964,Eucerin,2024-09-01,Hiệu quả,neutral
1676,2181040964,Eucerin,2024-09-01,Hiệu quả,positive
1676,2181040964,Eucerin,2024-09-01,Hiệu quả,neutral
1676,2181040964,Eucerin,2024-09-01,Hiệu quả,positive
1677,2181040964,Eucerin,2024-09-01,Hiệu quả,neutral
1677,2181040964,Eucerin,2024-09-01,Chất lượng/Đóng gói,positive
1677,2181040964,Eucerin,2024-09-01,Mùi hương/Kết cấu,positive
1678,2181040964,Eucerin,2024-09-01,Hiệu quả,neutral
1679,2181040964,Eucerin,2024-09-01,Mùi hương/Kết cấu,positive
1680,2181040964,Eucerin,2024-09-01,Hiệu quả,positive
1680,2181040964,Eucerin,2024-09-01,Giá cả,positive
1681,2181040964,Eucerin,2024-08-01,Hiệu quả,neutral
1681,2181040964,Eucerin,2024-08-01,Hiệu quả,neutral
1681,2181040964,Eucerin,2024-08-01,Hiệu quả,positive
1681,2181040964,Eucerin,2024-08-01,Giá cả,positive
1682,2181040964,Eucerin,2024-08-01,Chất lượng/Đóng gói,positive
1683,2181040964,Eucerin,2024-07-01,Hiệu quả,neutral
1683,2181040964,Eucerin,2024-07-01,Mùi hương/Kết cấu,neutral
1684,2181040964,Eucerin,2024-06-01,Hiệu quả,neutral
1684,2181040964,Eucerin,2024-06-01,Hiệu quả,positive
1686,2181040964,Eucerin,2024-06-01,Chất lượng/Đóng gói,positive
1686,2181040964,Eucerin,2024-06-01,Giao hàng,neutral
1686,2181040964,Eucerin,2024-06-01,Giá cả,neutral
1687,2181040964,Eucerin,2024-06-01,Chất lượng/Đóng gói,positive
1687,2181040964,Eucerin,2024-06-01,Dịch vụ/Uy tín,positive
1687,2181040964,Eucerin,2024-06-01,Giá cả,positive
1687,2181040964,Eucerin,2024-06-01,Dịch vụ/Uy tín,neutral
1688,2181040964,Eucerin,2024-05-01,Hiệu quả,positive
1689,2181040964,Eucerin,2024-05-01,Giao hàng,neutral
1690,2181040964,Eucerin,2024-05-01,Mùi hương/Kết cấu,positive
1690,2181040964,Eucerin,2024-05-01,Hiệu quả,positive
1691,2181040964,Eucerin,2024-05-01,Mùi hương/Kết cấu,positive
1692,2181040964,Eucerin,2024-04-01,Chất lượng/Đóng gói,neutral
1692,2181040964,Eucerin,2024-04-01,Giao hàng,neutral
1693,2181040964,Eucerin,2024-04-01,Hiệu quả,positive
1693,2181040964,Eucerin,2024-04-01,Giao hàng,positive
1694,2181040964,Eucerin,2024-04-01,Hiệu quả,neutral
1694,2181040964,Eucerin,2024-04-01,Hiệu quả,neutral
1695,2181040964,Eucerin,2024-03-01,Mùi hương/Kết cấu,positive
1695,2181040964,Eucerin,2024-03-01,Hiệu quả,neutral
1695,2181040964,Eucerin,2024-03-01,Chất lượng/Đóng gói,positive
1695,2181040964,Eucerin,2024-03-01,Giao hàng,positive
1695,2181040964,Eucerin,2024-03-01,Dịch vụ/Uy tín,neutral
1696,2181040964,Eucerin,2024-03-01,Hiệu quả,positive
1696,2181040964,Eucerin,2024-03-01,Giá cả,positive
1696,2181040964,Eucerin,2024-03-01,Mùi hương/Kết cấu,positive
1697,2181040964,Eucerin,2024-03-01,Chất lượng/Đóng gói,positive
1697,2181040964,Eucerin,2024-03-01,Giá cả,neutral
1697,2181040964,Eucerin,2024-03-01,Dịch vụ/Uy tín,neutral
1697,2181040964,Eucerin,2024-03-01,Chất lượng/Đóng gói,neutral
1697,2181040964,Eucerin,2024-03-01,Dịch vụ/Uy tín,neutral
1699,2181040964,Eucerin,2024-03-01,Mùi hương/Kết cấu,positive
1700,2181040964,Eucerin,2024-03-01,Hiệu quả,positive
1700,2181040964,Eucerin,2024-03-01,Chất lượng/Đóng gói,positive
1700,2181040964,Eucerin,2024-03-01,Dịch vụ/Uy tín,positive
1701,2181040964,Eucerin,2024-03-01,Hiệu quả,positive
1701,2181040964,Eucerin,2024-03-01,Chất lượng/Đóng gói,positive
1701,2181040964,Eucerin,2024-03-01,Mùi hương/Kết cấu,positive
1701,2181040964,Eucerin,2024-03-01,Mùi hương/Kết cấu,positive
1702,2181040964,Eucerin,2024-03-01,Mùi hương/Kết cấu,positive
1703,2181040964,Eucerin,2024-03-01,Hiệu quả,positive
1703,2181040964,Eucerin,2024-03-01,Chất lượng/Đóng gói,positive
1703,2181040964,Eucerin,2024-03-01,Mùi hương/Kết cấu,positive
1704,2181040964,Eucerin,2024-03-01,Hiệu quả,neutral
1704,2181040964,Eucerin,2024-03-01,Mùi hương/Kết cấu,positive
1705,2181040964,Eucerin,2024-03-01,Hiệu quả,positive
1705,2181040964,Eucerin,2024-03-01,Hiệu quả,positive
1706,2181040964,Eucerin,2024-03-01,Chất lượng/Đóng gói,positive
1706,2181040964,Eucerin,2024-03-01,Hiệu quả,positive
1706,2181040964,Eucerin,2024-03-01,Mùi hương/Kết cấu,positive
1707,2181040964,Eucerin,2024-02-01,Mùi hương/Kết cấu,positive
1707,2181040964,Eucerin,2024-02-01,Hiệu quả,neutral
1708,2181040964,Eucerin,2024-02-01,Hiệu quả,neutral
1708,2181040964,Eucerin,2024-02-01,Hiệu quả,positive
1709,2181040964,Eucerin,2024-01-01,Chất lượng/Đóng gói,positive
1709,2181040964,Eucerin,2024-01-01,Giao hàng,positive
1709,2181040964,Eucerin,2024-01-01,Mùi hương/Kết cấu,positive
1711,2181040964,Eucerin,2023-11-01,Chất lượng/Đóng gói,positive
1711,2181040964,Eucerin,2023-11-01,Giao hàng,neutral
1711,2181040964,Eucerin,2023-11-01,Mùi hương/Kết cấu,positive
1713,2181040964,Eucerin,2023-10-01,Hiệu quả,positive
1715,2181040964,Eucerin,2023-09-01,Mùi hương/Kết cấu,positive
1716,2181040964,Eucerin,2023-09-01,Hiệu quả,positive
1716,2181040964,Eucerin,2023-09-01,Chất lượng/Đóng gói,positive
1716,2181040964,Eucerin,2023-09-01,Mùi hương/Kết cấu,positive
1717,2181040964,Eucerin,2023-09-01,Chất lượng/Đóng gói,positive
1718,2181040964,Eucerin,2023-09-01,Hiệu quả,positive
1718,2181040964,Eucerin,2023-09-01,Chất lượng/Đóng gói,positive
1718,2181040964,Eucerin,2023-09-01,Mùi hương/Kết cấu,positive
1718,2181040964,Eucerin,2023-09-01,Hiệu quả,negative
1720,2181040964,Eucerin,2023-08-01,Chất lượng/Đóng gói,positive
1722,2181040964,Eucerin,2023-07-01,Hiệu quả,negative
1722,2181040964,Eucerin,2023-07-01,Hiệu quả,positive
1723,2181040964,Eucerin,2023-07-01,Giao hàng,neutral
1723,2181040964,Eucerin,2023-07-01,Chất lượng/Đóng gói,neutral
1723,2181040964,Eucerin,2023-07-01,Chất lượng/Đóng gói,positive
1724,2181040964,Eucerin,2023-07-01,Hiệu quả,negative
1724,2181040964,Eucerin,2023-07-01,Mùi hương/Kết cấu,neutral
1725,2181040964,Eucerin,2023-07-01,Mùi hương/Kết cấu,positive
1727,2181040964,Eucerin,2023-05-01,Dịch vụ/Uy tín,positive
1728,2181040964,Eucerin,2023-05-01,Hiệu quả,positive
1729,2181040964,Eucerin,2023-05-01,Chất lượng/Đóng gói,positive
1729,2181040964,Eucerin,2023-05-01,Mùi hương/Kết cấu,positive
1729,2181040964,Eucerin,2023-05-01,Giá cả,positive
1729,2181040964,Eucerin,2023-05-01,Mùi hương/Kết cấu,positive
1730,2181040964,Eucerin,2023-05-01,Chất lượng/Đóng gói,positive
1730,2181040964,Eucerin,2023-05-01,Giao hàng,neutral
1731,2181040964,Eucerin,2023-05-01,Giá cả,positive
1732,2181040964,Eucerin,2023-04-01,Mùi hương/Kết cấu,positive
1732,2181040964,Eucerin,2023-04-01,Giá cả,negative
1733,2181040964,Eucerin,2023-04-01,Mùi hương/Kết cấu,positive
1734,2181040964,Eucerin,2023-03-01,Chất lượng/Đóng gói,positive
1736,2120282735,Eucerin,2021-04-01,Giao hàng,neutral
1737,2120282735,Eucerin,2025-08-01,Hiệu quả,neutral
1738,2120282735,Eucerin,2022-04-01,Giao hàng,neutral
1738,2120282735,Eucerin,2022-04-01,Chất lượng/Đóng gói,positive
1739,2120282735,Eucerin,2021-11-01,Giao hàng,neutral
1740,2120282735,Eucerin,2021-07-01,Chất lượng/Đóng gói,positive
1741,2120282735,Eucerin,2025-10-01,Hiệu quả,positive
1742,2120282735,Eucerin,2025-05-01,Hiệu quả,positive
1742,2120282735,Eucerin,2025-05-01,Hiệu quả,positive
1742,2120282735,Eucerin,2025-05-01,Hiệu quả,neutral
1743,2120282735,Eucerin,2025-04-01,Chất lượng/Đóng gói,negative
1745,2120282735,Eucerin,2025-03-01,Giá cả,neutral
1747,2120282735,Eucerin,2025-02-01,Mùi hương/Kết cấu,positive
1748,2120282735,Eucerin,2025-01-01,Hiệu quả,neutral
1749,2120282735,Eucerin,2025-01-01,Hiệu quả,positive
1749,2120282735,Eucerin,2025-01-01,Hiệu quả,neutral
1750,2120282735,Eucerin,2025-01-01,Mùi hương/Kết cấu,positive
1750,2120282735,Eucerin,2025-01-01,Giá cả,neutral
1752,2120282735,Eucerin,2025-01-01,Hiệu quả,positive
1754,2120282735,Eucerin,2024-12-01,Hiệu quả,positive
1754,2120282735,Eucerin,2024-12-01,Hiệu quả,neutral
1755,2120282735,Eucerin,2024-12-01,Hiệu quả,neutral
1756,2120282735,Eucerin,2024-12-01,Hiệu quả,neutral
1758,2120282735,Eucerin,2024-10-01,Hiệu quả,neutral
1758,2120282735,Eucerin,2024-10-01,Hiệu quả,positive
1758,2120282735,Eucerin,2024-10-01,Mùi hương/Kết cấu,positive
1760,2120282735,Eucerin,2024-10-01,Hiệu quả,positive
1760,2120282735,Eucerin,2024-10-01,Hiệu quả,neutral
1760,2120282735,Eucerin,2024-10-01,Giá cả,neutral
1760,2120282735,Eucerin,2024-10-01,Hiệu quả,positive
1761,2120282735,Eucerin,2024-09-01,Giá cả,positive
1761,2120282735,Eucerin,2024-09-01,Chất lượng/Đóng gói,positive
1761,2120282735,Eucerin,2024-09-01,Giao hàng,positive
1762,2120282735,Eucerin,2024-09-01,Hiệu quả,positive
1762,2120282735,Eucerin,2024-09-01,Mùi hương/Kết cấu,positive
1763,2120282735,Eucerin,2024-08-01,Giao hàng,neutral
1763,2120282735,Eucerin,2024-08-01,Chất lượng/Đóng gói,positive
1766,2120282735,Eucerin,2024-07-01,Hiệu quả,positive
1766,2120282735,Eucerin,2024-07-01,Mùi hương/Kết cấu,positive
1767,2120282735,Eucerin,2024-07-01,Giá cả,neutral
1767,2120282735,Eucerin,2024-07-01,Hiệu quả,positive
1768,2120282735,Eucerin,2024-07-01,Hiệu quả,positive
1768,2120282735,Eucerin,2024-07-01,Mùi hương/Kết cấu,positive
1769,2120282735,Eucerin,2024-06-01,Giá cả,positive
1770,2120282735,Eucerin,2024-06-01,Giá cả,neutral
1770,2120282735,Eucerin,2024-06-01,Hiệu quả,neutral
1771,2120282735,Eucerin,2024-06-01,Mùi hương/Kết cấu,neutral
1771,2120282735,Eucerin,2024-06-01,Mùi hương/Kết cấu,neutral
1771,2120282735,Eucerin,2024-06-01,Mùi hương/Kết cấu,neutral
1771,2120282735,Eucerin,2024-06-01,Mùi hương/Kết cấu,neutral
1773,2120282735,Eucerin,2024-06-01,Giá cả,neutral
1774,2120282735,Eucerin,2024-06-01,Giá cả,neutral
1776,2120282735,Eucerin,2024-04-01,Giao hàng,neutral
1778,2120282735,Eucerin,2024-04-01,Hiệu quả,positive
1778,2120282735,Eucerin,2024-04-01,Mùi hương/Kết cấu,positive
1779,2120282735,Eucerin,2024-04-01,Chất lượng/Đóng gói,positive
1780,2120282735,Eucerin,2024-03-01,Chất lượng/Đóng gói,positive
1781,2120282735,Eucerin,2024-03-01,Hiệu quả,positive
1781,2120282735,Eucerin,2024-03-01,Mùi hương/Kết cấu,positive
1783,2120282735,Eucerin,2024-02-01,Mùi hương/Kết cấu,neutral
1783,2120282735,Eucerin,2024-02-01,Mùi hương/Kết cấu,neutral
1783,2120282735,Eucerin,2024-02-01,Giá cả,neutral
1785,2120282735,Eucerin,2023-12-01,Hiệu quả,positive
1785,2120282735,Eucerin,2023-12-01,Chất lượng/Đóng gói,positive
1785,2120282735,Eucerin,2023-12-01,Mùi hương/Kết cấu,positive
1786,2120282735,Eucerin,2023-11-01,Chất lượng/Đóng gói,positive
1787,2120282735,Eucerin,2023-11-01,Hiệu quả,positive
1787,2120282735,Eucerin,2023-11-01,Chất lượng/Đóng gói,positive
1787,2120282735,Eucerin,2023-11-01,Mùi hương/Kết cấu,positive
1789,2120282735,Eucerin,2023-10-01,Chất lượng/Đóng gói,positive
1790,2120282735,Eucerin,2023-10-01,Giao hàng,neutral
1790,2120282735,Eucerin,2023-10-01,Thành phần,neutral
1791,2120282735,Eucerin,2023-10-01,Giá cả,neutral
1792,2120282735,Eucerin,2023-10-01,Chất lượng/Đóng gói,positive
1792,2120282735,Eucerin,2023-10-01,Giá cả,neutral
1792,2120282735,Eucerin,2023-10-01,Giao hàng,neutral
1792,2120282735,Eucerin,2023-10-01,Mùi hương/Kết cấu,positive
1793,2120282735,Eucerin,2023-10-01,Mùi hương/Kết cấu,neutral
1795,2120282735,Eucerin,2023-10-01,Giá cả,neutral
1797,2120282735,Eucerin,2023-10-01,Hiệu quả,positive
1799,2120282735,Eucerin,2023-10-01,Chất lượng/Đóng gói,positive
1799,2120282735,Eucerin,2023-10-01,Giao hàng,neutral
1799,2120282735,Eucerin,2023-10-01,Hiệu quả,neutral
1799,2120282735,Eucerin,2023-10-01,Hiệu quả,positive
1800,2120282735,Eucerin,2023-10-01,Chất lượng/Đóng gói,positive
1800,2120282735,Eucerin,2023-10-01,Giao hàng,positive
1800,2120282735,Eucerin,2023-10-01,Dịch vụ/Uy tín,positive
1802,2120282735,Eucerin,2023-10-01,Mùi hương/Kết cấu,neutral
1803,2120282735,Eucerin,2023-10-01,Mùi hương/Kết cấu,neutral
1805,2120282735,Eucerin,2023-10-01,Chất lượng/Đóng gói,positive
1807,2120282735,Eucerin,2023-10-01,Giá cả,neutral
1808,2120282735,Eucerin,2023-10-01,Giao hàng,neutral
1808,2120282735,Eucerin,2023-10-01,Thành phần,neutral
1808,2120282735,Eucerin,2023-10-01,Chất lượng/Đóng gói,positive
1809,2120282735,Eucerin,2023-10-01,Chất lượng/Đóng gói,neutral
1809,2120282735,Eucerin,2023-10-01,Giao hàng,neutral
1811,2120282735,Eucerin,2023-09-01,Chất lượng/Đóng gói,neutral
1811,2120282735,Eucerin,2023-09-01,Giao hàng,neutral
1811,2120282735,Eucerin,2023-09-01,Dịch vụ/Uy tín,neutral
1812,2120282735,Eucerin,2023-09-01,Giá cả,neutral
1814,2120282735,Eucerin,2023-09-01,Hiệu quả,positive
1814,2120282735,Eucerin,2023-09-01,Chất lượng/Đóng gói,positive
1814,2120282735,Eucerin,2023-09-01,Mùi hương/Kết cấu,positive
1815,2120282735,Eucerin,2023-09-01,Hiệu quả,positive
1815,2120282735,Eucerin,2023-09-01,Giá cả,positive
1815,2120282735,Eucerin,2023-09-01,Chất lượng/Đóng gói,positive
1815,2120282735,Eucerin,2023-09-01,Mùi hương/Kết cấu,positive
1816,2120282735,Eucerin,2023-09-01,Giao hàng,neutral
1817,2120282735,Eucerin,2023-09-01,Chất lượng/Đóng gói,neutral
1817,2120282735,Eucerin,2023-09-01,Giao hàng,neutral
1817,2120282735,Eucerin,2023-09-01,Giao hàng,neutral
1818,2120282735,Eucerin,2023-09-01,Chất lượng/Đóng gói,positive
1818,2120282735,Eucerin,2023-09-01,Hiệu quả,negative
1818,2120282735,Eucerin,2023-09-01,Chất lượng/Đóng gói,positive
1819,2120282735,Eucerin,2023-09-01,Hiệu quả,negative
1819,2120282735,Eucerin,2023-09-01,Hiệu quả,positive
1820,2120282735,Eucerin,2023-09-01,Hiệu quả,positive
1820,2120282735,Eucerin,2023-09-01,Chất lượng/Đóng gói,positive
1820,2120282735,Eucerin,2023-09-01,Mùi hương/Kết cấu,positive
1821,2120282735,Eucerin,2023-09-01,Hiệu quả,positive
1821,2120282735,Eucerin,2023-09-01,Chất lượng/Đóng gói,positive
1821,2120282735,Eucerin,2023-09-01,Mùi hương/Kết cấu,positive
1821,2120282735,Eucerin,2023-09-01,Mùi hương/Kết cấu,positive
1822,2120282735,Eucerin,2023-09-01,Hiệu quả,positive
1822,2120282735,Eucerin,2023-09-01,Giá cả,positive
1822,2120282735,Eucerin,2023-09-01,Chất lượng/Đóng gói,positive
1822,2120282735,Eucerin,2023-09-01,Mùi hương/Kết cấu,positive
1824,2120282735,Eucerin,2023-08-01,Chất lượng/Đóng gói,neutral
1824,2120282735,Eucerin,2023-08-01,Giá cả,neutral
1826,2120282735,Eucerin,2023-08-01,Giao hàng,neutral
1827,2120282735,Eucerin,2023-08-01,Dịch vụ/Uy tín,positive
1829,2120282735,Eucerin,2023-08-01,Hiệu quả,positive
1829,2120282735,Eucerin,2023-08-01,Chất lượng/Đóng gói,positive
1829,2120282735,Eucerin,2023-08-01,Mùi hương/Kết cấu,positive
1831,2120283754,Eucerin,2025-04-01,Chất lượng/Đóng gói,neutral
1831,2120283754,Eucerin,2025-04-01,Chất lượng/Đóng gói,negative
1832,2120283754,Eucerin,2024-03-01,Dịch vụ/Uy tín,neutral
1832,2120283754,Eucerin,2024-03-01,Hiệu quả,neutral
1832,2120283754,Eucerin,2024-03-01,Chất lượng/Đóng gói,neutral
1832,2120283754,Eucerin,2024-03-01,Mùi hương/Kết cấu,neutral
1834,2120283754,Eucerin,2022-04-01,Giao hàng,neutral
1834,2120283754,Eucerin,2022-04-01,Dịch vụ/Uy tín,neutral
1834,2120283754,Eucerin,2022-04-01,Dịch vụ/Uy tín,neutral
1835,2120283754,Eucerin,2025-06-01,Hiệu quả,positive
1837,2120283754,Eucerin,2023-03-01,Giao hàng,neutral
1837,2120283754,Eucerin,2023-03-01,Dịch vụ/Uy tín,neutral
1840,2120283754,Eucerin,2023-09-01,Giá cả,neutral
1840,2120283754,Eucerin,2023-09-01,Giá cả,positive
1840,2120283754,Eucerin,2023-09-01,Chất lượng/Đóng gói,positive
1840,2120283754,Eucerin,2023-09-01,Giao hàng,positive
1842,2120283754,Eucerin,2022-01-01,Mùi hương/Kết cấu,neutral
1843,2120283754,Eucerin,2025-12-01,Chất lượng/Đóng gói,positive
1843,2120283754,Eucerin,2025-12-01,Giao hàng,neutral
1843,2120283754,Eucerin,2025-12-01,Chất lượng/Đóng gói,positive
1843,2120283754,Eucerin,2025-12-01,Hiệu quả,neutral
1843,2120283754,Eucerin,2025-12-01,Giá cả,neutral
1843,2120283754,Eucerin,2025-12-01,Mùi hương/Kết cấu,positive
1844,2120283754,Eucerin,2025-12-01,Hiệu quả,neutral
1845,2120283754,Eucerin,2025-11-01,Hiệu quả,positive
1845,2120283754,Eucerin,2025-11-01,Hiệu quả,positive
1845,2120283754,Eucerin,2025-11-01,Hiệu quả,neutral
1846,2120283754,Eucerin,2025-11-01,Mùi hương/Kết cấu,neutral
1847,2120283754,Eucerin,2025-11-01,Hiệu quả,neutral
1847,2120283754,Eucerin,2025-11-01,Hiệu quả,positive
1848,2120283754,Eucerin,2025-10-01,Giao hàng,neutral
1849,2120283754,Eucerin,2025-10-01,Dịch vụ/Uy tín,positive
1849,2120283754,Eucerin,2025-10-01,Mùi hương/Kết cấu,positive
1849,2120283754,Eucerin,2025-10-01,Hiệu quả,neutral
1850,2120283754,Eucerin,2025-09-01,Chất lượng/Đóng gói,neutral
1850,2120283754,Eucerin,2025-09-01,Giao hàng,neutral
1850,2120283754,Eucerin,2025-09-01,Dịch vụ/Uy tín,neutral
1851,2120283754,Eucerin,2025-09-01,Hiệu quả,positive
1851,2120283754,Eucerin,2025-09-01,Hiệu quả,positive
1851,2120283754,Eucerin,2025-09-01,Mùi hương/Kết cấu,positive
1851,2120283754,Eucerin,2025-09-01,Hiệu quả,positive
1853,2120283754,Eucerin,2025-09-01,Giá cả,neutral
1853,2120283754,Eucerin,2025-09-01,Hiệu quả,positive
1854,2120283754,Eucerin,2025-09-01,Giá cả,positive
1854,2120283754,Eucerin,2025-09-01,Hiệu quả,neutral
1855,2120283754,Eucerin,2025-09-01,Hiệu quả,neutral
1856,2120283754,Eucerin,2025-09-01,Mùi hương/Kết cấu,positive
1856,2120283754,Eucerin,2025-09-01,Thành phần,positive
1858,2120283754,Eucerin,2025-08-01,Hiệu quả,positive
1858,2120283754,Eucerin,2025-08-01,Mùi hương/Kết cấu,positive
1858,2120283754,Eucerin,2025-08-01,Hiệu quả,positive
1859,2120283754,Eucerin,2025-08-01,Chất lượng/Đóng gói,negative
1860,2120283754,Eucerin,2025-08-01,Hiệu quả,neutral
1861,2120283754,Eucerin,2025-08-01,Hiệu quả,positive
1862,2120283754,Eucerin,2025-08-01,Hiệu quả,neutral
1862,2120283754,Eucerin,2025-08-01,Hiệu quả,positive
1862,2120283754,Eucerin,2025-08-01,Dịch vụ/Uy tín,neutral
1863,2120283754,Eucerin,2025-08-01,Mùi hương/Kết cấu,positive
1864,2120283754,Eucerin,2025-08-01,Dịch vụ/Uy tín,positive
1864,2120283754,Eucerin,2025-08-01,Hiệu quả,positive
1864,2120283754,Eucerin,2025-08-01,Chất lượng/Đóng gói,positive
1865,2120283754,Eucerin,2025-07-01,Mùi hương/Kết cấu,neutral
1866,2120283754,Eucerin,2025-06-01,Hiệu quả,positive
1866,2120283754,Eucerin,2025-06-01,Giao hàng,neutral
1866,2120283754,Eucerin,2025-06-01,Giá cả,positive
1866,2120283754,Eucerin,2025-06-01,Mùi hương/Kết cấu,positive
1866,2120283754,Eucerin,2025-06-01,Mùi hương/Kết cấu,neutral
1867,2120283754,Eucerin,2025-06-01,Hiệu quả,neutral
1867,2120283754,Eucerin,2025-06-01,Hiệu quả,neutral
1868,2120283754,Eucerin,2025-06-01,Hiệu quả,positive
1869,2120283754,Eucerin,2025-06-01,Mùi hương/Kết cấu,positive
1871,2120283754,Eucerin,2025-06-01,Hiệu quả,negative
1871,2120283754,Eucerin,2025-06-01,Hiệu quả,positive
1872,2120283754,Eucerin,2025-06-01,Chất lượng/Đóng gói,positive
1872,2120283754,Eucerin,2025-06-01,Dịch vụ/Uy tín,positive
1873,2120283754,Eucerin,2025-06-01,Giá cả,positive
1873,2120283754,Eucerin,2025-06-01,Thành phần,neutral
1873,2120283754,Eucerin,2025-06-01,Hiệu quả,positive
1873,2120283754,Eucerin,2025-06-01,Giao hàng,neutral
1876,2120283754,Eucerin,2025-05-01,Hiệu quả,positive
1877,2120283754,Eucerin,2025-05-01,Mùi hương/Kết cấu,neutral
1878,2120283754,Eucerin,2025-05-01,Mùi hương/Kết cấu,neutral
1878,2120283754,Eucerin,2025-05-01,Mùi hương/Kết cấu,positive
1878,2120283754,Eucerin,2025-05-01,Hiệu quả,neutral
1879,2120283754,Eucerin,2025-05-01,Hiệu quả,neutral
1880,2120283754,Eucerin,2025-05-01,Hiệu quả,neutral
1881,2120283754,Eucerin,2025-05-01,Hiệu quả,neutral
1881,2120283754,Eucerin,2025-05-01,Hiệu quả,positive
1883,2120283754,Eucerin,2025-05-01,Hiệu quả,negative
1883,2120283754,Eucerin,2025-05-01,Giá cả,positive
1884,2120283754,Eucerin,2025-05-01,Hiệu quả,neutral
1885,2120283754,Eucerin,2025-05-01,Mùi hương/Kết cấu,positive
1886,2120283754,Eucerin,2025-04-01,Mùi hương/Kết cấu,positive
1886,2120283754,Eucerin,2025-04-01,Hiệu quả,neutral
1887,2120283754,Eucerin,2025-04-01,Chất lượng/Đóng gói,positive
1887,2120283754,Eucerin,2025-04-01,Giá cả,neutral
1887,2120283754,Eucerin,2025-04-01,Giá cả,neutral
1887,2120283754,Eucerin,2025-04-01,Giao hàng,positive
1887,2120283754,Eucerin,2025-04-01,Giá cả,neutral
1888,2120283754,Eucerin,2025-04-01,Hiệu quả,positive
1889,2120283754,Eucerin,2025-04-01,Hiệu quả,neutral
1889,2120283754,Eucerin,2025-04-01,Hiệu quả,positive
1890,2120283754,Eucerin,2025-04-01,Mùi hương/Kết cấu,neutral
1890,2120283754,Eucerin,2025-04-01,Hiệu quả,positive
1890,2120283754,Eucerin,2025-04-01,Hiệu quả,positive
1891,2120283754,Eucerin,2025-04-01,Hiệu quả,positive
1891,2120283754,Eucerin,2025-04-01,Hiệu quả,positive
1891,2120283754,Eucerin,2025-04-01,Mùi hương/Kết cấu,positive
1891,2120283754,Eucerin,2025-04-01,Hiệu quả,neutral
1892,2120283754,Eucerin,2025-04-01,Hiệu quả,neutral
1892,2120283754,Eucerin,2025-04-01,Hiệu quả,neutral
1892,2120283754,Eucerin,2025-04-01,Hiệu quả,positive
1892,2120283754,Eucerin,2025-04-01,Mùi hương/Kết cấu,positive
1893,2120283754,Eucerin,2025-04-01,Hiệu quả,positive
1893,2120283754,Eucerin,2025-04-01,Hiệu quả,neutral
1894,2120283754,Eucerin,2025-04-01,Hiệu quả,positive
1894,2120283754,Eucerin,2025-04-01,Giá cả,positive
1895,2120283754,Eucerin,2025-04-01,Hiệu quả,positive
1895,2120283754,Eucerin,2025-04-01,Hiệu quả,neutral
1896,2120283754,Eucerin,2025-03-01,Hiệu quả,positive
1896,2120283754,Eucerin,2025-03-01,Mùi hương/Kết cấu,positive
1896,2120283754,Eucerin,2025-03-01,Giá cả,positive
1897,2120283754,Eucerin,2025-03-01,Mùi hương/Kết cấu,positive
1898,2120283754,Eucerin,2025-03-01,Hiệu quả,positive
1898,2120283754,Eucerin,2025-03-01,Hiệu quả,positive
1898,2120283754,Eucerin,2025-03-01,Hiệu quả,neutral
1898,2120283754,Eucerin,2025-03-01,Hiệu quả,positive
1898,2120283754,Eucerin,2025-03-01,Hiệu quả,positive
1898,2120283754,Eucerin,2025-03-01,Mùi hương/Kết cấu,positive
1898,2120283754,Eucerin,2025-03-01,Hiệu quả,neutral
1899,2120283754,Eucerin,2025-03-01,Chất lượng/Đóng gói,neutral
1899,2120283754,Eucerin,2025-03-01,Chất lượng/Đóng gói,negative
1900,2120283754,Eucerin,2025-03-01,Hiệu quả,neutral
1900,2120283754,Eucerin,2025-03-01,Hiệu quả,neutral
1901,2120283754,Eucerin,2025-03-01,Hiệu quả,positive
1901,2120283754,Eucerin,2025-03-01,Hiệu quả,positive
1901,2120283754,Eucerin,2025-03-01,Mùi hương/Kết cấu,positive
1901,2120283754,Eucerin,2025-03-01,Hiệu quả,positive
1902,2120283754,Eucerin,2025-03-01,Hiệu quả,positive
1903,2120283754,Eucerin,2025-03-01,Hiệu quả,positive
1903,2120283754,Eucerin,2025-03-01,Hiệu quả,positive
1903,2120283754,Eucerin,2025-03-01,Hiệu quả,neutral
1903,2120283754,Eucerin,2025-03-01,Giá cả,neutral
1903,2120283754,Eucerin,2025-03-01,Hiệu quả,positive
1903,2120283754,Eucerin,2025-03-01,Mùi hương/Kết cấu,positive
1903,2120283754,Eucerin,2025-03-01,Thành phần,positive
1903,2120283754,Eucerin,2025-03-01,Mùi hương/Kết cấu,positive
1903,2120283754,Eucerin,2025-03-01,Mùi hương/Kết cấu,positive
1904,2120283754,Eucerin,2025-03-01,Giá cả,neutral
1904,2120283754,Eucerin,2025-03-01,Giá cả,neutral
1904,2120283754,Eucerin,2025-03-01,Giá cả,neutral
1905,2120283754,Eucerin,2025-03-01,Hiệu quả,positive
1905,2120283754,Eucerin,2025-03-01,Giá cả,positive
1905,2120283754,Eucerin,2025-03-01,Thành phần,positive
1906,2120283754,Eucerin,2025-03-01,Chất lượng/Đóng gói,neutral
1906,2120283754,Eucerin,2025-03-01,Giao hàng,neutral
1907,2120283754,Eucerin,2025-03-01,Mùi hương/Kết cấu,neutral
1908,2120283754,Eucerin,2025-03-01,Hiệu quả,positive
1910,2120283754,Eucerin,2025-03-01,Mùi hương/Kết cấu,neutral
1910,2120283754,Eucerin,2025-03-01,Hiệu quả,neutral
1910,2120283754,Eucerin,2025-03-01,Hiệu quả,positive
1910,2120283754,Eucerin,2025-03-01,Mùi hương/Kết cấu,positive
1910,2120283754,Eucerin,2025-03-01,Mùi hương/Kết cấu,positive
1911,2120283754,Eucerin,2025-03-01,Hiệu quả,neutral
1911,2120283754,Eucerin,2025-03-01,Mùi hương/Kết cấu,neutral
1912,2120283754,Eucerin,2025-02-01,Hiệu quả,neutral
1912,2120283754,Eucerin,2025-02-01,Hiệu quả,neutral
1912,2120283754,Eucerin,2025-02-01,Mùi hương/Kết cấu,positive
1913,2120283754,Eucerin,2025-01-01,Giá cả,positive
1913,2120283754,Eucerin,2025-01-01,Chất lượng/Đóng gói,positive
1914,2120283754,Eucerin,2025-01-01,Mùi hương/Kết cấu,positive
1915,2120283754,Eucerin,2025-01-01,Hiệu quả,neutral
1915,2120283754,Eucerin,2025-01-01,Mùi hương/Kết cấu,neutral
1916,2120283754,Eucerin,2025-01-01,Hiệu quả,positive
1918,2120283754,Eucerin,2025-01-01,Mùi hương/Kết cấu,positive
1918,2120283754,Eucerin,2025-01-01,Hiệu quả,neutral
1918,2120283754,Eucerin,2025-01-01,Mùi hương/Kết cấu,neutral
1919,2120283754,Eucerin,2025-01-01,Hiệu quả,neutral
1919,2120283754,Eucerin,2025-01-01,Mùi hương/Kết cấu,neutral
1919,2120283754,Eucerin,2025-01-01,Mùi hương/Kết cấu,positive
1920,2120283754,Eucerin,2025-01-01,Hiệu quả,neutral
1921,2120283754,Eucerin,2024-12-01,Hiệu quả,positive
1921,2120283754,Eucerin,2024-12-01,Mùi hương/Kết cấu,positive
1921,2120283754,Eucerin,2024-12-01,Hiệu quả,positive
1921,2120283754,Eucerin,2024-12-01,Mùi hương/Kết cấu,positive
1921,2120283754,Eucerin,2024-12-01,Hiệu quả,positive
1922,2120283754,Eucerin,2024-12-01,Mùi hương/Kết cấu,neutral
1922,2120283754,Eucerin,2024-12-01,Hiệu quả,positive
1923,2120283754,Eucerin,2024-12-01,Hiệu quả,positive
1924,2120283754,Eucerin,2024-12-01,Hiệu quả,positive
1924,2120283754,Eucerin,2024-12-01,Mùi hương/Kết cấu,positive
1924,2120283754,Eucerin,2024-12-01,Hiệu quả,neutral
1924,2120283754,Eucerin,2024-12-01,Mùi hương/Kết cấu,positive
1925,2120283754,Eucerin,2024-12-01,Mùi hương/Kết cấu,positive
1925,2120283754,Eucerin,2024-12-01,Hiệu quả,neutral
1925,2120283754,Eucerin,2024-12-01,Giá cả,neutral
1926,2120283754,Eucerin,2024-12-01,Hiệu quả,positive
1926,2120283754,Eucerin,2024-12-01,Giá cả,positive
1926,2120283754,Eucerin,2024-12-01,Thành phần,neutral
1927,2120283754,Eucerin,2024-12-01,Hiệu quả,neutral
1928,2120283754,Eucerin,2024-12-01,Hiệu quả,neutral
1929,2120283754,Eucerin,2024-12-01,Hiệu quả,positive
1930,2120283754,Eucerin,2024-12-01,Hiệu quả,neutral
1930,2120283754,Eucerin,2024-12-01,Hiệu quả,positive
1931,2120233905,Eucerin,2025-04-01,Chất lượng/Đóng gói,neutral
1931,2120233905,Eucerin,2025-04-01,Giá cả,neutral
1932,2120233905,Eucerin,2024-10-01,Chất lượng/Đóng gói,neutral
1932,2120233905,Eucerin,2024-10-01,Chất lượng/Đóng gói,negative
1933,2120233905,Eucerin,2022-04-01,Dịch vụ/Uy tín,neutral
1935,2120233905,Eucerin,2023-09-01,Hiệu quả,positive
1935,2120233905,Eucerin,2023-09-01,Hiệu quả,neutral
1941,2120233905,Eucerin,2022-12-01,Giá cả,neutral
1942,2120233905,Eucerin,2021-10-01,Chất lượng/Đóng gói,neutral
1942,2120233905,Eucerin,2021-10-01,Giá cả,neutral
1943,2120233905,Eucerin,2025-08-01,Hiệu quả,positive
1943,2120233905,Eucerin,2025-08-01,Hiệu quả,positive
1945,2120233905,Eucerin,2025-08-01,Hiệu quả,neutral
1946,2120233905,Eucerin,2025-07-01,Chất lượng/Đóng gói,positive
1946,2120233905,Eucerin,2025-07-01,Giao hàng,positive
1947,2120233905,Eucerin,2025-06-01,Hiệu quả,positive
1947,2120233905,Eucerin,2025-06-01,Hiệu quả,positive
1947,2120233905,Eucerin,2025-06-01,Giá cả,positive
1947,2120233905,Eucerin,2025-06-01,Hiệu quả,positive
1947,2120233905,Eucerin,2025-06-01,Thành phần,neutral
1947,2120233905,Eucerin,2025-06-01,Giá cả,positive
1947,2120233905,Eucerin,2025-06-01,Mùi hương/Kết cấu,positive
1947,2120233905,Eucerin,2025-06-01,Hiệu quả,neutral
1949,2120233905,Eucerin,2025-05-01,Chất lượng/Đóng gói,neutral
1951,2120233905,Eucerin,2025-04-01,Hiệu quả,neutral
1952,2120233905,Eucerin,2025-04-01,Hiệu quả,neutral
1953,2120233905,Eucerin,2025-03-01,Hiệu quả,neutral
1954,2120233905,Eucerin,2025-03-01,Giá cả,neutral
1957,2120233905,Eucerin,2025-02-01,Giá cả,neutral
1958,2120233905,Eucerin,2025-02-01,Hiệu quả,neutral
1959,2120233905,Eucerin,2025-01-01,Hiệu quả,positive
1959,2120233905,Eucerin,2025-01-01,Giá cả,positive
1959,2120233905,Eucerin,2025-01-01,Mùi hương/Kết cấu,positive
1961,2120233905,Eucerin,2024-12-01,Giá cả,negative
1961,2120233905,Eucerin,2024-12-01,Dịch vụ/Uy tín,negative
1962,2120233905,Eucerin,2024-12-01,Hiệu quả,positive
1962,2120233905,Eucerin,2024-12-01,Hiệu quả,positive
1963,2120233905,Eucerin,2024-12-01,Hiệu quả,positive
1963,2120233905,Eucerin,2024-12-01,Hiệu quả,positive
1964,2120233905,Eucerin,2024-10-01,Hiệu quả,positive
1964,2120233905,Eucerin,2024-10-01,Hiệu quả,neutral
1965,2120233905,Eucerin,2024-10-01,Hiệu quả,neutral
1965,2120233905,Eucerin,2024-10-01,Hiệu quả,neutral
1966,2120233905,Eucerin,2024-09-01,Giá cả,positive
1966,2120233905,Eucerin,2024-09-01,Mùi hương/Kết cấu,positive
1966,2120233905,Eucerin,2024-09-01,Hiệu quả,positive
1967,2120233905,Eucerin,2024-09-01,Giá cả,positive
1967,2120233905,Eucerin,2024-09-01,Mùi hương/Kết cấu,positive
1968,2120233905,Eucerin,2024-09-01,Hiệu quả,neutral
1969,2120233905,Eucerin,2024-09-01,Hiệu quả,neutral
1971,2120233905,Eucerin,2024-05-01,Hiệu quả,positive
1971,2120233905,Eucerin,2024-05-01,Hiệu quả,neutral
1972,2120233905,Eucerin,2024-04-01,Chất lượng/Đóng gói,positive
1973,2120233905,Eucerin,2024-04-01,Chất lượng/Đóng gói,neutral
1973,2120233905,Eucerin,2024-04-01,Chất lượng/Đóng gói,positive
1973,2120233905,Eucerin,2024-04-01,Giá cả,neutral
1974,2120233905,Eucerin,2024-03-01,Hiệu quả,positive
1976,2120233905,Eucerin,2024-03-01,Hiệu quả,positive
1976,2120233905,Eucerin,2024-03-01,Hiệu quả,neutral
1976,2120233905,Eucerin,2024-03-01,Hiệu quả,neutral
1977,2120233905,Eucerin,2024-02-01,Hiệu quả,positive
1978,2120233905,Eucerin,2024-02-01,Giao hàng,neutral
1978,2120233905,Eucerin,2024-02-01,Dịch vụ/Uy tín,neutral
1980,2120233905,Eucerin,2024-02-01,Hiệu quả,positive
1980,2120233905,Eucerin,2024-02-01,Hiệu quả,neutral
1982,2120233905,Eucerin,2023-11-01,Giá cả,neutral
1982,2120233905,Eucerin,2023-11-01,Giao hàng,neutral
1984,2120233905,Eucerin,2023-10-01,Hiệu quả,neutral
1985,2120233905,Eucerin,2023-10-01,Hiệu quả,neutral
1986,2120233905,Eucerin,2023-09-01,Chất lượng/Đóng gói,positive
1987,2120233905,Eucerin,2023-09-01,Hiệu quả,positive
1987,2120233905,Eucerin,2023-09-01,Giá cả,positive
1987,2120233905,Eucerin,2023-09-01,Chất lượng/Đóng gói,positive
1987,2120233905,Eucerin,2023-09-01,Mùi hương/Kết cấu,positive
1988,2120233905,Eucerin,2023-09-01,Giao hàng,neutral
1988,2120233905,Eucerin,2023-09-01,Giá cả,neutral
1989,2120233905,Eucerin,2023-09-01,Hiệu quả,positive
1989,2120233905,Eucerin,2023-09-01,Chất lượng/Đóng gói,positive
1989,2120233905,Eucerin,2023-09-01,Mùi hương/Kết cấu,positive
1990,2120233905,Eucerin,2023-09-01,Chất lượng/Đóng gói,positive
1990,2120233905,Eucerin,2023-09-01,Mùi hương/Kết cấu,neutral
1990,2120233905,Eucerin,2023-09-01,Hiệu quả,positive
1991,2120233905,Eucerin,2023-08-01,Hiệu quả,positive
1992,2120233905,Eucerin,2023-08-01,Hiệu quả,positive
1992,2120233905,Eucerin,2023-08-01,Chất lượng/Đóng gói,positive
1992,2120233905,Eucerin,2023-08-01,Mùi hương/Kết cấu,positive
1993,2120233905,Eucerin,2023-08-01,Hiệu quả,positive
1994,2120233905,Eucerin,2023-08-01,Chất lượng/Đóng gói,positive
1995,2120233905,Eucerin,2023-07-01,Giá cả,neutral
1996,2120233905,Eucerin,2023-06-01,Chất lượng/Đóng gói,positive
1996,2120233905,Eucerin,2023-06-01,Mùi hương/Kết cấu,positive
1996,2120233905,Eucerin,2023-06-01,Hiệu quả,positive
1996,2120233905,Eucerin,2023-06-01,Hiệu quả,neutral
1996,2120233905,Eucerin,2023-06-01,Hiệu quả,neutral
1997,2120233905,Eucerin,2023-05-01,Chất lượng/Đóng gói,positive
1997,2120233905,Eucerin,2023-05-01,Giao hàng,positive
1998,2120233905,Eucerin,2023-03-01,Dịch vụ/Uy tín,neutral
1999,2120233905,Eucerin,2023-03-01,Giao hàng,neutral
2000,2120233905,Eucerin,2022-12-01,Mùi hương/Kết cấu,positive
2001,2120233905,Eucerin,2022-11-01,Giá cả,neutral
2001,2120233905,Eucerin,2022-11-01,Giá cả,neutral
2001,2120233905,Eucerin,2022-11-01,Dịch vụ/Uy tín,neutral
2002,2120233905,Eucerin,2022-11-01,Hiệu quả,negative
2003,2120233905,Eucerin,2022-11-01,Giá cả,positive
2003,2120233905,Eucerin,2022-11-01,Chất lượng/Đóng gói,positive
2004,2120233905,Eucerin,2022-11-01,Hiệu quả,neutral
2005,2120233905,Eucerin,2022-10-01,Hiệu quả,positive
2006,2120233905,Eucerin,2022-10-01,Mùi hương/Kết cấu,positive
2006,2120233905,Eucerin,2022-10-01,Hiệu quả,positive
2007,2120233905,Eucerin,2022-10-01,Giao hàng,neutral
2007,2120233905,Eucerin,2022-10-01,Hiệu quả,negative
2008,2120233905,Eucerin,2022-10-01,Chất lượng/Đóng gói,positive
2008,2120233905,Eucerin,2022-10-01,Dịch vụ/Uy tín,positive
2009,2120233905,Eucerin,2022-10-01,Mùi hương/Kết cấu,neutral
2009,2120233905,Eucerin,2022-10-01,Dịch vụ/Uy tín,positive
2009,2120233905,Eucerin,2022-10-01,Dịch vụ/Uy tín,neutral
2009,2120233905,Eucerin,2022-10-01,Hiệu quả,positive
2010,2120233905,Eucerin,2022-10-01,Giá cả,neutral
2011,2120233905,Eucerin,2022-10-01,Chất lượng/Đóng gói,positive
2011,2120233905,Eucerin,2022-10-01,Dịch vụ/Uy tín,positive
2013,2120233905,Eucerin,2022-09-01,Hiệu quả,positive
2014,2120233905,Eucerin,2022-09-01,Chất lượng/Đóng gói,negative
2014,2120233905,Eucerin,2022-09-01,Giá cả,neutral
2014,2120233905,Eucerin,2022-09-01,Dịch vụ/Uy tín,neutral
2016,2120233905,Eucerin,2022-07-01,Dịch vụ/Uy tín,positive
2016,2120233905,Eucerin,2022-07-01,Dịch vụ/Uy tín,neutral
2016,2120233905,Eucerin,2022-07-01,Chất lượng/Đóng gói,positive
2016,2120233905,Eucerin,2022-07-01,Dịch vụ/Uy tín,positive
2017,2120233905,Eucerin,2022-07-01,Giao hàng,neutral
2017,2120233905,Eucerin,2022-07-01,Dịch vụ/Uy tín,neutral
2017,2120233905,Eucerin,2022-07-01,Hiệu quả,negative
2017,2120233905,Eucerin,2022-07-01,Giá cả,neutral
2018,2120233905,Eucerin,2022-05-01,Hiệu quả,neutral
2020,2120233905,Eucerin,2022-03-01,Giao hàng,neutral
2020,2120233905,Eucerin,2022-03-01,Giao hàng,neutral
2020,2120233905,Eucerin,2022-03-01,Hiệu quả,neutral
2021,2120233905,Eucerin,2022-03-01,Chất lượng/Đóng gói,positive
2021,2120233905,Eucerin,2022-03-01,Giá cả,positive
2021,2120233905,Eucerin,2022-03-01,Chất lượng/Đóng gói,positive
2021,2120233905,Eucerin,2022-03-01,Hiệu quả,positive
2023,2120233905,Eucerin,2021-12-01,Chất lượng/Đóng gói,positive
2023,2120233905,Eucerin,2021-12-01,Giao hàng,neutral
2023,2120233905,Eucerin,2021-12-01,Chất lượng/Đóng gói,neutral
2025,2120233905,Eucerin,2021-09-01,Giá cả,positive
2025,2120233905,Eucerin,2021-09-01,Giao hàng,positive
2026,2120233905,Eucerin,2021-06-01,Giao hàng,neutral
2028,2280116314,Eucerin,2024-10-01,Hiệu quả,neutral
2028,2280116314,Eucerin,2024-10-01,Hiệu quả,neutral
2028,2280116314,Eucerin,2024-10-01,Hiệu quả,neutral
2029,2280116314,Eucerin,2024-08-01,Hiệu quả,positive
2029,2280116314,Eucerin,2024-08-01,Hiệu quả,positive
2030,2280116314,Eucerin,2024-08-01,Mùi hương/Kết cấu,positive
2031,2280116314,Eucerin,2024-08-01,Mùi hương/Kết cấu,neutral
2032,2280116314,Eucerin,2024-08-01,Hiệu quả,positive
2032,2280116314,Eucerin,2024-08-01,Chất lượng/Đóng gói,positive
2032,2280116314,Eucerin,2024-08-01,Mùi hương/Kết cấu,positive
2033,2280116314,Eucerin,2024-03-01,Chất lượng/Đóng gói,positive
2033,2280116314,Eucerin,2024-03-01,Hiệu quả,positive
2033,2280116314,Eucerin,2024-03-01,Giá cả,neutral
2033,2280116314,Eucerin,2024-03-01,Hiệu quả,positive
2034,2280116314,Eucerin,2024-03-01,Hiệu quả,positive
2035,2280116314,Eucerin,2024-03-01,Chất lượng/Đóng gói,positive
2035,2280116314,Eucerin,2024-03-01,Giao hàng,neutral
2036,2280116314,Eucerin,2024-03-01,Mùi hương/Kết cấu,neutral
2036,2280116314,Eucerin,2024-03-01,Mùi hương/Kết cấu,neutral
2036,2280116314,Eucerin,2024-03-01,Hiệu quả,negative
2036,2280116314,Eucerin,2024-03-01,Giao hàng,neutral
2036,2280116314,Eucerin,2024-03-01,Dịch vụ/Uy tín,neutral
2037,2280116314,Eucerin,2024-03-01,Hiệu quả,neutral
2038,2280116314,Eucerin,2024-01-01,Hiệu quả,positive
2038,2280116314,Eucerin,2024-01-01,Chất lượng/Đóng gói,positive
2038,2280116314,Eucerin,2024-01-01,Mùi hương/Kết cấu,positive
2039,2120203981,Eucerin,2025-11-01,Giá cả,positive
2040,2120203981,Eucerin,2025-10-01,Hiệu quả,positive
2040,2120203981,Eucerin,2025-10-01,Mùi hương/Kết cấu,positive
2041,2120203981,Eucerin,2025-09-01,Giá cả,positive
2041,2120203981,Eucerin,2025-09-01,Giá cả,neutral
2042,2120203981,Eucerin,2025-09-01,Hiệu quả,positive
2043,2120203981,Eucerin,2025-08-01,Giao hàng,neutral
2043,2120203981,Eucerin,2025-08-01,Dịch vụ/Uy tín,neutral
2043,2120203981,Eucerin,2025-08-01,Chất lượng/Đóng gói,positive
2043,2120203981,Eucerin,2025-08-01,Giá cả,neutral
2043,2120203981,Eucerin,2025-08-01,Hiệu quả,positive
2044,2120203981,Eucerin,2025-05-01,Chất lượng/Đóng gói,neutral
2044,2120203981,Eucerin,2025-05-01,Chất lượng/Đóng gói,negative
2046,2120203981,Eucerin,2025-03-01,Hiệu quả,positive
2047,2120203981,Eucerin,2025-02-01,Mùi hương/Kết cấu,positive
2047,2120203981,Eucerin,2025-02-01,Thành phần,neutral
2048,2120203981,Eucerin,2024-11-01,Hiệu quả,positive
2048,2120203981,Eucerin,2024-11-01,Hiệu quả,positive
2050,2120203981,Eucerin,2024-10-01,Hiệu quả,negative
2051,2120203981,Eucerin,2024-10-01,Chất lượng/Đóng gói,positive
2051,2120203981,Eucerin,2024-10-01,Hiệu quả,neutral
2051,2120203981,Eucerin,2024-10-01,Hiệu quả,negative
2052,2120203981,Eucerin,2024-10-01,Hiệu quả,positive
2052,2120203981,Eucerin,2024-10-01,Hiệu quả,positive
2052,2120203981,Eucerin,2024-10-01,Mùi hương/Kết cấu,positive
2053,2120203981,Eucerin,2024-09-01,Hiệu quả,positive
2053,2120203981,Eucerin,2024-09-01,Hiệu quả,positive
2053,2120203981,Eucerin,2024-09-01,Hiệu quả,positive
2054,2120203981,Eucerin,2024-09-01,Hiệu quả,positive
2054,2120203981,Eucerin,2024-09-01,Thành phần,neutral
2055,2120203981,Eucerin,2024-09-01,Hiệu quả,positive
2055,2120203981,Eucerin,2024-09-01,Hiệu quả,neutral
2055,2120203981,Eucerin,2024-09-01,Mùi hương/Kết cấu,neutral
2056,2120203981,Eucerin,2024-08-01,Hiệu quả,positive
2056,2120203981,Eucerin,2024-08-01,Hiệu quả,neutral
2056,2120203981,Eucerin,2024-08-01,Mùi hương/Kết cấu,neutral
2056,2120203981,Eucerin,2024-08-01,Mùi hương/Kết cấu,positive
2057,2120203981,Eucerin,2024-06-01,Giao hàng,neutral
2057,2120203981,Eucerin,2024-06-01,Mùi hương/Kết cấu,neutral
2058,2120203981,Eucerin,2024-06-01,Hiệu quả,negative
2058,2120203981,Eucerin,2024-06-01,Giá cả,neutral
2059,2120203981,Eucerin,2024-06-01,Hiệu quả,positive
2059,2120203981,Eucerin,2024-06-01,Giá cả,positive
2059,2120203981,Eucerin,2024-06-01,Chất lượng/Đóng gói,positive
2059,2120203981,Eucerin,2024-06-01,Mùi hương/Kết cấu,neutral
2061,2120203981,Eucerin,2024-05-01,Hiệu quả,neutral
2061,2120203981,Eucerin,2024-05-01,Mùi hương/Kết cấu,positive
2062,2120203981,Eucerin,2024-05-01,Hiệu quả,neutral
2062,2120203981,Eucerin,2024-05-01,Mùi hương/Kết cấu,positive
2062,2120203981,Eucerin,2024-05-01,Hiệu quả,positive
2062,2120203981,Eucerin,2024-05-01,Hiệu quả,positive
2063,2120203981,Eucerin,2024-04-01,Giá cả,positive
2064,2120203981,Eucerin,2024-04-01,Giao hàng,neutral
2064,2120203981,Eucerin,2024-04-01,Giá cả,neutral
2064,2120203981,Eucerin,2024-04-01,Chất lượng/Đóng gói,neutral
2064,2120203981,Eucerin,2024-04-01,Dịch vụ/Uy tín,neutral
2065,2120203981,Eucerin,2024-03-01,Mùi hương/Kết cấu,positive
2065,2120203981,Eucerin,2024-03-01,Hiệu quả,positive
2066,2120203981,Eucerin,2024-03-01,Mùi hương/Kết cấu,positive
2067,2120203981,Eucerin,2024-03-01,Giá cả,neutral
2068,2120203981,Eucerin,2024-03-01,Giao hàng,neutral
2068,2120203981,Eucerin,2024-03-01,Giá cả,neutral
2069,2120203981,Eucerin,2024-03-01,Mùi hương/Kết cấu,neutral
2070,2120203981,Eucerin,2024-03-01,Hiệu quả,positive
2070,2120203981,Eucerin,2024-03-01,Chất lượng/Đóng gói,positive
2071,2120203981,Eucerin,2024-03-01,Giao hàng,neutral
2071,2120203981,Eucerin,2024-03-01,Chất lượng/Đóng gói,positive
2072,2120203981,Eucerin,2024-03-01,Hiệu quả,neutral
2072,2120203981,Eucerin,2024-03-01,Mùi hương/Kết cấu,positive
2072,2120203981,Eucerin,2024-03-01,Hiệu quả,positive
2072,2120203981,Eucerin,2024-03-01,Mùi hương/Kết cấu,positive
2073,2120203981,Eucerin,2024-03-01,Hiệu quả,positive
2073,2120203981,Eucerin,2024-03-01,Mùi hương/Kết cấu,positive
2074,2120203981,Eucerin,2024-03-01,Thành phần,neutral
2074,2120203981,Eucerin,2024-03-01,Thành phần,neutral
2074,2120203981,Eucerin,2024-03-01,Hiệu quả,positive
2075,2120203981,Eucerin,2024-03-01,Hiệu quả,positive
2075,2120203981,Eucerin,2024-03-01,Hiệu quả,neutral
2075,2120203981,Eucerin,2024-03-01,Mùi hương/Kết cấu,positive
2077,2120203981,Eucerin,2024-03-01,Mùi hương/Kết cấu,neutral
2078,2120203981,Eucerin,2024-02-01,Giá cả,negative
2079,2120203981,Eucerin,2024-02-01,Mùi hương/Kết cấu,neutral
2079,2120203981,Eucerin,2024-02-01,Hiệu quả,neutral
2079,2120203981,Eucerin,2024-02-01,Mùi hương/Kết cấu,positive
2082,2120203981,Eucerin,2024-01-01,Hiệu quả,positive
2082,2120203981,Eucerin,2024-01-01,Mùi hương/Kết cấu,neutral
2083,2120203981,Eucerin,2024-01-01,Hiệu quả,positive
2084,2120203981,Eucerin,2024-01-01,Giá cả,neutral
2084,2120203981,Eucerin,2024-01-01,Hiệu quả,positive
2085,2120203981,Eucerin,2023-12-01,Giao hàng,neutral
2085,2120203981,Eucerin,2023-12-01,Hiệu quả,neutral
2086,2120203981,Eucerin,2023-11-01,Giá cả,neutral
2086,2120203981,Eucerin,2023-11-01,Dịch vụ/Uy tín,neutral
2087,2120203981,Eucerin,2023-11-01,Hiệu quả,positive
2087,2120203981,Eucerin,2023-11-01,Mùi hương/Kết cấu,positive
2088,2120203981,Eucerin,2023-11-01,Mùi hương/Kết cấu,neutral
2089,2120203981,Eucerin,2023-11-01,Hiệu quả,neutral
2089,2120203981,Eucerin,2023-11-01,Hiệu quả,positive
2089,2120203981,Eucerin,2023-11-01,Hiệu quả,positive
2090,2120203981,Eucerin,2023-11-01,Chất lượng/Đóng gói,positive
2090,2120203981,Eucerin,2023-11-01,Dịch vụ/Uy tín,positive
2091,2120203981,Eucerin,2023-11-01,Mùi hương/Kết cấu,positive
2092,2120203981,Eucerin,2023-09-01,Hiệu quả,positive
2092,2120203981,Eucerin,2023-09-01,Chất lượng/Đóng gói,positive
2092,2120203981,Eucerin,2023-09-01,Mùi hương/Kết cấu,positive
2093,2120203981,Eucerin,2023-09-01,Hiệu quả,positive
2093,2120203981,Eucerin,2023-09-01,Chất lượng/Đóng gói,positive
2093,2120203981,Eucerin,2023-09-01,Mùi hương/Kết cấu,positive
2094,2120203981,Eucerin,2023-08-01,Dịch vụ/Uy tín,neutral
2094,2120203981,Eucerin,2023-08-01,Chất lượng/Đóng gói,positive
2094,2120203981,Eucerin,2023-08-01,Giao hàng,neutral
2094,2120203981,Eucerin,2023-08-01,Dịch vụ/Uy tín,neutral
2095,2120203981,Eucerin,2023-08-01,Hiệu quả,positive
2095,2120203981,Eucerin,2023-08-01,Chất lượng/Đóng gói,positive
2095,2120203981,Eucerin,2023-08-01,Mùi hương/Kết cấu,positive
2096,2120203981,Eucerin,2023-08-01,Giá cả,positive
2098,2120203981,Eucerin,2023-07-01,Giao hàng,neutral
2101,2120203981,Eucerin,2023-06-01,Dịch vụ/Uy tín,positive
2101,2120203981,Eucerin,2023-06-01,Giao hàng,neutral
2103,2120203981,Eucerin,2023-06-01,Hiệu quả,neutral
2104,2120203981,Eucerin,2023-06-01,Chất lượng/Đóng gói,positive
2105,2120203981,Eucerin,2023-04-01,Mùi hương/Kết cấu,neutral
2105,2120203981,Eucerin,2023-04-01,Mùi hương/Kết cấu,neutral
2105,2120203981,Eucerin,2023-04-01,Giá cả,neutral
2106,2120203981,Eucerin,2023-03-01,Chất lượng/Đóng gói,positive
2106,2120203981,Eucerin,2023-03-01,Hiệu quả,positive
2106,2120203981,Eucerin,2023-03-01,Mùi hương/Kết cấu,positive
2106,2120203981,Eucerin,2023-03-01,Mùi hương/Kết cấu,negative
2107,2120203981,Eucerin,2023-03-01,Chất lượng/Đóng gói,positive
2108,2120203981,Eucerin,2023-03-01,Giá cả,neutral
2108,2120203981,Eucerin,2023-03-01,Giao hàng,neutral
2109,2120203981,Eucerin,2023-03-01,Hiệu quả,positive
2109,2120203981,Eucerin,2023-03-01,Chất lượng/Đóng gói,positive
2110,2120203981,Eucerin,2023-02-01,Hiệu quả,negative
2112,2120203981,Eucerin,2022-12-01,Chất lượng/Đóng gói,positive
2112,2120203981,Eucerin,2022-12-01,Giá cả,neutral
2112,2120203981,Eucerin,2022-12-01,Dịch vụ/Uy tín,positive
2112,2120203981,Eucerin,2022-12-01,Dịch vụ/Uy tín,positive
2113,2120203981,Eucerin,2022-12-01,Chất lượng/Đóng gói,neutral
2113,2120203981,Eucerin,2022-12-01,Thành phần,neutral
2113,2120203981,Eucerin,2022-12-01,Mùi hương/Kết cấu,neutral
2113,2120203981,Eucerin,2022-12-01,Hiệu quả,positive
2115,2120203981,Eucerin,2022-09-01,Chất lượng/Đóng gói,neutral
2115,2120203981,Eucerin,2022-09-01,Giao hàng,neutral
2117,2120326607,Eucerin,2025-05-01,Giá cả,neutral
2119,2120326607,Eucerin,2021-10-01,Hiệu quả,neutral
2119,2120326607,Eucerin,2021-10-01,Giá cả,neutral
2120,2120326607,Eucerin,2025-05-01,Mùi hương/Kết cấu,positive
2120,2120326607,Eucerin,2025-05-01,Hiệu quả,neutral
2121,2120326607,Eucerin,2025-05-01,Dịch vụ/Uy tín,neutral
2121,2120326607,Eucerin,2025-05-01,Giá cả,positive
2121,2120326607,Eucerin,2025-05-01,Giao hàng,neutral
2121,2120326607,Eucerin,2025-05-01,Dịch vụ/Uy tín,neutral
2122,2120326607,Eucerin,2025-04-01,Giá cả,neutral
2123,2120326607,Eucerin,2025-03-01,Giá cả,neutral
2123,2120326607,Eucerin,2025-03-01,Giá cả,neutral
2123,2120326607,Eucerin,2025-03-01,Giá cả,neutral
2123,2120326607,Eucerin,2025-03-01,Giá cả,neutral
2125,2120326607,Eucerin,2025-03-01,Hiệu quả,positive
2125,2120326607,Eucerin,2025-03-01,Mùi hương/Kết cấu,positive
2126,2120326607,Eucerin,2024-12-01,Hiệu quả,neutral
2127,2120326607,Eucerin,2024-11-01,Dịch vụ/Uy tín,neutral
2127,2120326607,Eucerin,2024-11-01,Giá cả,positive
2127,2120326607,Eucerin,2024-11-01,Giao hàng,neutral
2127,2120326607,Eucerin,2024-11-01,Dịch vụ/Uy tín,neutral
2128,2120326607,Eucerin,2024-10-01,Mùi hương/Kết cấu,positive
2128,2120326607,Eucerin,2024-10-01,Hiệu quả,negative
2128,2120326607,Eucerin,2024-10-01,Hiệu quả,neutral
2129,2120326607,Eucerin,2024-10-01,Hiệu quả,positive
2129,2120326607,Eucerin,2024-10-01,Giá cả,positive
2129,2120326607,Eucerin,2024-10-01,Thành phần,positive
2129,2120326607,Eucerin,2024-10-01,Mùi hương/Kết cấu,positive
2130,2120326607,Eucerin,2024-09-01,Mùi hương/Kết cấu,positive
2130,2120326607,Eucerin,2024-09-01,Hiệu quả,neutral
2131,2120326607,Eucerin,2024-09-01,Hiệu quả,negative
2131,2120326607,Eucerin,2024-09-01,Giá cả,positive
2131,2120326607,Eucerin,2024-09-01,Chất lượng/Đóng gói,positive
2132,2120326607,Eucerin,2024-08-01,Giá cả,neutral
2134,2120326607,Eucerin,2024-07-01,Giá cả,neutral
2134,2120326607,Eucerin,2024-07-01,Giá cả,positive
2135,2120326607,Eucerin,2024-06-01,Mùi hương/Kết cấu,neutral
2135,2120326607,Eucerin,2024-06-01,Hiệu quả,negative
2136,2120326607,Eucerin,2024-05-01,Giá cả,neutral
2136,2120326607,Eucerin,2024-05-01,Mùi hương/Kết cấu,neutral
2137,2120326607,Eucerin,2024-04-01,Mùi hương/Kết cấu,neutral
2137,2120326607,Eucerin,2024-04-01,Hiệu quả,neutral
2137,2120326607,Eucerin,2024-04-01,Mùi hương/Kết cấu,neutral
2137,2120326607,Eucerin,2024-04-01,Giá cả,neutral
2138,2120326607,Eucerin,2024-04-01,Mùi hương/Kết cấu,positive
2139,2120326607,Eucerin,2024-03-01,Giá cả,neutral
2140,2120326607,Eucerin,2024-03-01,Giao hàng,neutral
2140,2120326607,Eucerin,2024-03-01,Dịch vụ/Uy tín,neutral
2141,2120326607,Eucerin,2024-03-01,Chất lượng/Đóng gói,positive
2141,2120326607,Eucerin,2024-03-01,Chất lượng/Đóng gói,positive
2142,2120326607,Eucerin,2024-03-01,Mùi hương/Kết cấu,neutral
2143,2120326607,Eucerin,2024-03-01,Giá cả,neutral
2143,2120326607,Eucerin,2024-03-01,Hiệu quả,neutral
2143,2120326607,Eucerin,2024-03-01,Mùi hương/Kết cấu,neutral
2143,2120326607,Eucerin,2024-03-01,Mùi hương/Kết cấu,positive
2145,2120326607,Eucerin,2024-01-01,Chất lượng/Đóng gói,neutral
2145,2120326607,Eucerin,2024-01-01,Mùi hương/Kết cấu,positive
2145,2120326607,Eucerin,2024-01-01,Hiệu quả,positive
2145,2120326607,Eucerin,2024-01-01,Hiệu quả,positive
2146,2120326607,Eucerin,2024-01-01,Hiệu quả,neutral
2146,2120326607,Eucerin,2024-01-01,Mùi hương/Kết cấu,neutral
2147,2120326607,Eucerin,2024-01-01,Hiệu quả,positive
2149,2120326607,Eucerin,2023-11-01,Chất lượng/Đóng gói,neutral
2149,2120326607,Eucerin,2023-11-01,Chất lượng/Đóng gói,positive
2150,2120326607,Eucerin,2023-11-01,Mùi hương/Kết cấu,neutral
2153,2120326607,Eucerin,2023-10-01,Giao hàng,neutral
2153,2120326607,Eucerin,2023-10-01,Dịch vụ/Uy tín,neutral
2153,2120326607,Eucerin,2023-10-01,Chất lượng/Đóng gói,positive
2153,2120326607,Eucerin,2023-10-01,Giá cả,positive
2154,2120326607,Eucerin,2023-10-01,Hiệu quả,neutral
2154,2120326607,Eucerin,2023-10-01,Mùi hương/Kết cấu,neutral
2155,2120326607,Eucerin,2023-10-01,Hiệu quả,negative
2155,2120326607,Eucerin,2023-10-01,Giao hàng,neutral
2155,2120326607,Eucerin,2023-10-01,Chất lượng/Đóng gói,neutral
2155,2120326607,Eucerin,2023-10-01,Giá cả,positive
2156,2120326607,Eucerin,2023-09-01,Hiệu quả,positive
2156,2120326607,Eucerin,2023-09-01,Giá cả,positive
2157,2120326607,Eucerin,2023-09-01,Mùi hương/Kết cấu,positive
2159,2120326607,Eucerin,2023-08-01,Hiệu quả,positive
2159,2120326607,Eucerin,2023-08-01,Chất lượng/Đóng gói,positive
2159,2120326607,Eucerin,2023-08-01,Mùi hương/Kết cấu,positive
2159,2120326607,Eucerin,2023-08-01,Mùi hương/Kết cấu,positive
2160,2120326607,Eucerin,2023-07-01,Chất lượng/Đóng gói,neutral
2162,2120326607,Eucerin,2023-06-01,Hiệu quả,neutral
2163,2120326607,Eucerin,2023-05-01,Chất lượng/Đóng gói,positive
2163,2120326607,Eucerin,2023-05-01,Giao hàng,positive
2164,2120326607,Eucerin,2023-03-01,Giao hàng,neutral
2164,2120326607,Eucerin,2023-03-01,Hiệu quả,positive
2165,2120326607,Eucerin,2023-03-01,Hiệu quả,positive
2166,2120326607,Eucerin,2023-03-01,Dịch vụ/Uy tín,neutral
2171,2120326607,Eucerin,2022-12-01,Giá cả,neutral
2171,2120326607,Eucerin,2022-12-01,Giao hàng,neutral
2173,2120326607,Eucerin,2022-11-01,Giá cả,neutral
2173,2120326607,Eucerin,2022-11-01,Giá cả,neutral
2173,2120326607,Eucerin,2022-11-01,Giá cả,neutral
2175,2120326607,Eucerin,2022-08-01,Chất lượng/Đóng gói,positive
2175,2120326607,Eucerin,2022-08-01,Chất lượng/Đóng gói,positive
2178,2120326607,Eucerin,2022-04-01,Chất lượng/Đóng gói,positive
2178,2120326607,Eucerin,2022-04-01,Dịch vụ/Uy tín,positive
2178,2120326607,Eucerin,2022-04-01,Giao hàng,neutral
2178,2120326607,Eucerin,2022-04-01,Chất lượng/Đóng gói,positive
2180,2120326607,Eucerin,2022-03-01,Giao hàng,neutral
2180,2120326607,Eucerin,2022-03-01,Giao hàng,positive
2183,2120326607,Eucerin,2021-06-01,Giá cả,positive
2184,2120326607,Eucerin,2021-01-01,Hiệu quả,negative
2185,2120274771,Eucerin,2024-09-01,Hiệu quả,negative
2185,2120274771,Eucerin,2024-09-01,Giá cả,neutral
2186,2120274771,Eucerin,2023-07-01,Hiệu quả,neutral
2186,2120274771,Eucerin,2023-07-01,Hiệu quả,neutral
2187,2120274771,Eucerin,2022-10-01,Hiệu quả,positive
2188,2120274771,Eucerin,2023-06-01,Mùi hương/Kết cấu,neutral
2188,2120274771,Eucerin,2023-06-01,Chất lượng/Đóng gói,positive
2188,2120274771,Eucerin,2023-06-01,Mùi hương/Kết cấu,positive
2188,2120274771,Eucerin,2023-06-01,Hiệu quả,neutral
2188,2120274771,Eucerin,2023-06-01,Hiệu quả,positive
2188,2120274771,Eucerin,2023-06-01,Giá cả,positive
2188,2120274771,Eucerin,2023-06-01,Hiệu quả,positive
2189,2120274771,Eucerin,2023-02-01,Giá cả,neutral
2189,2120274771,Eucerin,2023-02-01,Giá cả,negative
2189,2120274771,Eucerin,2023-02-01,Hiệu quả,positive
2190,2120274771,Eucerin,2025-12-01,Hiệu quả,positive
2190,2120274771,Eucerin,2025-12-01,Mùi hương/Kết cấu,positive
2191,2120274771,Eucerin,2025-11-01,Hiệu quả,neutral
2191,2120274771,Eucerin,2025-11-01,Mùi hương/Kết cấu,positive
2192,2120274771,Eucerin,2025-11-01,Hiệu quả,neutral
2192,2120274771,Eucerin,2025-11-01,Mùi hương/Kết cấu,positive
2193,2120274771,Eucerin,2025-11-01,Chất lượng/Đóng gói,positive
2193,2120274771,Eucerin,2025-11-01,Dịch vụ/Uy tín,positive
2194,2120274771,Eucerin,2025-11-01,Hiệu quả,positive
2194,2120274771,Eucerin,2025-11-01,Mùi hương/Kết cấu,positive
2195,2120274771,Eucerin,2025-09-01,Hiệu quả,positive
2195,2120274771,Eucerin,2025-09-01,Hiệu quả,positive
2195,2120274771,Eucerin,2025-09-01,Giá cả,neutral
2196,2120274771,Eucerin,2025-08-01,Hiệu quả,positive
2196,2120274771,Eucerin,2025-08-01,Hiệu quả,positive
2197,2120274771,Eucerin,2025-07-01,Hiệu quả,positive
2198,2120274771,Eucerin,2025-07-01,Hiệu quả,positive
2198,2120274771,Eucerin,2025-07-01,Hiệu quả,positive
2199,2120274771,Eucerin,2025-06-01,Hiệu quả,positive
2199,2120274771,Eucerin,2025-06-01,Mùi hương/Kết cấu,positive
2199,2120274771,Eucerin,2025-06-01,Hiệu quả,neutral
2200,2120274771,Eucerin,2025-06-01,Mùi hương/Kết cấu,neutral
2200,2120274771,Eucerin,2025-06-01,Hiệu quả,neutral
2200,2120274771,Eucerin,2025-06-01,Hiệu quả,neutral
2201,2120274771,Eucerin,2025-05-01,Hiệu quả,positive
2201,2120274771,Eucerin,2025-05-01,Giá cả,positive
2201,2120274771,Eucerin,2025-05-01,Giá cả,neutral
2201,2120274771,Eucerin,2025-05-01,Thành phần,neutral
2202,2120274771,Eucerin,2025-05-01,Hiệu quả,positive
2203,2120274771,Eucerin,2025-05-01,Hiệu quả,neutral
2204,2120274771,Eucerin,2025-05-01,Hiệu quả,neutral
2204,2120274771,Eucerin,2025-05-01,Giá cả,neutral
2206,2120274771,Eucerin,2025-05-01,Hiệu quả,positive
2206,2120274771,Eucerin,2025-05-01,Hiệu quả,neutral
2206,2120274771,Eucerin,2025-05-01,Hiệu quả,neutral
2207,2120274771,Eucerin,2025-05-01,Hiệu quả,neutral
2207,2120274771,Eucerin,2025-05-01,Mùi hương/Kết cấu,positive
2207,2120274771,Eucerin,2025-05-01,Hiệu quả,neutral
2208,2120274771,Eucerin,2025-05-01,Hiệu quả,neutral
2208,2120274771,Eucerin,2025-05-01,Hiệu quả,positive
2209,2120274771,Eucerin,2025-05-01,Hiệu quả,neutral
2209,2120274771,Eucerin,2025-05-01,Mùi hương/Kết cấu,positive
2209,2120274771,Eucerin,2025-05-01,Hiệu quả,neutral
2210,2120274771,Eucerin,2025-05-01,Hiệu quả,neutral
2210,2120274771,Eucerin,2025-05-01,Hiệu quả,positive
2210,2120274771,Eucerin,2025-05-01,Hiệu quả,positive
2210,2120274771,Eucerin,2025-05-01,Mùi hương/Kết cấu,positive
2211,2120274771,Eucerin,2025-04-01,Hiệu quả,positive
2211,2120274771,Eucerin,2025-04-01,Hiệu quả,positive
2211,2120274771,Eucerin,2025-04-01,Hiệu quả,positive
2211,2120274771,Eucerin,2025-04-01,Mùi hương/Kết cấu,positive
2211,2120274771,Eucerin,2025-04-01,Hiệu quả,positive
2212,2120274771,Eucerin,2025-04-01,Hiệu quả,positive
2212,2120274771,Eucerin,2025-04-01,Mùi hương/Kết cấu,positive
2212,2120274771,Eucerin,2025-04-01,Mùi hương/Kết cấu,neutral
2212,2120274771,Eucerin,2025-04-01,Hiệu quả,neutral
2213,2120274771,Eucerin,2025-04-01,Hiệu quả,neutral
2214,2120274771,Eucerin,2025-04-01,Hiệu quả,positive
2214,2120274771,Eucerin,2025-04-01,Hiệu quả,positive
2215,2120274771,Eucerin,2025-04-01,Mùi hương/Kết cấu,neutral
2215,2120274771,Eucerin,2025-04-01,Mùi hương/Kết cấu,positive
2215,2120274771,Eucerin,2025-04-01,Mùi hương/Kết cấu,neutral
2215,2120274771,Eucerin,2025-04-01,Hiệu quả,positive
2215,2120274771,Eucerin,2025-04-01,Hiệu quả,positive
2215,2120274771,Eucerin,2025-04-01,Hiệu quả,positive
2215,2120274771,Eucerin,2025-04-01,Hiệu quả,positive
2215,2120274771,Eucerin,2025-04-01,Mùi hương/Kết cấu,neutral
2216,2120274771,Eucerin,2025-04-01,Hiệu quả,neutral
2216,2120274771,Eucerin,2025-04-01,Hiệu quả,positive
2216,2120274771,Eucerin,2025-04-01,Hiệu quả,neutral
2217,2120274771,Eucerin,2025-03-01,Hiệu quả,neutral
2217,2120274771,Eucerin,2025-03-01,Giá cả,neutral
2219,2120274771,Eucerin,2025-03-01,Hiệu quả,neutral
2220,2120274771,Eucerin,2025-03-01,Mùi hương/Kết cấu,positive
2220,2120274771,Eucerin,2025-03-01,Hiệu quả,neutral
2221,2120274771,Eucerin,2025-03-01,Hiệu quả,positive
2221,2120274771,Eucerin,2025-03-01,Hiệu quả,neutral
2222,2120274771,Eucerin,2025-03-01,Hiệu quả,positive
2222,2120274771,Eucerin,2025-03-01,Mùi hương/Kết cấu,positive
2222,2120274771,Eucerin,2025-03-01,Hiệu quả,positive
2224,2120274771,Eucerin,2025-03-01,Hiệu quả,positive
2224,2120274771,Eucerin,2025-03-01,Mùi hương/Kết cấu,positive
2225,2120274771,Eucerin,2025-03-01,Hiệu quả,positive
2225,2120274771,Eucerin,2025-03-01,Hiệu quả,neutral
2226,2120274771,Eucerin,2025-03-01,Giá cả,neutral
2226,2120274771,Eucerin,2025-03-01,Hiệu quả,positive
2227,2120274771,Eucerin,2025-03-01,Giao hàng,neutral
2228,2120274771,Eucerin,2025-03-01,Hiệu quả,neutral
2228,2120274771,Eucerin,2025-03-01,Hiệu quả,neutral
2229,2120274771,Eucerin,2025-03-01,Hiệu quả,positive
2229,2120274771,Eucerin,2025-03-01,Hiệu quả,positive
2229,2120274771,Eucerin,2025-03-01,Mùi hương/Kết cấu,positive
2230,2120274771,Eucerin,2025-03-01,Hiệu quả,positive
2231,2120274771,Eucerin,2025-02-01,Hiệu quả,neutral
2231,2120274771,Eucerin,2025-02-01,Hiệu quả,neutral
2231,2120274771,Eucerin,2025-02-01,Mùi hương/Kết cấu,neutral
2232,2120274771,Eucerin,2025-02-01,Hiệu quả,neutral
2232,2120274771,Eucerin,2025-02-01,Hiệu quả,neutral
2232,2120274771,Eucerin,2025-02-01,Hiệu quả,positive
2232,2120274771,Eucerin,2025-02-01,Mùi hương/Kết cấu,positive
2232,2120274771,Eucerin,2025-02-01,Mùi hương/Kết cấu,positive
2233,2120274771,Eucerin,2025-02-01,Hiệu quả,positive
2234,2120274771,Eucerin,2025-01-01,Giao hàng,neutral
2234,2120274771,Eucerin,2025-01-01,Hiệu quả,positive
2234,2120274771,Eucerin,2025-01-01,Hiệu quả,positive
2234,2120274771,Eucerin,2025-01-01,Mùi hương/Kết cấu,positive
2235,2120274771,Eucerin,2025-01-01,Hiệu quả,positive
2236,2120274771,Eucerin,2025-01-01,Hiệu quả,neutral
2236,2120274771,Eucerin,2025-01-01,Hiệu quả,positive
2236,2120274771,Eucerin,2025-01-01,Mùi hương/Kết cấu,positive
2236,2120274771,Eucerin,2025-01-01,Hiệu quả,neutral
2237,2120274771,Eucerin,2024-12-01,Hiệu quả,positive
2237,2120274771,Eucerin,2024-12-01,Mùi hương/Kết cấu,positive
2237,2120274771,Eucerin,2024-12-01,Hiệu quả,positive
2237,2120274771,Eucerin,2024-12-01,Hiệu quả,neutral
2237,2120274771,Eucerin,2024-12-01,Hiệu quả,neutral
2237,2120274771,Eucerin,2024-12-01,Hiệu quả,positive
2237,2120274771,Eucerin,2024-12-01,Mùi hương/Kết cấu,positive
2238,2120274771,Eucerin,2024-12-01,Mùi hương/Kết cấu,positive
2238,2120274771,Eucerin,2024-12-01,Hiệu quả,positive
2239,2120274771,Eucerin,2024-12-01,Hiệu quả,positive
2239,2120274771,Eucerin,2024-12-01,Mùi hương/Kết cấu,neutral
2240,2120274771,Eucerin,2024-12-01,Hiệu quả,positive
2240,2120274771,Eucerin,2024-12-01,Hiệu quả,positive
2240,2120274771,Eucerin,2024-12-01,Mùi hương/Kết cấu,positive
2240,2120274771,Eucerin,2024-12-01,Hiệu quả,positive
2240,2120274771,Eucerin,2024-12-01,Mùi hương/Kết cấu,positive
2241,2120274771,Eucerin,2024-12-01,Mùi hương/Kết cấu,neutral
2241,2120274771,Eucerin,2024-12-01,Hiệu quả,neutral
2242,2120274771,Eucerin,2024-12-01,Hiệu quả,neutral
2242,2120274771,Eucerin,2024-12-01,Mùi hương/Kết cấu,neutral
2243,2120274771,Eucerin,2024-12-01,Hiệu quả,positive
2243,2120274771,Eucerin,2024-12-01,Giá cả,positive
2244,2120274771,Eucerin,2024-12-01,Hiệu quả,positive
2245,2120274771,Eucerin,2024-11-01,Mùi hương/Kết cấu,positive
2245,2120274771,Eucerin,2024-11-01,Hiệu quả,positive
2245,2120274771,Eucerin,2024-11-01,Mùi hương/Kết cấu,positive
2245,2120274771,Eucerin,2024-11-01,Hiệu quả,neutral
2246,2120274771,Eucerin,2024-11-01,Mùi hương/Kết cấu,positive
2246,2120274771,Eucerin,2024-11-01,Hiệu quả,neutral
2247,2120274771,Eucerin,2024-11-01,Hiệu quả,positive
2247,2120274771,Eucerin,2024-11-01,Giá cả,positive
2247,2120274771,Eucerin,2024-11-01,Mùi hương/Kết cấu,positive
2247,2120274771,Eucerin,2024-11-01,Thành phần,positive
2247,2120274771,Eucerin,2024-11-01,Mùi hương/Kết cấu,positive
2248,2120274771,Eucerin,2024-11-01,Chất lượng/Đóng gói,positive
2248,2120274771,Eucerin,2024-11-01,Mùi hương/Kết cấu,neutral
2248,2120274771,Eucerin,2024-11-01,Giao hàng,neutral
2249,2120274771,Eucerin,2024-11-01,Giao hàng,neutral
2249,2120274771,Eucerin,2024-11-01,Chất lượng/Đóng gói,positive
2250,2120274771,Eucerin,2024-11-01,Hiệu quả,neutral
2250,2120274771,Eucerin,2024-11-01,Hiệu quả,neutral
2251,2120274771,Eucerin,2024-11-01,Mùi hương/Kết cấu,positive
2252,2120274771,Eucerin,2024-11-01,Giao hàng,neutral
2252,2120274771,Eucerin,2024-11-01,Chất lượng/Đóng gói,positive
2253,2120274771,Eucerin,2024-11-01,Hiệu quả,positive
2253,2120274771,Eucerin,2024-11-01,Hiệu quả,positive
2253,2120274771,Eucerin,2024-11-01,Mùi hương/Kết cấu,positive
2255,2120274771,Eucerin,2024-10-01,Mùi hương/Kết cấu,positive
2256,2120274771,Eucerin,2024-10-01,Hiệu quả,neutral
2256,2120274771,Eucerin,2024-10-01,Hiệu quả,positive
2256,2120274771,Eucerin,2024-10-01,Hiệu quả,positive
2256,2120274771,Eucerin,2024-10-01,Mùi hương/Kết cấu,positive
2256,2120274771,Eucerin,2024-10-01,Hiệu quả,neutral
2257,2120274771,Eucerin,2024-10-01,Hiệu quả,positive
2257,2120274771,Eucerin,2024-10-01,Mùi hương/Kết cấu,positive
2258,2120274771,Eucerin,2024-10-01,Mùi hương/Kết cấu,positive
2260,2120274771,Eucerin,2024-10-01,Hiệu quả,positive
2260,2120274771,Eucerin,2024-10-01,Hiệu quả,positive
2261,2120274771,Eucerin,2024-10-01,Hiệu quả,positive
2261,2120274771,Eucerin,2024-10-01,Hiệu quả,neutral
2261,2120274771,Eucerin,2024-10-01,Mùi hương/Kết cấu,positive
2261,2120274771,Eucerin,2024-10-01,Hiệu quả,positive
2261,2120274771,Eucerin,2024-10-01,Mùi hương/Kết cấu,neutral
2261,2120274771,Eucerin,2024-10-01,Hiệu quả,positive
2262,2120274771,Eucerin,2024-10-01,Hiệu quả,positive
2262,2120274771,Eucerin,2024-10-01,Hiệu quả,positive
2263,2120274771,Eucerin,2024-10-01,Hiệu quả,neutral
2263,2120274771,Eucerin,2024-10-01,Hiệu quả,positive
2263,2120274771,Eucerin,2024-10-01,Mùi hương/Kết cấu,positive
2263,2120274771,Eucerin,2024-10-01,Mùi hương/Kết cấu,positive
2263,2120274771,Eucerin,2024-10-01,Hiệu quả,positive
2265,2120274771,Eucerin,2024-10-01,Hiệu quả,neutral
2265,2120274771,Eucerin,2024-10-01,Hiệu quả,neutral
2266,2120274771,Eucerin,2024-10-01,Hiệu quả,positive
2266,2120274771,Eucerin,2024-10-01,Mùi hương/Kết cấu,neutral
2266,2120274771,Eucerin,2024-10-01,Hiệu quả,positive
2267,2120274771,Eucerin,2024-10-01,Hiệu quả,neutral
2267,2120274771,Eucerin,2024-10-01,Hiệu quả,positive
2267,2120274771,Eucerin,2024-10-01,Mùi hương/Kết cấu,neutral
2267,2120274771,Eucerin,2024-10-01,Mùi hương/Kết cấu,positive
2268,2120274771,Eucerin,2024-10-01,Chất lượng/Đóng gói,positive
2268,2120274771,Eucerin,2024-10-01,Giao hàng,positive
2269,2120274771,Eucerin,2024-10-01,Hiệu quả,neutral
2269,2120274771,Eucerin,2024-10-01,Hiệu quả,positive
2269,2120274771,Eucerin,2024-10-01,Mùi hương/Kết cấu,positive
2269,2120274771,Eucerin,2024-10-01,Thành phần,positive
2270,2120274771,Eucerin,2024-10-01,Hiệu quả,positive
2270,2120274771,Eucerin,2024-10-01,Mùi hương/Kết cấu,positive
2270,2120274771,Eucerin,2024-10-01,Mùi hương/Kết cấu,positive
2271,2120274771,Eucerin,2024-10-01,Mùi hương/Kết cấu,positive
2271,2120274771,Eucerin,2024-10-01,Mùi hương/Kết cấu,neutral
2272,2120274771,Eucerin,2024-10-01,Hiệu quả,neutral
2272,2120274771,Eucerin,2024-10-01,Mùi hương/Kết cấu,positive
2273,2120274771,Eucerin,2024-09-01,Hiệu quả,neutral
2273,2120274771,Eucerin,2024-09-01,Hiệu quả,neutral
2273,2120274771,Eucerin,2024-09-01,Hiệu quả,positive
2274,2120274771,Eucerin,2024-09-01,Hiệu quả,neutral
2274,2120274771,Eucerin,2024-09-01,Hiệu quả,neutral
2274,2120274771,Eucerin,2024-09-01,Hiệu quả,neutral
2275,2120274771,Eucerin,2024-08-01,Mùi hương/Kết cấu,positive
2275,2120274771,Eucerin,2024-08-01,Hiệu quả,positive
2276,2120274771,Eucerin,2024-07-01,Chất lượng/Đóng gói,positive
2277,2120274771,Eucerin,2024-07-01,Giao hàng,neutral
2279,2120274771,Eucerin,2024-07-01,Hiệu quả,neutral
2279,2120274771,Eucerin,2024-07-01,Hiệu quả,neutral
2279,2120274771,Eucerin,2024-07-01,Mùi hương/Kết cấu,positive
2279,2120274771,Eucerin,2024-07-01,Hiệu quả,positive
2281,2120274771,Eucerin,2024-07-01,Hiệu quả,positive
2281,2120274771,Eucerin,2024-07-01,Hiệu quả,positive
2282,2120274771,Eucerin,2024-07-01,Hiệu quả,positive
2282,2120274771,Eucerin,2024-07-01,Hiệu quả,positive
2283,2120274771,Eucerin,2024-06-01,Hiệu quả,positive
2283,2120274771,Eucerin,2024-06-01,Hiệu quả,positive
2283,2120274771,Eucerin,2024-06-01,Mùi hương/Kết cấu,positive
2283,2120274771,Eucerin,2024-06-01,Mùi hương/Kết cấu,neutral
2283,2120274771,Eucerin,2024-06-01,Hiệu quả,neutral
2284,2120274771,Eucerin,2024-06-01,Hiệu quả,positive
2284,2120274771,Eucerin,2024-06-01,Hiệu quả,neutral
2284,2120274771,Eucerin,2024-06-01,Hiệu quả,neutral
2285,2967035879,Eucerin,2025-11-01,Hiệu quả,positive
2285,2967035879,Eucerin,2025-11-01,Giá cả,positive
2286,2967035879,Eucerin,2025-04-01,Giao hàng,neutral
2286,2967035879,Eucerin,2025-04-01,Mùi hương/Kết cấu,neutral
2288,2525163798,Eucerin,2026-04-01,Giá cả,neutral
2288,2525163798,Eucerin,2026-04-01,Giá cả,neutral
2288,2525163798,Eucerin,2026-04-01,Thành phần,positive
2288,2525163798,Eucerin,2026-04-01,Thành phần,neutral
2288,2525163798,Eucerin,2026-04-01,Hiệu quả,positive
2288,2525163798,Eucerin,2026-04-01,Hiệu quả,positive
2290,2525163798,Eucerin,2025-04-01,Thành phần,positive
2290,2525163798,Eucerin,2025-04-01,Hiệu quả,neutral
2290,2525163798,Eucerin,2025-04-01,Hiệu quả,neutral
2292,2525163798,Eucerin,2025-04-01,Giá cả,neutral
2294,2525163798,Eucerin,2025-03-01,Chất lượng/Đóng gói,negative
2295,2525163798,Eucerin,2025-03-01,Hiệu quả,neutral
2295,2525163798,Eucerin,2025-03-01,Hiệu quả,positive
2296,2525163798,Eucerin,2025-03-01,Hiệu quả,positive
2296,2525163798,Eucerin,2025-03-01,Hiệu quả,neutral
2297,2525163798,Eucerin,2025-03-01,Hiệu quả,positive
2297,2525163798,Eucerin,2025-03-01,Giá cả,positive
2297,2525163798,Eucerin,2025-03-01,Thành phần,positive
2301,2525163798,Eucerin,2025-03-01,Hiệu quả,neutral
2302,2525163798,Eucerin,2025-03-01,Hiệu quả,neutral
2304,2525163798,Eucerin,2025-02-01,Hiệu quả,negative
2307,2525163798,Eucerin,2024-10-01,Hiệu quả,neutral
2307,2525163798,Eucerin,2024-10-01,Hiệu quả,neutral
2308,2525163798,Eucerin,2024-10-01,Hiệu quả,positive
2308,2525163798,Eucerin,2024-10-01,Giá cả,positive
2310,2525163798,Eucerin,2024-10-01,Chất lượng/Đóng gói,neutral
2310,2525163798,Eucerin,2024-10-01,Mùi hương/Kết cấu,positive
2311,2525163798,Eucerin,2024-10-01,Hiệu quả,neutral
2311,2525163798,Eucerin,2024-10-01,Hiệu quả,neutral
2314,2525163798,Eucerin,2024-05-01,Hiệu quả,positive
2314,2525163798,Eucerin,2024-05-01,Hiệu quả,neutral
2314,2525163798,Eucerin,2024-05-01,Hiệu quả,neutral
2315,2525163798,Eucerin,2024-05-01,Giá cả,neutral
2315,2525163798,Eucerin,2024-05-01,Hiệu quả,positive
2315,2525163798,Eucerin,2024-05-01,Hiệu quả,positive
2316,2525163798,Eucerin,2024-05-01,Hiệu quả,positive
2316,2525163798,Eucerin,2024-05-01,Giá cả,positive
2316,2525163798,Eucerin,2024-05-01,Hiệu quả,positive
2317,2525163798,Eucerin,2024-05-01,Hiệu quả,positive
2317,2525163798,Eucerin,2024-05-01,Giá cả,positive
2317,2525163798,Eucerin,2024-05-01,Hiệu quả,neutral
2318,2525163798,Eucerin,2024-05-01,Hiệu quả,positive
2318,2525163798,Eucerin,2024-05-01,Hiệu quả,positive
2318,2525163798,Eucerin,2024-05-01,Giá cả,positive
2319,2525163798,Eucerin,2024-05-01,Hiệu quả,positive
2319,2525163798,Eucerin,2024-05-01,Chất lượng/Đóng gói,positive
2319,2525163798,Eucerin,2024-05-01,Mùi hương/Kết cấu,positive
2320,2525163798,Eucerin,2024-05-01,Hiệu quả,positive
2320,2525163798,Eucerin,2024-05-01,Chất lượng/Đóng gói,positive
2320,2525163798,Eucerin,2024-05-01,Mùi hương/Kết cấu,positive
2321,2525163798,Eucerin,2024-04-01,Giao hàng,neutral
2321,2525163798,Eucerin,2024-04-01,Chất lượng/Đóng gói,positive
2321,2525163798,Eucerin,2024-04-01,Chất lượng/Đóng gói,positive
2322,2525163798,Eucerin,2024-04-01,Giá cả,positive
2322,2525163798,Eucerin,2024-04-01,Hiệu quả,neutral
2323,2525163798,Eucerin,2024-04-01,Hiệu quả,positive
2323,2525163798,Eucerin,2024-04-01,Chất lượng/Đóng gói,positive
2323,2525163798,Eucerin,2024-04-01,Mùi hương/Kết cấu,positive
2323,2525163798,Eucerin,2024-04-01,Giá cả,neutral
2325,2525163798,Eucerin,2024-04-01,Hiệu quả,positive
2326,2525163798,Eucerin,2024-03-01,Mùi hương/Kết cấu,positive
2327,2525163798,Eucerin,2024-03-01,Hiệu quả,neutral
2327,2525163798,Eucerin,2024-03-01,Hiệu quả,neutral
2329,2525163798,Eucerin,2024-03-01,Hiệu quả,positive
2329,2525163798,Eucerin,2024-03-01,Hiệu quả,positive
2330,2525163798,Eucerin,2024-03-01,Hiệu quả,positive
2330,2525163798,Eucerin,2024-03-01,Mùi hương/Kết cấu,positive
2330,2525163798,Eucerin,2024-03-01,Hiệu quả,negative
2332,2525163798,Eucerin,2024-03-01,Hiệu quả,neutral
2332,2525163798,Eucerin,2024-03-01,Hiệu quả,positive
2333,2525163798,Eucerin,2024-03-01,Hiệu quả,positive
2333,2525163798,Eucerin,2024-03-01,Chất lượng/Đóng gói,positive
2333,2525163798,Eucerin,2024-03-01,Mùi hương/Kết cấu,positive
2334,2525163798,Eucerin,2024-03-01,Hiệu quả,positive
2334,2525163798,Eucerin,2024-03-01,Giá cả,positive
2334,2525163798,Eucerin,2024-03-01,Hiệu quả,neutral
2335,2525163798,Eucerin,2024-03-01,Hiệu quả,positive
2335,2525163798,Eucerin,2024-03-01,Giao hàng,neutral
2337,2525163798,Eucerin,2024-03-01,Hiệu quả,positive
2338,2525163798,Eucerin,2024-03-01,Hiệu quả,positive
2338,2525163798,Eucerin,2024-03-01,Giá cả,positive
2338,2525163798,Eucerin,2024-03-01,Hiệu quả,neutral
2338,2525163798,Eucerin,2024-03-01,Hiệu quả,positive
2338,2525163798,Eucerin,2024-03-01,Giá cả,positive
2339,2525163798,Eucerin,2024-03-01,Giá cả,neutral
2341,2525163798,Eucerin,2024-03-01,Chất lượng/Đóng gói,positive
2341,2525163798,Eucerin,2024-03-01,Mùi hương/Kết cấu,positive
2341,2525163798,Eucerin,2024-03-01,Hiệu quả,positive
2342,2525163798,Eucerin,2024-03-01,Hiệu quả,positive
2343,2525163798,Eucerin,2024-03-01,Giao hàng,neutral
2344,2525163798,Eucerin,2024-03-01,Hiệu quả,neutral
2344,2525163798,Eucerin,2024-03-01,Hiệu quả,neutral
2345,2525163798,Eucerin,2024-03-01,Giá cả,neutral
2345,2525163798,Eucerin,2024-03-01,Hiệu quả,neutral
2346,2525163798,Eucerin,2024-03-01,Mùi hương/Kết cấu,positive
2346,2525163798,Eucerin,2024-03-01,Hiệu quả,neutral
2346,2525163798,Eucerin,2024-03-01,Hiệu quả,neutral
2346,2525163798,Eucerin,2024-03-01,Hiệu quả,positive
2346,2525163798,Eucerin,2024-03-01,Mùi hương/Kết cấu,positive
2346,2525163798,Eucerin,2024-03-01,Hiệu quả,neutral
2346,2525163798,Eucerin,2024-03-01,Hiệu quả,neutral
2347,2525163798,Eucerin,2024-02-01,Hiệu quả,positive
2347,2525163798,Eucerin,2024-02-01,Chất lượng/Đóng gói,positive
2347,2525163798,Eucerin,2024-02-01,Hiệu quả,positive
2349,2525163798,Eucerin,2024-02-01,Hiệu quả,positive
2349,2525163798,Eucerin,2024-02-01,Giá cả,positive
2349,2525163798,Eucerin,2024-02-01,Hiệu quả,positive
2350,2525163798,Eucerin,2024-01-01,Hiệu quả,neutral
2351,2525163798,Eucerin,2024-01-01,Hiệu quả,positive
2351,2525163798,Eucerin,2024-01-01,Giá cả,positive
2351,2525163798,Eucerin,2024-01-01,Hiệu quả,positive
2354,2525163798,Eucerin,2024-01-01,Hiệu quả,positive
2354,2525163798,Eucerin,2024-01-01,Giá cả,positive
2355,2120223924,Eucerin,2022-12-01,Giá cả,neutral
2356,2120223924,Eucerin,2023-01-01,Hiệu quả,positive
2356,2120223924,Eucerin,2023-01-01,Chất lượng/Đóng gói,positive
2357,2120223924,Eucerin,2022-08-01,Giao hàng,positive
2358,2120223924,Eucerin,2026-04-01,Hiệu quả,positive
2359,2120223924,Eucerin,2025-10-01,Hiệu quả,positive
2361,2120223924,Eucerin,2025-08-01,Chất lượng/Đóng gói,positive
2361,2120223924,Eucerin,2025-08-01,Chất lượng/Đóng gói,neutral
2362,2120223924,Eucerin,2025-07-01,Hiệu quả,positive
2362,2120223924,Eucerin,2025-07-01,Giá cả,positive
2363,2120223924,Eucerin,2025-05-01,Hiệu quả,positive
2363,2120223924,Eucerin,2025-05-01,Giá cả,positive
2363,2120223924,Eucerin,2025-05-01,Hiệu quả,neutral
2365,2120223924,Eucerin,2025-04-01,Mùi hương/Kết cấu,positive
2365,2120223924,Eucerin,2025-04-01,Hiệu quả,neutral
2365,2120223924,Eucerin,2025-04-01,Hiệu quả,positive
2366,2120223924,Eucerin,2025-03-01,Giá cả,neutral
2366,2120223924,Eucerin,2025-03-01,Giá cả,neutral
2366,2120223924,Eucerin,2025-03-01,Giá cả,neutral
2366,2120223924,Eucerin,2025-03-01,Giá cả,neutral
2367,2120223924,Eucerin,2025-03-01,Chất lượng/Đóng gói,positive
2367,2120223924,Eucerin,2025-03-01,Chất lượng/Đóng gói,neutral
2368,2120223924,Eucerin,2025-02-01,Hiệu quả,positive
2368,2120223924,Eucerin,2025-02-01,Hiệu quả,neutral
2368,2120223924,Eucerin,2025-02-01,Mùi hương/Kết cấu,positive
2370,2120223924,Eucerin,2025-02-01,Hiệu quả,positive
2370,2120223924,Eucerin,2025-02-01,Giá cả,positive
2371,2120223924,Eucerin,2025-01-01,Hiệu quả,positive
2373,2120223924,Eucerin,2025-01-01,Hiệu quả,positive
2373,2120223924,Eucerin,2025-01-01,Giá cả,positive
2374,2120223924,Eucerin,2025-01-01,Hiệu quả,positive
2374,2120223924,Eucerin,2025-01-01,Giá cả,positive
2374,2120223924,Eucerin,2025-01-01,Hiệu quả,positive
2374,2120223924,Eucerin,2025-01-01,Hiệu quả,positive
2374,2120223924,Eucerin,2025-01-01,Hiệu quả,neutral
2374,2120223924,Eucerin,2025-01-01,Mùi hương/Kết cấu,positive
2376,2120223924,Eucerin,2025-01-01,Chất lượng/Đóng gói,neutral
2377,2120223924,Eucerin,2025-01-01,Hiệu quả,neutral
2378,2120223924,Eucerin,2024-12-01,Giá cả,neutral
2379,2120223924,Eucerin,2024-11-01,Hiệu quả,positive
2379,2120223924,Eucerin,2024-11-01,Giá cả,positive
2379,2120223924,Eucerin,2024-11-01,Hiệu quả,neutral
2379,2120223924,Eucerin,2024-11-01,Giá cả,neutral
2379,2120223924,Eucerin,2024-11-01,Thành phần,neutral
2381,2120223924,Eucerin,2024-10-01,Chất lượng/Đóng gói,positive
2381,2120223924,Eucerin,2024-10-01,Giao hàng,positive
2382,2120223924,Eucerin,2024-09-01,Hiệu quả,positive
2383,2120223924,Eucerin,2024-09-01,Mùi hương/Kết cấu,positive
2384,2120223924,Eucerin,2024-09-01,Hiệu quả,positive
2385,2120223924,Eucerin,2024-08-01,Giá cả,neutral
2386,2120223924,Eucerin,2024-08-01,Hiệu quả,positive
2386,2120223924,Eucerin,2024-08-01,Chất lượng/Đóng gói,positive
2386,2120223924,Eucerin,2024-08-01,Mùi hương/Kết cấu,positive
2387,2120223924,Eucerin,2024-06-01,Mùi hương/Kết cấu,positive
2388,2120223924,Eucerin,2024-05-01,Giao hàng,neutral
2388,2120223924,Eucerin,2024-05-01,Mùi hương/Kết cấu,positive
2390,2120223924,Eucerin,2024-05-01,Mùi hương/Kết cấu,neutral
2391,2120223924,Eucerin,2024-04-01,Mùi hương/Kết cấu,positive
2392,2120223924,Eucerin,2024-03-01,Giao hàng,positive
2392,2120223924,Eucerin,2024-03-01,Dịch vụ/Uy tín,positive
2393,2120223924,Eucerin,2024-02-01,Dịch vụ/Uy tín,neutral
2394,2120223924,Eucerin,2024-02-01,Hiệu quả,positive
2395,2120223924,Eucerin,2024-01-01,Hiệu quả,neutral
2396,2120223924,Eucerin,2024-01-01,Giá cả,neutral
2396,2120223924,Eucerin,2024-01-01,Hiệu quả,positive
2397,2120223924,Eucerin,2024-01-01,Hiệu quả,neutral
2398,2120223924,Eucerin,2024-01-01,Mùi hương/Kết cấu,positive
2398,2120223924,Eucerin,2024-01-01,Hiệu quả,neutral
2399,2120223924,Eucerin,2023-12-01,Mùi hương/Kết cấu,positive
2400,2120223924,Eucerin,2023-12-01,Giá cả,neutral
2401,2120223924,Eucerin,2023-12-01,Giao hàng,neutral
2401,2120223924,Eucerin,2023-12-01,Chất lượng/Đóng gói,neutral
2402,2120223924,Eucerin,2023-11-01,Hiệu quả,positive
2404,2120223924,Eucerin,2023-11-01,Chất lượng/Đóng gói,positive
2404,2120223924,Eucerin,2023-11-01,Giao hàng,positive
2404,2120223924,Eucerin,2023-11-01,Giá cả,positive
2404,2120223924,Eucerin,2023-11-01,Chất lượng/Đóng gói,positive
2406,2120223924,Eucerin,2023-10-01,Giá cả,negative
2406,2120223924,Eucerin,2023-10-01,Chất lượng/Đóng gói,negative
2407,2120223924,Eucerin,2023-09-01,Giao hàng,neutral
2407,2120223924,Eucerin,2023-09-01,Dịch vụ/Uy tín,neutral
2409,2120223924,Eucerin,2023-09-01,Giao hàng,neutral
2412,2120223924,Eucerin,2023-08-01,Chất lượng/Đóng gói,positive
2414,2120223924,Eucerin,2023-07-01,Hiệu quả,neutral
2414,2120223924,Eucerin,2023-07-01,Giá cả,neutral
2417,2120223924,Eucerin,2023-07-01,Giao hàng,neutral
2419,2120223924,Eucerin,2023-07-01,Chất lượng/Đóng gói,positive
2419,2120223924,Eucerin,2023-07-01,Mùi hương/Kết cấu,neutral
2420,2120223924,Eucerin,2023-07-01,Giao hàng,neutral
2420,2120223924,Eucerin,2023-07-01,Dịch vụ/Uy tín,neutral
2423,2120223924,Eucerin,2023-05-01,Mùi hương/Kết cấu,neutral
2423,2120223924,Eucerin,2023-05-01,Thành phần,neutral
2424,2120223924,Eucerin,2023-04-01,Dịch vụ/Uy tín,positive
2426,2120223924,Eucerin,2023-03-01,Hiệu quả,positive
2427,2120223924,Eucerin,2023-03-01,Mùi hương/Kết cấu,positive
2428,2120223924,Eucerin,2023-03-01,Hiệu quả,positive
2428,2120223924,Eucerin,2023-03-01,Chất lượng/Đóng gói,positive
2428,2120223924,Eucerin,2023-03-01,Mùi hương/Kết cấu,positive
2429,2120223924,Eucerin,2023-03-01,Giao hàng,neutral
2429,2120223924,Eucerin,2023-03-01,Mùi hương/Kết cấu,neutral
2430,2120223924,Eucerin,2023-03-01,Giao hàng,neutral
2430,2120223924,Eucerin,2023-03-01,Chất lượng/Đóng gói,neutral
2432,2120223924,Eucerin,2022-12-01,Hiệu quả,neutral
2432,2120223924,Eucerin,2022-12-01,Giá cả,neutral
2433,2120223924,Eucerin,2022-12-01,Giao hàng,neutral
2433,2120223924,Eucerin,2022-12-01,Chất lượng/Đóng gói,positive
2433,2120223924,Eucerin,2022-12-01,Giá cả,positive
2433,2120223924,Eucerin,2022-12-01,Chất lượng/Đóng gói,positive
2433,2120223924,Eucerin,2022-12-01,Chất lượng/Đóng gói,neutral
2435,2120223924,Eucerin,2022-12-01,Giá cả,neutral
2436,2120223924,Eucerin,2022-12-01,Giá cả,neutral
2437,2120223924,Eucerin,2022-12-01,Giá cả,neutral
2438,2120223924,Eucerin,2022-12-01,Giao hàng,neutral
2438,2120223924,Eucerin,2022-12-01,Chất lượng/Đóng gói,positive
2438,2120223924,Eucerin,2022-12-01,Dịch vụ/Uy tín,positive
2439,2120223924,Eucerin,2022-10-01,Giao hàng,neutral
2440,2120223924,Eucerin,2022-08-01,Giao hàng,neutral
2440,2120223924,Eucerin,2022-08-01,Giá cả,positive
2441,2120223924,Eucerin,2022-04-01,Giao hàng,neutral
2441,2120223924,Eucerin,2022-04-01,Chất lượng/Đóng gói,positive
2441,2120223924,Eucerin,2022-04-01,Giá cả,positive
2442,2120223924,Eucerin,2022-03-01,Hiệu quả,positive
2442,2120223924,Eucerin,2022-03-01,Hiệu quả,neutral
2442,2120223924,Eucerin,2022-03-01,Giá cả,neutral
2443,2120223924,Eucerin,2021-12-01,Chất lượng/Đóng gói,neutral
2443,2120223924,Eucerin,2021-12-01,Giao hàng,positive
2443,2120223924,Eucerin,2021-12-01,Dịch vụ/Uy tín,positive
2444,2120223924,Eucerin,2021-11-01,Giao hàng,neutral
2444,2120223924,Eucerin,2021-11-01,Chất lượng/Đóng gói,positive
2445,2120223924,Eucerin,2021-11-01,Giao hàng,neutral
2445,2120223924,Eucerin,2021-11-01,Dịch vụ/Uy tín,positive
2446,2120223924,Eucerin,2021-10-01,Chất lượng/Đóng gói,positive
2447,2120223924,Eucerin,2021-10-01,Giao hàng,neutral
2447,2120223924,Eucerin,2021-10-01,Dịch vụ/Uy tín,positive
2448,2120223924,Eucerin,2021-08-01,Chất lượng/Đóng gói,positive
2450,2120223924,Eucerin,2021-06-01,Giao hàng,neutral
2450,2120223924,Eucerin,2021-06-01,Giá cả,neutral
2451,2120223924,Eucerin,2021-04-01,Chất lượng/Đóng gói,neutral
2451,2120223924,Eucerin,2021-04-01,Dịch vụ/Uy tín,neutral
2451,2120223924,Eucerin,2021-04-01,Mùi hương/Kết cấu,positive
2451,2120223924,Eucerin,2021-04-01,Mùi hương/Kết cấu,neutral
2452,2120223924,Eucerin,2021-04-01,Giao hàng,positive
2452,2120223924,Eucerin,2021-04-01,Giao hàng,positive
2452,2120223924,Eucerin,2021-04-01,Dịch vụ/Uy tín,positive
2453,2128207469,Eucerin,2023-06-01,Hiệu quả,negative
2453,2128207469,Eucerin,2023-06-01,Giá cả,negative
2455,2128207469,Eucerin,2025-08-01,Giá cả,neutral
2457,2128207469,Eucerin,2023-03-01,Hiệu quả,neutral
2458,2128207469,Eucerin,2025-08-01,Mùi hương/Kết cấu,positive
2459,2128207469,Eucerin,2025-01-01,Giá cả,neutral
2462,2128207469,Eucerin,2023-06-01,Hiệu quả,neutral
2462,2128207469,Eucerin,2023-06-01,Giá cả,neutral
2464,2128207469,Eucerin,2023-02-01,Mùi hương/Kết cấu,neutral
2468,2128207469,Eucerin,2025-12-01,Chất lượng/Đóng gói,positive
2468,2128207469,Eucerin,2025-12-01,Giao hàng,neutral
2468,2128207469,Eucerin,2025-12-01,Chất lượng/Đóng gói,positive
2468,2128207469,Eucerin,2025-12-01,Hiệu quả,neutral
2468,2128207469,Eucerin,2025-12-01,Giá cả,neutral
2468,2128207469,Eucerin,2025-12-01,Mùi hương/Kết cấu,positive
2468,2128207469,Eucerin,2025-12-01,Hiệu quả,positive
2469,2128207469,Eucerin,2025-11-01,Hiệu quả,neutral
2469,2128207469,Eucerin,2025-11-01,Hiệu quả,neutral
2469,2128207469,Eucerin,2025-11-01,Dịch vụ/Uy tín,positive
2470,2128207469,Eucerin,2025-11-01,Hiệu quả,neutral
2470,2128207469,Eucerin,2025-11-01,Hiệu quả,positive
2470,2128207469,Eucerin,2025-11-01,Mùi hương/Kết cấu,positive
2472,2128207469,Eucerin,2025-11-01,Hiệu quả,positive
2472,2128207469,Eucerin,2025-11-01,Mùi hương/Kết cấu,positive
2472,2128207469,Eucerin,2025-11-01,Hiệu quả,neutral
2473,2128207469,Eucerin,2025-10-01,Hiệu quả,positive
2473,2128207469,Eucerin,2025-10-01,Hiệu quả,positive
2473,2128207469,Eucerin,2025-10-01,Mùi hương/Kết cấu,positive
2475,2128207469,Eucerin,2025-10-01,Hiệu quả,positive
2475,2128207469,Eucerin,2025-10-01,Hiệu quả,neutral
2475,2128207469,Eucerin,2025-10-01,Hiệu quả,neutral
2476,2128207469,Eucerin,2025-10-01,Chất lượng/Đóng gói,positive
2476,2128207469,Eucerin,2025-10-01,Dịch vụ/Uy tín,positive
2476,2128207469,Eucerin,2025-10-01,Giao hàng,neutral
2476,2128207469,Eucerin,2025-10-01,Dịch vụ/Uy tín,neutral
2477,2128207469,Eucerin,2025-10-01,Hiệu quả,negative
2477,2128207469,Eucerin,2025-10-01,Hiệu quả,negative
2477,2128207469,Eucerin,2025-10-01,Hiệu quả,neutral
2479,2128207469,Eucerin,2025-10-01,Hiệu quả,neutral
2481,2128207469,Eucerin,2025-10-01,Hiệu quả,positive
2481,2128207469,Eucerin,2025-10-01,Hiệu quả,neutral
2481,2128207469,Eucerin,2025-10-01,Mùi hương/Kết cấu,positive
2482,2128207469,Eucerin,2025-10-01,Hiệu quả,neutral
2484,2128207469,Eucerin,2025-10-01,Hiệu quả,positive
2484,2128207469,Eucerin,2025-10-01,Mùi hương/Kết cấu,positive
2486,2128207469,Eucerin,2025-09-01,Dịch vụ/Uy tín,positive
2486,2128207469,Eucerin,2025-09-01,Chất lượng/Đóng gói,positive
2487,2128207469,Eucerin,2025-09-01,Hiệu quả,neutral
2488,2128207469,Eucerin,2025-09-01,Hiệu quả,positive
2488,2128207469,Eucerin,2025-09-01,Hiệu quả,positive
2488,2128207469,Eucerin,2025-09-01,Mùi hương/Kết cấu,positive
2489,2128207469,Eucerin,2025-08-01,Dịch vụ/Uy tín,neutral
2489,2128207469,Eucerin,2025-08-01,Giá cả,positive
2490,2128207469,Eucerin,2025-08-01,Hiệu quả,neutral
2490,2128207469,Eucerin,2025-08-01,Hiệu quả,positive
2491,2128207469,Eucerin,2025-08-01,Hiệu quả,neutral
2492,2128207469,Eucerin,2025-08-01,Hiệu quả,neutral
2492,2128207469,Eucerin,2025-08-01,Hiệu quả,positive
2492,2128207469,Eucerin,2025-08-01,Mùi hương/Kết cấu,positive
2493,2128207469,Eucerin,2025-08-01,Hiệu quả,positive
2495,2128207469,Eucerin,2025-08-01,Dịch vụ/Uy tín,neutral
2495,2128207469,Eucerin,2025-08-01,Dịch vụ/Uy tín,neutral
2496,2128207469,Eucerin,2025-07-01,Dịch vụ/Uy tín,positive
2497,2128207469,Eucerin,2025-06-01,Hiệu quả,positive
2497,2128207469,Eucerin,2025-06-01,Mùi hương/Kết cấu,positive
2497,2128207469,Eucerin,2025-06-01,Mùi hương/Kết cấu,positive
2497,2128207469,Eucerin,2025-06-01,Hiệu quả,neutral
2497,2128207469,Eucerin,2025-06-01,Mùi hương/Kết cấu,positive
2497,2128207469,Eucerin,2025-06-01,Hiệu quả,neutral
2497,2128207469,Eucerin,2025-06-01,Mùi hương/Kết cấu,positive
2497,2128207469,Eucerin,2025-06-01,Mùi hương/Kết cấu,positive
2497,2128207469,Eucerin,2025-06-01,Hiệu quả,neutral
2498,2128207469,Eucerin,2025-03-01,Hiệu quả,neutral
2498,2128207469,Eucerin,2025-03-01,Hiệu quả,positive
2498,2128207469,Eucerin,2025-03-01,Mùi hương/Kết cấu,positive
2498,2128207469,Eucerin,2025-03-01,Hiệu quả,positive
2500,2128207469,Eucerin,2025-03-01,Mùi hương/Kết cấu,positive
2501,2128207469,Eucerin,2025-03-01,Hiệu quả,positive
2502,2128207469,Eucerin,2025-03-01,Mùi hương/Kết cấu,positive
2503,2128207469,Eucerin,2025-03-01,Hiệu quả,positive
2503,2128207469,Eucerin,2025-03-01,Mùi hương/Kết cấu,positive
2503,2128207469,Eucerin,2025-03-01,Hiệu quả,neutral
2503,2128207469,Eucerin,2025-03-01,Hiệu quả,neutral
2504,2128207469,Eucerin,2025-03-01,Hiệu quả,neutral
2504,2128207469,Eucerin,2025-03-01,Hiệu quả,neutral
2506,2128207469,Eucerin,2025-03-01,Giao hàng,neutral
2506,2128207469,Eucerin,2025-03-01,Dịch vụ/Uy tín,neutral
2506,2128207469,Eucerin,2025-03-01,Chất lượng/Đóng gói,positive
2506,2128207469,Eucerin,2025-03-01,Dịch vụ/Uy tín,neutral
2507,2128207469,Eucerin,2025-03-01,Mùi hương/Kết cấu,positive
2507,2128207469,Eucerin,2025-03-01,Hiệu quả,neutral
2507,2128207469,Eucerin,2025-03-01,Hiệu quả,positive
2507,2128207469,Eucerin,2025-03-01,Hiệu quả,neutral
2507,2128207469,Eucerin,2025-03-01,Hiệu quả,neutral
2508,2128207469,Eucerin,2025-03-01,Mùi hương/Kết cấu,positive
2508,2128207469,Eucerin,2025-03-01,Hiệu quả,neutral
2511,2128207469,Eucerin,2025-02-01,Hiệu quả,positive
2511,2128207469,Eucerin,2025-02-01,Hiệu quả,neutral
2511,2128207469,Eucerin,2025-02-01,Mùi hương/Kết cấu,positive
2512,2128207469,Eucerin,2025-02-01,Hiệu quả,neutral
2512,2128207469,Eucerin,2025-02-01,Hiệu quả,neutral
2512,2128207469,Eucerin,2025-02-01,Hiệu quả,neutral
2512,2128207469,Eucerin,2025-02-01,Hiệu quả,neutral
2512,2128207469,Eucerin,2025-02-01,Hiệu quả,neutral
2513,2128207469,Eucerin,2025-02-01,Hiệu quả,neutral
2515,2128207469,Eucerin,2025-02-01,Hiệu quả,neutral
2515,2128207469,Eucerin,2025-02-01,Hiệu quả,positive
2516,2128207469,Eucerin,2025-02-01,Hiệu quả,positive
2516,2128207469,Eucerin,2025-02-01,Hiệu quả,positive
2516,2128207469,Eucerin,2025-02-01,Mùi hương/Kết cấu,positive
2517,2128207469,Eucerin,2025-01-01,Hiệu quả,positive
2518,2128207469,Eucerin,2025-01-01,Hiệu quả,neutral
2518,2128207469,Eucerin,2025-01-01,Hiệu quả,neutral
2518,2128207469,Eucerin,2025-01-01,Hiệu quả,neutral
2518,2128207469,Eucerin,2025-01-01,Hiệu quả,neutral
2518,2128207469,Eucerin,2025-01-01,Hiệu quả,positive
2519,2128207469,Eucerin,2025-01-01,Giao hàng,neutral
2519,2128207469,Eucerin,2025-01-01,Hiệu quả,positive
2520,2128207469,Eucerin,2025-01-01,Hiệu quả,positive
2520,2128207469,Eucerin,2025-01-01,Mùi hương/Kết cấu,positive
2520,2128207469,Eucerin,2025-01-01,Hiệu quả,positive
2520,2128207469,Eucerin,2025-01-01,Hiệu quả,neutral
2521,2128207469,Eucerin,2025-01-01,Hiệu quả,positive
2521,2128207469,Eucerin,2025-01-01,Hiệu quả,neutral
2521,2128207469,Eucerin,2025-01-01,Hiệu quả,neutral
2522,2128207469,Eucerin,2025-01-01,Hiệu quả,neutral
2522,2128207469,Eucerin,2025-01-01,Mùi hương/Kết cấu,positive
2522,2128207469,Eucerin,2025-01-01,Hiệu quả,neutral
2523,2128207469,Eucerin,2025-01-01,Hiệu quả,positive
2523,2128207469,Eucerin,2025-01-01,Mùi hương/Kết cấu,positive
2523,2128207469,Eucerin,2025-01-01,Mùi hương/Kết cấu,positive
2523,2128207469,Eucerin,2025-01-01,Hiệu quả,neutral
2524,2128207469,Eucerin,2025-01-01,Dịch vụ/Uy tín,positive
2525,2128207469,Eucerin,2025-01-01,Giá cả,neutral
2527,2128207469,Eucerin,2025-01-01,Giao hàng,positive
2527,2128207469,Eucerin,2025-01-01,Dịch vụ/Uy tín,neutral
2527,2128207469,Eucerin,2025-01-01,Dịch vụ/Uy tín,neutral
2528,2128207469,Eucerin,2025-01-01,Mùi hương/Kết cấu,neutral
2530,2128207469,Eucerin,2025-01-01,Giá cả,positive
2531,2128207469,Eucerin,2025-01-01,Hiệu quả,neutral
2532,2128207469,Eucerin,2025-01-01,Giá cả,neutral
2532,2128207469,Eucerin,2025-01-01,Giao hàng,neutral
2533,2128207469,Eucerin,2025-01-01,Hiệu quả,positive
2533,2128207469,Eucerin,2025-01-01,Mùi hương/Kết cấu,positive
2534,2128207469,Eucerin,2025-01-01,Hiệu quả,positive
2534,2128207469,Eucerin,2025-01-01,Hiệu quả,neutral
2534,2128207469,Eucerin,2025-01-01,Mùi hương/Kết cấu,positive
2534,2128207469,Eucerin,2025-01-01,Mùi hương/Kết cấu,positive
2535,2128207469,Eucerin,2025-01-01,Hiệu quả,positive
2535,2128207469,Eucerin,2025-01-01,Hiệu quả,neutral
2536,2128207469,Eucerin,2025-01-01,Hiệu quả,neutral
2536,2128207469,Eucerin,2025-01-01,Hiệu quả,neutral
2536,2128207469,Eucerin,2025-01-01,Hiệu quả,positive
2538,2128207469,Eucerin,2025-01-01,Hiệu quả,positive
2539,2128207469,Eucerin,2025-01-01,Giao hàng,neutral
2539,2128207469,Eucerin,2025-01-01,Chất lượng/Đóng gói,neutral
2539,2128207469,Eucerin,2025-01-01,Dịch vụ/Uy tín,neutral
2540,2128207469,Eucerin,2025-01-01,Mùi hương/Kết cấu,neutral
2540,2128207469,Eucerin,2025-01-01,Mùi hương/Kết cấu,neutral
2540,2128207469,Eucerin,2025-01-01,Giá cả,neutral
2541,2128207469,Eucerin,2025-01-01,Hiệu quả,positive
2542,2128207469,Eucerin,2025-01-01,Hiệu quả,positive
2542,2128207469,Eucerin,2025-01-01,Giá cả,positive
2542,2128207469,Eucerin,2025-01-01,Thành phần,positive
2543,2128207469,Eucerin,2025-01-01,Hiệu quả,positive
2543,2128207469,Eucerin,2025-01-01,Giá cả,positive
2544,2128207469,Eucerin,2025-01-01,Dịch vụ/Uy tín,neutral
2545,2128207469,Eucerin,2025-01-01,Hiệu quả,negative
2548,2128207469,Eucerin,2024-12-01,Hiệu quả,neutral
2548,2128207469,Eucerin,2024-12-01,Hiệu quả,neutral
2548,2128207469,Eucerin,2024-12-01,Mùi hương/Kết cấu,positive
2550,2128207469,Eucerin,2024-12-01,Hiệu quả,positive
2550,2128207469,Eucerin,2024-12-01,Giá cả,positive
2550,2128207469,Eucerin,2024-12-01,Thành phần,positive
2551,2128207469,Eucerin,2024-12-01,Hiệu quả,positive
2552,2128207469,Eucerin,2024-12-01,Mùi hương/Kết cấu,positive
2553,2128207469,Eucerin,2024-12-01,Hiệu quả,positive
2556,2128207469,Eucerin,2024-12-01,Dịch vụ/Uy tín,neutral
2556,2128207469,Eucerin,2024-12-01,Giá cả,neutral
2557,2128207469,Eucerin,2024-12-01,Hiệu quả,neutral
2559,2120354581,Eucerin,2022-11-01,Giá cả,neutral
2560,2120354581,Eucerin,2022-01-01,Mùi hương/Kết cấu,neutral
2564,2120354581,Eucerin,2025-05-01,Hiệu quả,positive
2564,2120354581,Eucerin,2025-05-01,Hiệu quả,positive
2567,2120354581,Eucerin,2025-04-01,Hiệu quả,neutral
2567,2120354581,Eucerin,2025-04-01,Hiệu quả,neutral
2568,2120354581,Eucerin,2025-03-01,Hiệu quả,neutral
2568,2120354581,Eucerin,2025-03-01,Mùi hương/Kết cấu,positive
2568,2120354581,Eucerin,2025-03-01,Hiệu quả,positive
2569,2120354581,Eucerin,2024-12-01,Mùi hương/Kết cấu,positive
2570,2120354581,Eucerin,2024-12-01,Hiệu quả,neutral
2571,2120354581,Eucerin,2024-11-01,Hiệu quả,neutral
2571,2120354581,Eucerin,2024-11-01,Hiệu quả,positive
2571,2120354581,Eucerin,2024-11-01,Giá cả,positive
2574,2120354581,Eucerin,2024-09-01,Chất lượng/Đóng gói,positive
2574,2120354581,Eucerin,2024-09-01,Hiệu quả,positive
2575,2120354581,Eucerin,2024-09-01,Hiệu quả,positive
2575,2120354581,Eucerin,2024-09-01,Mùi hương/Kết cấu,positive
2575,2120354581,Eucerin,2024-09-01,Hiệu quả,positive
2576,2120354581,Eucerin,2024-09-01,Hiệu quả,positive
2577,2120354581,Eucerin,2024-06-01,Hiệu quả,neutral
2577,2120354581,Eucerin,2024-06-01,Chất lượng/Đóng gói,positive
2577,2120354581,Eucerin,2024-06-01,Hiệu quả,positive
2578,2120354581,Eucerin,2024-04-01,Chất lượng/Đóng gói,positive
2579,2120354581,Eucerin,2024-03-01,Hiệu quả,positive
2579,2120354581,Eucerin,2024-03-01,Giá cả,positive
2581,2120354581,Eucerin,2024-01-01,Chất lượng/Đóng gói,positive
2582,2120354581,Eucerin,2024-01-01,Giao hàng,neutral
2583,2120354581,Eucerin,2023-11-01,Hiệu quả,positive
2583,2120354581,Eucerin,2023-11-01,Chất lượng/Đóng gói,positive
2583,2120354581,Eucerin,2023-11-01,Chất lượng/Đóng gói,positive
2583,2120354581,Eucerin,2023-11-01,Mùi hương/Kết cấu,positive
2583,2120354581,Eucerin,2023-11-01,Hiệu quả,positive
2584,2120354581,Eucerin,2023-10-01,Hiệu quả,neutral
2584,2120354581,Eucerin,2023-10-01,Hiệu quả,neutral
2584,2120354581,Eucerin,2023-10-01,Mùi hương/Kết cấu,neutral
2585,2120354581,Eucerin,2023-09-01,Chất lượng/Đóng gói,neutral
2585,2120354581,Eucerin,2023-09-01,Dịch vụ/Uy tín,neutral
2585,2120354581,Eucerin,2023-09-01,Dịch vụ/Uy tín,neutral
2586,2120354581,Eucerin,2023-09-01,Giá cả,neutral
2586,2120354581,Eucerin,2023-09-01,Chất lượng/Đóng gói,neutral
2586,2120354581,Eucerin,2023-09-01,Hiệu quả,positive
2587,2120354581,Eucerin,2023-09-01,Giá cả,neutral
2587,2120354581,Eucerin,2023-09-01,Giá cả,positive
2587,2120354581,Eucerin,2023-09-01,Dịch vụ/Uy tín,positive
2587,2120354581,Eucerin,2023-09-01,Giá cả,positive
2589,2120354581,Eucerin,2023-09-01,Dịch vụ/Uy tín,neutral
2590,2120354581,Eucerin,2023-05-01,Chất lượng/Đóng gói,positive
2590,2120354581,Eucerin,2023-05-01,Mùi hương/Kết cấu,positive
2590,2120354581,Eucerin,2023-05-01,Mùi hương/Kết cấu,neutral
2590,2120354581,Eucerin,2023-05-01,Hiệu quả,positive
2590,2120354581,Eucerin,2023-05-01,Mùi hương/Kết cấu,positive
2590,2120354581,Eucerin,2023-05-01,Hiệu quả,positive
2591,2120354581,Eucerin,2023-05-01,Hiệu quả,positive
2591,2120354581,Eucerin,2023-05-01,Chất lượng/Đóng gói,positive
2591,2120354581,Eucerin,2023-05-01,Mùi hương/Kết cấu,positive
2591,2120354581,Eucerin,2023-05-01,Giá cả,neutral
2592,2120354581,Eucerin,2023-03-01,Mùi hương/Kết cấu,neutral
2592,2120354581,Eucerin,2023-03-01,Hiệu quả,positive
2595,2120354581,Eucerin,2022-07-01,Giao hàng,neutral
2595,2120354581,Eucerin,2022-07-01,Hiệu quả,positive
2597,2120354581,Eucerin,2022-04-01,Mùi hương/Kết cấu,negative
2597,2120354581,Eucerin,2022-04-01,Mùi hương/Kết cấu,negative
2597,2120354581,Eucerin,2022-04-01,Hiệu quả,positive
2597,2120354581,Eucerin,2022-04-01,Giá cả,positive
2598,2120354581,Eucerin,2022-03-01,Chất lượng/Đóng gói,neutral
2598,2120354581,Eucerin,2022-03-01,Chất lượng/Đóng gói,positive
2598,2120354581,Eucerin,2022-03-01,Giá cả,positive
2599,2120354581,Eucerin,2022-03-01,Dịch vụ/Uy tín,neutral
2599,2120354581,Eucerin,2022-03-01,Dịch vụ/Uy tín,neutral
2600,2120354581,Eucerin,2022-01-01,Giá cả,positive
2601,2120354581,Eucerin,2022-01-01,Chất lượng/Đóng gói,positive
2601,2120354581,Eucerin,2022-01-01,Giao hàng,neutral
2603,2120354581,Eucerin,2021-12-01,Chất lượng/Đóng gói,positive
2603,2120354581,Eucerin,2021-12-01,Giá cả,neutral
2604,2120354581,Eucerin,2021-11-01,Giá cả,neutral
2604,2120354581,Eucerin,2021-11-01,Chất lượng/Đóng gói,positive
2606,2120330629,Eucerin,2022-10-01,Hiệu quả,neutral
2609,2120330629,Eucerin,2023-12-01,Mùi hương/Kết cấu,neutral
2609,2120330629,Eucerin,2023-12-01,Giá cả,negative
2610,2120330629,Eucerin,2022-12-01,Giá cả,neutral
2610,2120330629,Eucerin,2022-12-01,Dịch vụ/Uy tín,neutral
2615,2120330629,Eucerin,2023-08-01,Mùi hương/Kết cấu,neutral
2615,2120330629,Eucerin,2023-08-01,Mùi hương/Kết cấu,neutral
2615,2120330629,Eucerin,2023-08-01,Giao hàng,neutral
2615,2120330629,Eucerin,2023-08-01,Giao hàng,neutral
2617,2120330629,Eucerin,2026-04-01,Hiệu quả,neutral
2617,2120330629,Eucerin,2026-04-01,Hiệu quả,positive
2617,2120330629,Eucerin,2026-04-01,Thành phần,positive
2619,2120330629,Eucerin,2025-08-01,Hiệu quả,neutral
2619,2120330629,Eucerin,2025-08-01,Hiệu quả,neutral
2620,2120330629,Eucerin,2025-06-01,Hiệu quả,neutral
2621,2120330629,Eucerin,2025-06-01,Hiệu quả,positive
2621,2120330629,Eucerin,2025-06-01,Giá cả,positive
2622,2120330629,Eucerin,2025-05-01,Hiệu quả,positive
2622,2120330629,Eucerin,2025-05-01,Giá cả,positive
2623,2120330629,Eucerin,2024-04-01,Giá cả,neutral
2625,2120330629,Eucerin,2024-03-01,Hiệu quả,positive
2625,2120330629,Eucerin,2024-03-01,Hiệu quả,positive
2627,2120330629,Eucerin,2024-03-01,Giá cả,neutral
2628,2120330629,Eucerin,2024-03-01,Hiệu quả,positive
2628,2120330629,Eucerin,2024-03-01,Hiệu quả,positive
2629,2120330629,Eucerin,2024-03-01,Hiệu quả,neutral
2629,2120330629,Eucerin,2024-03-01,Mùi hương/Kết cấu,neutral
2630,2120330629,Eucerin,2024-03-01,Giá cả,neutral
2631,2120330629,Eucerin,2024-03-01,Hiệu quả,positive
2632,2120330629,Eucerin,2024-02-01,Chất lượng/Đóng gói,positive
2632,2120330629,Eucerin,2024-02-01,Giao hàng,positive
2632,2120330629,Eucerin,2024-02-01,Mùi hương/Kết cấu,positive
2632,2120330629,Eucerin,2024-02-01,Mùi hương/Kết cấu,neutral
2635,2120330629,Eucerin,2024-02-01,Hiệu quả,positive
2636,2120330629,Eucerin,2024-01-01,Giao hàng,neutral
2636,2120330629,Eucerin,2024-01-01,Chất lượng/Đóng gói,positive
2638,2120330629,Eucerin,2024-01-01,Chất lượng/Đóng gói,positive
2639,2120330629,Eucerin,2024-01-01,Hiệu quả,positive
2639,2120330629,Eucerin,2024-01-01,Chất lượng/Đóng gói,positive
2639,2120330629,Eucerin,2024-01-01,Mùi hương/Kết cấu,positive
2639,2120330629,Eucerin,2024-01-01,Giao hàng,neutral
2640,2120330629,Eucerin,2024-01-01,Chất lượng/Đóng gói,positive
2640,2120330629,Eucerin,2024-01-01,Hiệu quả,positive
2642,2120330629,Eucerin,2023-12-01,Hiệu quả,positive
2643,2120330629,Eucerin,2023-12-01,Hiệu quả,positive
2644,2120330629,Eucerin,2023-12-01,Chất lượng/Đóng gói,positive
2644,2120330629,Eucerin,2023-12-01,Mùi hương/Kết cấu,positive
2645,2120330629,Eucerin,2023-12-01,Chất lượng/Đóng gói,positive
2646,2120330629,Eucerin,2023-12-01,Chất lượng/Đóng gói,positive
2646,2120330629,Eucerin,2023-12-01,Hiệu quả,positive
2646,2120330629,Eucerin,2023-12-01,Mùi hương/Kết cấu,positive
2647,2120330629,Eucerin,2023-11-01,Hiệu quả,positive
2647,2120330629,Eucerin,2023-11-01,Hiệu quả,neutral
2647,2120330629,Eucerin,2023-11-01,Mùi hương/Kết cấu,neutral
2651,2120330629,Eucerin,2023-10-01,Hiệu quả,positive
2651,2120330629,Eucerin,2023-10-01,Hiệu quả,positive
2652,2120330629,Eucerin,2023-10-01,Hiệu quả,positive
2652,2120330629,Eucerin,2023-10-01,Chất lượng/Đóng gói,positive
2652,2120330629,Eucerin,2023-10-01,Mùi hương/Kết cấu,positive
2653,2120330629,Eucerin,2023-10-01,Chất lượng/Đóng gói,neutral
2653,2120330629,Eucerin,2023-10-01,Giá cả,negative
2653,2120330629,Eucerin,2023-10-01,Chất lượng/Đóng gói,negative
2654,2120330629,Eucerin,2023-08-01,Giao hàng,neutral
2654,2120330629,Eucerin,2023-08-01,Chất lượng/Đóng gói,neutral
2655,2120330629,Eucerin,2023-08-01,Hiệu quả,positive
2655,2120330629,Eucerin,2023-08-01,Chất lượng/Đóng gói,positive
2655,2120330629,Eucerin,2023-08-01,Mùi hương/Kết cấu,positive
2657,2120330629,Eucerin,2023-04-01,Chất lượng/Đóng gói,positive
2659,2120330629,Eucerin,2023-03-01,Giao hàng,neutral
2660,2120330629,Eucerin,2023-02-01,Hiệu quả,positive
2660,2120330629,Eucerin,2023-02-01,Giao hàng,neutral
2660,2120330629,Eucerin,2023-02-01,Chất lượng/Đóng gói,positive
2661,2120330629,Eucerin,2023-01-01,Hiệu quả,negative
2662,2120330629,Eucerin,2022-12-01,Chất lượng/Đóng gói,positive
2662,2120330629,Eucerin,2022-12-01,Giao hàng,neutral
2662,2120330629,Eucerin,2022-12-01,Dịch vụ/Uy tín,neutral
2664,2120330629,Eucerin,2022-09-01,Chất lượng/Đóng gói,neutral
2665,2120330629,Eucerin,2022-09-01,Giao hàng,neutral
2665,2120330629,Eucerin,2022-09-01,Chất lượng/Đóng gói,neutral
2665,2120330629,Eucerin,2022-09-01,Giá cả,neutral
2665,2120330629,Eucerin,2022-09-01,Dịch vụ/Uy tín,neutral
2667,2120330629,Eucerin,2022-08-01,Chất lượng/Đóng gói,positive
2668,2120330629,Eucerin,2022-08-01,Giao hàng,neutral
2668,2120330629,Eucerin,2022-08-01,Chất lượng/Đóng gói,neutral
2669,2120330629,Eucerin,2022-08-01,Dịch vụ/Uy tín,positive
2669,2120330629,Eucerin,2022-08-01,Dịch vụ/Uy tín,neutral
2669,2120330629,Eucerin,2022-08-01,Dịch vụ/Uy tín,neutral
2669,2120330629,Eucerin,2022-08-01,Chất lượng/Đóng gói,positive
2670,2120330629,Eucerin,2022-07-01,Giao hàng,neutral
2670,2120330629,Eucerin,2022-07-01,Chất lượng/Đóng gói,positive
2670,2120330629,Eucerin,2022-07-01,Giao hàng,neutral
2670,2120330629,Eucerin,2022-07-01,Chất lượng/Đóng gói,positive
2673,2120330629,Eucerin,2022-05-01,Giá cả,positive
2673,2120330629,Eucerin,2022-05-01,Chất lượng/Đóng gói,positive
2674,2120330629,Eucerin,2022-04-01,Mùi hương/Kết cấu,neutral
2676,2120330629,Eucerin,2022-03-01,Giao hàng,neutral
2677,2120330629,Eucerin,2022-03-01,Chất lượng/Đóng gói,positive
2677,2120330629,Eucerin,2022-03-01,Giao hàng,neutral
2677,2120330629,Eucerin,2022-03-01,Dịch vụ/Uy tín,positive
2677,2120330629,Eucerin,2022-03-01,Dịch vụ/Uy tín,positive
2678,2120330629,Eucerin,2022-03-01,Dịch vụ/Uy tín,neutral
2679,2120330629,Eucerin,2022-02-01,Chất lượng/Đóng gói,negative
2682,2120330629,Eucerin,2021-12-01,Mùi hương/Kết cấu,positive
2687,2120330629,Eucerin,2021-06-01,Giao hàng,neutral
2687,2120330629,Eucerin,2021-06-01,Giao hàng,neutral
2687,2120330629,Eucerin,2021-06-01,Chất lượng/Đóng gói,neutral
2687,2120330629,Eucerin,2021-06-01,Chất lượng/Đóng gói,positive
2688,2120330629,Eucerin,2021-06-01,Giao hàng,neutral
2688,2120330629,Eucerin,2021-06-01,Giá cả,neutral
2689,2120330629,Eucerin,2021-04-01,Chất lượng/Đóng gói,neutral
2689,2120330629,Eucerin,2021-04-01,Giao hàng,neutral
2690,2120330629,Eucerin,2020-12-01,Hiệu quả,neutral
2691,2128213185,Eucerin,2025-11-01,Chất lượng/Đóng gói,neutral
2692,2128213185,Eucerin,2024-10-01,Chất lượng/Đóng gói,neutral
2694,2128213185,Eucerin,2025-06-01,Hiệu quả,neutral
2695,2128213185,Eucerin,2025-05-01,Chất lượng/Đóng gói,neutral
2695,2128213185,Eucerin,2025-05-01,Chất lượng/Đóng gói,neutral
2696,2128213185,Eucerin,2023-09-01,Giá cả,neutral
2696,2128213185,Eucerin,2023-09-01,Giá cả,positive
2696,2128213185,Eucerin,2023-09-01,Chất lượng/Đóng gói,positive
2696,2128213185,Eucerin,2023-09-01,Giao hàng,positive
2698,2128213185,Eucerin,2026-01-01,Hiệu quả,positive
2699,2128213185,Eucerin,2026-01-01,Dịch vụ/Uy tín,positive
2699,2128213185,Eucerin,2026-01-01,Dịch vụ/Uy tín,positive
2700,2128213185,Eucerin,2026-01-01,Hiệu quả,neutral
2701,2128213185,Eucerin,2025-12-01,Hiệu quả,neutral
2701,2128213185,Eucerin,2025-12-01,Hiệu quả,positive
2702,2128213185,Eucerin,2025-12-01,Chất lượng/Đóng gói,positive
2702,2128213185,Eucerin,2025-12-01,Giao hàng,neutral
2702,2128213185,Eucerin,2025-12-01,Chất lượng/Đóng gói,positive
2702,2128213185,Eucerin,2025-12-01,Hiệu quả,neutral
2702,2128213185,Eucerin,2025-12-01,Giá cả,neutral
2702,2128213185,Eucerin,2025-12-01,Mùi hương/Kết cấu,positive
2703,2128213185,Eucerin,2025-12-01,Hiệu quả,positive
2703,2128213185,Eucerin,2025-12-01,Mùi hương/Kết cấu,positive
2703,2128213185,Eucerin,2025-12-01,Mùi hương/Kết cấu,positive
2705,2128213185,Eucerin,2025-12-01,Hiệu quả,positive
2705,2128213185,Eucerin,2025-12-01,Mùi hương/Kết cấu,positive
2705,2128213185,Eucerin,2025-12-01,Hiệu quả,neutral
2708,2128213185,Eucerin,2025-12-01,Hiệu quả,neutral
2708,2128213185,Eucerin,2025-12-01,Mùi hương/Kết cấu,positive
2709,2128213185,Eucerin,2025-12-01,Hiệu quả,neutral
2710,2128213185,Eucerin,2025-11-01,Chất lượng/Đóng gói,positive
2710,2128213185,Eucerin,2025-11-01,Mùi hương/Kết cấu,positive
2710,2128213185,Eucerin,2025-11-01,Mùi hương/Kết cấu,positive
2711,2128213185,Eucerin,2025-11-01,Hiệu quả,positive
2712,2128213185,Eucerin,2025-11-01,Chất lượng/Đóng gói,positive
2713,2128213185,Eucerin,2025-11-01,Dịch vụ/Uy tín,neutral
2714,2128213185,Eucerin,2025-11-01,Hiệu quả,neutral
2714,2128213185,Eucerin,2025-11-01,Giá cả,neutral
2714,2128213185,Eucerin,2025-11-01,Dịch vụ/Uy tín,neutral
2715,2128213185,Eucerin,2025-11-01,Hiệu quả,positive
2715,2128213185,Eucerin,2025-11-01,Mùi hương/Kết cấu,positive
2716,2128213185,Eucerin,2025-11-01,Hiệu quả,positive
2716,2128213185,Eucerin,2025-11-01,Mùi hương/Kết cấu,positive
2716,2128213185,Eucerin,2025-11-01,Hiệu quả,positive
2718,2128213185,Eucerin,2025-11-01,Hiệu quả,positive
2720,2128213185,Eucerin,2025-11-01,Hiệu quả,positive
2720,2128213185,Eucerin,2025-11-01,Hiệu quả,positive
2720,2128213185,Eucerin,2025-11-01,Mùi hương/Kết cấu,positive
2720,2128213185,Eucerin,2025-11-01,Hiệu quả,neutral
2720,2128213185,Eucerin,2025-11-01,Hiệu quả,neutral
2720,2128213185,Eucerin,2025-11-01,Mùi hương/Kết cấu,positive
2722,2128213185,Eucerin,2025-10-01,Hiệu quả,positive
2725,2128213185,Eucerin,2025-09-01,Chất lượng/Đóng gói,negative
2725,2128213185,Eucerin,2025-09-01,Hiệu quả,positive
2726,2128213185,Eucerin,2025-09-01,Hiệu quả,positive
2727,2128213185,Eucerin,2025-08-01,Hiệu quả,positive
2728,2128213185,Eucerin,2025-08-01,Hiệu quả,positive
2730,2128213185,Eucerin,2025-07-01,Chất lượng/Đóng gói,positive
2730,2128213185,Eucerin,2025-07-01,Giao hàng,positive
2731,2128213185,Eucerin,2025-07-01,Hiệu quả,positive
2731,2128213185,Eucerin,2025-07-01,Mùi hương/Kết cấu,positive
2732,2128213185,Eucerin,2025-07-01,Mùi hương/Kết cấu,neutral
2732,2128213185,Eucerin,2025-07-01,Hiệu quả,positive
2733,2128213185,Eucerin,2025-06-01,Giá cả,neutral
2733,2128213185,Eucerin,2025-06-01,Dịch vụ/Uy tín,positive
2734,2128213185,Eucerin,2025-06-01,Hiệu quả,positive
2734,2128213185,Eucerin,2025-06-01,Hiệu quả,neutral
2737,2128213185,Eucerin,2025-06-01,Hiệu quả,neutral
2738,2128213185,Eucerin,2025-06-01,Dịch vụ/Uy tín,neutral
2739,2128213185,Eucerin,2025-06-01,Hiệu quả,neutral
2739,2128213185,Eucerin,2025-06-01,Giá cả,neutral
2739,2128213185,Eucerin,2025-06-01,Hiệu quả,neutral
2739,2128213185,Eucerin,2025-06-01,Mùi hương/Kết cấu,positive
2739,2128213185,Eucerin,2025-06-01,Mùi hương/Kết cấu,positive
2740,2128213185,Eucerin,2025-06-01,Hiệu quả,positive
2740,2128213185,Eucerin,2025-06-01,Mùi hương/Kết cấu,neutral
2741,2128213185,Eucerin,2025-06-01,Giao hàng,neutral
2741,2128213185,Eucerin,2025-06-01,Dịch vụ/Uy tín,neutral
2741,2128213185,Eucerin,2025-06-01,Hiệu quả,positive
2741,2128213185,Eucerin,2025-06-01,Giá cả,positive
2741,2128213185,Eucerin,2025-06-01,Thành phần,positive
2743,2128213185,Eucerin,2025-06-01,Mùi hương/Kết cấu,positive
2745,2128213185,Eucerin,2025-06-01,Chất lượng/Đóng gói,neutral
2745,2128213185,Eucerin,2025-06-01,Giao hàng,neutral
2745,2128213185,Eucerin,2025-06-01,Dịch vụ/Uy tín,neutral
2746,2128213185,Eucerin,2025-05-01,Hiệu quả,positive
2746,2128213185,Eucerin,2025-05-01,Hiệu quả,neutral
2747,2128213185,Eucerin,2025-05-01,Hiệu quả,positive
2747,2128213185,Eucerin,2025-05-01,Mùi hương/Kết cấu,neutral
2747,2128213185,Eucerin,2025-05-01,Mùi hương/Kết cấu,positive
2748,2128213185,Eucerin,2025-05-01,Chất lượng/Đóng gói,positive
2748,2128213185,Eucerin,2025-05-01,Giao hàng,neutral
2749,2128213185,Eucerin,2025-05-01,Chất lượng/Đóng gói,positive
2749,2128213185,Eucerin,2025-05-01,Giao hàng,positive
2750,2128213185,Eucerin,2025-05-01,Hiệu quả,neutral
2750,2128213185,Eucerin,2025-05-01,Mùi hương/Kết cấu,positive
2750,2128213185,Eucerin,2025-05-01,Hiệu quả,positive
2750,2128213185,Eucerin,2025-05-01,Mùi hương/Kết cấu,positive
2750,2128213185,Eucerin,2025-05-01,Hiệu quả,neutral
2750,2128213185,Eucerin,2025-05-01,Hiệu quả,positive
2750,2128213185,Eucerin,2025-05-01,Mùi hương/Kết cấu,positive
2751,2128213185,Eucerin,2025-05-01,Thành phần,neutral
2752,2128213185,Eucerin,2025-05-01,Hiệu quả,positive
2752,2128213185,Eucerin,2025-05-01,Mùi hương/Kết cấu,positive
2752,2128213185,Eucerin,2025-05-01,Hiệu quả,neutral
2752,2128213185,Eucerin,2025-05-01,Hiệu quả,neutral
2753,2128213185,Eucerin,2025-05-01,Hiệu quả,positive
2754,2128213185,Eucerin,2025-05-01,Chất lượng/Đóng gói,positive
2754,2128213185,Eucerin,2025-05-01,Giá cả,neutral
2754,2128213185,Eucerin,2025-05-01,Hiệu quả,neutral
2754,2128213185,Eucerin,2025-05-01,Giá cả,neutral
2755,2128213185,Eucerin,2025-05-01,Mùi hương/Kết cấu,positive
2755,2128213185,Eucerin,2025-05-01,Mùi hương/Kết cấu,positive
2756,2128213185,Eucerin,2025-05-01,Hiệu quả,positive
2756,2128213185,Eucerin,2025-05-01,Giá cả,positive
2757,2128213185,Eucerin,2025-05-01,Hiệu quả,positive
2757,2128213185,Eucerin,2025-05-01,Giá cả,positive
2757,2128213185,Eucerin,2025-05-01,Giá cả,neutral
2757,2128213185,Eucerin,2025-05-01,Thành phần,neutral
2759,2128213185,Eucerin,2025-05-01,Mùi hương/Kết cấu,positive
2759,2128213185,Eucerin,2025-05-01,Hiệu quả,neutral
2760,2128213185,Eucerin,2025-05-01,Mùi hương/Kết cấu,positive
2760,2128213185,Eucerin,2025-05-01,Hiệu quả,neutral
2760,2128213185,Eucerin,2025-05-01,Hiệu quả,neutral
2760,2128213185,Eucerin,2025-05-01,Hiệu quả,neutral
2760,2128213185,Eucerin,2025-05-01,Hiệu quả,neutral
2760,2128213185,Eucerin,2025-05-01,Hiệu quả,positive
2760,2128213185,Eucerin,2025-05-01,Hiệu quả,neutral
2760,2128213185,Eucerin,2025-05-01,Hiệu quả,neutral
2760,2128213185,Eucerin,2025-05-01,Mùi hương/Kết cấu,positive
2761,2128213185,Eucerin,2025-05-01,Mùi hương/Kết cấu,negative
2761,2128213185,Eucerin,2025-05-01,Hiệu quả,negative
2762,2128213185,Eucerin,2025-05-01,Hiệu quả,neutral
2762,2128213185,Eucerin,2025-05-01,Hiệu quả,positive
2764,2128213185,Eucerin,2024-12-01,Hiệu quả,positive
2764,2128213185,Eucerin,2024-12-01,Giá cả,positive
2764,2128213185,Eucerin,2024-12-01,Thành phần,positive
2766,2128213185,Eucerin,2024-12-01,Hiệu quả,positive
2766,2128213185,Eucerin,2024-12-01,Hiệu quả,positive
2766,2128213185,Eucerin,2024-12-01,Mùi hương/Kết cấu,positive
2766,2128213185,Eucerin,2024-12-01,Hiệu quả,neutral
2766,2128213185,Eucerin,2024-12-01,Mùi hương/Kết cấu,positive
2766,2128213185,Eucerin,2024-12-01,Thành phần,positive
2766,2128213185,Eucerin,2024-12-01,Mùi hương/Kết cấu,positive
2767,2128213185,Eucerin,2024-12-01,Mùi hương/Kết cấu,positive
2767,2128213185,Eucerin,2024-12-01,Mùi hương/Kết cấu,positive
2767,2128213185,Eucerin,2024-12-01,Mùi hương/Kết cấu,positive
2767,2128213185,Eucerin,2024-12-01,Mùi hương/Kết cấu,positive
2769,2128213185,Eucerin,2024-11-01,Giá cả,neutral
2770,2128213185,Eucerin,2024-11-01,Mùi hương/Kết cấu,neutral
2771,2128213185,Eucerin,2024-11-01,Thành phần,neutral
2772,2128213185,Eucerin,2024-11-01,Mùi hương/Kết cấu,neutral
2772,2128213185,Eucerin,2024-11-01,Hiệu quả,neutral
2772,2128213185,Eucerin,2024-11-01,Mùi hương/Kết cấu,positive
2772,2128213185,Eucerin,2024-11-01,Mùi hương/Kết cấu,neutral
2772,2128213185,Eucerin,2024-11-01,Hiệu quả,neutral
2772,2128213185,Eucerin,2024-11-01,Mùi hương/Kết cấu,positive
2772,2128213185,Eucerin,2024-11-01,Mùi hương/Kết cấu,neutral
2772,2128213185,Eucerin,2024-11-01,Hiệu quả,neutral
2772,2128213185,Eucerin,2024-11-01,Mùi hương/Kết cấu,positive
2773,2128213185,Eucerin,2024-11-01,Hiệu quả,neutral
2773,2128213185,Eucerin,2024-11-01,Hiệu quả,positive
2773,2128213185,Eucerin,2024-11-01,Mùi hương/Kết cấu,positive
2774,2128213185,Eucerin,2024-11-01,Hiệu quả,positive
2774,2128213185,Eucerin,2024-11-01,Mùi hương/Kết cấu,positive
2774,2128213185,Eucerin,2024-11-01,Mùi hương/Kết cấu,positive
2775,2128213185,Eucerin,2024-11-01,Mùi hương/Kết cấu,positive
2775,2128213185,Eucerin,2024-11-01,Hiệu quả,neutral
2775,2128213185,Eucerin,2024-11-01,Hiệu quả,positive
2775,2128213185,Eucerin,2024-11-01,Mùi hương/Kết cấu,positive
2776,2128213185,Eucerin,2024-11-01,Chất lượng/Đóng gói,positive
2776,2128213185,Eucerin,2024-11-01,Giao hàng,neutral
2777,2128213185,Eucerin,2024-11-01,Chất lượng/Đóng gói,positive
2778,2128213185,Eucerin,2024-11-01,Hiệu quả,positive
2778,2128213185,Eucerin,2024-11-01,Mùi hương/Kết cấu,positive
2778,2128213185,Eucerin,2024-11-01,Hiệu quả,neutral
2778,2128213185,Eucerin,2024-11-01,Mùi hương/Kết cấu,positive
2780,2128213185,Eucerin,2024-11-01,Hiệu quả,positive
2780,2128213185,Eucerin,2024-11-01,Giá cả,positive
2783,2120291725,Eucerin,2024-10-01,Chất lượng/Đóng gói,negative
2784,2120291725,Eucerin,2023-05-01,Dịch vụ/Uy tín,neutral
2785,2120291725,Eucerin,2023-06-01,Giá cả,neutral
2786,2120291725,Eucerin,2023-11-01,Hiệu quả,neutral
2787,2120291725,Eucerin,2022-10-01,Hiệu quả,negative
2787,2120291725,Eucerin,2022-10-01,Giá cả,neutral
2788,2120291725,Eucerin,2026-04-01,Hiệu quả,positive
2790,2120291725,Eucerin,2026-04-01,Hiệu quả,neutral
2790,2120291725,Eucerin,2026-04-01,Thành phần,neutral
2790,2120291725,Eucerin,2026-04-01,Hiệu quả,neutral
2791,2120291725,Eucerin,2026-03-01,Mùi hương/Kết cấu,positive
2792,2120291725,Eucerin,2026-03-01,Hiệu quả,neutral
2792,2120291725,Eucerin,2026-03-01,Thành phần,neutral
2793,2120291725,Eucerin,2025-11-01,Chất lượng/Đóng gói,positive
2793,2120291725,Eucerin,2025-11-01,Hiệu quả,positive
2795,2120291725,Eucerin,2025-09-01,Hiệu quả,positive
2797,2120291725,Eucerin,2025-08-01,Hiệu quả,positive
2797,2120291725,Eucerin,2025-08-01,Giá cả,positive
2798,2120291725,Eucerin,2025-06-01,Chất lượng/Đóng gói,neutral
2798,2120291725,Eucerin,2025-06-01,Giao hàng,neutral
2798,2120291725,Eucerin,2025-06-01,Dịch vụ/Uy tín,neutral
2799,2120291725,Eucerin,2025-05-01,Giao hàng,positive
2800,2120291725,Eucerin,2025-05-01,Hiệu quả,positive
2800,2120291725,Eucerin,2025-05-01,Giá cả,positive
2800,2120291725,Eucerin,2025-05-01,Thành phần,positive
2801,2120291725,Eucerin,2025-04-01,Chất lượng/Đóng gói,neutral
2801,2120291725,Eucerin,2025-04-01,Giao hàng,neutral
2801,2120291725,Eucerin,2025-04-01,Dịch vụ/Uy tín,neutral
2803,2120291725,Eucerin,2025-04-01,Mùi hương/Kết cấu,positive
2803,2120291725,Eucerin,2025-04-01,Hiệu quả,positive
2803,2120291725,Eucerin,2025-04-01,Hiệu quả,positive
2803,2120291725,Eucerin,2025-04-01,Hiệu quả,neutral
2804,2120291725,Eucerin,2025-03-01,Hiệu quả,positive
2805,2120291725,Eucerin,2025-03-01,Giao hàng,neutral
2806,2120291725,Eucerin,2025-03-01,Hiệu quả,positive
2807,2120291725,Eucerin,2025-03-01,Hiệu quả,neutral
2807,2120291725,Eucerin,2025-03-01,Hiệu quả,positive
2808,2120291725,Eucerin,2025-03-01,Mùi hương/Kết cấu,neutral
2809,2120291725,Eucerin,2025-03-01,Hiệu quả,neutral
2811,2120291725,Eucerin,2025-02-01,Mùi hương/Kết cấu,neutral
2811,2120291725,Eucerin,2025-02-01,Mùi hương/Kết cấu,negative
2811,2120291725,Eucerin,2025-02-01,Hiệu quả,positive
2811,2120291725,Eucerin,2025-02-01,Giá cả,positive
2812,2120291725,Eucerin,2025-02-01,Hiệu quả,positive
2813,2120291725,Eucerin,2025-02-01,Mùi hương/Kết cấu,neutral
2814,2120291725,Eucerin,2025-02-01,Mùi hương/Kết cấu,positive
2816,2120291725,Eucerin,2025-01-01,Hiệu quả,positive
2816,2120291725,Eucerin,2025-01-01,Hiệu quả,neutral
2816,2120291725,Eucerin,2025-01-01,Thành phần,neutral
2817,2120291725,Eucerin,2025-01-01,Hiệu quả,positive
2818,2120291725,Eucerin,2025-01-01,Hiệu quả,neutral
2818,2120291725,Eucerin,2025-01-01,Thành phần,neutral
2819,2120291725,Eucerin,2025-01-01,Hiệu quả,neutral
2819,2120291725,Eucerin,2025-01-01,Thành phần,neutral
2820,2120291725,Eucerin,2025-01-01,Mùi hương/Kết cấu,positive
2820,2120291725,Eucerin,2025-01-01,Hiệu quả,positive
2820,2120291725,Eucerin,2025-01-01,Hiệu quả,neutral
2820,2120291725,Eucerin,2025-01-01,Hiệu quả,neutral
2820,2120291725,Eucerin,2025-01-01,Thành phần,neutral
2821,2120291725,Eucerin,2025-01-01,Hiệu quả,positive
2822,2120291725,Eucerin,2025-01-01,Hiệu quả,positive
2822,2120291725,Eucerin,2025-01-01,Hiệu quả,neutral
2822,2120291725,Eucerin,2025-01-01,Thành phần,neutral
2822,2120291725,Eucerin,2025-01-01,Hiệu quả,neutral
2823,2120291725,Eucerin,2025-01-01,Hiệu quả,neutral
2823,2120291725,Eucerin,2025-01-01,Thành phần,neutral
2824,2120291725,Eucerin,2024-12-01,Hiệu quả,neutral
2824,2120291725,Eucerin,2024-12-01,Thành phần,neutral
2827,2120291725,Eucerin,2024-12-01,Hiệu quả,neutral
2827,2120291725,Eucerin,2024-12-01,Mùi hương/Kết cấu,positive
2828,2120291725,Eucerin,2024-12-01,Hiệu quả,neutral
2828,2120291725,Eucerin,2024-12-01,Thành phần,neutral
2829,2120291725,Eucerin,2024-12-01,Hiệu quả,neutral
2829,2120291725,Eucerin,2024-12-01,Thành phần,neutral
2830,2120291725,Eucerin,2024-12-01,Hiệu quả,positive
2832,2120291725,Eucerin,2024-11-01,Chất lượng/Đóng gói,positive
2833,2120291725,Eucerin,2024-11-01,Hiệu quả,neutral
2834,2120291725,Eucerin,2024-11-01,Hiệu quả,positive
2834,2120291725,Eucerin,2024-11-01,Hiệu quả,neutral
2834,2120291725,Eucerin,2024-11-01,Thành phần,neutral
2834,2120291725,Eucerin,2024-11-01,Hiệu quả,neutral
2834,2120291725,Eucerin,2024-11-01,Thành phần,neutral
2834,2120291725,Eucerin,2024-11-01,Hiệu quả,neutral
2834,2120291725,Eucerin,2024-11-01,Thành phần,neutral
2834,2120291725,Eucerin,2024-11-01,Hiệu quả,neutral
2834,2120291725,Eucerin,2024-11-01,Thành phần,neutral
2834,2120291725,Eucerin,2024-11-01,Hiệu quả,neutral
2834,2120291725,Eucerin,2024-11-01,Thành phần,neutral
2834,2120291725,Eucerin,2024-11-01,Hiệu quả,neutral
2834,2120291725,Eucerin,2024-11-01,Thành phần,neutral
2834,2120291725,Eucerin,2024-11-01,Hiệu quả,neutral
2834,2120291725,Eucerin,2024-11-01,Thành phần,neutral
2836,2120291725,Eucerin,2024-11-01,Hiệu quả,neutral
2836,2120291725,Eucerin,2024-11-01,Chất lượng/Đóng gói,neutral
2836,2120291725,Eucerin,2024-11-01,Giao hàng,neutral
2836,2120291725,Eucerin,2024-11-01,Dịch vụ/Uy tín,neutral
2837,2120291725,Eucerin,2024-11-01,Hiệu quả,positive
2838,2120291725,Eucerin,2024-11-01,Mùi hương/Kết cấu,positive
2838,2120291725,Eucerin,2024-11-01,Hiệu quả,neutral
2839,2120291725,Eucerin,2024-10-01,Hiệu quả,positive
2839,2120291725,Eucerin,2024-10-01,Hiệu quả,positive
2840,2120291725,Eucerin,2024-10-01,Hiệu quả,positive
2840,2120291725,Eucerin,2024-10-01,Giá cả,neutral
2841,2120291725,Eucerin,2024-10-01,Hiệu quả,positive
2842,2120291725,Eucerin,2024-10-01,Hiệu quả,positive
2844,2120291725,Eucerin,2024-10-01,Giao hàng,neutral
2844,2120291725,Eucerin,2024-10-01,Chất lượng/Đóng gói,neutral
2847,2120291725,Eucerin,2024-09-01,Hiệu quả,positive
2847,2120291725,Eucerin,2024-09-01,Hiệu quả,neutral
2847,2120291725,Eucerin,2024-09-01,Thành phần,neutral
2847,2120291725,Eucerin,2024-09-01,Hiệu quả,positive
2849,2120291725,Eucerin,2024-09-01,Hiệu quả,positive
2849,2120291725,Eucerin,2024-09-01,Giá cả,positive
2850,2120291725,Eucerin,2024-09-01,Hiệu quả,neutral
2852,2120291725,Eucerin,2024-08-01,Hiệu quả,positive
2852,2120291725,Eucerin,2024-08-01,Hiệu quả,positive
2852,2120291725,Eucerin,2024-08-01,Hiệu quả,positive
2853,2120291725,Eucerin,2024-08-01,Hiệu quả,neutral
2853,2120291725,Eucerin,2024-08-01,Thành phần,neutral
2853,2120291725,Eucerin,2024-08-01,Mùi hương/Kết cấu,neutral
2855,2120291725,Eucerin,2024-08-01,Hiệu quả,positive
2856,2120291725,Eucerin,2024-08-01,Hiệu quả,positive
2856,2120291725,Eucerin,2024-08-01,Hiệu quả,neutral
2856,2120291725,Eucerin,2024-08-01,Thành phần,neutral
2857,2120291725,Eucerin,2024-08-01,Hiệu quả,positive
2858,2120291725,Eucerin,2024-07-01,Hiệu quả,neutral
2859,2120291725,Eucerin,2024-07-01,Hiệu quả,neutral
2863,2120291725,Eucerin,2024-07-01,Mùi hương/Kết cấu,positive
2866,2120291725,Eucerin,2024-06-01,Hiệu quả,negative
2866,2120291725,Eucerin,2024-06-01,Hiệu quả,positive
2867,2120291725,Eucerin,2024-06-01,Giao hàng,neutral
2867,2120291725,Eucerin,2024-06-01,Mùi hương/Kết cấu,positive
2867,2120291725,Eucerin,2024-06-01,Hiệu quả,negative
2867,2120291725,Eucerin,2024-06-01,Giá cả,negative
2868,2120291725,Eucerin,2024-06-01,Hiệu quả,neutral
2868,2120291725,Eucerin,2024-06-01,Mùi hương/Kết cấu,neutral
2869,2120291725,Eucerin,2024-06-01,Mùi hương/Kết cấu,positive
2869,2120291725,Eucerin,2024-06-01,Mùi hương/Kết cấu,neutral
2870,2120291725,Eucerin,2024-06-01,Chất lượng/Đóng gói,positive
2871,2120291725,Eucerin,2024-05-01,Hiệu quả,neutral
2871,2120291725,Eucerin,2024-05-01,Hiệu quả,neutral
2871,2120291725,Eucerin,2024-05-01,Thành phần,neutral
2873,2120291725,Eucerin,2024-05-01,Hiệu quả,positive
2874,2120291725,Eucerin,2024-05-01,Hiệu quả,positive
2875,2120291725,Eucerin,2024-04-01,Dịch vụ/Uy tín,positive
2875,2120291725,Eucerin,2024-04-01,Chất lượng/Đóng gói,positive
2875,2120291725,Eucerin,2024-04-01,Dịch vụ/Uy tín,positive
2876,2120291725,Eucerin,2024-04-01,Hiệu quả,neutral
2877,2120399069,Eucerin,2021-06-01,Giá cả,neutral
2879,2120399069,Eucerin,2025-11-01,Hiệu quả,neutral
2879,2120399069,Eucerin,2025-11-01,Thành phần,neutral
2880,2120399069,Eucerin,2025-07-01,Hiệu quả,positive
2880,2120399069,Eucerin,2025-07-01,Mùi hương/Kết cấu,positive
2880,2120399069,Eucerin,2025-07-01,Hiệu quả,neutral
2881,2120399069,Eucerin,2025-06-01,Hiệu quả,negative
2882,2120399069,Eucerin,2025-05-01,Hiệu quả,negative
2882,2120399069,Eucerin,2025-05-01,Mùi hương/Kết cấu,positive
2882,2120399069,Eucerin,2025-05-01,Hiệu quả,neutral
2882,2120399069,Eucerin,2025-05-01,Hiệu quả,neutral
2882,2120399069,Eucerin,2025-05-01,Hiệu quả,positive
2882,2120399069,Eucerin,2025-05-01,Giá cả,positive
2882,2120399069,Eucerin,2025-05-01,Thành phần,positive
2883,2120399069,Eucerin,2025-04-01,Giao hàng,neutral
2883,2120399069,Eucerin,2025-04-01,Hiệu quả,neutral
2883,2120399069,Eucerin,2025-04-01,Giá cả,neutral
2883,2120399069,Eucerin,2025-04-01,Dịch vụ/Uy tín,neutral
2884,2120399069,Eucerin,2025-04-01,Hiệu quả,negative
2884,2120399069,Eucerin,2025-04-01,Hiệu quả,positive
2884,2120399069,Eucerin,2025-04-01,Hiệu quả,neutral
2885,2120399069,Eucerin,2025-03-01,Giá cả,positive
2886,2120399069,Eucerin,2025-03-01,Hiệu quả,positive
2886,2120399069,Eucerin,2025-03-01,Mùi hương/Kết cấu,positive
2886,2120399069,Eucerin,2025-03-01,Hiệu quả,neutral
2887,2120399069,Eucerin,2025-03-01,Hiệu quả,positive
2888,2120399069,Eucerin,2025-02-01,Hiệu quả,positive
2888,2120399069,Eucerin,2025-02-01,Thành phần,positive
2889,2120399069,Eucerin,2025-02-01,Hiệu quả,neutral
2890,2120399069,Eucerin,2025-02-01,Hiệu quả,negative
2892,2120399069,Eucerin,2025-01-01,Hiệu quả,neutral
2893,2120399069,Eucerin,2025-01-01,Giá cả,neutral
2893,2120399069,Eucerin,2025-01-01,Thành phần,neutral
2893,2120399069,Eucerin,2025-01-01,Hiệu quả,neutral
2896,2120399069,Eucerin,2024-12-01,Giá cả,neutral
2897,2120399069,Eucerin,2024-12-01,Hiệu quả,neutral
2897,2120399069,Eucerin,2024-12-01,Hiệu quả,neutral
2897,2120399069,Eucerin,2024-12-01,Thành phần,neutral
2897,2120399069,Eucerin,2024-12-01,Hiệu quả,neutral
2898,2120399069,Eucerin,2024-12-01,Hiệu quả,neutral
2898,2120399069,Eucerin,2024-12-01,Hiệu quả,neutral
2898,2120399069,Eucerin,2024-12-01,Hiệu quả,positive
2899,2120399069,Eucerin,2024-12-01,Hiệu quả,positive
2899,2120399069,Eucerin,2024-12-01,Thành phần,positive
2899,2120399069,Eucerin,2024-12-01,Hiệu quả,neutral
2899,2120399069,Eucerin,2024-12-01,Thành phần,neutral
2899,2120399069,Eucerin,2024-12-01,Hiệu quả,positive
2900,2120399069,Eucerin,2024-12-01,Mùi hương/Kết cấu,positive
2900,2120399069,Eucerin,2024-12-01,Hiệu quả,neutral
2900,2120399069,Eucerin,2024-12-01,Hiệu quả,positive
2900,2120399069,Eucerin,2024-12-01,Thành phần,positive
2900,2120399069,Eucerin,2024-12-01,Hiệu quả,positive
2901,2120399069,Eucerin,2024-11-01,Hiệu quả,neutral
2901,2120399069,Eucerin,2024-11-01,Hiệu quả,negative
2901,2120399069,Eucerin,2024-11-01,Mùi hương/Kết cấu,positive
2903,2120399069,Eucerin,2024-11-01,Hiệu quả,positive
2903,2120399069,Eucerin,2024-11-01,Giá cả,neutral
2903,2120399069,Eucerin,2024-11-01,Thành phần,neutral
2903,2120399069,Eucerin,2024-11-01,Thành phần,neutral
2904,2120399069,Eucerin,2024-10-01,Mùi hương/Kết cấu,positive
2905,2120399069,Eucerin,2024-09-01,Hiệu quả,neutral
2905,2120399069,Eucerin,2024-09-01,Hiệu quả,neutral
2905,2120399069,Eucerin,2024-09-01,Hiệu quả,positive
2905,2120399069,Eucerin,2024-09-01,Thành phần,positive
2906,2120399069,Eucerin,2024-09-01,Hiệu quả,positive
2906,2120399069,Eucerin,2024-09-01,Hiệu quả,neutral
2907,2120399069,Eucerin,2024-09-01,Hiệu quả,positive
2908,2120399069,Eucerin,2024-09-01,Hiệu quả,neutral
2908,2120399069,Eucerin,2024-09-01,Thành phần,neutral
2908,2120399069,Eucerin,2024-09-01,Hiệu quả,positive
2908,2120399069,Eucerin,2024-09-01,Thành phần,positive
2908,2120399069,Eucerin,2024-09-01,Hiệu quả,neutral
2908,2120399069,Eucerin,2024-09-01,Hiệu quả,positive
2908,2120399069,Eucerin,2024-09-01,Thành phần,positive
2908,2120399069,Eucerin,2024-09-01,Hiệu quả,neutral
2910,2120399069,Eucerin,2024-08-01,Hiệu quả,neutral
2910,2120399069,Eucerin,2024-08-01,Hiệu quả,neutral
2910,2120399069,Eucerin,2024-08-01,Mùi hương/Kết cấu,positive
2911,2120399069,Eucerin,2024-08-01,Chất lượng/Đóng gói,positive
2911,2120399069,Eucerin,2024-08-01,Thành phần,positive
2911,2120399069,Eucerin,2024-08-01,Hiệu quả,positive
2911,2120399069,Eucerin,2024-08-01,Thành phần,positive
2911,2120399069,Eucerin,2024-08-01,Hiệu quả,positive
2911,2120399069,Eucerin,2024-08-01,Thành phần,positive
2911,2120399069,Eucerin,2024-08-01,Thành phần,neutral
2911,2120399069,Eucerin,2024-08-01,Mùi hương/Kết cấu,neutral
2911,2120399069,Eucerin,2024-08-01,Thành phần,neutral
2912,2120399069,Eucerin,2024-08-01,Hiệu quả,positive
2912,2120399069,Eucerin,2024-08-01,Chất lượng/Đóng gói,positive
2913,2120399069,Eucerin,2024-07-01,Hiệu quả,positive
2913,2120399069,Eucerin,2024-07-01,Hiệu quả,negative
2915,2120399069,Eucerin,2024-06-01,Hiệu quả,positive
2915,2120399069,Eucerin,2024-06-01,Thành phần,positive
2915,2120399069,Eucerin,2024-06-01,Hiệu quả,negative
2915,2120399069,Eucerin,2024-06-01,Mùi hương/Kết cấu,positive
2915,2120399069,Eucerin,2024-06-01,Thành phần,neutral
2915,2120399069,Eucerin,2024-06-01,Hiệu quả,neutral
2916,2120399069,Eucerin,2024-06-01,Hiệu quả,positive
2917,2120399069,Eucerin,2024-06-01,Hiệu quả,positive
2917,2120399069,Eucerin,2024-06-01,Thành phần,positive
2917,2120399069,Eucerin,2024-06-01,Hiệu quả,negative
2917,2120399069,Eucerin,2024-06-01,Hiệu quả,positive
2920,2120399069,Eucerin,2024-05-01,Mùi hương/Kết cấu,positive
2921,2120399069,Eucerin,2024-05-01,Hiệu quả,negative
2921,2120399069,Eucerin,2024-05-01,Hiệu quả,positive
2921,2120399069,Eucerin,2024-05-01,Thành phần,neutral
2921,2120399069,Eucerin,2024-05-01,Mùi hương/Kết cấu,positive
2923,2120399069,Eucerin,2024-04-01,Hiệu quả,positive
2923,2120399069,Eucerin,2024-04-01,Chất lượng/Đóng gói,positive
2924,2120399069,Eucerin,2024-04-01,Hiệu quả,negative
2924,2120399069,Eucerin,2024-04-01,Hiệu quả,positive
2924,2120399069,Eucerin,2024-04-01,Thành phần,neutral
2924,2120399069,Eucerin,2024-04-01,Hiệu quả,negative
2925,2120399069,Eucerin,2024-04-01,Chất lượng/Đóng gói,neutral
2926,2120399069,Eucerin,2024-04-01,Hiệu quả,negative
2928,2120399069,Eucerin,2024-04-01,Hiệu quả,negative
2928,2120399069,Eucerin,2024-04-01,Hiệu quả,neutral
2929,2120399069,Eucerin,2024-04-01,Hiệu quả,negative
2931,2120399069,Eucerin,2024-03-01,Hiệu quả,neutral
2931,2120399069,Eucerin,2024-03-01,Giao hàng,neutral
2932,2120399069,Eucerin,2024-03-01,Giao hàng,neutral
2932,2120399069,Eucerin,2024-03-01,Chất lượng/Đóng gói,neutral
2932,2120399069,Eucerin,2024-03-01,Dịch vụ/Uy tín,neutral
2933,2120399069,Eucerin,2024-03-01,Hiệu quả,neutral
2934,2120399069,Eucerin,2024-03-01,Chất lượng/Đóng gói,positive
2934,2120399069,Eucerin,2024-03-01,Hiệu quả,positive
2934,2120399069,Eucerin,2024-03-01,Mùi hương/Kết cấu,positive
2935,2120399069,Eucerin,2024-03-01,Chất lượng/Đóng gói,positive
2935,2120399069,Eucerin,2024-03-01,Giao hàng,neutral
2936,2120399069,Eucerin,2024-03-01,Chất lượng/Đóng gói,positive
2938,2120399069,Eucerin,2024-02-01,Mùi hương/Kết cấu,positive
2938,2120399069,Eucerin,2024-02-01,Hiệu quả,neutral
2939,2120399069,Eucerin,2024-02-01,Chất lượng/Đóng gói,neutral
2939,2120399069,Eucerin,2024-02-01,Giao hàng,neutral
2939,2120399069,Eucerin,2024-02-01,Dịch vụ/Uy tín,neutral
2939,2120399069,Eucerin,2024-02-01,Hiệu quả,negative
2939,2120399069,Eucerin,2024-02-01,Hiệu quả,negative
2940,2120399069,Eucerin,2024-02-01,Hiệu quả,positive
2940,2120399069,Eucerin,2024-02-01,Hiệu quả,neutral
2940,2120399069,Eucerin,2024-02-01,Hiệu quả,neutral
2941,2120399069,Eucerin,2024-02-01,Hiệu quả,positive
2941,2120399069,Eucerin,2024-02-01,Thành phần,positive
2941,2120399069,Eucerin,2024-02-01,Hiệu quả,positive
2941,2120399069,Eucerin,2024-02-01,Thành phần,neutral
2942,2120399069,Eucerin,2024-02-01,Chất lượng/Đóng gói,positive
2942,2120399069,Eucerin,2024-02-01,Dịch vụ/Uy tín,positive
2942,2120399069,Eucerin,2024-02-01,Dịch vụ/Uy tín,positive
2943,2120399069,Eucerin,2024-02-01,Hiệu quả,neutral
2943,2120399069,Eucerin,2024-02-01,Hiệu quả,negative
2943,2120399069,Eucerin,2024-02-01,Hiệu quả,positive
2944,2120399069,Eucerin,2024-01-01,Hiệu quả,neutral
2948,2120399069,Eucerin,2023-12-01,Hiệu quả,neutral
2948,2120399069,Eucerin,2023-12-01,Hiệu quả,positive
2948,2120399069,Eucerin,2023-12-01,Thành phần,positive
2949,2120399069,Eucerin,2023-11-01,Mùi hương/Kết cấu,neutral
2949,2120399069,Eucerin,2023-11-01,Hiệu quả,neutral
2949,2120399069,Eucerin,2023-11-01,Hiệu quả,positive
2949,2120399069,Eucerin,2023-11-01,Hiệu quả,positive
2950,2120399069,Eucerin,2023-11-01,Thành phần,neutral
2951,2120399069,Eucerin,2023-11-01,Giao hàng,neutral
2951,2120399069,Eucerin,2023-11-01,Dịch vụ/Uy tín,neutral
2951,2120399069,Eucerin,2023-11-01,Chất lượng/Đóng gói,positive
2951,2120399069,Eucerin,2023-11-01,Giá cả,neutral
2951,2120399069,Eucerin,2023-11-01,Hiệu quả,positive
2952,2120399069,Eucerin,2023-10-01,Giá cả,neutral
2952,2120399069,Eucerin,2023-10-01,Giá cả,neutral
2952,2120399069,Eucerin,2023-10-01,Hiệu quả,negative
2953,2120399069,Eucerin,2023-10-01,Giao hàng,neutral
2953,2120399069,Eucerin,2023-10-01,Dịch vụ/Uy tín,neutral
2953,2120399069,Eucerin,2023-10-01,Chất lượng/Đóng gói,positive
2953,2120399069,Eucerin,2023-10-01,Giá cả,neutral
2954,2120399069,Eucerin,2023-10-01,Chất lượng/Đóng gói,positive
2954,2120399069,Eucerin,2023-10-01,Mùi hương/Kết cấu,neutral
2955,2120399069,Eucerin,2023-09-01,Chất lượng/Đóng gói,positive
2955,2120399069,Eucerin,2023-09-01,Giao hàng,positive
2956,2120399069,Eucerin,2023-08-01,Giá cả,positive
2957,2120399069,Eucerin,2023-08-01,Chất lượng/Đóng gói,positive
2957,2120399069,Eucerin,2023-08-01,Giá cả,positive
2959,2120399069,Eucerin,2023-07-01,Hiệu quả,neutral
2960,2120399069,Eucerin,2023-05-01,Hiệu quả,positive
2962,2120399069,Eucerin,2023-05-01,Mùi hương/Kết cấu,negative
2963,2120399069,Eucerin,2023-04-01,Chất lượng/Đóng gói,positive
2963,2120399069,Eucerin,2023-04-01,Hiệu quả,neutral
2964,2120399069,Eucerin,2023-04-01,Hiệu quả,negative
2965,2120399069,Eucerin,2023-03-01,Chất lượng/Đóng gói,positive
2965,2120399069,Eucerin,2023-03-01,Mùi hương/Kết cấu,positive
2967,2120399069,Eucerin,2022-12-01,Chất lượng/Đóng gói,negative
2967,2120399069,Eucerin,2022-12-01,Dịch vụ/Uy tín,negative
2969,2120399069,Eucerin,2022-11-01,Chất lượng/Đóng gói,positive
2969,2120399069,Eucerin,2022-11-01,Giao hàng,positive
2969,2120399069,Eucerin,2022-11-01,Dịch vụ/Uy tín,positive
2971,2120399069,Eucerin,2022-10-01,Giao hàng,neutral
2971,2120399069,Eucerin,2022-10-01,Chất lượng/Đóng gói,neutral
2972,2120399069,Eucerin,2022-07-01,Dịch vụ/Uy tín,positive
2972,2120399069,Eucerin,2022-07-01,Dịch vụ/Uy tín,neutral
2972,2120399069,Eucerin,2022-07-01,Chất lượng/Đóng gói,positive
2972,2120399069,Eucerin,2022-07-01,Dịch vụ/Uy tín,positive
2973,2120399069,Eucerin,2022-05-01,Hiệu quả,negative
2973,2120399069,Eucerin,2022-05-01,Giá cả,neutral
2973,2120399069,Eucerin,2022-05-01,Hiệu quả,positive
2974,2120399069,Eucerin,2022-02-01,Giao hàng,neutral
2974,2120399069,Eucerin,2022-02-01,Dịch vụ/Uy tín,neutral
2974,2120399069,Eucerin,2022-02-01,Chất lượng/Đóng gói,positive
2976,2181099682,Eucerin,2026-04-01,Hiệu quả,neutral
2977,2181099682,Eucerin,2026-03-01,Hiệu quả,negative
2977,2181099682,Eucerin,2026-03-01,Hiệu quả,neutral
2977,2181099682,Eucerin,2026-03-01,Hiệu quả,positive
2978,2181099682,Eucerin,2025-11-01,Thành phần,positive
2978,2181099682,Eucerin,2025-11-01,Hiệu quả,positive
2978,2181099682,Eucerin,2025-11-01,Mùi hương/Kết cấu,positive
2979,2181099682,Eucerin,2025-10-01,Hiệu quả,neutral
2979,2181099682,Eucerin,2025-10-01,Mùi hương/Kết cấu,positive
2980,2181099682,Eucerin,2025-10-01,Hiệu quả,positive
2980,2181099682,Eucerin,2025-10-01,Hiệu quả,positive
2980,2181099682,Eucerin,2025-10-01,Hiệu quả,positive
2982,2181099682,Eucerin,2025-10-01,Chất lượng/Đóng gói,positive
2982,2181099682,Eucerin,2025-10-01,Giá cả,neutral
2982,2181099682,Eucerin,2025-10-01,Giao hàng,neutral
2984,2181099682,Eucerin,2025-09-01,Chất lượng/Đóng gói,neutral
2985,2181099682,Eucerin,2025-08-01,Mùi hương/Kết cấu,positive
2985,2181099682,Eucerin,2025-08-01,Hiệu quả,positive
2985,2181099682,Eucerin,2025-08-01,Giá cả,positive
2986,2181099682,Eucerin,2025-08-01,Hiệu quả,positive
2987,2181099682,Eucerin,2025-08-01,Mùi hương/Kết cấu,neutral
2988,2181099682,Eucerin,2025-07-01,Chất lượng/Đóng gói,neutral
2989,2181099682,Eucerin,2025-07-01,Hiệu quả,positive
2989,2181099682,Eucerin,2025-07-01,Mùi hương/Kết cấu,positive
2989,2181099682,Eucerin,2025-07-01,Giá cả,positive
2989,2181099682,Eucerin,2025-07-01,Hiệu quả,positive
2990,2181099682,Eucerin,2025-07-01,Dịch vụ/Uy tín,positive
2991,2181099682,Eucerin,2025-07-01,Mùi hương/Kết cấu,positive
2991,2181099682,Eucerin,2025-07-01,Hiệu quả,neutral
2992,2181099682,Eucerin,2025-07-01,Chất lượng/Đóng gói,positive
2992,2181099682,Eucerin,2025-07-01,Hiệu quả,positive
2992,2181099682,Eucerin,2025-07-01,Hiệu quả,positive
2993,2181099682,Eucerin,2025-06-01,Hiệu quả,positive
2993,2181099682,Eucerin,2025-06-01,Hiệu quả,negative
2993,2181099682,Eucerin,2025-06-01,Hiệu quả,neutral
2994,2181099682,Eucerin,2025-06-01,Hiệu quả,positive
2995,2181099682,Eucerin,2025-05-01,Hiệu quả,neutral
2997,2181099682,Eucerin,2025-05-01,Chất lượng/Đóng gói,positive
2997,2181099682,Eucerin,2025-05-01,Giá cả,neutral
2997,2181099682,Eucerin,2025-05-01,Dịch vụ/Uy tín,neutral
2997,2181099682,Eucerin,2025-05-01,Giao hàng,neutral
2998,2181099682,Eucerin,2025-05-01,Chất lượng/Đóng gói,positive
2998,2181099682,Eucerin,2025-05-01,Giá cả,neutral
2998,2181099682,Eucerin,2025-05-01,Hiệu quả,neutral
2998,2181099682,Eucerin,2025-05-01,Giá cả,neutral
2999,2181099682,Eucerin,2025-05-01,Mùi hương/Kết cấu,positive
2999,2181099682,Eucerin,2025-05-01,Hiệu quả,negative
2999,2181099682,Eucerin,2025-05-01,Hiệu quả,positive
3000,2181099682,Eucerin,2025-05-01,Hiệu quả,neutral
3000,2181099682,Eucerin,2025-05-01,Chất lượng/Đóng gói,neutral
3000,2181099682,Eucerin,2025-05-01,Giao hàng,neutral
3001,2181099682,Eucerin,2025-03-01,Hiệu quả,neutral
3001,2181099682,Eucerin,2025-03-01,Mùi hương/Kết cấu,positive
3002,2181099682,Eucerin,2025-03-01,Chất lượng/Đóng gói,positive
3002,2181099682,Eucerin,2025-03-01,Giá cả,neutral
3002,2181099682,Eucerin,2025-03-01,Giao hàng,neutral
3003,2181099682,Eucerin,2025-03-01,Hiệu quả,positive
3004,2181099682,Eucerin,2025-03-01,Mùi hương/Kết cấu,positive
3006,2181099682,Eucerin,2025-03-01,Mùi hương/Kết cấu,positive
3006,2181099682,Eucerin,2025-03-01,Hiệu quả,negative
3007,2181099682,Eucerin,2025-02-01,Mùi hương/Kết cấu,positive
3008,2181099682,Eucerin,2025-02-01,Mùi hương/Kết cấu,positive
3008,2181099682,Eucerin,2025-02-01,Hiệu quả,negative
3009,2181099682,Eucerin,2025-02-01,Hiệu quả,positive
3009,2181099682,Eucerin,2025-02-01,Hiệu quả,neutral
3010,2181099682,Eucerin,2025-02-01,Mùi hương/Kết cấu,positive
3011,2181099682,Eucerin,2025-02-01,Chất lượng/Đóng gói,positive
3011,2181099682,Eucerin,2025-02-01,Giá cả,neutral
3011,2181099682,Eucerin,2025-02-01,Giao hàng,neutral
3012,2181099682,Eucerin,2025-02-01,Hiệu quả,neutral
3012,2181099682,Eucerin,2025-02-01,Hiệu quả,positive
3012,2181099682,Eucerin,2025-02-01,Hiệu quả,positive
3012,2181099682,Eucerin,2025-02-01,Hiệu quả,neutral
3013,2181099682,Eucerin,2025-01-01,Hiệu quả,neutral
3013,2181099682,Eucerin,2025-01-01,Mùi hương/Kết cấu,positive
3014,2181099682,Eucerin,2025-01-01,Hiệu quả,positive
3015,2181099682,Eucerin,2025-01-01,Mùi hương/Kết cấu,neutral
3016,2181099682,Eucerin,2025-01-01,Mùi hương/Kết cấu,positive
3016,2181099682,Eucerin,2025-01-01,Hiệu quả,neutral
3017,2181099682,Eucerin,2025-01-01,Hiệu quả,positive
3017,2181099682,Eucerin,2025-01-01,Thành phần,positive
3017,2181099682,Eucerin,2025-01-01,Hiệu quả,positive
3017,2181099682,Eucerin,2025-01-01,Mùi hương/Kết cấu,neutral
3018,2181099682,Eucerin,2025-01-01,Hiệu quả,negative
3018,2181099682,Eucerin,2025-01-01,Mùi hương/Kết cấu,positive
3019,2181099682,Eucerin,2025-01-01,Hiệu quả,positive
3019,2181099682,Eucerin,2025-01-01,Mùi hương/Kết cấu,positive
3019,2181099682,Eucerin,2025-01-01,Hiệu quả,neutral
3019,2181099682,Eucerin,2025-01-01,Hiệu quả,negative
3019,2181099682,Eucerin,2025-01-01,Hiệu quả,negative
3019,2181099682,Eucerin,2025-01-01,Mùi hương/Kết cấu,negative
3019,2181099682,Eucerin,2025-01-01,Hiệu quả,neutral
3019,2181099682,Eucerin,2025-01-01,Hiệu quả,positive
3019,2181099682,Eucerin,2025-01-01,Hiệu quả,neutral
3019,2181099682,Eucerin,2025-01-01,Hiệu quả,negative
3020,2181099682,Eucerin,2024-12-01,Hiệu quả,neutral
3021,2181099682,Eucerin,2024-12-01,Giao hàng,neutral
3021,2181099682,Eucerin,2024-12-01,Chất lượng/Đóng gói,neutral
3024,2181099682,Eucerin,2024-12-01,Mùi hương/Kết cấu,positive
3024,2181099682,Eucerin,2024-12-01,Hiệu quả,positive
3025,2181099682,Eucerin,2024-12-01,Hiệu quả,positive
3025,2181099682,Eucerin,2024-12-01,Hiệu quả,positive
3025,2181099682,Eucerin,2024-12-01,Hiệu quả,neutral
3026,2181099682,Eucerin,2024-12-01,Hiệu quả,negative
3026,2181099682,Eucerin,2024-12-01,Hiệu quả,positive
3027,2181099682,Eucerin,2024-11-01,Mùi hương/Kết cấu,negative
3027,2181099682,Eucerin,2024-11-01,Mùi hương/Kết cấu,negative
3028,2181099682,Eucerin,2024-11-01,Mùi hương/Kết cấu,positive
3029,2181099682,Eucerin,2024-11-01,Mùi hương/Kết cấu,positive
3029,2181099682,Eucerin,2024-11-01,Hiệu quả,positive
3030,2181099682,Eucerin,2024-11-01,Hiệu quả,negative
3030,2181099682,Eucerin,2024-11-01,Mùi hương/Kết cấu,positive
3031,2181099682,Eucerin,2024-11-01,Hiệu quả,negative
3032,2181099682,Eucerin,2024-10-01,Mùi hương/Kết cấu,positive
3033,2181099682,Eucerin,2024-10-01,Hiệu quả,positive
3033,2181099682,Eucerin,2024-10-01,Hiệu quả,positive
3034,2181099682,Eucerin,2024-10-01,Chất lượng/Đóng gói,neutral
3034,2181099682,Eucerin,2024-10-01,Giao hàng,neutral
3035,2181099682,Eucerin,2024-10-01,Hiệu quả,neutral
3035,2181099682,Eucerin,2024-10-01,Mùi hương/Kết cấu,neutral
3035,2181099682,Eucerin,2024-10-01,Mùi hương/Kết cấu,neutral
3036,2181099682,Eucerin,2024-10-01,Hiệu quả,neutral
3036,2181099682,Eucerin,2024-10-01,Hiệu quả,positive
3038,2181099682,Eucerin,2024-09-01,Hiệu quả,positive
3038,2181099682,Eucerin,2024-09-01,Mùi hương/Kết cấu,positive
3038,2181099682,Eucerin,2024-09-01,Mùi hương/Kết cấu,positive
3039,2181099682,Eucerin,2024-09-01,Mùi hương/Kết cấu,positive
3041,2181099682,Eucerin,2024-09-01,Hiệu quả,positive
3043,2181099682,Eucerin,2024-09-01,Hiệu quả,positive
3044,2181099682,Eucerin,2024-09-01,Hiệu quả,negative
3044,2181099682,Eucerin,2024-09-01,Hiệu quả,neutral
3045,2181099682,Eucerin,2024-09-01,Chất lượng/Đóng gói,positive
3045,2181099682,Eucerin,2024-09-01,Giá cả,neutral
3045,2181099682,Eucerin,2024-09-01,Dịch vụ/Uy tín,neutral
3046,2181099682,Eucerin,2024-09-01,Mùi hương/Kết cấu,positive
3047,2181099682,Eucerin,2024-08-01,Hiệu quả,positive
3047,2181099682,Eucerin,2024-08-01,Hiệu quả,positive
3048,2181099682,Eucerin,2024-08-01,Hiệu quả,positive
3048,2181099682,Eucerin,2024-08-01,Mùi hương/Kết cấu,positive
3050,2181099682,Eucerin,2024-08-01,Hiệu quả,positive
3050,2181099682,Eucerin,2024-08-01,Mùi hương/Kết cấu,positive
3052,2181099682,Eucerin,2024-07-01,Hiệu quả,positive
3052,2181099682,Eucerin,2024-07-01,Mùi hương/Kết cấu,positive
3052,2181099682,Eucerin,2024-07-01,Giá cả,positive
3052,2181099682,Eucerin,2024-07-01,Chất lượng/Đóng gói,positive
3052,2181099682,Eucerin,2024-07-01,Giao hàng,positive
3052,2181099682,Eucerin,2024-07-01,Dịch vụ/Uy tín,positive
3053,2181099682,Eucerin,2024-07-01,Mùi hương/Kết cấu,positive
3054,2181099682,Eucerin,2024-07-01,Hiệu quả,positive
3054,2181099682,Eucerin,2024-07-01,Hiệu quả,positive
3054,2181099682,Eucerin,2024-07-01,Mùi hương/Kết cấu,positive
3054,2181099682,Eucerin,2024-07-01,Hiệu quả,negative
3055,2181099682,Eucerin,2024-06-01,Hiệu quả,positive
3055,2181099682,Eucerin,2024-06-01,Hiệu quả,positive
3056,2181099682,Eucerin,2024-06-01,Hiệu quả,negative
3056,2181099682,Eucerin,2024-06-01,Hiệu quả,neutral
3058,2181099682,Eucerin,2024-06-01,Hiệu quả,positive
3058,2181099682,Eucerin,2024-06-01,Hiệu quả,neutral
3058,2181099682,Eucerin,2024-06-01,Hiệu quả,positive
3059,2181099682,Eucerin,2024-06-01,Mùi hương/Kết cấu,positive
3061,2181099682,Eucerin,2024-06-01,Hiệu quả,positive
3062,2181099682,Eucerin,2024-06-01,Mùi hương/Kết cấu,positive
3062,2181099682,Eucerin,2024-06-01,Hiệu quả,neutral
3063,2181099682,Eucerin,2024-06-01,Hiệu quả,positive
3063,2181099682,Eucerin,2024-06-01,Mùi hương/Kết cấu,positive
3063,2181099682,Eucerin,2024-06-01,Hiệu quả,neutral
3064,2120284745,Eucerin,2024-11-01,Dịch vụ/Uy tín,neutral
3069,2120284745,Eucerin,2025-11-01,Mùi hương/Kết cấu,neutral
3070,2120284745,Eucerin,2024-12-01,Giá cả,positive
3071,2120284745,Eucerin,2024-11-01,Dịch vụ/Uy tín,neutral
3071,2120284745,Eucerin,2024-11-01,Giá cả,positive
3071,2120284745,Eucerin,2024-11-01,Giao hàng,neutral
3071,2120284745,Eucerin,2024-11-01,Dịch vụ/Uy tín,neutral
3072,2120284745,Eucerin,2024-05-01,Giá cả,neutral
3072,2120284745,Eucerin,2024-05-01,Giá cả,negative
3073,2120284745,Eucerin,2022-10-01,Hiệu quả,positive
3073,2120284745,Eucerin,2022-10-01,Mùi hương/Kết cấu,positive
3073,2120284745,Eucerin,2022-10-01,Hiệu quả,positive
3074,2120284745,Eucerin,2022-10-01,Chất lượng/Đóng gói,positive
3074,2120284745,Eucerin,2022-10-01,Dịch vụ/Uy tín,positive
3074,2120284745,Eucerin,2022-10-01,Giao hàng,neutral
3074,2120284745,Eucerin,2022-10-01,Hiệu quả,positive
3074,2120284745,Eucerin,2022-10-01,Mùi hương/Kết cấu,neutral
3075,2120284745,Eucerin,2022-04-01,Mùi hương/Kết cấu,neutral
3075,2120284745,Eucerin,2022-04-01,Hiệu quả,positive
3075,2120284745,Eucerin,2022-04-01,Mùi hương/Kết cấu,positive
3076,2120284745,Eucerin,2022-03-01,Mùi hương/Kết cấu,neutral
3076,2120284745,Eucerin,2022-03-01,Mùi hương/Kết cấu,neutral
3076,2120284745,Eucerin,2022-03-01,Giao hàng,neutral
3078,2120284745,Eucerin,2026-04-01,Chất lượng/Đóng gói,positive
3078,2120284745,Eucerin,2026-04-01,Giao hàng,positive
3078,2120284745,Eucerin,2026-04-01,Dịch vụ/Uy tín,positive
3078,2120284745,Eucerin,2026-04-01,Dịch vụ/Uy tín,positive
3079,2120284745,Eucerin,2025-11-01,Hiệu quả,neutral
3080,2120284745,Eucerin,2025-07-01,Hiệu quả,positive
3081,2120284745,Eucerin,2025-06-01,Mùi hương/Kết cấu,neutral
3081,2120284745,Eucerin,2025-06-01,Mùi hương/Kết cấu,positive
3083,2120284745,Eucerin,2025-05-01,Hiệu quả,positive
3083,2120284745,Eucerin,2025-05-01,Hiệu quả,positive
3083,2120284745,Eucerin,2025-05-01,Hiệu quả,positive
3084,2120284745,Eucerin,2025-05-01,Chất lượng/Đóng gói,positive
3084,2120284745,Eucerin,2025-05-01,Chất lượng/Đóng gói,neutral
3085,2120284745,Eucerin,2025-04-01,Hiệu quả,positive
3086,2120284745,Eucerin,2025-04-01,Hiệu quả,neutral
3087,2120284745,Eucerin,2025-04-01,Dịch vụ/Uy tín,neutral
3087,2120284745,Eucerin,2025-04-01,Giá cả,positive
3087,2120284745,Eucerin,2025-04-01,Giao hàng,neutral
3087,2120284745,Eucerin,2025-04-01,Dịch vụ/Uy tín,neutral
3088,2120284745,Eucerin,2025-04-01,Chất lượng/Đóng gói,positive
3088,2120284745,Eucerin,2025-04-01,Chất lượng/Đóng gói,neutral
3089,2120284745,Eucerin,2025-03-01,Mùi hương/Kết cấu,positive
3089,2120284745,Eucerin,2025-03-01,Mùi hương/Kết cấu,neutral
3089,2120284745,Eucerin,2025-03-01,Hiệu quả,negative
3089,2120284745,Eucerin,2025-03-01,Hiệu quả,positive
3090,2120284745,Eucerin,2025-03-01,Hiệu quả,positive
3090,2120284745,Eucerin,2025-03-01,Hiệu quả,neutral
3090,2120284745,Eucerin,2025-03-01,Hiệu quả,positive
3090,2120284745,Eucerin,2025-03-01,Hiệu quả,positive
3091,2120284745,Eucerin,2025-03-01,Chất lượng/Đóng gói,positive
3091,2120284745,Eucerin,2025-03-01,Chất lượng/Đóng gói,neutral
3095,2120284745,Eucerin,2025-02-01,Dịch vụ/Uy tín,neutral
3095,2120284745,Eucerin,2025-02-01,Giá cả,positive
3095,2120284745,Eucerin,2025-02-01,Giao hàng,neutral
3095,2120284745,Eucerin,2025-02-01,Dịch vụ/Uy tín,neutral
3097,2120284745,Eucerin,2025-01-01,Hiệu quả,positive
3097,2120284745,Eucerin,2025-01-01,Hiệu quả,neutral
3098,2120284745,Eucerin,2025-01-01,Dịch vụ/Uy tín,neutral
3098,2120284745,Eucerin,2025-01-01,Giá cả,positive
3098,2120284745,Eucerin,2025-01-01,Giao hàng,neutral
3098,2120284745,Eucerin,2025-01-01,Dịch vụ/Uy tín,neutral
3099,2120284745,Eucerin,2024-12-01,Hiệu quả,neutral
3101,2120284745,Eucerin,2024-12-01,Hiệu quả,neutral
3102,2120284745,Eucerin,2024-11-01,Hiệu quả,positive
3102,2120284745,Eucerin,2024-11-01,Mùi hương/Kết cấu,negative
3103,2120284745,Eucerin,2024-11-01,Hiệu quả,positive
3103,2120284745,Eucerin,2024-11-01,Hiệu quả,neutral
3106,2120284745,Eucerin,2024-10-01,Dịch vụ/Uy tín,neutral
3106,2120284745,Eucerin,2024-10-01,Giá cả,positive
3106,2120284745,Eucerin,2024-10-01,Giao hàng,neutral
3106,2120284745,Eucerin,2024-10-01,Dịch vụ/Uy tín,neutral
3108,2120284745,Eucerin,2024-09-01,Hiệu quả,positive
3109,2120284745,Eucerin,2024-09-01,Hiệu quả,neutral
3110,2120284745,Eucerin,2024-08-01,Mùi hương/Kết cấu,neutral
3110,2120284745,Eucerin,2024-08-01,Mùi hương/Kết cấu,positive
3110,2120284745,Eucerin,2024-08-01,Giá cả,positive
3111,2120284745,Eucerin,2024-08-01,Giá cả,positive
3111,2120284745,Eucerin,2024-08-01,Chất lượng/Đóng gói,neutral
3111,2120284745,Eucerin,2024-08-01,Chất lượng/Đóng gói,positive
3113,2120284745,Eucerin,2024-08-01,Hiệu quả,neutral
3113,2120284745,Eucerin,2024-08-01,Hiệu quả,neutral
3115,2120284745,Eucerin,2024-06-01,Hiệu quả,neutral
3115,2120284745,Eucerin,2024-06-01,Mùi hương/Kết cấu,positive
3115,2120284745,Eucerin,2024-06-01,Hiệu quả,positive
3118,2120284745,Eucerin,2024-05-01,Chất lượng/Đóng gói,positive
3118,2120284745,Eucerin,2024-05-01,Mùi hương/Kết cấu,negative
3118,2120284745,Eucerin,2024-05-01,Giá cả,positive
3119,2120284745,Eucerin,2024-04-01,Chất lượng/Đóng gói,positive
3120,2120284745,Eucerin,2024-04-01,Giá cả,positive
3120,2120284745,Eucerin,2024-04-01,Hiệu quả,positive
3122,2120284745,Eucerin,2024-03-01,Hiệu quả,positive
3123,2120284745,Eucerin,2024-03-01,Hiệu quả,positive
3124,2120284745,Eucerin,2024-03-01,Dịch vụ/Uy tín,neutral
3124,2120284745,Eucerin,2024-03-01,Chất lượng/Đóng gói,neutral
3125,2120284745,Eucerin,2024-03-01,Hiệu quả,negative
3126,2120284745,Eucerin,2024-03-01,Hiệu quả,neutral
3126,2120284745,Eucerin,2024-03-01,Mùi hương/Kết cấu,positive
3128,2120284745,Eucerin,2024-03-01,Hiệu quả,positive
3128,2120284745,Eucerin,2024-03-01,Chất lượng/Đóng gói,positive
3128,2120284745,Eucerin,2024-03-01,Mùi hương/Kết cấu,positive
3128,2120284745,Eucerin,2024-03-01,Mùi hương/Kết cấu,neutral
3129,2120284745,Eucerin,2024-03-01,Hiệu quả,positive
3129,2120284745,Eucerin,2024-03-01,Chất lượng/Đóng gói,positive
3129,2120284745,Eucerin,2024-03-01,Dịch vụ/Uy tín,positive
3130,2120284745,Eucerin,2024-03-01,Hiệu quả,positive
3130,2120284745,Eucerin,2024-03-01,Chất lượng/Đóng gói,positive
3130,2120284745,Eucerin,2024-03-01,Hiệu quả,negative
3133,2120284745,Eucerin,2024-03-01,Giá cả,neutral
3134,2120284745,Eucerin,2024-03-01,Hiệu quả,neutral
3136,2120284745,Eucerin,2024-03-01,Giá cả,positive
3138,2120284745,Eucerin,2024-02-01,Hiệu quả,positive
3139,2120284745,Eucerin,2024-02-01,Mùi hương/Kết cấu,positive
3140,2120284745,Eucerin,2024-02-01,Chất lượng/Đóng gói,neutral
3140,2120284745,Eucerin,2024-02-01,Mùi hương/Kết cấu,neutral
3140,2120284745,Eucerin,2024-02-01,Mùi hương/Kết cấu,neutral
3141,2120284745,Eucerin,2024-02-01,Giao hàng,neutral
3142,2120284745,Eucerin,2024-02-01,Giá cả,positive
3142,2120284745,Eucerin,2024-02-01,Hiệu quả,negative
3142,2120284745,Eucerin,2024-02-01,Chất lượng/Đóng gói,negative
3143,2120284745,Eucerin,2024-02-01,Dịch vụ/Uy tín,neutral
3145,2120284745,Eucerin,2024-02-01,Mùi hương/Kết cấu,positive
3146,2120284745,Eucerin,2024-01-01,Giao hàng,neutral
3148,2120284745,Eucerin,2024-01-01,Hiệu quả,positive
3149,2120284745,Eucerin,2024-01-01,Hiệu quả,positive
3150,2120284745,Eucerin,2024-01-01,Mùi hương/Kết cấu,positive
3152,2120284745,Eucerin,2023-12-01,Hiệu quả,neutral
3153,2120284745,Eucerin,2023-12-01,Hiệu quả,positive
3158,2120284745,Eucerin,2023-11-01,Hiệu quả,positive
3158,2120284745,Eucerin,2023-11-01,Mùi hương/Kết cấu,positive
3158,2120284745,Eucerin,2023-11-01,Hiệu quả,positive
3159,2120284745,Eucerin,2023-11-01,Chất lượng/Đóng gói,positive
3161,2120284745,Eucerin,2023-10-01,Chất lượng/Đóng gói,positive
3162,2120284745,Eucerin,2023-10-01,Hiệu quả,positive
3163,2120284745,Eucerin,2023-10-01,Hiệu quả,positive
3163,2120284745,Eucerin,2023-10-01,Giá cả,neutral
3164,2120284745,Eucerin,2023-10-01,Mùi hương/Kết cấu,positive
3164,2120284745,Eucerin,2023-10-01,Giá cả,neutral
3166,2120284745,Eucerin,2023-10-01,Giao hàng,neutral
3166,2120284745,Eucerin,2023-10-01,Chất lượng/Đóng gói,positive
3167,2120284745,Eucerin,2023-09-01,Hiệu quả,positive
3167,2120284745,Eucerin,2023-09-01,Chất lượng/Đóng gói,positive
3167,2120284745,Eucerin,2023-09-01,Mùi hương/Kết cấu,positive
3168,2120284745,Eucerin,2023-09-01,Giao hàng,neutral
3168,2120284745,Eucerin,2023-09-01,Dịch vụ/Uy tín,neutral
3169,2120284745,Eucerin,2023-09-01,Giao hàng,neutral
3169,2120284745,Eucerin,2023-09-01,Chất lượng/Đóng gói,positive
3169,2120284745,Eucerin,2023-09-01,Chất lượng/Đóng gói,negative
3170,2120284745,Eucerin,2023-09-01,Mùi hương/Kết cấu,neutral
3171,2120284745,Eucerin,2023-09-01,Mùi hương/Kết cấu,neutral
3171,2120284745,Eucerin,2023-09-01,Hiệu quả,positive
3171,2120284745,Eucerin,2023-09-01,Chất lượng/Đóng gói,neutral
3173,2120213915,Eucerin,2023-04-01,Giá cả,neutral
3174,2120213915,Eucerin,2024-05-01,Chất lượng/Đóng gói,positive
3174,2120213915,Eucerin,2024-05-01,Giá cả,neutral
3177,2120213915,Eucerin,2025-07-01,Chất lượng/Đóng gói,neutral
3177,2120213915,Eucerin,2025-07-01,Giao hàng,neutral
3178,2120213915,Eucerin,2025-07-01,Hiệu quả,positive
3179,2120213915,Eucerin,2025-06-01,Hiệu quả,positive
3179,2120213915,Eucerin,2025-06-01,Mùi hương/Kết cấu,positive
3180,2120213915,Eucerin,2025-05-01,Mùi hương/Kết cấu,positive
3182,2120213915,Eucerin,2025-03-01,Hiệu quả,positive
3183,2120213915,Eucerin,2025-01-01,Hiệu quả,positive
3184,2120213915,Eucerin,2025-01-01,Mùi hương/Kết cấu,positive
3186,2120213915,Eucerin,2024-10-01,Hiệu quả,positive
3187,2120213915,Eucerin,2024-10-01,Hiệu quả,neutral
3187,2120213915,Eucerin,2024-10-01,Hiệu quả,positive
3187,2120213915,Eucerin,2024-10-01,Hiệu quả,positive
3189,2120213915,Eucerin,2024-09-01,Hiệu quả,positive
3190,2120213915,Eucerin,2024-07-01,Hiệu quả,positive
3191,2120213915,Eucerin,2024-06-01,Hiệu quả,positive
3191,2120213915,Eucerin,2024-06-01,Hiệu quả,positive
3192,2120213915,Eucerin,2024-06-01,Hiệu quả,neutral
3192,2120213915,Eucerin,2024-06-01,Hiệu quả,positive
3193,2120213915,Eucerin,2024-05-01,Hiệu quả,positive
3194,2120213915,Eucerin,2024-05-01,Giao hàng,neutral
3194,2120213915,Eucerin,2024-05-01,Dịch vụ/Uy tín,neutral
3195,2120213915,Eucerin,2024-05-01,Hiệu quả,positive
3195,2120213915,Eucerin,2024-05-01,Hiệu quả,positive
3196,2120213915,Eucerin,2024-04-01,Hiệu quả,positive
3198,2120213915,Eucerin,2024-03-01,Hiệu quả,neutral
3198,2120213915,Eucerin,2024-03-01,Hiệu quả,positive
3199,2120213915,Eucerin,2024-03-01,Hiệu quả,positive
3199,2120213915,Eucerin,2024-03-01,Hiệu quả,positive
3199,2120213915,Eucerin,2024-03-01,Hiệu quả,positive
3200,2120213915,Eucerin,2024-03-01,Hiệu quả,positive
3201,2120213915,Eucerin,2024-02-01,Chất lượng/Đóng gói,positive
3203,2120213915,Eucerin,2023-11-01,Hiệu quả,positive
3204,2120213915,Eucerin,2023-10-01,Giá cả,positive
3204,2120213915,Eucerin,2023-10-01,Dịch vụ/Uy tín,neutral
3205,2120213915,Eucerin,2023-09-01,Chất lượng/Đóng gói,positive
3205,2120213915,Eucerin,2023-09-01,Hiệu quả,positive
3205,2120213915,Eucerin,2023-09-01,Giá cả,positive
3205,2120213915,Eucerin,2023-09-01,Mùi hương/Kết cấu,positive
3206,2120213915,Eucerin,2023-08-01,Chất lượng/Đóng gói,positive
3207,2120213915,Eucerin,2023-08-01,Giá cả,neutral
3207,2120213915,Eucerin,2023-08-01,Dịch vụ/Uy tín,positive
3209,2120213915,Eucerin,2023-07-01,Hiệu quả,positive
3209,2120213915,Eucerin,2023-07-01,Hiệu quả,neutral
3209,2120213915,Eucerin,2023-07-01,Giá cả,neutral
3211,2120213915,Eucerin,2023-06-01,Hiệu quả,positive
3211,2120213915,Eucerin,2023-06-01,Chất lượng/Đóng gói,positive
3211,2120213915,Eucerin,2023-06-01,Mùi hương/Kết cấu,positive
3212,2120213915,Eucerin,2023-05-01,Chất lượng/Đóng gói,positive
3213,2120213915,Eucerin,2023-05-01,Hiệu quả,positive
3213,2120213915,Eucerin,2023-05-01,Chất lượng/Đóng gói,positive
3215,2120213915,Eucerin,2023-03-01,Mùi hương/Kết cấu,positive
3215,2120213915,Eucerin,2023-03-01,Hiệu quả,negative
3216,2120213915,Eucerin,2022-12-01,Mùi hương/Kết cấu,positive
3216,2120213915,Eucerin,2022-12-01,Hiệu quả,positive
3217,2120213915,Eucerin,2022-12-01,Giao hàng,neutral
3218,2120213915,Eucerin,2022-11-01,Hiệu quả,positive
3218,2120213915,Eucerin,2022-11-01,Chất lượng/Đóng gói,negative
3219,2120213915,Eucerin,2022-03-01,Giao hàng,neutral
3219,2120213915,Eucerin,2022-03-01,Chất lượng/Đóng gói,positive
3219,2120213915,Eucerin,2022-03-01,Chất lượng/Đóng gói,positive
3220,2120213915,Eucerin,2022-01-01,Giá cả,neutral
3221,2120213915,Eucerin,2021-10-01,Giá cả,neutral
3223,2120213915,Eucerin,2020-08-01,Mùi hương/Kết cấu,positive
3223,2120213915,Eucerin,2020-08-01,Giao hàng,neutral
3224,2120366470,Eucerin,2025-08-01,Chất lượng/Đóng gói,negative
3225,2120366470,Eucerin,2024-02-01,Chất lượng/Đóng gói,positive
3225,2120366470,Eucerin,2024-02-01,Chất lượng/Đóng gói,negative
3225,2120366470,Eucerin,2024-02-01,Chất lượng/Đóng gói,positive
3225,2120366470,Eucerin,2024-02-01,Dịch vụ/Uy tín,positive
3225,2120366470,Eucerin,2024-02-01,Chất lượng/Đóng gói,negative
3225,2120366470,Eucerin,2024-02-01,Chất lượng/Đóng gói,positive
3225,2120366470,Eucerin,2024-02-01,Dịch vụ/Uy tín,neutral
3225,2120366470,Eucerin,2024-02-01,Giá cả,neutral
3225,2120366470,Eucerin,2024-02-01,Dịch vụ/Uy tín,neutral
3225,2120366470,Eucerin,2024-02-01,Dịch vụ/Uy tín,positive
3228,2120366470,Eucerin,2021-10-01,Giao hàng,neutral
3229,2120366470,Eucerin,2025-01-01,Chất lượng/Đóng gói,neutral
3229,2120366470,Eucerin,2025-01-01,Chất lượng/Đóng gói,negative
3229,2120366470,Eucerin,2025-01-01,Chất lượng/Đóng gói,neutral
3230,2120366470,Eucerin,2024-12-01,Giá cả,neutral
3230,2120366470,Eucerin,2024-12-01,Giá cả,neutral
3230,2120366470,Eucerin,2024-12-01,Giao hàng,neutral
3231,2120366470,Eucerin,2024-03-01,Giá cả,neutral
3232,2120366470,Eucerin,2024-03-01,Dịch vụ/Uy tín,neutral
3232,2120366470,Eucerin,2024-03-01,Giá cả,neutral
3232,2120366470,Eucerin,2024-03-01,Dịch vụ/Uy tín,neutral
3237,2120366470,Eucerin,2023-10-01,Mùi hương/Kết cấu,positive
3238,2120366470,Eucerin,2023-08-01,Giá cả,neutral
3238,2120366470,Eucerin,2023-08-01,Dịch vụ/Uy tín,negative
3240,2120366470,Eucerin,2022-11-01,Chất lượng/Đóng gói,neutral
3240,2120366470,Eucerin,2022-11-01,Dịch vụ/Uy tín,neutral
3240,2120366470,Eucerin,2022-11-01,Chất lượng/Đóng gói,positive
3240,2120366470,Eucerin,2022-11-01,Mùi hương/Kết cấu,neutral
3241,2120366470,Eucerin,2022-09-01,Giao hàng,neutral
3241,2120366470,Eucerin,2022-09-01,Giá cả,neutral
3241,2120366470,Eucerin,2022-09-01,Hiệu quả,negative
3244,2120366470,Eucerin,2026-04-01,Dịch vụ/Uy tín,neutral
3244,2120366470,Eucerin,2026-04-01,Hiệu quả,neutral
3244,2120366470,Eucerin,2026-04-01,Hiệu quả,positive
3246,2120366470,Eucerin,2025-11-01,Hiệu quả,positive
3246,2120366470,Eucerin,2025-11-01,Hiệu quả,positive
3247,2120366470,Eucerin,2025-11-01,Hiệu quả,positive
3247,2120366470,Eucerin,2025-11-01,Hiệu quả,neutral
3247,2120366470,Eucerin,2025-11-01,Hiệu quả,positive
3247,2120366470,Eucerin,2025-11-01,Mùi hương/Kết cấu,positive
3247,2120366470,Eucerin,2025-11-01,Hiệu quả,positive
3247,2120366470,Eucerin,2025-11-01,Giá cả,positive
3247,2120366470,Eucerin,2025-11-01,Giá cả,positive
3248,2120366470,Eucerin,2025-11-01,Hiệu quả,neutral
3248,2120366470,Eucerin,2025-11-01,Giá cả,neutral
3249,2120366470,Eucerin,2025-11-01,Hiệu quả,neutral
3250,2120366470,Eucerin,2025-11-01,Hiệu quả,positive
3250,2120366470,Eucerin,2025-11-01,Hiệu quả,positive
3252,2120366470,Eucerin,2025-09-01,Dịch vụ/Uy tín,neutral
3252,2120366470,Eucerin,2025-09-01,Chất lượng/Đóng gói,positive
3252,2120366470,Eucerin,2025-09-01,Giao hàng,neutral
3253,2120366470,Eucerin,2025-09-01,Chất lượng/Đóng gói,neutral
3253,2120366470,Eucerin,2025-09-01,Chất lượng/Đóng gói,positive
3254,2120366470,Eucerin,2025-09-01,Hiệu quả,positive
3254,2120366470,Eucerin,2025-09-01,Giá cả,positive
3254,2120366470,Eucerin,2025-09-01,Thành phần,positive
3254,2120366470,Eucerin,2025-09-01,Hiệu quả,negative
3255,2120366470,Eucerin,2025-08-01,Giao hàng,neutral
3257,2120366470,Eucerin,2025-08-01,Hiệu quả,neutral
3259,2120366470,Eucerin,2025-07-01,Chất lượng/Đóng gói,neutral
3259,2120366470,Eucerin,2025-07-01,Giao hàng,neutral
3259,2120366470,Eucerin,2025-07-01,Dịch vụ/Uy tín,neutral
3259,2120366470,Eucerin,2025-07-01,Dịch vụ/Uy tín,positive
3259,2120366470,Eucerin,2025-07-01,Dịch vụ/Uy tín,neutral
3259,2120366470,Eucerin,2025-07-01,Hiệu quả,neutral
3259,2120366470,Eucerin,2025-07-01,Giá cả,neutral
3261,2120366470,Eucerin,2025-07-01,Hiệu quả,positive
3261,2120366470,Eucerin,2025-07-01,Giá cả,positive
3261,2120366470,Eucerin,2025-07-01,Thành phần,positive
3263,2120366470,Eucerin,2025-07-01,Mùi hương/Kết cấu,neutral
3264,2120366470,Eucerin,2025-06-01,Giá cả,neutral
3265,2120366470,Eucerin,2025-06-01,Hiệu quả,positive
3265,2120366470,Eucerin,2025-06-01,Giá cả,positive
3265,2120366470,Eucerin,2025-06-01,Thành phần,positive
3266,2120366470,Eucerin,2025-06-01,Hiệu quả,positive
3266,2120366470,Eucerin,2025-06-01,Hiệu quả,positive
3266,2120366470,Eucerin,2025-06-01,Mùi hương/Kết cấu,positive
3268,2120366470,Eucerin,2025-06-01,Chất lượng/Đóng gói,positive
3268,2120366470,Eucerin,2025-06-01,Giao hàng,positive
3268,2120366470,Eucerin,2025-06-01,Dịch vụ/Uy tín,positive
3269,2120366470,Eucerin,2025-06-01,Hiệu quả,positive
3270,2120366470,Eucerin,2025-06-01,Hiệu quả,positive
3270,2120366470,Eucerin,2025-06-01,Giá cả,positive
3271,2120366470,Eucerin,2025-06-01,Hiệu quả,positive
3271,2120366470,Eucerin,2025-06-01,Mùi hương/Kết cấu,positive
3273,2120366470,Eucerin,2025-06-01,Hiệu quả,positive
3273,2120366470,Eucerin,2025-06-01,Giá cả,neutral
3274,2120366470,Eucerin,2025-06-01,Hiệu quả,positive
3274,2120366470,Eucerin,2025-06-01,Hiệu quả,positive
3274,2120366470,Eucerin,2025-06-01,Mùi hương/Kết cấu,positive
3274,2120366470,Eucerin,2025-06-01,Hiệu quả,positive
3274,2120366470,Eucerin,2025-06-01,Mùi hương/Kết cấu,positive
3274,2120366470,Eucerin,2025-06-01,Hiệu quả,positive
3274,2120366470,Eucerin,2025-06-01,Mùi hương/Kết cấu,positive
3275,2120366470,Eucerin,2025-06-01,Hiệu quả,positive
3275,2120366470,Eucerin,2025-06-01,Hiệu quả,positive
3277,2120366470,Eucerin,2025-05-01,Hiệu quả,positive
3277,2120366470,Eucerin,2025-05-01,Hiệu quả,positive
3277,2120366470,Eucerin,2025-05-01,Mùi hương/Kết cấu,positive
3277,2120366470,Eucerin,2025-05-01,Chất lượng/Đóng gói,neutral
3277,2120366470,Eucerin,2025-05-01,Giao hàng,neutral
3279,2120366470,Eucerin,2025-05-01,Giá cả,neutral
3279,2120366470,Eucerin,2025-05-01,Hiệu quả,neutral
3281,2120366470,Eucerin,2025-05-01,Hiệu quả,positive
3281,2120366470,Eucerin,2025-05-01,Hiệu quả,neutral
3282,2120366470,Eucerin,2025-04-01,Giá cả,neutral
3283,2120366470,Eucerin,2025-04-01,Hiệu quả,positive
3283,2120366470,Eucerin,2025-04-01,Mùi hương/Kết cấu,positive
3284,2120366470,Eucerin,2025-04-01,Hiệu quả,positive
3285,2120366470,Eucerin,2025-04-01,Giá cả,neutral
3286,2120366470,Eucerin,2025-04-01,Hiệu quả,positive
3286,2120366470,Eucerin,2025-04-01,Hiệu quả,positive
3288,2120366470,Eucerin,2025-04-01,Giá cả,neutral
3290,2120366470,Eucerin,2025-04-01,Hiệu quả,positive
3290,2120366470,Eucerin,2025-04-01,Mùi hương/Kết cấu,positive
3291,2120366470,Eucerin,2025-04-01,Giá cả,neutral
3291,2120366470,Eucerin,2025-04-01,Hiệu quả,positive
3291,2120366470,Eucerin,2025-04-01,Mùi hương/Kết cấu,positive
3292,2120366470,Eucerin,2025-04-01,Hiệu quả,positive
3292,2120366470,Eucerin,2025-04-01,Mùi hương/Kết cấu,positive
3293,2120366470,Eucerin,2025-04-01,Hiệu quả,neutral
3294,2120366470,Eucerin,2025-04-01,Giá cả,neutral
3294,2120366470,Eucerin,2025-04-01,Giá cả,neutral
3295,2120366470,Eucerin,2025-04-01,Chất lượng/Đóng gói,positive
3296,2120366470,Eucerin,2025-04-01,Hiệu quả,positive
3297,2120366470,Eucerin,2025-04-01,Giá cả,neutral
3299,2120366470,Eucerin,2025-04-01,Hiệu quả,positive
3299,2120366470,Eucerin,2025-04-01,Hiệu quả,neutral
3300,2120366470,Eucerin,2025-03-01,Hiệu quả,positive
3301,2120366470,Eucerin,2025-03-01,Hiệu quả,positive
3304,2120366470,Eucerin,2025-03-01,Hiệu quả,positive
3304,2120366470,Eucerin,2025-03-01,Hiệu quả,positive
3304,2120366470,Eucerin,2025-03-01,Giá cả,positive
3305,2120366470,Eucerin,2025-03-01,Thành phần,neutral
3305,2120366470,Eucerin,2025-03-01,Hiệu quả,positive
3306,2120366470,Eucerin,2025-03-01,Hiệu quả,positive
3306,2120366470,Eucerin,2025-03-01,Hiệu quả,positive
3306,2120366470,Eucerin,2025-03-01,Giá cả,positive
3307,2120366470,Eucerin,2025-03-01,Hiệu quả,positive
3307,2120366470,Eucerin,2025-03-01,Hiệu quả,neutral
3310,2120366470,Eucerin,2025-03-01,Hiệu quả,positive
3310,2120366470,Eucerin,2025-03-01,Mùi hương/Kết cấu,positive
3311,2120366470,Eucerin,2025-03-01,Hiệu quả,positive
3312,2120366470,Eucerin,2025-03-01,Hiệu quả,positive
3312,2120366470,Eucerin,2025-03-01,Hiệu quả,positive
3312,2120366470,Eucerin,2025-03-01,Giá cả,positive
3312,2120366470,Eucerin,2025-03-01,Thành phần,neutral
3313,2120366470,Eucerin,2025-03-01,Hiệu quả,neutral
3313,2120366470,Eucerin,2025-03-01,Hiệu quả,positive
3313,2120366470,Eucerin,2025-03-01,Mùi hương/Kết cấu,positive
3315,2120366470,Eucerin,2025-03-01,Hiệu quả,positive
3316,2120366470,Eucerin,2025-03-01,Hiệu quả,positive
3316,2120366470,Eucerin,2025-03-01,Giá cả,neutral
3316,2120366470,Eucerin,2025-03-01,Hiệu quả,positive
3316,2120366470,Eucerin,2025-03-01,Mùi hương/Kết cấu,positive
3317,2120366470,Eucerin,2025-03-01,Hiệu quả,positive
3317,2120366470,Eucerin,2025-03-01,Hiệu quả,positive
3317,2120366470,Eucerin,2025-03-01,Mùi hương/Kết cấu,positive
3318,2120366470,Eucerin,2025-03-01,Hiệu quả,neutral
3318,2120366470,Eucerin,2025-03-01,Hiệu quả,positive
3318,2120366470,Eucerin,2025-03-01,Giá cả,neutral
3319,2120366470,Eucerin,2025-03-01,Giá cả,neutral
3321,2120366470,Eucerin,2025-03-01,Hiệu quả,neutral
3322,2120366470,Eucerin,2025-03-01,Giá cả,neutral
3323,2120366470,Eucerin,2025-03-01,Hiệu quả,positive
3323,2120366470,Eucerin,2025-03-01,Hiệu quả,positive
3324,2120366470,Eucerin,2025-03-01,Hiệu quả,positive
3325,2120366470,Eucerin,2025-03-01,Hiệu quả,positive
3325,2120366470,Eucerin,2025-03-01,Giá cả,positive
3325,2120366470,Eucerin,2025-03-01,Thành phần,positive
3326,2120366470,Eucerin,2025-03-01,Giao hàng,neutral
3326,2120366470,Eucerin,2025-03-01,Giá cả,positive
3326,2120366470,Eucerin,2025-03-01,Chất lượng/Đóng gói,positive
3328,2120366470,Eucerin,2025-03-01,Giá cả,neutral
3329,2120366470,Eucerin,2025-03-01,Hiệu quả,positive
3330,2120366470,Eucerin,2025-02-01,Giá cả,neutral
3331,2120366470,Eucerin,2025-02-01,Hiệu quả,positive
3331,2120366470,Eucerin,2025-02-01,Mùi hương/Kết cấu,positive
3332,2120366470,Eucerin,2025-02-01,Hiệu quả,positive
3332,2120366470,Eucerin,2025-02-01,Hiệu quả,positive
3334,2120366470,Eucerin,2025-02-01,Hiệu quả,positive
3334,2120366470,Eucerin,2025-02-01,Mùi hương/Kết cấu,positive
3334,2120366470,Eucerin,2025-02-01,Hiệu quả,neutral
3336,2120366470,Eucerin,2025-02-01,Chất lượng/Đóng gói,positive
3337,2120366470,Eucerin,2025-02-01,Hiệu quả,positive
3337,2120366470,Eucerin,2025-02-01,Giá cả,positive
3337,2120366470,Eucerin,2025-02-01,Thành phần,positive
3338,2639051943,Eucerin,2025-05-01,Chất lượng/Đóng gói,positive
3339,2639051943,Eucerin,2025-04-01,Hiệu quả,positive
3339,2639051943,Eucerin,2025-04-01,Giá cả,positive
3339,2639051943,Eucerin,2025-04-01,Thành phần,positive
3340,2639051943,Eucerin,2025-04-01,Giao hàng,negative
3340,2639051943,Eucerin,2025-04-01,Giao hàng,neutral
3340,2639051943,Eucerin,2025-04-01,Giao hàng,neutral
3341,2639051943,Eucerin,2025-04-01,Mùi hương/Kết cấu,positive
3342,2639051943,Eucerin,2025-04-01,Hiệu quả,positive
3343,2639051943,Eucerin,2025-01-01,Mùi hương/Kết cấu,positive
3344,2639051943,Eucerin,2025-01-01,Hiệu quả,positive
3344,2639051943,Eucerin,2025-01-01,Giá cả,positive
3344,2639051943,Eucerin,2025-01-01,Thành phần,positive
3345,2639051943,Eucerin,2025-01-01,Hiệu quả,positive
3345,2639051943,Eucerin,2025-01-01,Hiệu quả,neutral
3346,2639051943,Eucerin,2025-01-01,Hiệu quả,positive
3347,2639051943,Eucerin,2024-12-01,Hiệu quả,neutral
3347,2639051943,Eucerin,2024-12-01,Mùi hương/Kết cấu,positive
3348,2639051943,Eucerin,2024-11-01,Hiệu quả,positive
3349,2639051943,Eucerin,2024-11-01,Mùi hương/Kết cấu,positive
3350,2639051943,Eucerin,2024-11-01,Mùi hương/Kết cấu,positive
3351,2639051943,Eucerin,2024-11-01,Hiệu quả,positive
3351,2639051943,Eucerin,2024-11-01,Giá cả,positive
3351,2639051943,Eucerin,2024-11-01,Thành phần,neutral
3353,2639051943,Eucerin,2024-11-01,Hiệu quả,positive
3353,2639051943,Eucerin,2024-11-01,Giá cả,positive
3355,2639051943,Eucerin,2024-09-01,Mùi hương/Kết cấu,positive
3356,2639051943,Eucerin,2024-08-01,Chất lượng/Đóng gói,neutral
3356,2639051943,Eucerin,2024-08-01,Giao hàng,neutral
3356,2639051943,Eucerin,2024-08-01,Dịch vụ/Uy tín,neutral
3357,2639051943,Eucerin,2024-08-01,Hiệu quả,positive
3358,2639051943,Eucerin,2024-08-01,Chất lượng/Đóng gói,positive
3359,2639051943,Eucerin,2024-07-01,Hiệu quả,neutral
3361,2639051943,Eucerin,2024-07-01,Hiệu quả,positive
3361,2639051943,Eucerin,2024-07-01,Chất lượng/Đóng gói,positive
3361,2639051943,Eucerin,2024-07-01,Mùi hương/Kết cấu,positive
3364,2639051943,Eucerin,2024-06-01,Hiệu quả,negative
3365,2639051943,Eucerin,2024-06-01,Hiệu quả,positive
3365,2639051943,Eucerin,2024-06-01,Chất lượng/Đóng gói,positive
3365,2639051943,Eucerin,2024-06-01,Mùi hương/Kết cấu,positive
3366,2639051943,Eucerin,2024-06-01,Hiệu quả,positive
3367,2639051943,Eucerin,2024-06-01,Mùi hương/Kết cấu,positive
3368,2639051943,Eucerin,2024-06-01,Hiệu quả,neutral
3368,2639051943,Eucerin,2024-06-01,Hiệu quả,positive
3368,2639051943,Eucerin,2024-06-01,Mùi hương/Kết cấu,positive
3368,2639051943,Eucerin,2024-06-01,Giá cả,neutral
3369,2639051943,Eucerin,2024-06-01,Giá cả,neutral
3370,2639051943,Eucerin,2024-06-01,Giá cả,neutral
3371,2639051943,Eucerin,2024-06-01,Giá cả,neutral
3373,2639051943,Eucerin,2024-06-01,Mùi hương/Kết cấu,neutral
3373,2639051943,Eucerin,2024-06-01,Chất lượng/Đóng gói,positive
3374,2639051943,Eucerin,2024-06-01,Mùi hương/Kết cấu,positive
3375,2639051943,Eucerin,2024-06-01,Hiệu quả,positive
3375,2639051943,Eucerin,2024-06-01,Mùi hương/Kết cấu,positive
3375,2639051943,Eucerin,2024-06-01,Dịch vụ/Uy tín,neutral
3376,2639051943,Eucerin,2024-06-01,Hiệu quả,positive
3376,2639051943,Eucerin,2024-06-01,Chất lượng/Đóng gói,positive
3376,2639051943,Eucerin,2024-06-01,Mùi hương/Kết cấu,positive
3377,2639051943,Eucerin,2024-06-01,Hiệu quả,neutral
3377,2639051943,Eucerin,2024-06-01,Hiệu quả,positive
3377,2639051943,Eucerin,2024-06-01,Mùi hương/Kết cấu,positive
3379,2639051943,Eucerin,2024-06-01,Chất lượng/Đóng gói,positive
3379,2639051943,Eucerin,2024-06-01,Giao hàng,positive
3380,2639051943,Eucerin,2024-06-01,Giá cả,neutral
3380,2639051943,Eucerin,2024-06-01,Hiệu quả,neutral
3382,2639051943,Eucerin,2024-06-01,Hiệu quả,neutral
3383,2639051943,Eucerin,2024-06-01,Hiệu quả,positive
3383,2639051943,Eucerin,2024-06-01,Chất lượng/Đóng gói,positive
3383,2639051943,Eucerin,2024-06-01,Mùi hương/Kết cấu,positive
3384,2639051943,Eucerin,2024-06-01,Hiệu quả,positive
3384,2639051943,Eucerin,2024-06-01,Mùi hương/Kết cấu,positive
3384,2639051943,Eucerin,2024-06-01,Chất lượng/Đóng gói,positive
3384,2639051943,Eucerin,2024-06-01,Mùi hương/Kết cấu,positive
3384,2639051943,Eucerin,2024-06-01,Hiệu quả,positive
3384,2639051943,Eucerin,2024-06-01,Mùi hương/Kết cấu,positive
3385,2639051943,Eucerin,2024-06-01,Chất lượng/Đóng gói,positive
3385,2639051943,Eucerin,2024-06-01,Giao hàng,neutral
3386,2639051943,Eucerin,2024-06-01,Hiệu quả,neutral
3386,2639051943,Eucerin,2024-06-01,Hiệu quả,neutral
3387,2639051943,Eucerin,2024-06-01,Chất lượng/Đóng gói,neutral
3387,2639051943,Eucerin,2024-06-01,Giao hàng,neutral
3388,2639051943,Eucerin,2024-06-01,Giá cả,neutral
3388,2639051943,Eucerin,2024-06-01,Hiệu quả,positive
3388,2639051943,Eucerin,2024-06-01,Mùi hương/Kết cấu,positive
3388,2639051943,Eucerin,2024-06-01,Hiệu quả,neutral
3389,2639051943,Eucerin,2024-06-01,Chất lượng/Đóng gói,positive
3390,2639051943,Eucerin,2024-06-01,Giá cả,neutral
3390,2639051943,Eucerin,2024-06-01,Chất lượng/Đóng gói,positive
3390,2639051943,Eucerin,2024-06-01,Mùi hương/Kết cấu,positive
3390,2639051943,Eucerin,2024-06-01,Giá cả,neutral
3391,2639051943,Eucerin,2024-06-01,Hiệu quả,neutral
3391,2639051943,Eucerin,2024-06-01,Giá cả,neutral
3391,2639051943,Eucerin,2024-06-01,Mùi hương/Kết cấu,positive
3392,2639051943,Eucerin,2024-06-01,Giao hàng,neutral
3392,2639051943,Eucerin,2024-06-01,Chất lượng/Đóng gói,positive
3394,2639051943,Eucerin,2024-06-01,Giao hàng,neutral
3396,2639051943,Eucerin,2024-06-01,Hiệu quả,positive
3396,2639051943,Eucerin,2024-06-01,Mùi hương/Kết cấu,positive
3396,2639051943,Eucerin,2024-06-01,Mùi hương/Kết cấu,positive
3396,2639051943,Eucerin,2024-06-01,Dịch vụ/Uy tín,neutral
3397,2639051943,Eucerin,2024-06-01,Chất lượng/Đóng gói,positive
3397,2639051943,Eucerin,2024-06-01,Giao hàng,neutral
3397,2639051943,Eucerin,2024-06-01,Giao hàng,neutral
3397,2639051943,Eucerin,2024-06-01,Giao hàng,neutral
3398,2639051943,Eucerin,2024-06-01,Giao hàng,positive
3398,2639051943,Eucerin,2024-06-01,Dịch vụ/Uy tín,positive
3399,2639051943,Eucerin,2024-06-01,Giao hàng,neutral
3400,2639051943,Eucerin,2024-06-01,Chất lượng/Đóng gói,positive
3400,2639051943,Eucerin,2024-06-01,Giao hàng,positive
3400,2639051943,Eucerin,2024-06-01,Giao hàng,positive
3400,2639051943,Eucerin,2024-06-01,Dịch vụ/Uy tín,positive
3401,2639051943,Eucerin,2024-06-01,Mùi hương/Kết cấu,positive
3403,2639051943,Eucerin,2024-05-01,Mùi hương/Kết cấu,positive
3403,2639051943,Eucerin,2024-05-01,Giao hàng,neutral
3404,2639051943,Eucerin,2024-05-01,Chất lượng/Đóng gói,positive
3404,2639051943,Eucerin,2024-05-01,Dịch vụ/Uy tín,positive
3405,2639051943,Eucerin,2024-05-01,Hiệu quả,positive
3405,2639051943,Eucerin,2024-05-01,Chất lượng/Đóng gói,positive
3405,2639051943,Eucerin,2024-05-01,Mùi hương/Kết cấu,positive
3405,2639051943,Eucerin,2024-05-01,Mùi hương/Kết cấu,positive
3408,2525244240,Eucerin,2024-08-01,Giá cả,positive
3408,2525244240,Eucerin,2024-08-01,Mùi hương/Kết cấu,neutral
3411,2525244240,Eucerin,2025-05-01,Hiệu quả,neutral
3411,2525244240,Eucerin,2025-05-01,Hiệu quả,positive
3411,2525244240,Eucerin,2025-05-01,Mùi hương/Kết cấu,neutral
3411,2525244240,Eucerin,2025-05-01,Hiệu quả,positive
3412,2525244240,Eucerin,2025-04-01,Hiệu quả,positive
3412,2525244240,Eucerin,2025-04-01,Hiệu quả,positive
3412,2525244240,Eucerin,2025-04-01,Hiệu quả,positive
3412,2525244240,Eucerin,2025-04-01,Hiệu quả,positive
3412,2525244240,Eucerin,2025-04-01,Hiệu quả,positive
3414,2525244240,Eucerin,2025-03-01,Hiệu quả,positive
3414,2525244240,Eucerin,2025-03-01,Hiệu quả,neutral
3414,2525244240,Eucerin,2025-03-01,Hiệu quả,positive
3416,2525244240,Eucerin,2025-02-01,Chất lượng/Đóng gói,positive
3416,2525244240,Eucerin,2025-02-01,Dịch vụ/Uy tín,positive
3416,2525244240,Eucerin,2025-02-01,Dịch vụ/Uy tín,neutral
3417,2525244240,Eucerin,2025-02-01,Hiệu quả,positive
3417,2525244240,Eucerin,2025-02-01,Mùi hương/Kết cấu,neutral
3417,2525244240,Eucerin,2025-02-01,Hiệu quả,neutral
3419,2525244240,Eucerin,2025-02-01,Hiệu quả,positive
3420,2525244240,Eucerin,2025-02-01,Hiệu quả,positive
3421,2525244240,Eucerin,2025-01-01,Hiệu quả,positive
3421,2525244240,Eucerin,2025-01-01,Giá cả,positive
3421,2525244240,Eucerin,2025-01-01,Chất lượng/Đóng gói,positive
3421,2525244240,Eucerin,2025-01-01,Thành phần,positive
3421,2525244240,Eucerin,2025-01-01,Hiệu quả,negative
3421,2525244240,Eucerin,2025-01-01,Hiệu quả,positive
3421,2525244240,Eucerin,2025-01-01,Dịch vụ/Uy tín,neutral
3423,2525244240,Eucerin,2024-12-01,Hiệu quả,positive
3423,2525244240,Eucerin,2024-12-01,Hiệu quả,positive
3425,2525244240,Eucerin,2024-11-01,Hiệu quả,neutral
3426,2525244240,Eucerin,2024-10-01,Hiệu quả,positive
3427,2525244240,Eucerin,2024-09-01,Mùi hương/Kết cấu,neutral
3427,2525244240,Eucerin,2024-09-01,Hiệu quả,positive
3429,2525244240,Eucerin,2024-09-01,Hiệu quả,neutral
3429,2525244240,Eucerin,2024-09-01,Thành phần,positive
3430,2525244240,Eucerin,2024-09-01,Mùi hương/Kết cấu,neutral
3430,2525244240,Eucerin,2024-09-01,Hiệu quả,positive
3431,2525244240,Eucerin,2024-09-01,Hiệu quả,neutral
3431,2525244240,Eucerin,2024-09-01,Hiệu quả,positive
3431,2525244240,Eucerin,2024-09-01,Hiệu quả,positive
3431,2525244240,Eucerin,2024-09-01,Hiệu quả,positive
3431,2525244240,Eucerin,2024-09-01,Mùi hương/Kết cấu,neutral
3434,2525244240,Eucerin,2024-08-01,Hiệu quả,neutral
3434,2525244240,Eucerin,2024-08-01,Thành phần,positive
3435,2525244240,Eucerin,2024-08-01,Hiệu quả,neutral
3435,2525244240,Eucerin,2024-08-01,Mùi hương/Kết cấu,neutral
3436,2525244240,Eucerin,2024-06-01,Hiệu quả,positive
3436,2525244240,Eucerin,2024-06-01,Hiệu quả,positive
3437,2525244240,Eucerin,2024-06-01,Hiệu quả,positive
3437,2525244240,Eucerin,2024-06-01,Hiệu quả,neutral
3437,2525244240,Eucerin,2024-06-01,Hiệu quả,neutral
3439,2525244240,Eucerin,2024-04-01,Hiệu quả,neutral
3439,2525244240,Eucerin,2024-04-01,Thành phần,positive
3439,2525244240,Eucerin,2024-04-01,Hiệu quả,positive
3440,2525244240,Eucerin,2024-04-01,Giao hàng,neutral
3440,2525244240,Eucerin,2024-04-01,Chất lượng/Đóng gói,positive
3440,2525244240,Eucerin,2024-04-01,Chất lượng/Đóng gói,positive
3440,2525244240,Eucerin,2024-04-01,Giao hàng,neutral
3440,2525244240,Eucerin,2024-04-01,Dịch vụ/Uy tín,neutral
3441,2525244240,Eucerin,2024-04-01,Hiệu quả,neutral
3441,2525244240,Eucerin,2024-04-01,Hiệu quả,positive
3441,2525244240,Eucerin,2024-04-01,Hiệu quả,neutral
3443,2525244240,Eucerin,2024-03-01,Hiệu quả,neutral
3443,2525244240,Eucerin,2024-03-01,Thành phần,positive
3443,2525244240,Eucerin,2024-03-01,Mùi hương/Kết cấu,neutral
3444,2525244240,Eucerin,2024-02-01,Hiệu quả,positive
3444,2525244240,Eucerin,2024-02-01,Hiệu quả,positive
3445,2525244240,Eucerin,2024-02-01,Thành phần,positive
3446,2525244240,Eucerin,2024-02-01,Hiệu quả,positive
3447,2525244240,Eucerin,2024-02-01,Giao hàng,neutral
3448,2525244240,Eucerin,2024-01-01,Chất lượng/Đóng gói,positive
3449,2120322654,Eucerin,2023-02-01,Mùi hương/Kết cấu,neutral
3450,2120322654,Eucerin,2023-11-01,Giá cả,neutral
3450,2120322654,Eucerin,2023-11-01,Giá cả,neutral
3452,2120322654,Eucerin,2025-05-01,Chất lượng/Đóng gói,neutral
3452,2120322654,Eucerin,2025-05-01,Chất lượng/Đóng gói,negative
3452,2120322654,Eucerin,2025-05-01,Chất lượng/Đóng gói,neutral
3454,2120322654,Eucerin,2025-02-01,Hiệu quả,neutral
3454,2120322654,Eucerin,2025-02-01,Hiệu quả,neutral
3454,2120322654,Eucerin,2025-02-01,Chất lượng/Đóng gói,neutral
3455,2120322654,Eucerin,2023-02-01,Hiệu quả,neutral
3455,2120322654,Eucerin,2023-02-01,Mùi hương/Kết cấu,neutral
3456,2120322654,Eucerin,2022-07-01,Hiệu quả,negative
3458,2120322654,Eucerin,2025-10-01,Hiệu quả,neutral
3458,2120322654,Eucerin,2025-10-01,Hiệu quả,neutral
3458,2120322654,Eucerin,2025-10-01,Hiệu quả,positive
3458,2120322654,Eucerin,2025-10-01,Hiệu quả,neutral
3459,2120322654,Eucerin,2025-07-01,Hiệu quả,neutral
3459,2120322654,Eucerin,2025-07-01,Mùi hương/Kết cấu,positive
3459,2120322654,Eucerin,2025-07-01,Hiệu quả,neutral
3461,2120322654,Eucerin,2025-06-01,Hiệu quả,positive
3461,2120322654,Eucerin,2025-06-01,Hiệu quả,positive
3462,2120322654,Eucerin,2025-06-01,Hiệu quả,positive
3462,2120322654,Eucerin,2025-06-01,Giá cả,positive
3462,2120322654,Eucerin,2025-06-01,Thành phần,positive
3462,2120322654,Eucerin,2025-06-01,Hiệu quả,positive
3462,2120322654,Eucerin,2025-06-01,Mùi hương/Kết cấu,positive
3463,2120322654,Eucerin,2025-05-01,Hiệu quả,positive
3463,2120322654,Eucerin,2025-05-01,Hiệu quả,neutral
3464,2120322654,Eucerin,2025-05-01,Hiệu quả,neutral
3464,2120322654,Eucerin,2025-05-01,Hiệu quả,positive
3464,2120322654,Eucerin,2025-05-01,Hiệu quả,positive
3464,2120322654,Eucerin,2025-05-01,Mùi hương/Kết cấu,neutral
3465,2120322654,Eucerin,2025-03-01,Dịch vụ/Uy tín,neutral
3465,2120322654,Eucerin,2025-03-01,Giá cả,neutral
3466,2120322654,Eucerin,2025-03-01,Chất lượng/Đóng gói,neutral
3466,2120322654,Eucerin,2025-03-01,Chất lượng/Đóng gói,positive
3467,2120322654,Eucerin,2025-03-01,Hiệu quả,positive
3467,2120322654,Eucerin,2025-03-01,Hiệu quả,neutral
3468,2120322654,Eucerin,2025-03-01,Hiệu quả,positive
3468,2120322654,Eucerin,2025-03-01,Hiệu quả,neutral
3469,2120322654,Eucerin,2025-02-01,Hiệu quả,neutral
3469,2120322654,Eucerin,2025-02-01,Hiệu quả,positive
3470,2120322654,Eucerin,2025-02-01,Hiệu quả,positive
3470,2120322654,Eucerin,2025-02-01,Hiệu quả,positive
3471,2120322654,Eucerin,2025-02-01,Hiệu quả,positive
3471,2120322654,Eucerin,2025-02-01,Hiệu quả,positive
3472,2120322654,Eucerin,2025-02-01,Mùi hương/Kết cấu,positive
3472,2120322654,Eucerin,2025-02-01,Hiệu quả,neutral
3472,2120322654,Eucerin,2025-02-01,Hiệu quả,positive
3473,2120322654,Eucerin,2025-02-01,Hiệu quả,neutral
3473,2120322654,Eucerin,2025-02-01,Hiệu quả,positive
3474,2120322654,Eucerin,2025-02-01,Hiệu quả,neutral
3474,2120322654,Eucerin,2025-02-01,Mùi hương/Kết cấu,positive
3474,2120322654,Eucerin,2025-02-01,Mùi hương/Kết cấu,positive
3475,2120322654,Eucerin,2025-01-01,Hiệu quả,neutral
3475,2120322654,Eucerin,2025-01-01,Hiệu quả,neutral
3476,2120322654,Eucerin,2025-01-01,Mùi hương/Kết cấu,neutral
3476,2120322654,Eucerin,2025-01-01,Hiệu quả,negative
3476,2120322654,Eucerin,2025-01-01,Hiệu quả,neutral
3476,2120322654,Eucerin,2025-01-01,Hiệu quả,negative
3477,2120322654,Eucerin,2025-01-01,Hiệu quả,positive
3477,2120322654,Eucerin,2025-01-01,Hiệu quả,negative
3477,2120322654,Eucerin,2025-01-01,Mùi hương/Kết cấu,neutral
3478,2120322654,Eucerin,2025-01-01,Hiệu quả,neutral
3478,2120322654,Eucerin,2025-01-01,Mùi hương/Kết cấu,positive
3478,2120322654,Eucerin,2025-01-01,Hiệu quả,positive
3479,2120322654,Eucerin,2024-12-01,Hiệu quả,positive
3479,2120322654,Eucerin,2024-12-01,Giá cả,positive
3479,2120322654,Eucerin,2024-12-01,Mùi hương/Kết cấu,positive
3479,2120322654,Eucerin,2024-12-01,Thành phần,positive
3480,2120322654,Eucerin,2024-12-01,Hiệu quả,neutral
3481,2120322654,Eucerin,2024-12-01,Hiệu quả,positive
3481,2120322654,Eucerin,2024-12-01,Hiệu quả,negative
3481,2120322654,Eucerin,2024-12-01,Hiệu quả,positive
3482,2120322654,Eucerin,2024-11-01,Hiệu quả,neutral
3482,2120322654,Eucerin,2024-11-01,Mùi hương/Kết cấu,neutral
3482,2120322654,Eucerin,2024-11-01,Giá cả,neutral
3483,2120322654,Eucerin,2024-11-01,Hiệu quả,negative
3483,2120322654,Eucerin,2024-11-01,Hiệu quả,positive
3484,2120322654,Eucerin,2024-11-01,Mùi hương/Kết cấu,neutral
3484,2120322654,Eucerin,2024-11-01,Giá cả,neutral
3485,2120322654,Eucerin,2024-10-01,Hiệu quả,positive
3485,2120322654,Eucerin,2024-10-01,Mùi hương/Kết cấu,positive
3485,2120322654,Eucerin,2024-10-01,Hiệu quả,positive
3486,2120322654,Eucerin,2024-09-01,Mùi hương/Kết cấu,neutral
3487,2120322654,Eucerin,2024-09-01,Hiệu quả,neutral
3487,2120322654,Eucerin,2024-09-01,Hiệu quả,positive
3489,2120322654,Eucerin,2024-09-01,Hiệu quả,neutral
3489,2120322654,Eucerin,2024-09-01,Mùi hương/Kết cấu,positive
3489,2120322654,Eucerin,2024-09-01,Hiệu quả,positive
3490,2120322654,Eucerin,2024-08-01,Hiệu quả,positive
3490,2120322654,Eucerin,2024-08-01,Hiệu quả,negative
3490,2120322654,Eucerin,2024-08-01,Hiệu quả,neutral
3491,2120322654,Eucerin,2024-08-01,Hiệu quả,positive
3491,2120322654,Eucerin,2024-08-01,Mùi hương/Kết cấu,neutral
3491,2120322654,Eucerin,2024-08-01,Hiệu quả,positive
3491,2120322654,Eucerin,2024-08-01,Hiệu quả,neutral
3491,2120322654,Eucerin,2024-08-01,Mùi hương/Kết cấu,neutral
3492,2120322654,Eucerin,2024-08-01,Hiệu quả,neutral
3492,2120322654,Eucerin,2024-08-01,Mùi hương/Kết cấu,positive
3492,2120322654,Eucerin,2024-08-01,Hiệu quả,neutral
3493,2120322654,Eucerin,2024-07-01,Hiệu quả,neutral
3493,2120322654,Eucerin,2024-07-01,Mùi hương/Kết cấu,positive
3493,2120322654,Eucerin,2024-07-01,Hiệu quả,neutral
3493,2120322654,Eucerin,2024-07-01,Hiệu quả,neutral
3494,2120322654,Eucerin,2024-07-01,Hiệu quả,positive
3494,2120322654,Eucerin,2024-07-01,Hiệu quả,neutral
3494,2120322654,Eucerin,2024-07-01,Hiệu quả,neutral
3494,2120322654,Eucerin,2024-07-01,Hiệu quả,negative
3494,2120322654,Eucerin,2024-07-01,Hiệu quả,neutral
3495,2120322654,Eucerin,2024-07-01,Mùi hương/Kết cấu,neutral
3496,2120322654,Eucerin,2024-07-01,Hiệu quả,negative
3496,2120322654,Eucerin,2024-07-01,Mùi hương/Kết cấu,neutral
3496,2120322654,Eucerin,2024-07-01,Hiệu quả,neutral
3496,2120322654,Eucerin,2024-07-01,Mùi hương/Kết cấu,positive
3496,2120322654,Eucerin,2024-07-01,Hiệu quả,positive
3497,2120322654,Eucerin,2024-06-01,Hiệu quả,neutral
3497,2120322654,Eucerin,2024-06-01,Hiệu quả,neutral
3498,2120322654,Eucerin,2024-06-01,Hiệu quả,negative
3498,2120322654,Eucerin,2024-06-01,Mùi hương/Kết cấu,neutral
3499,2120322654,Eucerin,2024-06-01,Hiệu quả,neutral
3499,2120322654,Eucerin,2024-06-01,Hiệu quả,neutral
3499,2120322654,Eucerin,2024-06-01,Hiệu quả,positive
3501,2120322654,Eucerin,2024-06-01,Hiệu quả,negative
3502,2120322654,Eucerin,2024-06-01,Chất lượng/Đóng gói,positive
3503,2120322654,Eucerin,2024-06-01,Hiệu quả,neutral
3505,2120322654,Eucerin,2024-05-01,Hiệu quả,positive
3505,2120322654,Eucerin,2024-05-01,Hiệu quả,positive
3505,2120322654,Eucerin,2024-05-01,Hiệu quả,neutral
3506,2120322654,Eucerin,2024-05-01,Hiệu quả,neutral
3506,2120322654,Eucerin,2024-05-01,Hiệu quả,positive
3508,2120322654,Eucerin,2024-05-01,Hiệu quả,neutral
3510,2120322654,Eucerin,2024-04-01,Hiệu quả,neutral
3511,2120322654,Eucerin,2024-04-01,Hiệu quả,neutral
3512,2120322654,Eucerin,2024-04-01,Chất lượng/Đóng gói,positive
3512,2120322654,Eucerin,2024-04-01,Mùi hương/Kết cấu,positive
3512,2120322654,Eucerin,2024-04-01,Hiệu quả,positive
3512,2120322654,Eucerin,2024-04-01,Mùi hương/Kết cấu,positive
3513,2120322654,Eucerin,2024-04-01,Mùi hương/Kết cấu,neutral
3513,2120322654,Eucerin,2024-04-01,Giá cả,neutral
3514,2120322654,Eucerin,2024-04-01,Hiệu quả,positive
3514,2120322654,Eucerin,2024-04-01,Hiệu quả,neutral
3515,2120322654,Eucerin,2024-04-01,Mùi hương/Kết cấu,positive
3518,2120322654,Eucerin,2024-03-01,Hiệu quả,neutral
3518,2120322654,Eucerin,2024-03-01,Mùi hương/Kết cấu,positive
3518,2120322654,Eucerin,2024-03-01,Hiệu quả,neutral
3518,2120322654,Eucerin,2024-03-01,Hiệu quả,neutral
3518,2120322654,Eucerin,2024-03-01,Hiệu quả,neutral
3520,2120322654,Eucerin,2024-03-01,Giao hàng,neutral
3520,2120322654,Eucerin,2024-03-01,Dịch vụ/Uy tín,neutral
3521,2120322654,Eucerin,2024-03-01,Hiệu quả,positive
3521,2120322654,Eucerin,2024-03-01,Hiệu quả,neutral
3524,2120322654,Eucerin,2024-03-01,Hiệu quả,positive
3524,2120322654,Eucerin,2024-03-01,Giao hàng,neutral
3525,2120322654,Eucerin,2024-02-01,Hiệu quả,positive
3527,2120322654,Eucerin,2024-02-01,Hiệu quả,neutral
3528,2120322654,Eucerin,2024-02-01,Giá cả,neutral
3529,2120322654,Eucerin,2024-02-01,Dịch vụ/Uy tín,positive
3530,2120322654,Eucerin,2024-01-01,Hiệu quả,positive
3531,2120322654,Eucerin,2024-01-01,Hiệu quả,positive
3531,2120322654,Eucerin,2024-01-01,Chất lượng/Đóng gói,positive
3534,2120322654,Eucerin,2023-12-01,Hiệu quả,positive
3535,2120322654,Eucerin,2023-12-01,Hiệu quả,neutral
3535,2120322654,Eucerin,2023-12-01,Mùi hương/Kết cấu,positive
3535,2120322654,Eucerin,2023-12-01,Hiệu quả,positive
3535,2120322654,Eucerin,2023-12-01,Hiệu quả,positive
3535,2120322654,Eucerin,2023-12-01,Hiệu quả,positive
3535,2120322654,Eucerin,2023-12-01,Hiệu quả,positive
3535,2120322654,Eucerin,2023-12-01,Chất lượng/Đóng gói,positive
3537,2120322654,Eucerin,2023-11-01,Giao hàng,neutral
3537,2120322654,Eucerin,2023-11-01,Hiệu quả,neutral
3540,2120322654,Eucerin,2023-10-01,Hiệu quả,positive
3540,2120322654,Eucerin,2023-10-01,Chất lượng/Đóng gói,positive
3540,2120322654,Eucerin,2023-10-01,Mùi hương/Kết cấu,positive
3541,2120322654,Eucerin,2023-10-01,Hiệu quả,neutral
3542,2120322654,Eucerin,2023-10-01,Hiệu quả,positive
3543,2120322654,Eucerin,2023-10-01,Chất lượng/Đóng gói,positive
3543,2120322654,Eucerin,2023-10-01,Giao hàng,neutral
3543,2120322654,Eucerin,2023-10-01,Mùi hương/Kết cấu,neutral
3543,2120322654,Eucerin,2023-10-01,Hiệu quả,positive
3543,2120322654,Eucerin,2023-10-01,Mùi hương/Kết cấu,neutral
3543,2120322654,Eucerin,2023-10-01,Mùi hương/Kết cấu,neutral
3545,2120322654,Eucerin,2023-09-01,Hiệu quả,positive
3545,2120322654,Eucerin,2023-09-01,Giá cả,positive
3545,2120322654,Eucerin,2023-09-01,Chất lượng/Đóng gói,positive
3545,2120322654,Eucerin,2023-09-01,Mùi hương/Kết cấu,positive
3546,2120322654,Eucerin,2023-09-01,Hiệu quả,neutral
3547,2120322654,Eucerin,2023-09-01,Hiệu quả,negative
3548,3081341203,Eucerin,2025-06-01,Chất lượng/Đóng gói,negative
3549,3081341203,Eucerin,2026-03-01,Mùi hương/Kết cấu,positive
3549,3081341203,Eucerin,2026-03-01,Hiệu quả,positive
3550,3081341203,Eucerin,2025-08-01,Hiệu quả,positive
3550,3081341203,Eucerin,2025-08-01,Thành phần,positive
3550,3081341203,Eucerin,2025-08-01,Mùi hương/Kết cấu,positive
3551,3081341203,Eucerin,2025-08-01,Giao hàng,neutral
3552,3081341203,Eucerin,2025-07-01,Mùi hương/Kết cấu,positive
3552,3081341203,Eucerin,2025-07-01,Chất lượng/Đóng gói,neutral
3552,3081341203,Eucerin,2025-07-01,Giao hàng,neutral
3553,3081341203,Eucerin,2025-06-01,Chất lượng/Đóng gói,neutral
3554,3081341203,Eucerin,2025-06-01,Chất lượng/Đóng gói,neutral
3554,3081341203,Eucerin,2025-06-01,Chất lượng/Đóng gói,neutral
3554,3081341203,Eucerin,2025-06-01,Dịch vụ/Uy tín,neutral
3554,3081341203,Eucerin,2025-06-01,Dịch vụ/Uy tín,negative
3555,3081341203,Eucerin,2025-06-01,Chất lượng/Đóng gói,neutral
3555,3081341203,Eucerin,2025-06-01,Chất lượng/Đóng gói,neutral
3556,2181103324,Eucerin,2025-05-01,Chất lượng/Đóng gói,neutral
3557,2181103324,Eucerin,2023-12-01,Giao hàng,neutral
3558,2181103324,Eucerin,2023-12-01,Hiệu quả,positive
3558,2181103324,Eucerin,2023-12-01,Mùi hương/Kết cấu,positive
3559,2181103324,Eucerin,2024-12-01,Mùi hương/Kết cấu,neutral
3559,2181103324,Eucerin,2024-12-01,Mùi hương/Kết cấu,neutral
3560,2181103324,Eucerin,2024-08-01,Chất lượng/Đóng gói,neutral
3560,2181103324,Eucerin,2024-08-01,Chất lượng/Đóng gói,neutral
3560,2181103324,Eucerin,2024-08-01,Chất lượng/Đóng gói,negative
3560,2181103324,Eucerin,2024-08-01,Chất lượng/Đóng gói,neutral
3560,2181103324,Eucerin,2024-08-01,Chất lượng/Đóng gói,negative
3562,2181103324,Eucerin,2025-11-01,Hiệu quả,neutral
3564,2181103324,Eucerin,2025-06-01,Hiệu quả,positive
3565,2181103324,Eucerin,2025-05-01,Chất lượng/Đóng gói,negative
3566,2181103324,Eucerin,2024-07-01,Chất lượng/Đóng gói,neutral
3567,2181103324,Eucerin,2024-06-01,Chất lượng/Đóng gói,neutral
3568,2181103324,Eucerin,2024-03-01,Dịch vụ/Uy tín,neutral
3569,2181103324,Eucerin,2023-08-01,Hiệu quả,negative
3569,2181103324,Eucerin,2023-08-01,Mùi hương/Kết cấu,negative
3569,2181103324,Eucerin,2023-08-01,Mùi hương/Kết cấu,neutral
3569,2181103324,Eucerin,2023-08-01,Mùi hương/Kết cấu,positive
3569,2181103324,Eucerin,2023-08-01,Giá cả,neutral
3570,2181103324,Eucerin,2023-08-01,Chất lượng/Đóng gói,positive
3570,2181103324,Eucerin,2023-08-01,Dịch vụ/Uy tín,positive
3574,2181103324,Eucerin,2026-03-01,Hiệu quả,positive
3574,2181103324,Eucerin,2026-03-01,Hiệu quả,neutral
3575,2181103324,Eucerin,2025-12-01,Hiệu quả,neutral
3575,2181103324,Eucerin,2025-12-01,Hiệu quả,positive
3576,2181103324,Eucerin,2025-11-01,Mùi hương/Kết cấu,positive
3576,2181103324,Eucerin,2025-11-01,Mùi hương/Kết cấu,positive
3576,2181103324,Eucerin,2025-11-01,Thành phần,positive
3576,2181103324,Eucerin,2025-11-01,Hiệu quả,positive
3577,2181103324,Eucerin,2025-11-01,Hiệu quả,positive
3580,2181103324,Eucerin,2025-10-01,Chất lượng/Đóng gói,positive
3580,2181103324,Eucerin,2025-10-01,Mùi hương/Kết cấu,positive
3580,2181103324,Eucerin,2025-10-01,Thành phần,neutral
3581,2181103324,Eucerin,2025-10-01,Hiệu quả,neutral
3583,2181103324,Eucerin,2025-10-01,Hiệu quả,neutral
3583,2181103324,Eucerin,2025-10-01,Hiệu quả,neutral
3584,2181103324,Eucerin,2025-09-01,Hiệu quả,positive
3584,2181103324,Eucerin,2025-09-01,Giá cả,positive
3584,2181103324,Eucerin,2025-09-01,Hiệu quả,negative
3584,2181103324,Eucerin,2025-09-01,Thành phần,negative
3585,2181103324,Eucerin,2025-09-01,Mùi hương/Kết cấu,positive
3586,2181103324,Eucerin,2025-09-01,Hiệu quả,positive
3586,2181103324,Eucerin,2025-09-01,Mùi hương/Kết cấu,positive
3587,2181103324,Eucerin,2025-09-01,Hiệu quả,neutral
3589,2181103324,Eucerin,2025-09-01,Hiệu quả,neutral
3590,2181103324,Eucerin,2025-08-01,Hiệu quả,positive
3591,2181103324,Eucerin,2025-08-01,Chất lượng/Đóng gói,positive
3591,2181103324,Eucerin,2025-08-01,Giá cả,positive
3591,2181103324,Eucerin,2025-08-01,Hiệu quả,positive
3591,2181103324,Eucerin,2025-08-01,Giá cả,positive
3592,2181103324,Eucerin,2025-08-01,Mùi hương/Kết cấu,positive
3592,2181103324,Eucerin,2025-08-01,Thành phần,neutral
3592,2181103324,Eucerin,2025-08-01,Hiệu quả,positive
3594,2181103324,Eucerin,2025-08-01,Hiệu quả,positive
3595,2181103324,Eucerin,2025-08-01,Hiệu quả,positive
3595,2181103324,Eucerin,2025-08-01,Mùi hương/Kết cấu,positive
3596,2181103324,Eucerin,2025-08-01,Hiệu quả,neutral
3596,2181103324,Eucerin,2025-08-01,Hiệu quả,positive
3597,2181103324,Eucerin,2025-08-01,Mùi hương/Kết cấu,neutral
3597,2181103324,Eucerin,2025-08-01,Giá cả,neutral
3597,2181103324,Eucerin,2025-08-01,Giá cả,neutral
3597,2181103324,Eucerin,2025-08-01,Hiệu quả,positive
3598,2181103324,Eucerin,2025-08-01,Hiệu quả,neutral
3601,2181103324,Eucerin,2025-07-01,Chất lượng/Đóng gói,positive
3601,2181103324,Eucerin,2025-07-01,Chất lượng/Đóng gói,neutral
3602,2181103324,Eucerin,2025-07-01,Hiệu quả,positive
3602,2181103324,Eucerin,2025-07-01,Hiệu quả,neutral
3602,2181103324,Eucerin,2025-07-01,Dịch vụ/Uy tín,neutral
3603,2181103324,Eucerin,2025-07-01,Dịch vụ/Uy tín,neutral
3604,2181103324,Eucerin,2025-07-01,Giao hàng,neutral
3604,2181103324,Eucerin,2025-07-01,Chất lượng/Đóng gói,neutral
3605,2181103324,Eucerin,2025-07-01,Hiệu quả,positive
3606,2181103324,Eucerin,2025-07-01,Hiệu quả,neutral
3607,2181103324,Eucerin,2025-06-01,Hiệu quả,positive
3608,2181103324,Eucerin,2025-06-01,Hiệu quả,positive
3608,2181103324,Eucerin,2025-06-01,Thành phần,positive
3608,2181103324,Eucerin,2025-06-01,Hiệu quả,positive
3609,2181103324,Eucerin,2025-06-01,Hiệu quả,positive
3609,2181103324,Eucerin,2025-06-01,Hiệu quả,neutral
3610,2181103324,Eucerin,2025-06-01,Hiệu quả,neutral
3611,2181103324,Eucerin,2025-05-01,Hiệu quả,positive
3611,2181103324,Eucerin,2025-05-01,Hiệu quả,neutral
3613,2181103324,Eucerin,2025-05-01,Hiệu quả,neutral
3614,2181103324,Eucerin,2025-05-01,Hiệu quả,neutral
3614,2181103324,Eucerin,2025-05-01,Hiệu quả,positive
3615,2181103324,Eucerin,2025-05-01,Hiệu quả,positive
3617,2181103324,Eucerin,2025-05-01,Hiệu quả,neutral
3618,2181103324,Eucerin,2025-05-01,Mùi hương/Kết cấu,positive
3619,2181103324,Eucerin,2025-05-01,Hiệu quả,neutral
3619,2181103324,Eucerin,2025-05-01,Chất lượng/Đóng gói,neutral
3620,2181103324,Eucerin,2025-05-01,Hiệu quả,positive
3620,2181103324,Eucerin,2025-05-01,Mùi hương/Kết cấu,positive
3621,2181103324,Eucerin,2025-05-01,Hiệu quả,positive
3621,2181103324,Eucerin,2025-05-01,Hiệu quả,neutral
3623,2181103324,Eucerin,2025-05-01,Hiệu quả,neutral
3623,2181103324,Eucerin,2025-05-01,Hiệu quả,positive
3623,2181103324,Eucerin,2025-05-01,Hiệu quả,neutral
3623,2181103324,Eucerin,2025-05-01,Hiệu quả,positive
3625,2181103324,Eucerin,2025-05-01,Hiệu quả,neutral
3628,2181103324,Eucerin,2025-05-01,Hiệu quả,positive
3628,2181103324,Eucerin,2025-05-01,Hiệu quả,positive
3628,2181103324,Eucerin,2025-05-01,Hiệu quả,positive
3629,2181103324,Eucerin,2025-05-01,Hiệu quả,neutral
3630,2181103324,Eucerin,2025-05-01,Hiệu quả,positive
3630,2181103324,Eucerin,2025-05-01,Mùi hương/Kết cấu,positive
3630,2181103324,Eucerin,2025-05-01,Thành phần,positive
3631,2181103324,Eucerin,2025-05-01,Hiệu quả,neutral
3634,2181103324,Eucerin,2025-04-01,Hiệu quả,positive
3637,2181103324,Eucerin,2025-04-01,Hiệu quả,positive
3637,2181103324,Eucerin,2025-04-01,Mùi hương/Kết cấu,positive
3638,2181103324,Eucerin,2025-04-01,Hiệu quả,positive
3638,2181103324,Eucerin,2025-04-01,Hiệu quả,positive
3639,2181103324,Eucerin,2025-04-01,Mùi hương/Kết cấu,positive
3639,2181103324,Eucerin,2025-04-01,Hiệu quả,positive
3640,2181103324,Eucerin,2025-04-01,Hiệu quả,neutral
3643,2181103324,Eucerin,2025-04-01,Hiệu quả,positive
3644,2181103324,Eucerin,2025-04-01,Hiệu quả,positive
3645,2181103324,Eucerin,2025-04-01,Hiệu quả,positive
3646,2181103324,Eucerin,2025-04-01,Hiệu quả,neutral
3648,2181103324,Eucerin,2025-04-01,Chất lượng/Đóng gói,positive
3648,2181103324,Eucerin,2025-04-01,Giá cả,neutral
3648,2181103324,Eucerin,2025-04-01,Hiệu quả,neutral
3648,2181103324,Eucerin,2025-04-01,Giao hàng,neutral
3650,2181103324,Eucerin,2025-03-01,Mùi hương/Kết cấu,neutral
3650,2181103324,Eucerin,2025-03-01,Mùi hương/Kết cấu,neutral
3651,2181103324,Eucerin,2025-03-01,Hiệu quả,neutral
3651,2181103324,Eucerin,2025-03-01,Hiệu quả,neutral
3652,2181103324,Eucerin,2025-03-01,Hiệu quả,positive
3654,2181103324,Eucerin,2025-03-01,Hiệu quả,positive
3656,2181103324,Eucerin,2025-03-01,Mùi hương/Kết cấu,positive
3656,2181103324,Eucerin,2025-03-01,Hiệu quả,neutral
3658,2181103324,Eucerin,2025-03-01,Hiệu quả,neutral
3660,2120397072,Eucerin,2023-06-01,Giá cả,neutral
3661,2120397072,Eucerin,2021-05-01,Mùi hương/Kết cấu,neutral
3664,2120397072,Eucerin,2022-10-01,Giá cả,neutral
3665,2120397072,Eucerin,2022-07-01,Hiệu quả,positive
3665,2120397072,Eucerin,2022-07-01,Giá cả,positive
3665,2120397072,Eucerin,2022-07-01,Dịch vụ/Uy tín,neutral
3666,2120397072,Eucerin,2021-07-01,Giá cả,neutral
3667,2120397072,Eucerin,2026-04-01,Hiệu quả,positive
3667,2120397072,Eucerin,2026-04-01,Hiệu quả,neutral
3669,2120397072,Eucerin,2025-12-01,Giá cả,neutral
3669,2120397072,Eucerin,2025-12-01,Mùi hương/Kết cấu,positive
3669,2120397072,Eucerin,2025-12-01,Mùi hương/Kết cấu,positive
3669,2120397072,Eucerin,2025-12-01,Hiệu quả,neutral
3669,2120397072,Eucerin,2025-12-01,Thành phần,neutral
3669,2120397072,Eucerin,2025-12-01,Hiệu quả,neutral
3669,2120397072,Eucerin,2025-12-01,Giao hàng,neutral
3669,2120397072,Eucerin,2025-12-01,Giao hàng,neutral
3670,2120397072,Eucerin,2025-11-01,Thành phần,neutral
3670,2120397072,Eucerin,2025-11-01,Mùi hương/Kết cấu,positive
3670,2120397072,Eucerin,2025-11-01,Hiệu quả,positive
3670,2120397072,Eucerin,2025-11-01,Mùi hương/Kết cấu,positive
3671,2120397072,Eucerin,2025-11-01,Hiệu quả,positive
3672,2120397072,Eucerin,2025-09-01,Giá cả,neutral
3672,2120397072,Eucerin,2025-09-01,Hiệu quả,neutral
3673,2120397072,Eucerin,2025-08-01,Hiệu quả,positive
3674,2120397072,Eucerin,2025-08-01,Chất lượng/Đóng gói,neutral
3674,2120397072,Eucerin,2025-08-01,Giá cả,positive
3674,2120397072,Eucerin,2025-08-01,Giá cả,neutral
3675,2120397072,Eucerin,2025-06-01,Giá cả,negative
3675,2120397072,Eucerin,2025-06-01,Chất lượng/Đóng gói,negative
3675,2120397072,Eucerin,2025-06-01,Chất lượng/Đóng gói,positive
3676,2120397072,Eucerin,2025-05-01,Mùi hương/Kết cấu,positive
3676,2120397072,Eucerin,2025-05-01,Hiệu quả,neutral
3677,2120397072,Eucerin,2025-05-01,Dịch vụ/Uy tín,neutral
3677,2120397072,Eucerin,2025-05-01,Hiệu quả,positive
3677,2120397072,Eucerin,2025-05-01,Mùi hương/Kết cấu,positive
3677,2120397072,Eucerin,2025-05-01,Giá cả,neutral
3678,2120397072,Eucerin,2025-05-01,Hiệu quả,neutral
3678,2120397072,Eucerin,2025-05-01,Hiệu quả,positive
3678,2120397072,Eucerin,2025-05-01,Mùi hương/Kết cấu,positive
3679,2120397072,Eucerin,2025-04-01,Hiệu quả,positive
3679,2120397072,Eucerin,2025-04-01,Hiệu quả,neutral
3679,2120397072,Eucerin,2025-04-01,Giá cả,positive
3680,2120397072,Eucerin,2025-04-01,Mùi hương/Kết cấu,positive
3680,2120397072,Eucerin,2025-04-01,Thành phần,neutral
3680,2120397072,Eucerin,2025-04-01,Hiệu quả,positive
3680,2120397072,Eucerin,2025-04-01,Hiệu quả,neutral
3681,2120397072,Eucerin,2025-04-01,Giao hàng,neutral
3681,2120397072,Eucerin,2025-04-01,Mùi hương/Kết cấu,positive
3683,2120397072,Eucerin,2025-04-01,Giao hàng,neutral
3683,2120397072,Eucerin,2025-04-01,Giá cả,positive
3684,2120397072,Eucerin,2025-04-01,Hiệu quả,positive
3684,2120397072,Eucerin,2025-04-01,Giá cả,positive
3685,2120397072,Eucerin,2025-04-01,Hiệu quả,positive
3685,2120397072,Eucerin,2025-04-01,Thành phần,neutral
3685,2120397072,Eucerin,2025-04-01,Hiệu quả,neutral
3685,2120397072,Eucerin,2025-04-01,Giá cả,positive
3685,2120397072,Eucerin,2025-04-01,Thành phần,positive
3685,2120397072,Eucerin,2025-04-01,Hiệu quả,neutral
3685,2120397072,Eucerin,2025-04-01,Hiệu quả,positive
3686,2120397072,Eucerin,2025-03-01,Hiệu quả,positive
3686,2120397072,Eucerin,2025-03-01,Mùi hương/Kết cấu,positive
3686,2120397072,Eucerin,2025-03-01,Giá cả,neutral
3686,2120397072,Eucerin,2025-03-01,Hiệu quả,neutral
3687,2120397072,Eucerin,2025-03-01,Hiệu quả,positive
3688,2120397072,Eucerin,2025-03-01,Hiệu quả,neutral
3688,2120397072,Eucerin,2025-03-01,Mùi hương/Kết cấu,positive
3688,2120397072,Eucerin,2025-03-01,Thành phần,neutral
3689,2120397072,Eucerin,2025-03-01,Hiệu quả,neutral
3689,2120397072,Eucerin,2025-03-01,Giá cả,neutral
3689,2120397072,Eucerin,2025-03-01,Thành phần,neutral
3690,2120397072,Eucerin,2025-03-01,Hiệu quả,positive
3690,2120397072,Eucerin,2025-03-01,Mùi hương/Kết cấu,positive
3690,2120397072,Eucerin,2025-03-01,Hiệu quả,neutral
3691,2120397072,Eucerin,2025-03-01,Mùi hương/Kết cấu,neutral
3691,2120397072,Eucerin,2025-03-01,Hiệu quả,neutral
3693,2120397072,Eucerin,2025-03-01,Hiệu quả,neutral
3693,2120397072,Eucerin,2025-03-01,Hiệu quả,neutral
3694,2120397072,Eucerin,2025-02-01,Hiệu quả,neutral
3696,2120397072,Eucerin,2025-02-01,Giao hàng,neutral
3696,2120397072,Eucerin,2025-02-01,Chất lượng/Đóng gói,positive
3697,2120397072,Eucerin,2025-01-01,Hiệu quả,positive
3699,2120397072,Eucerin,2025-01-01,Hiệu quả,neutral
3699,2120397072,Eucerin,2025-01-01,Thành phần,neutral
3699,2120397072,Eucerin,2025-01-01,Hiệu quả,neutral
3701,2120397072,Eucerin,2025-01-01,Giá cả,neutral
3701,2120397072,Eucerin,2025-01-01,Hiệu quả,positive
3701,2120397072,Eucerin,2025-01-01,Giao hàng,neutral
3701,2120397072,Eucerin,2025-01-01,Dịch vụ/Uy tín,neutral
3702,2120397072,Eucerin,2024-12-01,Mùi hương/Kết cấu,neutral
3703,2120397072,Eucerin,2024-12-01,Hiệu quả,positive
3703,2120397072,Eucerin,2024-12-01,Hiệu quả,neutral
3704,2120397072,Eucerin,2024-12-01,Hiệu quả,neutral
3704,2120397072,Eucerin,2024-12-01,Hiệu quả,positive
3705,2120397072,Eucerin,2024-12-01,Mùi hương/Kết cấu,neutral
3705,2120397072,Eucerin,2024-12-01,Mùi hương/Kết cấu,neutral
3705,2120397072,Eucerin,2024-12-01,Thành phần,neutral
3705,2120397072,Eucerin,2024-12-01,Giá cả,neutral
3706,2120397072,Eucerin,2024-12-01,Mùi hương/Kết cấu,neutral
3707,2120397072,Eucerin,2024-12-01,Hiệu quả,neutral
3708,2120397072,Eucerin,2024-12-01,Hiệu quả,positive
3708,2120397072,Eucerin,2024-12-01,Thành phần,positive
3708,2120397072,Eucerin,2024-12-01,Giá cả,neutral
3709,2120397072,Eucerin,2024-12-01,Hiệu quả,positive
3709,2120397072,Eucerin,2024-12-01,Mùi hương/Kết cấu,positive
3709,2120397072,Eucerin,2024-12-01,Hiệu quả,neutral
3709,2120397072,Eucerin,2024-12-01,Mùi hương/Kết cấu,neutral
3710,2120397072,Eucerin,2024-12-01,Mùi hương/Kết cấu,positive
3710,2120397072,Eucerin,2024-12-01,Hiệu quả,positive
3710,2120397072,Eucerin,2024-12-01,Hiệu quả,neutral
3711,2120397072,Eucerin,2024-12-01,Hiệu quả,positive
3712,2120397072,Eucerin,2024-11-01,Thành phần,neutral
3712,2120397072,Eucerin,2024-11-01,Giá cả,neutral
3712,2120397072,Eucerin,2024-11-01,Hiệu quả,neutral
3712,2120397072,Eucerin,2024-11-01,Hiệu quả,positive
3712,2120397072,Eucerin,2024-11-01,Mùi hương/Kết cấu,positive
3714,2120397072,Eucerin,2024-11-01,Hiệu quả,neutral
3715,2120397072,Eucerin,2024-11-01,Mùi hương/Kết cấu,neutral
3715,2120397072,Eucerin,2024-11-01,Mùi hương/Kết cấu,neutral
3715,2120397072,Eucerin,2024-11-01,Hiệu quả,neutral
3716,2120397072,Eucerin,2024-11-01,Mùi hương/Kết cấu,neutral
3716,2120397072,Eucerin,2024-11-01,Hiệu quả,positive
3716,2120397072,Eucerin,2024-11-01,Hiệu quả,neutral
3717,2120397072,Eucerin,2024-11-01,Mùi hương/Kết cấu,neutral
3717,2120397072,Eucerin,2024-11-01,Giá cả,neutral
3717,2120397072,Eucerin,2024-11-01,Hiệu quả,neutral
3719,2120397072,Eucerin,2024-11-01,Chất lượng/Đóng gói,positive
3719,2120397072,Eucerin,2024-11-01,Chất lượng/Đóng gói,neutral
3719,2120397072,Eucerin,2024-11-01,Chất lượng/Đóng gói,neutral
3719,2120397072,Eucerin,2024-11-01,Chất lượng/Đóng gói,neutral
3720,2120397072,Eucerin,2024-11-01,Giao hàng,neutral
3720,2120397072,Eucerin,2024-11-01,Hiệu quả,positive
3720,2120397072,Eucerin,2024-11-01,Hiệu quả,positive
3721,2120397072,Eucerin,2024-11-01,Hiệu quả,positive
3721,2120397072,Eucerin,2024-11-01,Thành phần,positive
3721,2120397072,Eucerin,2024-11-01,Hiệu quả,positive
3722,2120397072,Eucerin,2024-10-01,Hiệu quả,neutral
3722,2120397072,Eucerin,2024-10-01,Hiệu quả,positive
3722,2120397072,Eucerin,2024-10-01,Mùi hương/Kết cấu,positive
3722,2120397072,Eucerin,2024-10-01,Thành phần,neutral
3722,2120397072,Eucerin,2024-10-01,Hiệu quả,neutral
3722,2120397072,Eucerin,2024-10-01,Hiệu quả,positive
3722,2120397072,Eucerin,2024-10-01,Mùi hương/Kết cấu,positive
3722,2120397072,Eucerin,2024-10-01,Thành phần,neutral
3723,2120397072,Eucerin,2024-10-01,Hiệu quả,positive
3723,2120397072,Eucerin,2024-10-01,Giá cả,neutral
3724,2120397072,Eucerin,2024-10-01,Hiệu quả,positive
3725,2120397072,Eucerin,2024-10-01,Hiệu quả,neutral
3725,2120397072,Eucerin,2024-10-01,Giá cả,neutral
3725,2120397072,Eucerin,2024-10-01,Hiệu quả,neutral
3725,2120397072,Eucerin,2024-10-01,Hiệu quả,positive
3725,2120397072,Eucerin,2024-10-01,Giá cả,neutral
3725,2120397072,Eucerin,2024-10-01,Hiệu quả,neutral
3725,2120397072,Eucerin,2024-10-01,Hiệu quả,neutral
3726,2120397072,Eucerin,2024-10-01,Hiệu quả,positive
3727,2120397072,Eucerin,2024-10-01,Hiệu quả,positive
3727,2120397072,Eucerin,2024-10-01,Mùi hương/Kết cấu,neutral
3728,2120397072,Eucerin,2024-10-01,Hiệu quả,neutral
3728,2120397072,Eucerin,2024-10-01,Thành phần,neutral
3728,2120397072,Eucerin,2024-10-01,Mùi hương/Kết cấu,neutral
3728,2120397072,Eucerin,2024-10-01,Mùi hương/Kết cấu,neutral
3728,2120397072,Eucerin,2024-10-01,Hiệu quả,positive
3729,2120397072,Eucerin,2024-10-01,Hiệu quả,neutral
3729,2120397072,Eucerin,2024-10-01,Hiệu quả,positive
3730,2120397072,Eucerin,2024-10-01,Giá cả,neutral
3731,2120397072,Eucerin,2024-10-01,Hiệu quả,neutral
3731,2120397072,Eucerin,2024-10-01,Mùi hương/Kết cấu,neutral
3732,2120397072,Eucerin,2024-09-01,Mùi hương/Kết cấu,positive
3732,2120397072,Eucerin,2024-09-01,Mùi hương/Kết cấu,positive
3732,2120397072,Eucerin,2024-09-01,Mùi hương/Kết cấu,neutral
3732,2120397072,Eucerin,2024-09-01,Hiệu quả,neutral
3733,2120397072,Eucerin,2024-09-01,Hiệu quả,positive
3733,2120397072,Eucerin,2024-09-01,Hiệu quả,positive
3733,2120397072,Eucerin,2024-09-01,Hiệu quả,neutral
3734,2120397072,Eucerin,2024-09-01,Hiệu quả,positive
3734,2120397072,Eucerin,2024-09-01,Mùi hương/Kết cấu,positive
3734,2120397072,Eucerin,2024-09-01,Thành phần,neutral
3734,2120397072,Eucerin,2024-09-01,Hiệu quả,positive
3734,2120397072,Eucerin,2024-09-01,Mùi hương/Kết cấu,positive
3734,2120397072,Eucerin,2024-09-01,Hiệu quả,neutral
3734,2120397072,Eucerin,2024-09-01,Mùi hương/Kết cấu,neutral
3735,2120397072,Eucerin,2024-09-01,Chất lượng/Đóng gói,neutral
3736,2120397072,Eucerin,2024-09-01,Mùi hương/Kết cấu,neutral
3736,2120397072,Eucerin,2024-09-01,Hiệu quả,positive
3736,2120397072,Eucerin,2024-09-01,Hiệu quả,positive
3736,2120397072,Eucerin,2024-09-01,Hiệu quả,positive
3736,2120397072,Eucerin,2024-09-01,Hiệu quả,positive
3737,2120397072,Eucerin,2024-09-01,Thành phần,neutral
3737,2120397072,Eucerin,2024-09-01,Mùi hương/Kết cấu,neutral
3737,2120397072,Eucerin,2024-09-01,Hiệu quả,neutral
3738,2120397072,Eucerin,2024-09-01,Hiệu quả,neutral
3738,2120397072,Eucerin,2024-09-01,Hiệu quả,neutral
3738,2120397072,Eucerin,2024-09-01,Hiệu quả,positive
3738,2120397072,Eucerin,2024-09-01,Hiệu quả,positive
3738,2120397072,Eucerin,2024-09-01,Giá cả,neutral
3739,2120397072,Eucerin,2024-09-01,Hiệu quả,neutral
3739,2120397072,Eucerin,2024-09-01,Thành phần,neutral
3739,2120397072,Eucerin,2024-09-01,Hiệu quả,positive
3739,2120397072,Eucerin,2024-09-01,Mùi hương/Kết cấu,positive
3740,2120397072,Eucerin,2024-09-01,Hiệu quả,neutral
3740,2120397072,Eucerin,2024-09-01,Hiệu quả,positive
3741,2120397072,Eucerin,2024-08-01,Giao hàng,neutral
3741,2120397072,Eucerin,2024-08-01,Chất lượng/Đóng gói,neutral
3742,2120397072,Eucerin,2024-08-01,Hiệu quả,neutral
3742,2120397072,Eucerin,2024-08-01,Hiệu quả,neutral
3742,2120397072,Eucerin,2024-08-01,Mùi hương/Kết cấu,neutral
3744,2120397072,Eucerin,2024-06-01,Hiệu quả,neutral
3745,2120397072,Eucerin,2024-05-01,Thành phần,neutral
3745,2120397072,Eucerin,2024-05-01,Hiệu quả,positive
3746,2120397072,Eucerin,2024-05-01,Hiệu quả,positive
3747,2120397072,Eucerin,2024-05-01,Mùi hương/Kết cấu,neutral
3749,2120397072,Eucerin,2024-04-01,Hiệu quả,neutral
3750,2120397072,Eucerin,2024-04-01,Giá cả,neutral
3750,2120397072,Eucerin,2024-04-01,Hiệu quả,neutral
3751,2120397072,Eucerin,2024-04-01,Hiệu quả,positive
3751,2120397072,Eucerin,2024-04-01,Mùi hương/Kết cấu,neutral
3752,2120397072,Eucerin,2024-04-01,Mùi hương/Kết cấu,neutral
3752,2120397072,Eucerin,2024-04-01,Hiệu quả,neutral
3753,2120397072,Eucerin,2024-04-01,Chất lượng/Đóng gói,positive
3754,2120397072,Eucerin,2024-04-01,Hiệu quả,positive
3754,2120397072,Eucerin,2024-04-01,Chất lượng/Đóng gói,positive
3754,2120397072,Eucerin,2024-04-01,Dịch vụ/Uy tín,positive
3755,2120397072,Eucerin,2024-04-01,Dịch vụ/Uy tín,neutral
3755,2120397072,Eucerin,2024-04-01,Chất lượng/Đóng gói,positive
3755,2120397072,Eucerin,2024-04-01,Dịch vụ/Uy tín,positive
3756,2120397072,Eucerin,2024-04-01,Mùi hương/Kết cấu,positive
3757,2120397072,Eucerin,2024-03-01,Giá cả,neutral
3758,2120397072,Eucerin,2024-03-01,Giao hàng,neutral
3758,2120397072,Eucerin,2024-03-01,Giá cả,neutral
3759,2120246857,Eucerin,2025-07-01,Giao hàng,neutral
3760,2120246857,Eucerin,2025-03-01,Giá cả,neutral
3765,2120246857,Eucerin,2024-10-01,Dịch vụ/Uy tín,neutral
3766,2120246857,Eucerin,2022-06-01,Hiệu quả,neutral
3769,2120246857,Eucerin,2025-06-01,Hiệu quả,positive
3769,2120246857,Eucerin,2025-06-01,Mùi hương/Kết cấu,neutral
3769,2120246857,Eucerin,2025-06-01,Hiệu quả,neutral
3769,2120246857,Eucerin,2025-06-01,Giá cả,neutral
3769,2120246857,Eucerin,2025-06-01,Thành phần,neutral
3769,2120246857,Eucerin,2025-06-01,Hiệu quả,positive
3769,2120246857,Eucerin,2025-06-01,Mùi hương/Kết cấu,negative
3770,2120246857,Eucerin,2024-09-01,Mùi hương/Kết cấu,neutral
3771,2120246857,Eucerin,2024-02-01,Giá cả,neutral
3771,2120246857,Eucerin,2024-02-01,Hiệu quả,negative
3772,2120246857,Eucerin,2024-02-01,Mùi hương/Kết cấu,neutral
3772,2120246857,Eucerin,2024-02-01,Mùi hương/Kết cấu,neutral
3773,2120246857,Eucerin,2023-10-01,Hiệu quả,positive
3773,2120246857,Eucerin,2023-10-01,Chất lượng/Đóng gói,positive
3773,2120246857,Eucerin,2023-10-01,Mùi hương/Kết cấu,positive
3774,2120246857,Eucerin,2023-06-01,Hiệu quả,positive
3774,2120246857,Eucerin,2023-06-01,Chất lượng/Đóng gói,positive
3774,2120246857,Eucerin,2023-06-01,Mùi hương/Kết cấu,positive
3776,2120246857,Eucerin,2022-05-01,Mùi hương/Kết cấu,neutral
3776,2120246857,Eucerin,2022-05-01,Mùi hương/Kết cấu,negative
3779,2120246857,Eucerin,2025-12-01,Chất lượng/Đóng gói,positive
3779,2120246857,Eucerin,2025-12-01,Giao hàng,neutral
3779,2120246857,Eucerin,2025-12-01,Chất lượng/Đóng gói,positive
3779,2120246857,Eucerin,2025-12-01,Hiệu quả,neutral
3779,2120246857,Eucerin,2025-12-01,Giá cả,neutral
3779,2120246857,Eucerin,2025-12-01,Mùi hương/Kết cấu,positive
3780,2120246857,Eucerin,2025-11-01,Hiệu quả,positive
3780,2120246857,Eucerin,2025-11-01,Hiệu quả,neutral
3780,2120246857,Eucerin,2025-11-01,Hiệu quả,neutral
3781,2120246857,Eucerin,2025-11-01,Mùi hương/Kết cấu,neutral
3781,2120246857,Eucerin,2025-11-01,Hiệu quả,neutral
3781,2120246857,Eucerin,2025-11-01,Hiệu quả,positive
3781,2120246857,Eucerin,2025-11-01,Chất lượng/Đóng gói,positive
3782,2120246857,Eucerin,2025-11-01,Hiệu quả,positive
3782,2120246857,Eucerin,2025-11-01,Mùi hương/Kết cấu,positive
3782,2120246857,Eucerin,2025-11-01,Thành phần,positive
3783,2120246857,Eucerin,2025-10-01,Hiệu quả,positive
3783,2120246857,Eucerin,2025-10-01,Mùi hương/Kết cấu,neutral
3784,2120246857,Eucerin,2025-10-01,Mùi hương/Kết cấu,neutral
3784,2120246857,Eucerin,2025-10-01,Hiệu quả,neutral
3784,2120246857,Eucerin,2025-10-01,Hiệu quả,neutral
3785,2120246857,Eucerin,2025-10-01,Chất lượng/Đóng gói,positive
3786,2120246857,Eucerin,2025-09-01,Hiệu quả,neutral
3787,2120246857,Eucerin,2025-09-01,Giá cả,neutral
3788,2120246857,Eucerin,2025-09-01,Dịch vụ/Uy tín,positive
3788,2120246857,Eucerin,2025-09-01,Chất lượng/Đóng gói,positive
3789,2120246857,Eucerin,2025-09-01,Hiệu quả,positive
3789,2120246857,Eucerin,2025-09-01,Mùi hương/Kết cấu,neutral
3791,2120246857,Eucerin,2025-09-01,Mùi hương/Kết cấu,neutral
3792,2120246857,Eucerin,2025-08-01,Mùi hương/Kết cấu,positive
3793,2120246857,Eucerin,2025-08-01,Hiệu quả,neutral
3793,2120246857,Eucerin,2025-08-01,Hiệu quả,positive
3793,2120246857,Eucerin,2025-08-01,Hiệu quả,neutral
3793,2120246857,Eucerin,2025-08-01,Hiệu quả,positive
3793,2120246857,Eucerin,2025-08-01,Mùi hương/Kết cấu,positive
3794,2120246857,Eucerin,2025-07-01,Hiệu quả,positive
3794,2120246857,Eucerin,2025-07-01,Mùi hương/Kết cấu,positive
3794,2120246857,Eucerin,2025-07-01,Hiệu quả,positive
3794,2120246857,Eucerin,2025-07-01,Hiệu quả,negative
3794,2120246857,Eucerin,2025-07-01,Giá cả,negative
3794,2120246857,Eucerin,2025-07-01,Thành phần,negative
3795,2120246857,Eucerin,2025-07-01,Chất lượng/Đóng gói,neutral
3795,2120246857,Eucerin,2025-07-01,Hiệu quả,negative
3796,2120246857,Eucerin,2025-07-01,Mùi hương/Kết cấu,positive
3798,2120246857,Eucerin,2025-07-01,Hiệu quả,positive
3798,2120246857,Eucerin,2025-07-01,Hiệu quả,positive
3798,2120246857,Eucerin,2025-07-01,Mùi hương/Kết cấu,positive
3799,2120246857,Eucerin,2025-06-01,Hiệu quả,neutral
3799,2120246857,Eucerin,2025-06-01,Hiệu quả,positive
3799,2120246857,Eucerin,2025-06-01,Mùi hương/Kết cấu,positive
3799,2120246857,Eucerin,2025-06-01,Hiệu quả,neutral
3800,2120246857,Eucerin,2025-06-01,Mùi hương/Kết cấu,neutral
3800,2120246857,Eucerin,2025-06-01,Hiệu quả,neutral
3801,2120246857,Eucerin,2025-06-01,Hiệu quả,positive
3801,2120246857,Eucerin,2025-06-01,Mùi hương/Kết cấu,positive
3801,2120246857,Eucerin,2025-06-01,Hiệu quả,neutral
3801,2120246857,Eucerin,2025-06-01,Hiệu quả,neutral
3801,2120246857,Eucerin,2025-06-01,Hiệu quả,neutral
3801,2120246857,Eucerin,2025-06-01,Hiệu quả,neutral
3801,2120246857,Eucerin,2025-06-01,Hiệu quả,neutral
3801,2120246857,Eucerin,2025-06-01,Hiệu quả,neutral
3802,2120246857,Eucerin,2025-06-01,Mùi hương/Kết cấu,positive
3802,2120246857,Eucerin,2025-06-01,Hiệu quả,neutral
3803,2120246857,Eucerin,2025-05-01,Hiệu quả,neutral
3804,2120246857,Eucerin,2025-05-01,Mùi hương/Kết cấu,positive
3804,2120246857,Eucerin,2025-05-01,Hiệu quả,positive
3804,2120246857,Eucerin,2025-05-01,Hiệu quả,neutral
3805,2120246857,Eucerin,2025-05-01,Hiệu quả,positive
3805,2120246857,Eucerin,2025-05-01,Hiệu quả,neutral
3806,2120246857,Eucerin,2025-04-01,Hiệu quả,positive
3806,2120246857,Eucerin,2025-04-01,Hiệu quả,neutral
3807,2120246857,Eucerin,2025-04-01,Hiệu quả,neutral
3808,2120246857,Eucerin,2025-04-01,Hiệu quả,neutral
3808,2120246857,Eucerin,2025-04-01,Hiệu quả,neutral
3808,2120246857,Eucerin,2025-04-01,Hiệu quả,positive
3809,2120246857,Eucerin,2025-04-01,Hiệu quả,positive
3809,2120246857,Eucerin,2025-04-01,Mùi hương/Kết cấu,positive
3809,2120246857,Eucerin,2025-04-01,Hiệu quả,neutral
3810,2120246857,Eucerin,2025-04-01,Mùi hương/Kết cấu,positive
3810,2120246857,Eucerin,2025-04-01,Hiệu quả,neutral
3811,2120246857,Eucerin,2025-04-01,Hiệu quả,positive
3811,2120246857,Eucerin,2025-04-01,Hiệu quả,neutral
3811,2120246857,Eucerin,2025-04-01,Mùi hương/Kết cấu,positive
3811,2120246857,Eucerin,2025-04-01,Mùi hương/Kết cấu,positive
3811,2120246857,Eucerin,2025-04-01,Hiệu quả,neutral
3811,2120246857,Eucerin,2025-04-01,Hiệu quả,neutral
3812,2120246857,Eucerin,2025-04-01,Hiệu quả,positive
3812,2120246857,Eucerin,2025-04-01,Mùi hương/Kết cấu,positive
3812,2120246857,Eucerin,2025-04-01,Hiệu quả,neutral
3812,2120246857,Eucerin,2025-04-01,Mùi hương/Kết cấu,neutral
3814,2120246857,Eucerin,2025-03-01,Hiệu quả,positive
3814,2120246857,Eucerin,2025-03-01,Hiệu quả,positive
3814,2120246857,Eucerin,2025-03-01,Mùi hương/Kết cấu,positive
3814,2120246857,Eucerin,2025-03-01,Hiệu quả,neutral
3815,2120246857,Eucerin,2025-03-01,Hiệu quả,positive
3815,2120246857,Eucerin,2025-03-01,Giá cả,neutral
3816,2120246857,Eucerin,2025-03-01,Chất lượng/Đóng gói,neutral
3816,2120246857,Eucerin,2025-03-01,Chất lượng/Đóng gói,positive
3817,2120246857,Eucerin,2025-03-01,Mùi hương/Kết cấu,neutral
3818,2120246857,Eucerin,2025-03-01,Hiệu quả,positive
3818,2120246857,Eucerin,2025-03-01,Mùi hương/Kết cấu,positive
3818,2120246857,Eucerin,2025-03-01,Hiệu quả,neutral
3819,2120246857,Eucerin,2025-03-01,Hiệu quả,neutral
3819,2120246857,Eucerin,2025-03-01,Hiệu quả,neutral
3819,2120246857,Eucerin,2025-03-01,Hiệu quả,positive
3820,2120246857,Eucerin,2025-03-01,Hiệu quả,positive
3821,2120246857,Eucerin,2025-03-01,Hiệu quả,neutral
3821,2120246857,Eucerin,2025-03-01,Hiệu quả,neutral
3822,2120246857,Eucerin,2025-02-01,Hiệu quả,neutral
3823,2120246857,Eucerin,2025-02-01,Hiệu quả,positive
3823,2120246857,Eucerin,2025-02-01,Mùi hương/Kết cấu,positive
3823,2120246857,Eucerin,2025-02-01,Mùi hương/Kết cấu,neutral
3823,2120246857,Eucerin,2025-02-01,Hiệu quả,neutral
3823,2120246857,Eucerin,2025-02-01,Hiệu quả,positive
3824,2120246857,Eucerin,2025-02-01,Hiệu quả,neutral
3825,2120246857,Eucerin,2025-01-01,Hiệu quả,positive
3825,2120246857,Eucerin,2025-01-01,Giá cả,positive
3825,2120246857,Eucerin,2025-01-01,Mùi hương/Kết cấu,neutral
3826,2120246857,Eucerin,2025-01-01,Hiệu quả,positive
3826,2120246857,Eucerin,2025-01-01,Hiệu quả,neutral
3827,2120246857,Eucerin,2025-01-01,Hiệu quả,positive
3827,2120246857,Eucerin,2025-01-01,Giá cả,positive
3827,2120246857,Eucerin,2025-01-01,Thành phần,positive
3828,2120246857,Eucerin,2025-01-01,Hiệu quả,neutral
3828,2120246857,Eucerin,2025-01-01,Hiệu quả,positive
3828,2120246857,Eucerin,2025-01-01,Hiệu quả,neutral
3829,2120246857,Eucerin,2025-01-01,Hiệu quả,neutral
3829,2120246857,Eucerin,2025-01-01,Hiệu quả,positive
3829,2120246857,Eucerin,2025-01-01,Hiệu quả,neutral
3830,2120246857,Eucerin,2025-01-01,Hiệu quả,neutral
3830,2120246857,Eucerin,2025-01-01,Mùi hương/Kết cấu,neutral
3830,2120246857,Eucerin,2025-01-01,Hiệu quả,positive
3831,2120246857,Eucerin,2024-12-01,Mùi hương/Kết cấu,neutral
3832,2120246857,Eucerin,2024-12-01,Hiệu quả,positive
3833,2120246857,Eucerin,2024-12-01,Giao hàng,neutral
3834,2120246857,Eucerin,2024-12-01,Hiệu quả,positive
3834,2120246857,Eucerin,2024-12-01,Hiệu quả,neutral
3835,2120246857,Eucerin,2024-12-01,Hiệu quả,neutral
3835,2120246857,Eucerin,2024-12-01,Hiệu quả,neutral
3835,2120246857,Eucerin,2024-12-01,Mùi hương/Kết cấu,neutral
3835,2120246857,Eucerin,2024-12-01,Hiệu quả,neutral
3837,2120246857,Eucerin,2024-12-01,Chất lượng/Đóng gói,neutral
3837,2120246857,Eucerin,2024-12-01,Chất lượng/Đóng gói,negative
3838,2120246857,Eucerin,2024-12-01,Hiệu quả,neutral
3838,2120246857,Eucerin,2024-12-01,Hiệu quả,neutral
3838,2120246857,Eucerin,2024-12-01,Mùi hương/Kết cấu,neutral
3839,2120246857,Eucerin,2024-12-01,Hiệu quả,neutral
3840,2120246857,Eucerin,2024-11-01,Mùi hương/Kết cấu,positive
3841,2120246857,Eucerin,2024-11-01,Giao hàng,neutral
3841,2120246857,Eucerin,2024-11-01,Hiệu quả,positive
3841,2120246857,Eucerin,2024-11-01,Giá cả,positive
3842,2120246857,Eucerin,2024-11-01,Hiệu quả,positive
3842,2120246857,Eucerin,2024-11-01,Hiệu quả,neutral
3842,2120246857,Eucerin,2024-11-01,Hiệu quả,neutral
3842,2120246857,Eucerin,2024-11-01,Hiệu quả,neutral
3842,2120246857,Eucerin,2024-11-01,Hiệu quả,positive
3842,2120246857,Eucerin,2024-11-01,Mùi hương/Kết cấu,positive
3843,2120246857,Eucerin,2024-10-01,Hiệu quả,neutral
3843,2120246857,Eucerin,2024-10-01,Mùi hương/Kết cấu,positive
3843,2120246857,Eucerin,2024-10-01,Hiệu quả,positive
3845,2120246857,Eucerin,2024-10-01,Hiệu quả,neutral
3845,2120246857,Eucerin,2024-10-01,Hiệu quả,positive
3846,2120246857,Eucerin,2024-10-01,Mùi hương/Kết cấu,positive
3847,2120246857,Eucerin,2024-10-01,Hiệu quả,neutral
3847,2120246857,Eucerin,2024-10-01,Mùi hương/Kết cấu,neutral
3847,2120246857,Eucerin,2024-10-01,Hiệu quả,positive
3847,2120246857,Eucerin,2024-10-01,Mùi hương/Kết cấu,positive
3848,2120246857,Eucerin,2024-10-01,Hiệu quả,neutral
3849,2120246857,Eucerin,2024-10-01,Hiệu quả,positive
3850,2120246857,Eucerin,2024-09-01,Hiệu quả,neutral
3850,2120246857,Eucerin,2024-09-01,Hiệu quả,neutral
3850,2120246857,Eucerin,2024-09-01,Hiệu quả,neutral
3851,2120246857,Eucerin,2024-09-01,Hiệu quả,positive
3851,2120246857,Eucerin,2024-09-01,Mùi hương/Kết cấu,positive
3851,2120246857,Eucerin,2024-09-01,Hiệu quả,neutral
3852,2120246857,Eucerin,2024-09-01,Hiệu quả,neutral
3852,2120246857,Eucerin,2024-09-01,Hiệu quả,positive
3853,2120246857,Eucerin,2024-09-01,Hiệu quả,positive
3853,2120246857,Eucerin,2024-09-01,Dịch vụ/Uy tín,neutral
3854,2120246857,Eucerin,2024-09-01,Dịch vụ/Uy tín,neutral
3855,2120246857,Eucerin,2024-09-01,Hiệu quả,positive
3855,2120246857,Eucerin,2024-09-01,Dịch vụ/Uy tín,positive
3856,2120246857,Eucerin,2024-09-01,Hiệu quả,positive
3856,2120246857,Eucerin,2024-09-01,Hiệu quả,positive
3857,2120246857,Eucerin,2024-09-01,Hiệu quả,positive
3860,2120246857,Eucerin,2024-08-01,Hiệu quả,positive
3860,2120246857,Eucerin,2024-08-01,Hiệu quả,neutral
3861,2120246857,Eucerin,2024-08-01,Hiệu quả,neutral
3861,2120246857,Eucerin,2024-08-01,Hiệu quả,positive
3861,2120246857,Eucerin,2024-08-01,Hiệu quả,neutral
3861,2120246857,Eucerin,2024-08-01,Mùi hương/Kết cấu,positive
3862,2120246857,Eucerin,2024-08-01,Hiệu quả,positive
3862,2120246857,Eucerin,2024-08-01,Hiệu quả,positive
3862,2120246857,Eucerin,2024-08-01,Hiệu quả,positive
3863,2120246857,Eucerin,2024-08-01,Hiệu quả,neutral
3863,2120246857,Eucerin,2024-08-01,Hiệu quả,neutral
3863,2120246857,Eucerin,2024-08-01,Hiệu quả,neutral
3863,2120246857,Eucerin,2024-08-01,Mùi hương/Kết cấu,neutral
3863,2120246857,Eucerin,2024-08-01,Hiệu quả,positive
3864,2120246857,Eucerin,2024-07-01,Hiệu quả,neutral
3864,2120246857,Eucerin,2024-07-01,Mùi hương/Kết cấu,neutral
3865,2120246857,Eucerin,2024-07-01,Hiệu quả,positive
3865,2120246857,Eucerin,2024-07-01,Mùi hương/Kết cấu,neutral
3866,2120246857,Eucerin,2024-07-01,Hiệu quả,neutral
3866,2120246857,Eucerin,2024-07-01,Hiệu quả,positive
3866,2120246857,Eucerin,2024-07-01,Hiệu quả,neutral
3866,2120246857,Eucerin,2024-07-01,Hiệu quả,neutral
3866,2120246857,Eucerin,2024-07-01,Mùi hương/Kết cấu,neutral
3867,2120246857,Eucerin,2024-06-01,Hiệu quả,neutral
3867,2120246857,Eucerin,2024-06-01,Mùi hương/Kết cấu,neutral
3867,2120246857,Eucerin,2024-06-01,Hiệu quả,neutral
3867,2120246857,Eucerin,2024-06-01,Hiệu quả,positive
3867,2120246857,Eucerin,2024-06-01,Mùi hương/Kết cấu,neutral
3867,2120246857,Eucerin,2024-06-01,Hiệu quả,neutral
3867,2120246857,Eucerin,2024-06-01,Hiệu quả,neutral
3867,2120246857,Eucerin,2024-06-01,Mùi hương/Kết cấu,neutral
3867,2120246857,Eucerin,2024-06-01,Hiệu quả,neutral
3868,2120246857,Eucerin,2024-06-01,Mùi hương/Kết cấu,neutral
3869,2120246857,Eucerin,2024-06-01,Giao hàng,positive
3869,2120246857,Eucerin,2024-06-01,Giá cả,neutral
3869,2120246857,Eucerin,2024-06-01,Giá cả,neutral
3869,2120246857,Eucerin,2024-06-01,Mùi hương/Kết cấu,positive
3870,2120246857,Eucerin,2024-06-01,Mùi hương/Kết cấu,neutral
3870,2120246857,Eucerin,2024-06-01,Mùi hương/Kết cấu,neutral
3871,2120246857,Eucerin,2024-06-01,Hiệu quả,neutral
3871,2120246857,Eucerin,2024-06-01,Hiệu quả,neutral
3871,2120246857,Eucerin,2024-06-01,Hiệu quả,neutral
3872,2120246857,Eucerin,2024-06-01,Hiệu quả,neutral
3872,2120246857,Eucerin,2024-06-01,Hiệu quả,neutral
3872,2120246857,Eucerin,2024-06-01,Hiệu quả,neutral
3873,2120246857,Eucerin,2024-06-01,Mùi hương/Kết cấu,neutral
3873,2120246857,Eucerin,2024-06-01,Hiệu quả,neutral
3874,2583500030,Eucerin,2025-09-01,Chất lượng/Đóng gói,negative
3875,2583500030,Eucerin,2025-07-01,Hiệu quả,positive
3875,2583500030,Eucerin,2025-07-01,Mùi hương/Kết cấu,positive
3876,2583500030,Eucerin,2025-05-01,Giao hàng,neutral
3877,2583500030,Eucerin,2025-05-01,Mùi hương/Kết cấu,positive
3878,2583500030,Eucerin,2025-03-01,Chất lượng/Đóng gói,positive
3878,2583500030,Eucerin,2025-03-01,Giao hàng,neutral
3879,2583500030,Eucerin,2025-03-01,Chất lượng/Đóng gói,positive
3879,2583500030,Eucerin,2025-03-01,Chất lượng/Đóng gói,negative
3879,2583500030,Eucerin,2025-03-01,Giao hàng,neutral
3879,2583500030,Eucerin,2025-03-01,Giá cả,positive
3879,2583500030,Eucerin,2025-03-01,Chất lượng/Đóng gói,positive
3880,2583500030,Eucerin,2025-01-01,Hiệu quả,neutral
3880,2583500030,Eucerin,2025-01-01,Mùi hương/Kết cấu,positive
3881,2583500030,Eucerin,2025-01-01,Mùi hương/Kết cấu,positive
3882,2583500030,Eucerin,2025-01-01,Giao hàng,positive
3882,2583500030,Eucerin,2025-01-01,Dịch vụ/Uy tín,neutral
3882,2583500030,Eucerin,2025-01-01,Dịch vụ/Uy tín,neutral
3883,2583500030,Eucerin,2025-01-01,Giá cả,positive
3883,2583500030,Eucerin,2025-01-01,Mùi hương/Kết cấu,positive
3884,2583500030,Eucerin,2024-10-01,Hiệu quả,neutral
3885,2583500030,Eucerin,2024-09-01,Hiệu quả,neutral
3885,2583500030,Eucerin,2024-09-01,Hiệu quả,positive
3885,2583500030,Eucerin,2024-09-01,Mùi hương/Kết cấu,positive
3886,2583500030,Eucerin,2024-08-01,Mùi hương/Kết cấu,positive
3886,2583500030,Eucerin,2024-08-01,Hiệu quả,neutral
3889,2583500030,Eucerin,2024-06-01,Chất lượng/Đóng gói,positive
3889,2583500030,Eucerin,2024-06-01,Hiệu quả,positive
3889,2583500030,Eucerin,2024-06-01,Mùi hương/Kết cấu,positive
3889,2583500030,Eucerin,2024-06-01,Giá cả,neutral
3890,2583500030,Eucerin,2024-05-01,Hiệu quả,positive
3890,2583500030,Eucerin,2024-05-01,Hiệu quả,neutral
3891,2583500030,Eucerin,2024-05-01,Hiệu quả,neutral
3891,2583500030,Eucerin,2024-05-01,Hiệu quả,positive
3892,2120334610,Eucerin,2025-03-01,Giao hàng,neutral
3893,2120334610,Eucerin,2025-08-01,Hiệu quả,positive
3893,2120334610,Eucerin,2025-08-01,Mùi hương/Kết cấu,positive
3894,2120334610,Eucerin,2025-05-01,Hiệu quả,neutral
3894,2120334610,Eucerin,2025-05-01,Hiệu quả,neutral
3895,2120334610,Eucerin,2025-03-01,Hiệu quả,positive
3895,2120334610,Eucerin,2025-03-01,Giá cả,positive
3896,2120334610,Eucerin,2025-02-01,Hiệu quả,positive
3896,2120334610,Eucerin,2025-02-01,Mùi hương/Kết cấu,positive
3898,2120334610,Eucerin,2024-12-01,Mùi hương/Kết cấu,positive
3900,2120334610,Eucerin,2024-08-01,Hiệu quả,neutral
3901,2120334610,Eucerin,2024-08-01,Hiệu quả,positive
3901,2120334610,Eucerin,2024-08-01,Giá cả,positive
3901,2120334610,Eucerin,2024-08-01,Mùi hương/Kết cấu,neutral
3901,2120334610,Eucerin,2024-08-01,Mùi hương/Kết cấu,positive
3902,2120334610,Eucerin,2024-08-01,Mùi hương/Kết cấu,positive
3902,2120334610,Eucerin,2024-08-01,Hiệu quả,neutral
3902,2120334610,Eucerin,2024-08-01,Hiệu quả,neutral
3904,2120334610,Eucerin,2024-08-01,Hiệu quả,positive
3905,2120334610,Eucerin,2024-07-01,Hiệu quả,positive
3905,2120334610,Eucerin,2024-07-01,Mùi hương/Kết cấu,positive
3908,2120334610,Eucerin,2024-07-01,Hiệu quả,neutral
3908,2120334610,Eucerin,2024-07-01,Mùi hương/Kết cấu,neutral
3912,2120334610,Eucerin,2024-06-01,Hiệu quả,positive
3913,2120334610,Eucerin,2024-05-01,Mùi hương/Kết cấu,neutral
3914,2120334610,Eucerin,2024-03-01,Hiệu quả,positive
3914,2120334610,Eucerin,2024-03-01,Mùi hương/Kết cấu,positive
3916,2120334610,Eucerin,2024-01-01,Hiệu quả,positive
3916,2120334610,Eucerin,2024-01-01,Mùi hương/Kết cấu,positive
3916,2120334610,Eucerin,2024-01-01,Hiệu quả,neutral
3917,2120334610,Eucerin,2024-01-01,Giao hàng,positive
3917,2120334610,Eucerin,2024-01-01,Dịch vụ/Uy tín,positive
3918,2120334610,Eucerin,2023-11-01,Mùi hương/Kết cấu,neutral
3919,2120334610,Eucerin,2023-11-01,Hiệu quả,positive
3919,2120334610,Eucerin,2023-11-01,Hiệu quả,positive
3919,2120334610,Eucerin,2023-11-01,Mùi hương/Kết cấu,positive
3920,2120334610,Eucerin,2023-10-01,Giao hàng,neutral
3921,2120334610,Eucerin,2023-08-01,Chất lượng/Đóng gói,positive
3921,2120334610,Eucerin,2023-08-01,Giá cả,positive
3922,2120334610,Eucerin,2023-08-01,Giao hàng,neutral
3922,2120334610,Eucerin,2023-08-01,Dịch vụ/Uy tín,positive
3923,2120334610,Eucerin,2023-08-01,Mùi hương/Kết cấu,neutral
3924,2120334610,Eucerin,2023-06-01,Chất lượng/Đóng gói,positive
3926,2120392116,Eucerin,2023-04-01,Dịch vụ/Uy tín,positive
3926,2120392116,Eucerin,2023-04-01,Dịch vụ/Uy tín,neutral
3927,2120392116,Eucerin,2021-06-01,Hiệu quả,neutral
3930,2120392116,Eucerin,2024-05-01,Hiệu quả,neutral
3930,2120392116,Eucerin,2024-05-01,Hiệu quả,positive
3932,2120392116,Eucerin,2023-10-01,Mùi hương/Kết cấu,positive
3933,2120392116,Eucerin,2023-08-01,Hiệu quả,positive
3933,2120392116,Eucerin,2023-08-01,Chất lượng/Đóng gói,positive
3933,2120392116,Eucerin,2023-08-01,Mùi hương/Kết cấu,positive
3935,2120392116,Eucerin,2023-03-01,Hiệu quả,negative
3936,2120392116,Eucerin,2022-10-01,Giá cả,neutral
3937,2120392116,Eucerin,2022-09-01,Chất lượng/Đóng gói,neutral
3937,2120392116,Eucerin,2022-09-01,Giao hàng,neutral
3937,2120392116,Eucerin,2022-09-01,Dịch vụ/Uy tín,neutral
3938,2120392116,Eucerin,2020-12-01,Hiệu quả,positive
3938,2120392116,Eucerin,2020-12-01,Hiệu quả,neutral
3940,2120392116,Eucerin,2026-01-01,Dịch vụ/Uy tín,positive
3940,2120392116,Eucerin,2026-01-01,Dịch vụ/Uy tín,positive
3941,2120392116,Eucerin,2025-11-01,Hiệu quả,neutral
3941,2120392116,Eucerin,2025-11-01,Hiệu quả,neutral
3943,2120392116,Eucerin,2025-08-01,Hiệu quả,positive
3943,2120392116,Eucerin,2025-08-01,Hiệu quả,positive
3943,2120392116,Eucerin,2025-08-01,Mùi hương/Kết cấu,positive
3943,2120392116,Eucerin,2025-08-01,Giá cả,neutral
3944,2120392116,Eucerin,2025-07-01,Hiệu quả,neutral
3945,2120392116,Eucerin,2025-07-01,Chất lượng/Đóng gói,positive
3945,2120392116,Eucerin,2025-07-01,Giao hàng,neutral
3945,2120392116,Eucerin,2025-07-01,Chất lượng/Đóng gói,neutral
3947,2120392116,Eucerin,2025-06-01,Hiệu quả,positive
3947,2120392116,Eucerin,2025-06-01,Giá cả,positive
3947,2120392116,Eucerin,2025-06-01,Thành phần,positive
3948,2120392116,Eucerin,2025-06-01,Hiệu quả,neutral
3948,2120392116,Eucerin,2025-06-01,Giá cả,neutral
3948,2120392116,Eucerin,2025-06-01,Hiệu quả,neutral
3949,2120392116,Eucerin,2025-06-01,Hiệu quả,neutral
3950,2120392116,Eucerin,2025-06-01,Hiệu quả,neutral
3950,2120392116,Eucerin,2025-06-01,Hiệu quả,positive
3950,2120392116,Eucerin,2025-06-01,Hiệu quả,positive
3950,2120392116,Eucerin,2025-06-01,Mùi hương/Kết cấu,positive
3951,2120392116,Eucerin,2025-06-01,Hiệu quả,neutral
3951,2120392116,Eucerin,2025-06-01,Hiệu quả,positive
3952,2120392116,Eucerin,2025-05-01,Hiệu quả,positive
3952,2120392116,Eucerin,2025-05-01,Mùi hương/Kết cấu,positive
3952,2120392116,Eucerin,2025-05-01,Hiệu quả,neutral
3953,2120392116,Eucerin,2025-05-01,Hiệu quả,positive
3953,2120392116,Eucerin,2025-05-01,Hiệu quả,positive
3953,2120392116,Eucerin,2025-05-01,Mùi hương/Kết cấu,positive
3953,2120392116,Eucerin,2025-05-01,Hiệu quả,neutral
3954,2120392116,Eucerin,2025-05-01,Hiệu quả,neutral
3954,2120392116,Eucerin,2025-05-01,Hiệu quả,neutral
3954,2120392116,Eucerin,2025-05-01,Hiệu quả,positive
3956,2120392116,Eucerin,2025-05-01,Hiệu quả,neutral
3956,2120392116,Eucerin,2025-05-01,Hiệu quả,positive
3957,2120392116,Eucerin,2025-05-01,Hiệu quả,neutral
3957,2120392116,Eucerin,2025-05-01,Hiệu quả,neutral
3958,2120392116,Eucerin,2025-05-01,Chất lượng/Đóng gói,positive
3959,2120392116,Eucerin,2025-05-01,Giá cả,neutral
3960,2120392116,Eucerin,2025-05-01,Hiệu quả,neutral
3961,2120392116,Eucerin,2025-05-01,Hiệu quả,positive
3961,2120392116,Eucerin,2025-05-01,Hiệu quả,neutral
3961,2120392116,Eucerin,2025-05-01,Hiệu quả,positive
3962,2120392116,Eucerin,2025-05-01,Hiệu quả,positive
3963,2120392116,Eucerin,2025-04-01,Hiệu quả,positive
3963,2120392116,Eucerin,2025-04-01,Hiệu quả,positive
3964,2120392116,Eucerin,2025-04-01,Giao hàng,positive
3964,2120392116,Eucerin,2025-04-01,Dịch vụ/Uy tín,neutral
3964,2120392116,Eucerin,2025-04-01,Dịch vụ/Uy tín,neutral
3965,2120392116,Eucerin,2025-04-01,Mùi hương/Kết cấu,positive
3965,2120392116,Eucerin,2025-04-01,Hiệu quả,neutral
3965,2120392116,Eucerin,2025-04-01,Giá cả,positive
3966,2120392116,Eucerin,2025-04-01,Hiệu quả,positive
3966,2120392116,Eucerin,2025-04-01,Mùi hương/Kết cấu,positive
3966,2120392116,Eucerin,2025-04-01,Hiệu quả,neutral
3966,2120392116,Eucerin,2025-04-01,Hiệu quả,neutral
3966,2120392116,Eucerin,2025-04-01,Hiệu quả,neutral
3966,2120392116,Eucerin,2025-04-01,Hiệu quả,neutral
3967,2120392116,Eucerin,2025-04-01,Hiệu quả,neutral
3967,2120392116,Eucerin,2025-04-01,Giá cả,neutral
3968,2120392116,Eucerin,2025-04-01,Hiệu quả,neutral
3968,2120392116,Eucerin,2025-04-01,Hiệu quả,positive
3970,2120392116,Eucerin,2025-04-01,Giá cả,neutral
3971,2120392116,Eucerin,2025-04-01,Hiệu quả,neutral
3971,2120392116,Eucerin,2025-04-01,Hiệu quả,neutral
3971,2120392116,Eucerin,2025-04-01,Hiệu quả,neutral
3973,2120392116,Eucerin,2025-03-01,Hiệu quả,positive
3974,2120392116,Eucerin,2025-03-01,Chất lượng/Đóng gói,positive
3974,2120392116,Eucerin,2025-03-01,Giao hàng,neutral
3974,2120392116,Eucerin,2025-03-01,Hiệu quả,positive
3975,2120392116,Eucerin,2025-03-01,Hiệu quả,positive
3975,2120392116,Eucerin,2025-03-01,Hiệu quả,neutral
3976,2120392116,Eucerin,2025-03-01,Hiệu quả,neutral
3976,2120392116,Eucerin,2025-03-01,Mùi hương/Kết cấu,neutral
3977,2120392116,Eucerin,2025-03-01,Hiệu quả,positive
3978,2120392116,Eucerin,2025-03-01,Hiệu quả,neutral
3978,2120392116,Eucerin,2025-03-01,Hiệu quả,neutral
3978,2120392116,Eucerin,2025-03-01,Hiệu quả,positive
3978,2120392116,Eucerin,2025-03-01,Mùi hương/Kết cấu,positive
3979,2120392116,Eucerin,2025-03-01,Dịch vụ/Uy tín,positive
3981,2120392116,Eucerin,2025-03-01,Giao hàng,neutral
3982,2120392116,Eucerin,2025-03-01,Hiệu quả,positive
3983,2120392116,Eucerin,2025-03-01,Thành phần,positive
3983,2120392116,Eucerin,2025-03-01,Hiệu quả,positive
3983,2120392116,Eucerin,2025-03-01,Mùi hương/Kết cấu,positive
3983,2120392116,Eucerin,2025-03-01,Hiệu quả,positive
3983,2120392116,Eucerin,2025-03-01,Hiệu quả,neutral
3983,2120392116,Eucerin,2025-03-01,Hiệu quả,positive
3983,2120392116,Eucerin,2025-03-01,Giá cả,positive
3984,2120392116,Eucerin,2025-03-01,Hiệu quả,neutral
3984,2120392116,Eucerin,2025-03-01,Hiệu quả,neutral
3984,2120392116,Eucerin,2025-03-01,Hiệu quả,positive
3984,2120392116,Eucerin,2025-03-01,Mùi hương/Kết cấu,positive
3984,2120392116,Eucerin,2025-03-01,Hiệu quả,neutral
3984,2120392116,Eucerin,2025-03-01,Hiệu quả,neutral
3984,2120392116,Eucerin,2025-03-01,Hiệu quả,neutral
3984,2120392116,Eucerin,2025-03-01,Hiệu quả,positive
3985,2120392116,Eucerin,2025-03-01,Hiệu quả,positive
3985,2120392116,Eucerin,2025-03-01,Mùi hương/Kết cấu,positive
3985,2120392116,Eucerin,2025-03-01,Hiệu quả,neutral
3987,2120392116,Eucerin,2025-02-01,Hiệu quả,positive
3988,2120392116,Eucerin,2025-02-01,Hiệu quả,neutral
3988,2120392116,Eucerin,2025-02-01,Hiệu quả,positive
3988,2120392116,Eucerin,2025-02-01,Mùi hương/Kết cấu,positive
3988,2120392116,Eucerin,2025-02-01,Hiệu quả,positive
3990,2120392116,Eucerin,2025-02-01,Thành phần,neutral
3991,2120392116,Eucerin,2025-02-01,Hiệu quả,positive
3991,2120392116,Eucerin,2025-02-01,Mùi hương/Kết cấu,positive
3991,2120392116,Eucerin,2025-02-01,Thành phần,positive
3991,2120392116,Eucerin,2025-02-01,Hiệu quả,neutral
3992,2120392116,Eucerin,2025-02-01,Hiệu quả,neutral
3993,2120392116,Eucerin,2025-01-01,Hiệu quả,neutral
3994,2120392116,Eucerin,2025-01-01,Hiệu quả,neutral
3995,2120392116,Eucerin,2025-01-01,Hiệu quả,negative
3995,2120392116,Eucerin,2025-01-01,Mùi hương/Kết cấu,positive
3996,2120392116,Eucerin,2025-01-01,Dịch vụ/Uy tín,positive
3997,2120392116,Eucerin,2025-01-01,Hiệu quả,positive
3997,2120392116,Eucerin,2025-01-01,Mùi hương/Kết cấu,positive
3997,2120392116,Eucerin,2025-01-01,Hiệu quả,positive
3997,2120392116,Eucerin,2025-01-01,Hiệu quả,neutral
3999,2120392116,Eucerin,2025-01-01,Chất lượng/Đóng gói,negative
3999,2120392116,Eucerin,2025-01-01,Dịch vụ/Uy tín,neutral
4001,2120392116,Eucerin,2025-01-01,Hiệu quả,neutral
4001,2120392116,Eucerin,2025-01-01,Hiệu quả,positive
4003,2120392116,Eucerin,2025-01-01,Hiệu quả,positive
4003,2120392116,Eucerin,2025-01-01,Mùi hương/Kết cấu,positive
4003,2120392116,Eucerin,2025-01-01,Hiệu quả,neutral
4003,2120392116,Eucerin,2025-01-01,Hiệu quả,neutral
4004,2120392116,Eucerin,2025-01-01,Hiệu quả,positive
4004,2120392116,Eucerin,2025-01-01,Giá cả,positive
4004,2120392116,Eucerin,2025-01-01,Thành phần,positive
4005,2120392116,Eucerin,2025-01-01,Hiệu quả,neutral
4006,2120392116,Eucerin,2025-01-01,Hiệu quả,positive
4006,2120392116,Eucerin,2025-01-01,Hiệu quả,neutral
4006,2120392116,Eucerin,2025-01-01,Hiệu quả,neutral
4008,2120392116,Eucerin,2025-01-01,Hiệu quả,positive
4008,2120392116,Eucerin,2025-01-01,Hiệu quả,neutral
4009,2120392116,Eucerin,2025-01-01,Giao hàng,neutral
4010,2120392116,Eucerin,2025-01-01,Hiệu quả,neutral
4010,2120392116,Eucerin,2025-01-01,Hiệu quả,positive
4010,2120392116,Eucerin,2025-01-01,Hiệu quả,neutral
4011,2120392116,Eucerin,2025-01-01,Hiệu quả,negative
4011,2120392116,Eucerin,2025-01-01,Giá cả,negative
4011,2120392116,Eucerin,2025-01-01,Thành phần,negative
4012,2120392116,Eucerin,2024-12-01,Hiệu quả,positive
4012,2120392116,Eucerin,2024-12-01,Hiệu quả,positive
4014,2120392116,Eucerin,2024-12-01,Giá cả,positive
4014,2120392116,Eucerin,2024-12-01,Hiệu quả,positive
4014,2120392116,Eucerin,2024-12-01,Mùi hương/Kết cấu,positive
4017,2120392116,Eucerin,2024-12-01,Hiệu quả,positive
4017,2120392116,Eucerin,2024-12-01,Hiệu quả,neutral
4019,2120392116,Eucerin,2024-12-01,Hiệu quả,positive
4020,2120392116,Eucerin,2024-12-01,Hiệu quả,negative
4020,2120392116,Eucerin,2024-12-01,Giao hàng,negative
4022,2120392116,Eucerin,2024-12-01,Hiệu quả,positive
4022,2120392116,Eucerin,2024-12-01,Mùi hương/Kết cấu,positive
4022,2120392116,Eucerin,2024-12-01,Hiệu quả,positive
4022,2120392116,Eucerin,2024-12-01,Hiệu quả,neutral
4023,2120392116,Eucerin,2024-12-01,Hiệu quả,positive
4025,2120392116,Eucerin,2024-12-01,Hiệu quả,positive
4025,2120392116,Eucerin,2024-12-01,Hiệu quả,positive
4025,2120392116,Eucerin,2024-12-01,Giá cả,positive
4025,2120392116,Eucerin,2024-12-01,Dịch vụ/Uy tín,positive
4026,2120392116,Eucerin,2024-12-01,Hiệu quả,positive
4026,2120392116,Eucerin,2024-12-01,Mùi hương/Kết cấu,positive
4026,2120392116,Eucerin,2024-12-01,Chất lượng/Đóng gói,neutral
4026,2120392116,Eucerin,2024-12-01,Giao hàng,neutral
4028,2120392116,Eucerin,2024-11-01,Hiệu quả,positive
4031,2120392116,Eucerin,2024-11-01,Hiệu quả,neutral
4031,2120392116,Eucerin,2024-11-01,Hiệu quả,neutral
4031,2120392116,Eucerin,2024-11-01,Hiệu quả,neutral
4032,2120392116,Eucerin,2024-11-01,Hiệu quả,positive
4032,2120392116,Eucerin,2024-11-01,Hiệu quả,neutral
4033,2120392116,Eucerin,2024-11-01,Hiệu quả,positive
4033,2120392116,Eucerin,2024-11-01,Hiệu quả,neutral
4034,2120392116,Eucerin,2024-11-01,Hiệu quả,neutral
4037,2148361565,Eucerin,2025-12-01,Hiệu quả,neutral
4037,2148361565,Eucerin,2025-12-01,Thành phần,neutral
4038,2148361565,Eucerin,2025-12-01,Hiệu quả,neutral
4038,2148361565,Eucerin,2025-12-01,Hiệu quả,neutral
4038,2148361565,Eucerin,2025-12-01,Thành phần,neutral
4039,2148361565,Eucerin,2025-12-01,Hiệu quả,neutral
4040,2148361565,Eucerin,2025-11-01,Giao hàng,neutral
4040,2148361565,Eucerin,2025-11-01,Giá cả,neutral
4040,2148361565,Eucerin,2025-11-01,Mùi hương/Kết cấu,neutral
4041,2148361565,Eucerin,2025-09-01,Chất lượng/Đóng gói,neutral
4041,2148361565,Eucerin,2025-09-01,Giao hàng,neutral
4041,2148361565,Eucerin,2025-09-01,Dịch vụ/Uy tín,neutral
4042,2148361565,Eucerin,2025-09-01,Hiệu quả,neutral
4042,2148361565,Eucerin,2025-09-01,Giá cả,neutral
4042,2148361565,Eucerin,2025-09-01,Hiệu quả,positive
4043,2148361565,Eucerin,2025-09-01,Mùi hương/Kết cấu,positive
4043,2148361565,Eucerin,2025-09-01,Hiệu quả,negative
4044,2148361565,Eucerin,2025-09-01,Hiệu quả,positive
4045,2148361565,Eucerin,2025-09-01,Hiệu quả,neutral
4045,2148361565,Eucerin,2025-09-01,Hiệu quả,neutral
4045,2148361565,Eucerin,2025-09-01,Thành phần,neutral
4047,2148361565,Eucerin,2025-09-01,Giá cả,neutral
4048,2148361565,Eucerin,2025-09-01,Hiệu quả,positive
4048,2148361565,Eucerin,2025-09-01,Giá cả,positive
4049,2148361565,Eucerin,2025-09-01,Chất lượng/Đóng gói,neutral
4050,2148361565,Eucerin,2025-08-01,Hiệu quả,neutral
4050,2148361565,Eucerin,2025-08-01,Thành phần,neutral
4051,2148361565,Eucerin,2025-08-01,Hiệu quả,neutral
4051,2148361565,Eucerin,2025-08-01,Thành phần,neutral
4051,2148361565,Eucerin,2025-08-01,Thành phần,positive
4052,2148361565,Eucerin,2025-08-01,Hiệu quả,positive
4052,2148361565,Eucerin,2025-08-01,Giá cả,positive
4053,2148361565,Eucerin,2025-08-01,Chất lượng/Đóng gói,positive
4053,2148361565,Eucerin,2025-08-01,Chất lượng/Đóng gói,neutral
4054,2148361565,Eucerin,2025-08-01,Chất lượng/Đóng gói,positive
4055,2148361565,Eucerin,2025-08-01,Hiệu quả,neutral
4055,2148361565,Eucerin,2025-08-01,Hiệu quả,neutral
4056,2148361565,Eucerin,2025-08-01,Hiệu quả,positive
4056,2148361565,Eucerin,2025-08-01,Giá cả,positive
4058,2148361565,Eucerin,2025-08-01,Giao hàng,negative
4058,2148361565,Eucerin,2025-08-01,Dịch vụ/Uy tín,negative
4059,2148361565,Eucerin,2025-08-01,Hiệu quả,positive
4059,2148361565,Eucerin,2025-08-01,Giá cả,positive
4060,2148361565,Eucerin,2025-08-01,Chất lượng/Đóng gói,neutral
4060,2148361565,Eucerin,2025-08-01,Giá cả,positive
4060,2148361565,Eucerin,2025-08-01,Giá cả,neutral
4061,2148361565,Eucerin,2025-08-01,Hiệu quả,neutral
4062,2120253789,Eucerin,2024-11-01,Chất lượng/Đóng gói,negative
4062,2120253789,Eucerin,2024-11-01,Chất lượng/Đóng gói,neutral
4063,2120253789,Eucerin,2023-07-01,Mùi hương/Kết cấu,neutral
4068,2120253789,Eucerin,2024-03-01,Mùi hương/Kết cấu,neutral
4069,2120253789,Eucerin,2023-11-01,Thành phần,neutral
4069,2120253789,Eucerin,2023-11-01,Thành phần,neutral
4074,2120253789,Eucerin,2024-03-01,Mùi hương/Kết cấu,neutral
4074,2120253789,Eucerin,2024-03-01,Mùi hương/Kết cấu,positive
4076,2120253789,Eucerin,2022-11-01,Hiệu quả,positive
4080,2120253789,Eucerin,2025-10-01,Mùi hương/Kết cấu,positive
4082,2120253789,Eucerin,2025-06-01,Giao hàng,positive
4082,2120253789,Eucerin,2025-06-01,Dịch vụ/Uy tín,positive
4085,2120253789,Eucerin,2025-05-01,Thành phần,positive
4086,2120253789,Eucerin,2025-05-01,Giá cả,neutral
4087,2120253789,Eucerin,2025-05-01,Mùi hương/Kết cấu,positive
4087,2120253789,Eucerin,2025-05-01,Mùi hương/Kết cấu,neutral
4087,2120253789,Eucerin,2025-05-01,Mùi hương/Kết cấu,positive
4088,2120253789,Eucerin,2025-05-01,Mùi hương/Kết cấu,positive
4089,2120253789,Eucerin,2025-05-01,Mùi hương/Kết cấu,positive
4089,2120253789,Eucerin,2025-05-01,Hiệu quả,positive
4090,2120253789,Eucerin,2025-05-01,Hiệu quả,positive
4091,2120253789,Eucerin,2025-05-01,Giá cả,neutral
4091,2120253789,Eucerin,2025-05-01,Hiệu quả,positive
4091,2120253789,Eucerin,2025-05-01,Hiệu quả,positive
4093,2120253789,Eucerin,2025-04-01,Mùi hương/Kết cấu,neutral
4093,2120253789,Eucerin,2025-04-01,Hiệu quả,neutral
4093,2120253789,Eucerin,2025-04-01,Mùi hương/Kết cấu,neutral
4094,2120253789,Eucerin,2025-04-01,Mùi hương/Kết cấu,neutral
4095,2120253789,Eucerin,2025-04-01,Giá cả,neutral
4096,2120253789,Eucerin,2025-04-01,Hiệu quả,positive
4097,2120253789,Eucerin,2025-04-01,Mùi hương/Kết cấu,neutral
4097,2120253789,Eucerin,2025-04-01,Mùi hương/Kết cấu,positive
4098,2120253789,Eucerin,2025-04-01,Giá cả,neutral
4101,2120253789,Eucerin,2025-03-01,Giá cả,neutral
4102,2120253789,Eucerin,2025-03-01,Giá cả,neutral
4102,2120253789,Eucerin,2025-03-01,Mùi hương/Kết cấu,neutral
4103,2120253789,Eucerin,2025-03-01,Giao hàng,neutral
4103,2120253789,Eucerin,2025-03-01,Mùi hương/Kết cấu,positive
4104,2120253789,Eucerin,2025-03-01,Giá cả,neutral
4105,2120253789,Eucerin,2025-03-01,Mùi hương/Kết cấu,neutral
4105,2120253789,Eucerin,2025-03-01,Giá cả,neutral
4105,2120253789,Eucerin,2025-03-01,Mùi hương/Kết cấu,positive
4106,2120253789,Eucerin,2025-02-01,Hiệu quả,positive
4106,2120253789,Eucerin,2025-02-01,Hiệu quả,positive
4106,2120253789,Eucerin,2025-02-01,Hiệu quả,positive
4108,2120253789,Eucerin,2025-02-01,Giá cả,neutral
4112,2120253789,Eucerin,2025-01-01,Mùi hương/Kết cấu,neutral
4113,2120253789,Eucerin,2025-01-01,Giá cả,neutral
4114,2120253789,Eucerin,2025-01-01,Mùi hương/Kết cấu,positive
4116,2120253789,Eucerin,2025-01-01,Giá cả,neutral
4117,2120253789,Eucerin,2025-01-01,Mùi hương/Kết cấu,positive
4118,2120253789,Eucerin,2025-01-01,Chất lượng/Đóng gói,neutral
4118,2120253789,Eucerin,2025-01-01,Dịch vụ/Uy tín,neutral
4121,2120253789,Eucerin,2025-01-01,Hiệu quả,positive
4122,2120253789,Eucerin,2025-01-01,Giá cả,neutral
4123,2120253789,Eucerin,2024-12-01,Mùi hương/Kết cấu,positive
4123,2120253789,Eucerin,2024-12-01,Mùi hương/Kết cấu,neutral
4124,2120253789,Eucerin,2024-12-01,Mùi hương/Kết cấu,positive
4125,2120253789,Eucerin,2024-12-01,Mùi hương/Kết cấu,neutral
4126,2120253789,Eucerin,2024-12-01,Chất lượng/Đóng gói,positive
4127,2120253789,Eucerin,2024-12-01,Mùi hương/Kết cấu,neutral
4130,2120253789,Eucerin,2024-11-01,Mùi hương/Kết cấu,neutral
4130,2120253789,Eucerin,2024-11-01,Hiệu quả,positive
4130,2120253789,Eucerin,2024-11-01,Mùi hương/Kết cấu,positive
4134,2120253789,Eucerin,2024-10-01,Hiệu quả,positive
4134,2120253789,Eucerin,2024-10-01,Mùi hương/Kết cấu,positive
4135,2120253789,Eucerin,2024-10-01,Giá cả,neutral
4135,2120253789,Eucerin,2024-10-01,Mùi hương/Kết cấu,positive
4135,2120253789,Eucerin,2024-10-01,Mùi hương/Kết cấu,neutral
4135,2120253789,Eucerin,2024-10-01,Mùi hương/Kết cấu,positive
4135,2120253789,Eucerin,2024-10-01,Mùi hương/Kết cấu,neutral
4135,2120253789,Eucerin,2024-10-01,Mùi hương/Kết cấu,neutral
4136,2120253789,Eucerin,2024-09-01,Mùi hương/Kết cấu,positive
4137,2120253789,Eucerin,2024-09-01,Hiệu quả,positive
4139,2120253789,Eucerin,2024-09-01,Mùi hương/Kết cấu,positive
4140,2120253789,Eucerin,2024-09-01,Mùi hương/Kết cấu,positive
4143,2120253789,Eucerin,2024-09-01,Mùi hương/Kết cấu,positive
4144,2120253789,Eucerin,2024-09-01,Giá cả,neutral
4145,2120253789,Eucerin,2024-09-01,Hiệu quả,positive
4145,2120253789,Eucerin,2024-09-01,Giá cả,neutral
4145,2120253789,Eucerin,2024-09-01,Giá cả,neutral
4147,2120253789,Eucerin,2024-09-01,Hiệu quả,positive
4147,2120253789,Eucerin,2024-09-01,Mùi hương/Kết cấu,neutral
4147,2120253789,Eucerin,2024-09-01,Giá cả,positive
4148,2120253789,Eucerin,2024-09-01,Mùi hương/Kết cấu,neutral
4149,2120253789,Eucerin,2024-09-01,Chất lượng/Đóng gói,neutral
4149,2120253789,Eucerin,2024-09-01,Giao hàng,neutral
4149,2120253789,Eucerin,2024-09-01,Dịch vụ/Uy tín,neutral
4149,2120253789,Eucerin,2024-09-01,Dịch vụ/Uy tín,positive
4151,2120253789,Eucerin,2024-04-01,Giao hàng,neutral
4151,2120253789,Eucerin,2024-04-01,Hiệu quả,positive
4151,2120253789,Eucerin,2024-04-01,Giá cả,positive
4152,2120253789,Eucerin,2024-04-01,Giá cả,negative
4153,2120253789,Eucerin,2024-04-01,Hiệu quả,positive
4153,2120253789,Eucerin,2024-04-01,Chất lượng/Đóng gói,positive
4154,2120253789,Eucerin,2024-04-01,Hiệu quả,positive
4154,2120253789,Eucerin,2024-04-01,Chất lượng/Đóng gói,positive
4154,2120253789,Eucerin,2024-04-01,Mùi hương/Kết cấu,positive
4154,2120253789,Eucerin,2024-04-01,Giao hàng,neutral
4157,2120253789,Eucerin,2024-03-01,Chất lượng/Đóng gói,positive
4159,2120253789,Eucerin,2024-03-01,Giao hàng,neutral
4159,2120253789,Eucerin,2024-03-01,Hiệu quả,positive
4159,2120253789,Eucerin,2024-03-01,Giá cả,positive
4165,2120253789,Eucerin,2024-03-01,Chất lượng/Đóng gói,positive
4166,2120253789,Eucerin,2024-03-01,Giá cả,positive
4167,2120253789,Eucerin,2024-03-01,Hiệu quả,positive
4168,2120253789,Eucerin,2024-03-01,Hiệu quả,positive
4171,2120253789,Eucerin,2024-03-01,Dịch vụ/Uy tín,positive
4172,2120253789,Eucerin,2024-02-01,Mùi hương/Kết cấu,positive
4172,2120253789,Eucerin,2024-02-01,Hiệu quả,negative
4173,2120347584,Eucerin,2023-10-01,Hiệu quả,neutral
4175,2120347584,Eucerin,2022-11-01,Dịch vụ/Uy tín,neutral
4175,2120347584,Eucerin,2022-11-01,Giao hàng,neutral
4177,2120347584,Eucerin,2022-10-01,Mùi hương/Kết cấu,neutral
4178,2120347584,Eucerin,2022-04-01,Dịch vụ/Uy tín,neutral
4180,2120347584,Eucerin,2023-03-01,Mùi hương/Kết cấu,negative
4181,2120347584,Eucerin,2022-10-01,Giá cả,positive
4181,2120347584,Eucerin,2022-10-01,Hiệu quả,negative
4182,2120347584,Eucerin,2022-09-01,Giá cả,positive
4182,2120347584,Eucerin,2022-09-01,Mùi hương/Kết cấu,positive
4183,2120347584,Eucerin,2022-04-01,Hiệu quả,negative
4184,2120347584,Eucerin,2021-10-01,Chất lượng/Đóng gói,neutral
4184,2120347584,Eucerin,2021-10-01,Giao hàng,neutral
4185,2120347584,Eucerin,2020-11-01,Hiệu quả,neutral
4185,2120347584,Eucerin,2020-11-01,Giá cả,neutral
4187,2120347584,Eucerin,2025-11-01,Hiệu quả,neutral
4188,2120347584,Eucerin,2025-10-01,Giao hàng,neutral
4188,2120347584,Eucerin,2025-10-01,Giá cả,neutral
4189,2120347584,Eucerin,2025-10-01,Giá cả,neutral
4190,2120347584,Eucerin,2025-10-01,Giá cả,neutral
4190,2120347584,Eucerin,2025-10-01,Giá cả,neutral
4190,2120347584,Eucerin,2025-10-01,Hiệu quả,neutral
4191,2120347584,Eucerin,2025-09-01,Hiệu quả,positive
4192,2120347584,Eucerin,2025-09-01,Dịch vụ/Uy tín,positive
4192,2120347584,Eucerin,2025-09-01,Chất lượng/Đóng gói,positive
4193,2120347584,Eucerin,2025-08-01,Hiệu quả,positive
4193,2120347584,Eucerin,2025-08-01,Giá cả,positive
4194,2120347584,Eucerin,2025-08-01,Giá cả,neutral
4194,2120347584,Eucerin,2025-08-01,Giá cả,positive
4194,2120347584,Eucerin,2025-08-01,Mùi hương/Kết cấu,positive
4194,2120347584,Eucerin,2025-08-01,Thành phần,positive
4195,2120347584,Eucerin,2025-07-01,Hiệu quả,positive
4195,2120347584,Eucerin,2025-07-01,Mùi hương/Kết cấu,positive
4196,2120347584,Eucerin,2025-07-01,Hiệu quả,positive
4196,2120347584,Eucerin,2025-07-01,Hiệu quả,positive
4196,2120347584,Eucerin,2025-07-01,Giá cả,positive
4198,2120347584,Eucerin,2025-07-01,Giá cả,neutral
4200,2120347584,Eucerin,2025-07-01,Dịch vụ/Uy tín,neutral
4200,2120347584,Eucerin,2025-07-01,Hiệu quả,positive
4200,2120347584,Eucerin,2025-07-01,Mùi hương/Kết cấu,positive
4201,2120347584,Eucerin,2025-06-01,Hiệu quả,positive
4201,2120347584,Eucerin,2025-06-01,Giá cả,positive
4201,2120347584,Eucerin,2025-06-01,Thành phần,positive
4203,2120347584,Eucerin,2025-06-01,Hiệu quả,neutral
4204,2120347584,Eucerin,2025-05-01,Giá cả,neutral
4205,2120347584,Eucerin,2025-05-01,Hiệu quả,neutral
4205,2120347584,Eucerin,2025-05-01,Hiệu quả,positive
4206,2120347584,Eucerin,2025-05-01,Thành phần,neutral
4208,2120347584,Eucerin,2025-05-01,Hiệu quả,positive
4208,2120347584,Eucerin,2025-05-01,Hiệu quả,positive
4208,2120347584,Eucerin,2025-05-01,Hiệu quả,positive
4208,2120347584,Eucerin,2025-05-01,Hiệu quả,positive
4209,2120347584,Eucerin,2025-05-01,Hiệu quả,positive
4209,2120347584,Eucerin,2025-05-01,Hiệu quả,neutral
4209,2120347584,Eucerin,2025-05-01,Hiệu quả,positive
4209,2120347584,Eucerin,2025-05-01,Mùi hương/Kết cấu,positive
4210,2120347584,Eucerin,2025-05-01,Hiệu quả,neutral
4210,2120347584,Eucerin,2025-05-01,Giá cả,neutral
4210,2120347584,Eucerin,2025-05-01,Hiệu quả,positive
4210,2120347584,Eucerin,2025-05-01,Giá cả,positive
4210,2120347584,Eucerin,2025-05-01,Thành phần,positive
4211,2120347584,Eucerin,2025-05-01,Hiệu quả,positive
4212,2120347584,Eucerin,2025-05-01,Chất lượng/Đóng gói,positive
4213,2120347584,Eucerin,2025-04-01,Hiệu quả,positive
4213,2120347584,Eucerin,2025-04-01,Hiệu quả,positive
4214,2120347584,Eucerin,2025-04-01,Hiệu quả,positive
4214,2120347584,Eucerin,2025-04-01,Hiệu quả,positive
4214,2120347584,Eucerin,2025-04-01,Hiệu quả,positive
4215,2120347584,Eucerin,2025-03-01,Hiệu quả,neutral
4215,2120347584,Eucerin,2025-03-01,Dịch vụ/Uy tín,neutral
4216,2120347584,Eucerin,2025-03-01,Hiệu quả,positive
4217,2120347584,Eucerin,2025-03-01,Hiệu quả,neutral
4217,2120347584,Eucerin,2025-03-01,Hiệu quả,positive
4217,2120347584,Eucerin,2025-03-01,Mùi hương/Kết cấu,positive
4219,2120347584,Eucerin,2025-03-01,Hiệu quả,positive
4219,2120347584,Eucerin,2025-03-01,Mùi hương/Kết cấu,positive
4219,2120347584,Eucerin,2025-03-01,Hiệu quả,neutral
4220,2120347584,Eucerin,2025-03-01,Giá cả,neutral
4221,2120347584,Eucerin,2025-02-01,Giá cả,neutral
4222,2120347584,Eucerin,2025-02-01,Hiệu quả,positive
4223,2120347584,Eucerin,2025-02-01,Giao hàng,neutral
4223,2120347584,Eucerin,2025-02-01,Dịch vụ/Uy tín,neutral
4224,2120347584,Eucerin,2025-02-01,Giá cả,neutral
4224,2120347584,Eucerin,2025-02-01,Hiệu quả,positive
4225,2120347584,Eucerin,2025-02-01,Hiệu quả,positive
4225,2120347584,Eucerin,2025-02-01,Mùi hương/Kết cấu,positive
4225,2120347584,Eucerin,2025-02-01,Giá cả,neutral
4225,2120347584,Eucerin,2025-02-01,Giá cả,neutral
4227,2120347584,Eucerin,2025-02-01,Hiệu quả,neutral
4228,2120347584,Eucerin,2025-01-01,Hiệu quả,neutral
4228,2120347584,Eucerin,2025-01-01,Giá cả,neutral
4229,2120347584,Eucerin,2025-01-01,Hiệu quả,neutral
4229,2120347584,Eucerin,2025-01-01,Giá cả,neutral
4229,2120347584,Eucerin,2025-01-01,Dịch vụ/Uy tín,neutral
4231,2120347584,Eucerin,2025-01-01,Hiệu quả,positive
4232,2120347584,Eucerin,2024-10-01,Hiệu quả,positive
4232,2120347584,Eucerin,2024-10-01,Mùi hương/Kết cấu,positive
4233,2120347584,Eucerin,2024-10-01,Giá cả,neutral
4233,2120347584,Eucerin,2024-10-01,Giá cả,neutral
4234,2120347584,Eucerin,2024-10-01,Hiệu quả,positive
4234,2120347584,Eucerin,2024-10-01,Hiệu quả,positive
4235,2120347584,Eucerin,2024-10-01,Dịch vụ/Uy tín,neutral
4237,2120347584,Eucerin,2024-08-01,Giá cả,neutral
4237,2120347584,Eucerin,2024-08-01,Hiệu quả,neutral
4238,2120347584,Eucerin,2024-08-01,Giá cả,neutral
4238,2120347584,Eucerin,2024-08-01,Hiệu quả,neutral
4239,2120347584,Eucerin,2024-08-01,Giao hàng,neutral
4239,2120347584,Eucerin,2024-08-01,Giao hàng,neutral
4240,2120347584,Eucerin,2024-08-01,Giá cả,positive
4240,2120347584,Eucerin,2024-08-01,Chất lượng/Đóng gói,positive
4240,2120347584,Eucerin,2024-08-01,Giao hàng,positive
4241,2120347584,Eucerin,2024-08-01,Mùi hương/Kết cấu,positive
4241,2120347584,Eucerin,2024-08-01,Mùi hương/Kết cấu,positive
4242,2120347584,Eucerin,2024-08-01,Hiệu quả,neutral
4242,2120347584,Eucerin,2024-08-01,Chất lượng/Đóng gói,neutral
4242,2120347584,Eucerin,2024-08-01,Dịch vụ/Uy tín,neutral
4243,2120347584,Eucerin,2024-07-01,Hiệu quả,positive
4243,2120347584,Eucerin,2024-07-01,Mùi hương/Kết cấu,positive
4244,2120347584,Eucerin,2024-07-01,Hiệu quả,positive
4244,2120347584,Eucerin,2024-07-01,Mùi hương/Kết cấu,positive
4244,2120347584,Eucerin,2024-07-01,Hiệu quả,positive
4245,2120347584,Eucerin,2024-07-01,Hiệu quả,positive
4246,2120347584,Eucerin,2024-07-01,Hiệu quả,positive
4246,2120347584,Eucerin,2024-07-01,Mùi hương/Kết cấu,positive
4246,2120347584,Eucerin,2024-07-01,Hiệu quả,neutral
4246,2120347584,Eucerin,2024-07-01,Hiệu quả,positive
4246,2120347584,Eucerin,2024-07-01,Mùi hương/Kết cấu,positive
4246,2120347584,Eucerin,2024-07-01,Hiệu quả,positive
4246,2120347584,Eucerin,2024-07-01,Mùi hương/Kết cấu,positive
4247,2120347584,Eucerin,2024-07-01,Hiệu quả,neutral
4247,2120347584,Eucerin,2024-07-01,Hiệu quả,neutral
4248,2120347584,Eucerin,2024-07-01,Hiệu quả,positive
4248,2120347584,Eucerin,2024-07-01,Hiệu quả,positive
4249,2120347584,Eucerin,2024-07-01,Hiệu quả,positive
4250,2120347584,Eucerin,2024-07-01,Giá cả,neutral
4250,2120347584,Eucerin,2024-07-01,Hiệu quả,neutral
4251,2120347584,Eucerin,2024-07-01,Hiệu quả,positive
4251,2120347584,Eucerin,2024-07-01,Mùi hương/Kết cấu,positive
4253,2120347584,Eucerin,2024-07-01,Mùi hương/Kết cấu,neutral
4254,2120347584,Eucerin,2024-07-01,Hiệu quả,neutral
4255,2120347584,Eucerin,2024-07-01,Hiệu quả,positive
4255,2120347584,Eucerin,2024-07-01,Hiệu quả,positive
4256,2120347584,Eucerin,2024-07-01,Hiệu quả,positive
4256,2120347584,Eucerin,2024-07-01,Giá cả,neutral
4257,2120347584,Eucerin,2024-07-01,Mùi hương/Kết cấu,positive
4258,2120347584,Eucerin,2024-06-01,Mùi hương/Kết cấu,positive
4259,2120347584,Eucerin,2024-06-01,Hiệu quả,positive
4260,2120347584,Eucerin,2024-06-01,Hiệu quả,positive
4262,2120347584,Eucerin,2024-06-01,Hiệu quả,neutral
4262,2120347584,Eucerin,2024-06-01,Mùi hương/Kết cấu,positive
4263,2120347584,Eucerin,2024-06-01,Hiệu quả,positive
4263,2120347584,Eucerin,2024-06-01,Mùi hương/Kết cấu,positive
4263,2120347584,Eucerin,2024-06-01,Hiệu quả,positive
4263,2120347584,Eucerin,2024-06-01,Mùi hương/Kết cấu,positive
4263,2120347584,Eucerin,2024-06-01,Hiệu quả,neutral
4263,2120347584,Eucerin,2024-06-01,Hiệu quả,positive
4264,2120347584,Eucerin,2024-06-01,Mùi hương/Kết cấu,positive
4264,2120347584,Eucerin,2024-06-01,Mùi hương/Kết cấu,positive
4265,2120347584,Eucerin,2024-06-01,Hiệu quả,positive
4265,2120347584,Eucerin,2024-06-01,Mùi hương/Kết cấu,positive
4265,2120347584,Eucerin,2024-06-01,Hiệu quả,neutral
4265,2120347584,Eucerin,2024-06-01,Hiệu quả,positive
4265,2120347584,Eucerin,2024-06-01,Hiệu quả,positive
4266,2120347584,Eucerin,2024-06-01,Hiệu quả,neutral
4266,2120347584,Eucerin,2024-06-01,Hiệu quả,positive
4266,2120347584,Eucerin,2024-06-01,Hiệu quả,positive
4267,2120347584,Eucerin,2024-06-01,Mùi hương/Kết cấu,positive
4267,2120347584,Eucerin,2024-06-01,Giá cả,neutral
4267,2120347584,Eucerin,2024-06-01,Hiệu quả,neutral
4267,2120347584,Eucerin,2024-06-01,Giá cả,neutral
4268,2120347584,Eucerin,2024-06-01,Hiệu quả,positive
4269,2120347584,Eucerin,2024-06-01,Giá cả,neutral
4271,2120347584,Eucerin,2024-06-01,Giá cả,neutral
4271,2120347584,Eucerin,2024-06-01,Hiệu quả,neutral
4273,2120347584,Eucerin,2024-05-01,Hiệu quả,positive
4273,2120347584,Eucerin,2024-05-01,Mùi hương/Kết cấu,positive
4275,2120347584,Eucerin,2024-05-01,Chất lượng/Đóng gói,neutral
4275,2120347584,Eucerin,2024-05-01,Mùi hương/Kết cấu,neutral
4275,2120347584,Eucerin,2024-05-01,Hiệu quả,negative
4276,2120347584,Eucerin,2024-05-01,Hiệu quả,positive
4277,2120347584,Eucerin,2024-05-01,Hiệu quả,positive
4277,2120347584,Eucerin,2024-05-01,Hiệu quả,positive
4277,2120347584,Eucerin,2024-05-01,Mùi hương/Kết cấu,positive
4278,2120347584,Eucerin,2024-04-01,Hiệu quả,positive
4278,2120347584,Eucerin,2024-04-01,Hiệu quả,positive
4279,2120347584,Eucerin,2024-04-01,Chất lượng/Đóng gói,positive
4280,2120347584,Eucerin,2024-04-01,Hiệu quả,positive
4280,2120347584,Eucerin,2024-04-01,Chất lượng/Đóng gói,positive
4280,2120347584,Eucerin,2024-04-01,Mùi hương/Kết cấu,positive
4282,2181111373,Eucerin,2023-06-01,Giao hàng,neutral
4282,2181111373,Eucerin,2023-06-01,Hiệu quả,negative
4282,2181111373,Eucerin,2023-06-01,Mùi hương/Kết cấu,neutral
4284,2181111373,Eucerin,2024-04-01,Hiệu quả,positive
4284,2181111373,Eucerin,2024-04-01,Giao hàng,neutral
4286,2181111373,Eucerin,2023-06-01,Chất lượng/Đóng gói,positive
4287,2181111373,Eucerin,2026-04-01,Hiệu quả,positive
4287,2181111373,Eucerin,2026-04-01,Mùi hương/Kết cấu,positive
4288,2181111373,Eucerin,2025-07-01,Hiệu quả,neutral
4290,2181111373,Eucerin,2025-07-01,Giá cả,neutral
4290,2181111373,Eucerin,2025-07-01,Dịch vụ/Uy tín,neutral
4291,2181111373,Eucerin,2025-07-01,Hiệu quả,neutral
4293,2181111373,Eucerin,2025-06-01,Thành phần,neutral
4294,2181111373,Eucerin,2025-06-01,Mùi hương/Kết cấu,positive
4294,2181111373,Eucerin,2025-06-01,Thành phần,neutral
4296,2181111373,Eucerin,2025-05-01,Mùi hương/Kết cấu,positive
4297,2181111373,Eucerin,2025-04-01,Giao hàng,neutral
4297,2181111373,Eucerin,2025-04-01,Mùi hương/Kết cấu,positive
4298,2181111373,Eucerin,2025-04-01,Hiệu quả,neutral
4300,2181111373,Eucerin,2025-04-01,Hiệu quả,neutral
4300,2181111373,Eucerin,2025-04-01,Thành phần,neutral
4300,2181111373,Eucerin,2025-04-01,Mùi hương/Kết cấu,positive
4302,2181111373,Eucerin,2025-04-01,Thành phần,neutral
4302,2181111373,Eucerin,2025-04-01,Mùi hương/Kết cấu,positive
4303,2181111373,Eucerin,2025-04-01,Mùi hương/Kết cấu,positive
4303,2181111373,Eucerin,2025-04-01,Hiệu quả,neutral
4304,2181111373,Eucerin,2025-03-01,Chất lượng/Đóng gói,positive
4305,2181111373,Eucerin,2025-03-01,Giá cả,neutral
4307,2181111373,Eucerin,2025-01-01,Mùi hương/Kết cấu,positive
4307,2181111373,Eucerin,2025-01-01,Thành phần,neutral
4307,2181111373,Eucerin,2025-01-01,Thành phần,neutral
4307,2181111373,Eucerin,2025-01-01,Hiệu quả,neutral
4308,2181111373,Eucerin,2025-01-01,Giá cả,neutral
4311,2181111373,Eucerin,2024-12-01,Giá cả,neutral
4311,2181111373,Eucerin,2024-12-01,Mùi hương/Kết cấu,positive
4311,2181111373,Eucerin,2024-12-01,Hiệu quả,neutral
4312,2181111373,Eucerin,2024-12-01,Hiệu quả,positive
4312,2181111373,Eucerin,2024-12-01,Giá cả,neutral
4313,2181111373,Eucerin,2024-11-01,Hiệu quả,neutral
4314,2181111373,Eucerin,2024-11-01,Hiệu quả,positive
4314,2181111373,Eucerin,2024-11-01,Hiệu quả,neutral
4314,2181111373,Eucerin,2024-11-01,Giao hàng,neutral
4315,2181111373,Eucerin,2024-11-01,Giao hàng,neutral
4315,2181111373,Eucerin,2024-11-01,Giá cả,neutral
4315,2181111373,Eucerin,2024-11-01,Dịch vụ/Uy tín,neutral
4317,2181111373,Eucerin,2024-11-01,Mùi hương/Kết cấu,positive
4317,2181111373,Eucerin,2024-11-01,Mùi hương/Kết cấu,positive
4317,2181111373,Eucerin,2024-11-01,Hiệu quả,positive
4318,2181111373,Eucerin,2024-11-01,Hiệu quả,positive
4318,2181111373,Eucerin,2024-11-01,Mùi hương/Kết cấu,positive
4319,2181111373,Eucerin,2024-10-01,Hiệu quả,neutral
4320,2181111373,Eucerin,2024-10-01,Mùi hương/Kết cấu,positive
4321,2181111373,Eucerin,2024-10-01,Dịch vụ/Uy tín,neutral
4321,2181111373,Eucerin,2024-10-01,Giao hàng,neutral
4322,2181111373,Eucerin,2024-10-01,Hiệu quả,neutral
4322,2181111373,Eucerin,2024-10-01,Hiệu quả,neutral
4323,2181111373,Eucerin,2024-10-01,Hiệu quả,positive
4323,2181111373,Eucerin,2024-10-01,Giá cả,positive
4323,2181111373,Eucerin,2024-10-01,Hiệu quả,positive
4324,2181111373,Eucerin,2024-10-01,Hiệu quả,positive
4325,2181111373,Eucerin,2024-09-01,Mùi hương/Kết cấu,positive
4325,2181111373,Eucerin,2024-09-01,Thành phần,neutral
4325,2181111373,Eucerin,2024-09-01,Hiệu quả,neutral
4326,2181111373,Eucerin,2024-09-01,Hiệu quả,neutral
4328,2181111373,Eucerin,2024-09-01,Hiệu quả,neutral
4328,2181111373,Eucerin,2024-09-01,Thành phần,neutral
4328,2181111373,Eucerin,2024-09-01,Hiệu quả,neutral
4329,2181111373,Eucerin,2024-09-01,Giao hàng,neutral
4330,2181111373,Eucerin,2024-09-01,Hiệu quả,positive
4330,2181111373,Eucerin,2024-09-01,Hiệu quả,neutral
4330,2181111373,Eucerin,2024-09-01,Hiệu quả,positive
4330,2181111373,Eucerin,2024-09-01,Hiệu quả,neutral
4331,2181111373,Eucerin,2024-09-01,Hiệu quả,neutral
4331,2181111373,Eucerin,2024-09-01,Mùi hương/Kết cấu,positive
4332,2181111373,Eucerin,2024-09-01,Hiệu quả,positive
4334,2181111373,Eucerin,2024-08-01,Hiệu quả,positive
4334,2181111373,Eucerin,2024-08-01,Mùi hương/Kết cấu,positive
4335,2181111373,Eucerin,2024-08-01,Giá cả,neutral
4337,2181111373,Eucerin,2024-08-01,Thành phần,neutral
4339,2181111373,Eucerin,2024-08-01,Chất lượng/Đóng gói,neutral
4340,2181111373,Eucerin,2024-08-01,Mùi hương/Kết cấu,positive
4340,2181111373,Eucerin,2024-08-01,Thành phần,neutral
4342,2181111373,Eucerin,2024-08-01,Hiệu quả,positive
4342,2181111373,Eucerin,2024-08-01,Mùi hương/Kết cấu,positive
4342,2181111373,Eucerin,2024-08-01,Hiệu quả,neutral
4342,2181111373,Eucerin,2024-08-01,Hiệu quả,neutral
4343,2181111373,Eucerin,2024-08-01,Dịch vụ/Uy tín,positive
4344,2181111373,Eucerin,2024-08-01,Mùi hương/Kết cấu,positive
4345,2181111373,Eucerin,2024-08-01,Hiệu quả,positive
4347,2181111373,Eucerin,2024-07-01,Thành phần,neutral
4348,2181111373,Eucerin,2024-07-01,Dịch vụ/Uy tín,neutral
4349,2181111373,Eucerin,2024-07-01,Thành phần,neutral
4350,2181111373,Eucerin,2024-07-01,Hiệu quả,positive
4352,2181111373,Eucerin,2024-07-01,Hiệu quả,negative
4353,2181111373,Eucerin,2024-07-01,Mùi hương/Kết cấu,neutral
4354,2181111373,Eucerin,2024-07-01,Chất lượng/Đóng gói,positive
4354,2181111373,Eucerin,2024-07-01,Giao hàng,positive
4354,2181111373,Eucerin,2024-07-01,Dịch vụ/Uy tín,positive
4355,2181111373,Eucerin,2024-06-01,Hiệu quả,neutral
4356,2181111373,Eucerin,2024-06-01,Thành phần,neutral
4357,2181111373,Eucerin,2024-06-01,Mùi hương/Kết cấu,positive
4358,2181111373,Eucerin,2024-06-01,Hiệu quả,neutral
4360,2181111373,Eucerin,2024-06-01,Chất lượng/Đóng gói,positive
4362,2181111373,Eucerin,2024-06-01,Chất lượng/Đóng gói,neutral
4362,2181111373,Eucerin,2024-06-01,Dịch vụ/Uy tín,neutral
4363,2181111373,Eucerin,2024-06-01,Thành phần,neutral
4363,2181111373,Eucerin,2024-06-01,Hiệu quả,positive
4364,2181111373,Eucerin,2024-05-01,Chất lượng/Đóng gói,positive
4364,2181111373,Eucerin,2024-05-01,Giao hàng,positive
4365,2181111373,Eucerin,2024-05-01,Hiệu quả,neutral
4368,2181111373,Eucerin,2024-05-01,Hiệu quả,negative
4368,2181111373,Eucerin,2024-05-01,Thành phần,neutral
4369,2181111373,Eucerin,2024-05-01,Hiệu quả,neutral
4369,2181111373,Eucerin,2024-05-01,Hiệu quả,positive
4369,2181111373,Eucerin,2024-05-01,Hiệu quả,neutral
4369,2181111373,Eucerin,2024-05-01,Hiệu quả,neutral
4369,2181111373,Eucerin,2024-05-01,Hiệu quả,positive
4369,2181111373,Eucerin,2024-05-01,Hiệu quả,neutral
4369,2181111373,Eucerin,2024-05-01,Hiệu quả,neutral
4370,2181111373,Eucerin,2024-05-01,Mùi hương/Kết cấu,positive
4370,2181111373,Eucerin,2024-05-01,Hiệu quả,neutral
4370,2181111373,Eucerin,2024-05-01,Hiệu quả,negative
4371,2181111373,Eucerin,2024-04-01,Hiệu quả,negative
4371,2181111373,Eucerin,2024-04-01,Thành phần,neutral
4373,2181111373,Eucerin,2024-04-01,Hiệu quả,neutral
4373,2181111373,Eucerin,2024-04-01,Mùi hương/Kết cấu,positive
4375,2181111373,Eucerin,2024-04-01,Chất lượng/Đóng gói,positive
4376,2181111373,Eucerin,2024-04-01,Hiệu quả,neutral
4376,2181111373,Eucerin,2024-04-01,Hiệu quả,negative
4377,2181111373,Eucerin,2024-04-01,Mùi hương/Kết cấu,positive
4377,2181111373,Eucerin,2024-04-01,Hiệu quả,positive
4378,2181111373,Eucerin,2024-04-01,Hiệu quả,neutral
4379,3205009444,Eucerin,2025-12-01,Chất lượng/Đóng gói,positive
4379,3205009444,Eucerin,2025-12-01,Mùi hương/Kết cấu,positive
4380,3205009444,Eucerin,2025-11-01,Hiệu quả,neutral
4381,2120362531,Eucerin,2024-01-01,Mùi hương/Kết cấu,neutral
4388,2120362531,Eucerin,2025-11-01,Hiệu quả,positive
4388,2120362531,Eucerin,2025-11-01,Thành phần,positive
4388,2120362531,Eucerin,2025-11-01,Thành phần,neutral
4388,2120362531,Eucerin,2025-11-01,Giá cả,neutral
4388,2120362531,Eucerin,2025-11-01,Hiệu quả,positive
4388,2120362531,Eucerin,2025-11-01,Hiệu quả,positive
4388,2120362531,Eucerin,2025-11-01,Giá cả,positive
4388,2120362531,Eucerin,2025-11-01,Giá cả,positive
4388,2120362531,Eucerin,2025-11-01,Giá cả,positive
4389,2120362531,Eucerin,2025-10-01,Hiệu quả,positive
4389,2120362531,Eucerin,2025-10-01,Giá cả,positive
4389,2120362531,Eucerin,2025-10-01,Thành phần,positive
4390,2120362531,Eucerin,2025-09-01,Mùi hương/Kết cấu,positive
4390,2120362531,Eucerin,2025-09-01,Giá cả,neutral
4390,2120362531,Eucerin,2025-09-01,Thành phần,neutral
4390,2120362531,Eucerin,2025-09-01,Hiệu quả,positive
4391,2120362531,Eucerin,2025-09-01,Hiệu quả,positive
4391,2120362531,Eucerin,2025-09-01,Mùi hương/Kết cấu,positive
4391,2120362531,Eucerin,2025-09-01,Hiệu quả,positive
4391,2120362531,Eucerin,2025-09-01,Thành phần,positive
4391,2120362531,Eucerin,2025-09-01,Hiệu quả,positive
4392,2120362531,Eucerin,2025-09-01,Giá cả,neutral
4395,2120362531,Eucerin,2025-09-01,Mùi hương/Kết cấu,positive
4396,2120362531,Eucerin,2025-08-01,Giá cả,positive
4397,2120362531,Eucerin,2025-08-01,Hiệu quả,positive
4397,2120362531,Eucerin,2025-08-01,Thành phần,positive
4398,2120362531,Eucerin,2025-08-01,Hiệu quả,positive
4398,2120362531,Eucerin,2025-08-01,Giá cả,positive
4400,2120362531,Eucerin,2025-05-01,Hiệu quả,positive
4400,2120362531,Eucerin,2025-05-01,Thành phần,positive
4401,2120362531,Eucerin,2025-04-01,Hiệu quả,positive
4401,2120362531,Eucerin,2025-04-01,Hiệu quả,positive
4401,2120362531,Eucerin,2025-04-01,Giá cả,positive
4402,2120362531,Eucerin,2025-04-01,Mùi hương/Kết cấu,positive
4402,2120362531,Eucerin,2025-04-01,Hiệu quả,positive
4403,2120362531,Eucerin,2025-04-01,Dịch vụ/Uy tín,positive
4404,2120362531,Eucerin,2025-04-01,Giá cả,neutral
4404,2120362531,Eucerin,2025-04-01,Mùi hương/Kết cấu,positive
4404,2120362531,Eucerin,2025-04-01,Hiệu quả,positive
4404,2120362531,Eucerin,2025-04-01,Thành phần,positive
4405,2120362531,Eucerin,2025-04-01,Hiệu quả,positive
4405,2120362531,Eucerin,2025-04-01,Thành phần,positive
4406,2120362531,Eucerin,2025-04-01,Mùi hương/Kết cấu,positive
4407,2120362531,Eucerin,2025-04-01,Hiệu quả,positive
4407,2120362531,Eucerin,2025-04-01,Giá cả,positive
4407,2120362531,Eucerin,2025-04-01,Mùi hương/Kết cấu,positive
4408,2120362531,Eucerin,2025-03-01,Thành phần,neutral
4409,2120362531,Eucerin,2025-03-01,Hiệu quả,positive
4409,2120362531,Eucerin,2025-03-01,Hiệu quả,positive
4409,2120362531,Eucerin,2025-03-01,Thành phần,positive
4410,2120362531,Eucerin,2025-03-01,Giao hàng,neutral
4410,2120362531,Eucerin,2025-03-01,Mùi hương/Kết cấu,positive
4411,2120362531,Eucerin,2025-03-01,Chất lượng/Đóng gói,positive
4411,2120362531,Eucerin,2025-03-01,Chất lượng/Đóng gói,neutral
4412,2120362531,Eucerin,2025-03-01,Hiệu quả,positive
4412,2120362531,Eucerin,2025-03-01,Giá cả,positive
4413,2120362531,Eucerin,2025-03-01,Giá cả,neutral
4413,2120362531,Eucerin,2025-03-01,Hiệu quả,positive
4413,2120362531,Eucerin,2025-03-01,Giá cả,positive
4413,2120362531,Eucerin,2025-03-01,Mùi hương/Kết cấu,positive
4414,2120362531,Eucerin,2025-03-01,Hiệu quả,positive
4414,2120362531,Eucerin,2025-03-01,Thành phần,positive
4414,2120362531,Eucerin,2025-03-01,Hiệu quả,positive
4414,2120362531,Eucerin,2025-03-01,Mùi hương/Kết cấu,positive
4415,2120362531,Eucerin,2025-01-01,Mùi hương/Kết cấu,positive
4415,2120362531,Eucerin,2025-01-01,Hiệu quả,positive
4415,2120362531,Eucerin,2025-01-01,Thành phần,positive
4415,2120362531,Eucerin,2025-01-01,Hiệu quả,positive
4416,2120362531,Eucerin,2025-01-01,Hiệu quả,positive
4417,2120362531,Eucerin,2025-01-01,Hiệu quả,neutral
4418,2120362531,Eucerin,2025-01-01,Hiệu quả,positive
4419,2120362531,Eucerin,2025-01-01,Thành phần,neutral
4419,2120362531,Eucerin,2025-01-01,Chất lượng/Đóng gói,positive
4421,2120362531,Eucerin,2025-01-01,Giá cả,positive
4422,2120362531,Eucerin,2024-12-01,Hiệu quả,positive
4422,2120362531,Eucerin,2024-12-01,Giá cả,positive
4424,2120362531,Eucerin,2024-11-01,Hiệu quả,positive
4425,2120362531,Eucerin,2024-10-01,Giá cả,neutral
4425,2120362531,Eucerin,2024-10-01,Hiệu quả,positive
4425,2120362531,Eucerin,2024-10-01,Mùi hương/Kết cấu,positive
4426,2120362531,Eucerin,2024-08-01,Hiệu quả,positive
4426,2120362531,Eucerin,2024-08-01,Hiệu quả,positive
4427,2120362531,Eucerin,2024-08-01,Thành phần,neutral
4427,2120362531,Eucerin,2024-08-01,Hiệu quả,positive
4427,2120362531,Eucerin,2024-08-01,Mùi hương/Kết cấu,positive
4428,2120362531,Eucerin,2024-08-01,Mùi hương/Kết cấu,positive
4428,2120362531,Eucerin,2024-08-01,Giá cả,neutral
4429,2120362531,Eucerin,2024-08-01,Chất lượng/Đóng gói,positive
4429,2120362531,Eucerin,2024-08-01,Giá cả,neutral
4429,2120362531,Eucerin,2024-08-01,Chất lượng/Đóng gói,positive
4429,2120362531,Eucerin,2024-08-01,Giá cả,neutral
4430,2120362531,Eucerin,2024-07-01,Thành phần,neutral
4430,2120362531,Eucerin,2024-07-01,Mùi hương/Kết cấu,positive
4430,2120362531,Eucerin,2024-07-01,Mùi hương/Kết cấu,positive
4431,2120362531,Eucerin,2024-07-01,Hiệu quả,positive
4432,2120362531,Eucerin,2024-07-01,Mùi hương/Kết cấu,positive
4435,2120362531,Eucerin,2024-06-01,Mùi hương/Kết cấu,neutral
4435,2120362531,Eucerin,2024-06-01,Giá cả,neutral
4435,2120362531,Eucerin,2024-06-01,Giá cả,neutral
4436,2120362531,Eucerin,2024-04-01,Chất lượng/Đóng gói,positive
4436,2120362531,Eucerin,2024-04-01,Mùi hương/Kết cấu,positive
4436,2120362531,Eucerin,2024-04-01,Hiệu quả,neutral
4436,2120362531,Eucerin,2024-04-01,Giao hàng,neutral
4437,2120362531,Eucerin,2024-04-01,Giao hàng,neutral
4438,2120362531,Eucerin,2024-03-01,Hiệu quả,positive
4438,2120362531,Eucerin,2024-03-01,Chất lượng/Đóng gói,positive
4438,2120362531,Eucerin,2024-03-01,Mùi hương/Kết cấu,positive
4438,2120362531,Eucerin,2024-03-01,Mùi hương/Kết cấu,neutral
4439,2120362531,Eucerin,2024-03-01,Chất lượng/Đóng gói,positive
4439,2120362531,Eucerin,2024-03-01,Mùi hương/Kết cấu,neutral
4439,2120362531,Eucerin,2024-03-01,Hiệu quả,positive
4439,2120362531,Eucerin,2024-03-01,Hiệu quả,neutral
4439,2120362531,Eucerin,2024-03-01,Chất lượng/Đóng gói,neutral
4440,2120362531,Eucerin,2024-03-01,Chất lượng/Đóng gói,positive
4440,2120362531,Eucerin,2024-03-01,Mùi hương/Kết cấu,neutral
4440,2120362531,Eucerin,2024-03-01,Hiệu quả,positive
4441,2120362531,Eucerin,2024-03-01,Hiệu quả,neutral
4442,2120362531,Eucerin,2024-03-01,Dịch vụ/Uy tín,neutral
4445,2120362531,Eucerin,2024-03-01,Chất lượng/Đóng gói,positive
4445,2120362531,Eucerin,2024-03-01,Mùi hương/Kết cấu,neutral
4445,2120362531,Eucerin,2024-03-01,Hiệu quả,positive
4446,2120362531,Eucerin,2024-02-01,Mùi hương/Kết cấu,positive
4446,2120362531,Eucerin,2024-02-01,Hiệu quả,positive
4446,2120362531,Eucerin,2024-02-01,Thành phần,positive
4449,2120362531,Eucerin,2024-01-01,Mùi hương/Kết cấu,positive
4449,2120362531,Eucerin,2024-01-01,Hiệu quả,positive
4449,2120362531,Eucerin,2024-01-01,Thành phần,positive
4450,2120362531,Eucerin,2024-01-01,Chất lượng/Đóng gói,positive
4451,2120362531,Eucerin,2023-12-01,Mùi hương/Kết cấu,positive
4452,2120362531,Eucerin,2023-12-01,Giao hàng,neutral
4452,2120362531,Eucerin,2023-12-01,Chất lượng/Đóng gói,positive
4452,2120362531,Eucerin,2023-12-01,Hiệu quả,positive
4455,2120362531,Eucerin,2023-11-01,Hiệu quả,neutral
4456,2120362531,Eucerin,2023-11-01,Chất lượng/Đóng gói,positive
4456,2120362531,Eucerin,2023-11-01,Giao hàng,positive
4456,2120362531,Eucerin,2023-11-01,Hiệu quả,positive
4456,2120362531,Eucerin,2023-11-01,Mùi hương/Kết cấu,positive
4457,2120362531,Eucerin,2023-11-01,Giá cả,neutral
4458,2120362531,Eucerin,2023-11-01,Chất lượng/Đóng gói,neutral
4460,2120362531,Eucerin,2023-11-01,Hiệu quả,positive
4460,2120362531,Eucerin,2023-11-01,Mùi hương/Kết cấu,neutral
4461,2120362531,Eucerin,2023-10-01,Hiệu quả,positive
4461,2120362531,Eucerin,2023-10-01,Thành phần,positive
4462,2120362531,Eucerin,2023-10-01,Hiệu quả,positive
4462,2120362531,Eucerin,2023-10-01,Chất lượng/Đóng gói,positive
4462,2120362531,Eucerin,2023-10-01,Mùi hương/Kết cấu,positive
4462,2120362531,Eucerin,2023-10-01,Hiệu quả,negative
4462,2120362531,Eucerin,2023-10-01,Giá cả,neutral
4463,2120362531,Eucerin,2023-10-01,Hiệu quả,positive
4465,2120362531,Eucerin,2023-09-01,Hiệu quả,positive
4465,2120362531,Eucerin,2023-09-01,Hiệu quả,neutral
4465,2120362531,Eucerin,2023-09-01,Chất lượng/Đóng gói,positive
4465,2120362531,Eucerin,2023-09-01,Chất lượng/Đóng gói,positive
4465,2120362531,Eucerin,2023-09-01,Dịch vụ/Uy tín,positive
4465,2120362531,Eucerin,2023-09-01,Chất lượng/Đóng gói,positive
4465,2120362531,Eucerin,2023-09-01,Giao hàng,positive
4465,2120362531,Eucerin,2023-09-01,Dịch vụ/Uy tín,positive
4465,2120362531,Eucerin,2023-09-01,Dịch vụ/Uy tín,positive
4466,2120362531,Eucerin,2023-09-01,Chất lượng/Đóng gói,neutral
4466,2120362531,Eucerin,2023-09-01,Giao hàng,neutral
4467,2120362531,Eucerin,2023-09-01,Hiệu quả,positive
4467,2120362531,Eucerin,2023-09-01,Chất lượng/Đóng gói,neutral
4469,2120362531,Eucerin,2023-08-01,Hiệu quả,positive
4469,2120362531,Eucerin,2023-08-01,Chất lượng/Đóng gói,positive
4469,2120362531,Eucerin,2023-08-01,Mùi hương/Kết cấu,positive
4470,2120362531,Eucerin,2023-06-01,Hiệu quả,positive
4470,2120362531,Eucerin,2023-06-01,Mùi hương/Kết cấu,positive
4471,2120362531,Eucerin,2023-06-01,Chất lượng/Đóng gói,positive
4471,2120362531,Eucerin,2023-06-01,Giao hàng,neutral
4473,2120362531,Eucerin,2023-03-01,Giao hàng,neutral
4482,2120272782,Eucerin,2023-03-01,Chất lượng/Đóng gói,positive
4483,2120272782,Eucerin,2022-10-01,Hiệu quả,positive
4486,2120272782,Eucerin,2020-06-01,Chất lượng/Đóng gói,positive
4486,2120272782,Eucerin,2020-06-01,Giao hàng,neutral
4486,2120272782,Eucerin,2020-06-01,Giá cả,neutral
4487,2120272782,Eucerin,2025-07-01,Hiệu quả,positive
4488,2120272782,Eucerin,2025-06-01,Giá cả,positive
4488,2120272782,Eucerin,2025-06-01,Thành phần,neutral
4488,2120272782,Eucerin,2025-06-01,Hiệu quả,positive
4488,2120272782,Eucerin,2025-06-01,Giao hàng,neutral
4489,2120272782,Eucerin,2025-05-01,Hiệu quả,positive
4490,2120272782,Eucerin,2025-05-01,Hiệu quả,positive
4491,2120272782,Eucerin,2025-04-01,Hiệu quả,neutral
4491,2120272782,Eucerin,2025-04-01,Hiệu quả,positive
4492,2120272782,Eucerin,2025-04-01,Hiệu quả,positive
4494,2120272782,Eucerin,2025-04-01,Giá cả,positive
4495,2120272782,Eucerin,2025-03-01,Hiệu quả,positive
4495,2120272782,Eucerin,2025-03-01,Hiệu quả,neutral
4495,2120272782,Eucerin,2025-03-01,Hiệu quả,neutral
4496,2120272782,Eucerin,2025-03-01,Hiệu quả,positive
4497,2120272782,Eucerin,2025-03-01,Hiệu quả,negative
4497,2120272782,Eucerin,2025-03-01,Giá cả,negative
4497,2120272782,Eucerin,2025-03-01,Thành phần,negative
4498,2120272782,Eucerin,2025-03-01,Hiệu quả,neutral
4498,2120272782,Eucerin,2025-03-01,Giá cả,neutral
4502,2120272782,Eucerin,2025-02-01,Hiệu quả,positive
4502,2120272782,Eucerin,2025-02-01,Hiệu quả,positive
4502,2120272782,Eucerin,2025-02-01,Hiệu quả,negative
4503,2120272782,Eucerin,2025-02-01,Hiệu quả,positive
4504,2120272782,Eucerin,2025-02-01,Hiệu quả,neutral
4505,2120272782,Eucerin,2025-01-01,Hiệu quả,positive
4505,2120272782,Eucerin,2025-01-01,Hiệu quả,neutral
4506,2120272782,Eucerin,2025-01-01,Giao hàng,positive
4506,2120272782,Eucerin,2025-01-01,Dịch vụ/Uy tín,neutral
4506,2120272782,Eucerin,2025-01-01,Dịch vụ/Uy tín,neutral
4507,2120272782,Eucerin,2025-01-01,Giá cả,neutral
4508,2120272782,Eucerin,2025-01-01,Hiệu quả,neutral
4508,2120272782,Eucerin,2025-01-01,Hiệu quả,positive
4509,2120272782,Eucerin,2025-01-01,Giao hàng,positive
4509,2120272782,Eucerin,2025-01-01,Dịch vụ/Uy tín,neutral
4509,2120272782,Eucerin,2025-01-01,Dịch vụ/Uy tín,neutral
4510,2120272782,Eucerin,2025-01-01,Hiệu quả,neutral
4511,2120272782,Eucerin,2025-01-01,Hiệu quả,positive
4512,2120272782,Eucerin,2025-01-01,Hiệu quả,positive
4512,2120272782,Eucerin,2025-01-01,Hiệu quả,neutral
4513,2120272782,Eucerin,2025-01-01,Hiệu quả,positive
4514,2120272782,Eucerin,2024-12-01,Hiệu quả,positive
4514,2120272782,Eucerin,2024-12-01,Hiệu quả,neutral
4514,2120272782,Eucerin,2024-12-01,Chất lượng/Đóng gói,neutral
4514,2120272782,Eucerin,2024-12-01,Chất lượng/Đóng gói,neutral
4515,2120272782,Eucerin,2024-12-01,Hiệu quả,neutral
4515,2120272782,Eucerin,2024-12-01,Hiệu quả,positive
4516,2120272782,Eucerin,2024-11-01,Chất lượng/Đóng gói,neutral
4516,2120272782,Eucerin,2024-11-01,Giao hàng,neutral
4516,2120272782,Eucerin,2024-11-01,Dịch vụ/Uy tín,neutral
4517,2120272782,Eucerin,2024-11-01,Hiệu quả,positive
4517,2120272782,Eucerin,2024-11-01,Giá cả,positive
4518,2120272782,Eucerin,2024-10-01,Hiệu quả,positive
4518,2120272782,Eucerin,2024-10-01,Hiệu quả,neutral
4518,2120272782,Eucerin,2024-10-01,Hiệu quả,positive
4519,2120272782,Eucerin,2024-09-01,Hiệu quả,negative
4519,2120272782,Eucerin,2024-09-01,Giá cả,neutral
4520,2120272782,Eucerin,2024-09-01,Hiệu quả,positive
4520,2120272782,Eucerin,2024-09-01,Hiệu quả,neutral
4520,2120272782,Eucerin,2024-09-01,Hiệu quả,neutral
4520,2120272782,Eucerin,2024-09-01,Mùi hương/Kết cấu,positive
4521,2120272782,Eucerin,2024-08-01,Hiệu quả,positive
4522,2120272782,Eucerin,2024-08-01,Hiệu quả,positive
4522,2120272782,Eucerin,2024-08-01,Hiệu quả,neutral
4523,2120272782,Eucerin,2024-08-01,Hiệu quả,neutral
4525,2120272782,Eucerin,2024-07-01,Chất lượng/Đóng gói,neutral
4526,2120272782,Eucerin,2024-07-01,Dịch vụ/Uy tín,positive
4528,2120272782,Eucerin,2024-06-01,Hiệu quả,neutral
4529,2120272782,Eucerin,2023-09-01,Hiệu quả,positive
4529,2120272782,Eucerin,2023-09-01,Chất lượng/Đóng gói,positive
4529,2120272782,Eucerin,2023-09-01,Mùi hương/Kết cấu,positive
4529,2120272782,Eucerin,2023-09-01,Giá cả,negative
4529,2120272782,Eucerin,2023-09-01,Chất lượng/Đóng gói,negative
4529,2120272782,Eucerin,2023-09-01,Giá cả,positive
4530,2120272782,Eucerin,2023-09-01,Chất lượng/Đóng gói,positive
4530,2120272782,Eucerin,2023-09-01,Hiệu quả,positive
4530,2120272782,Eucerin,2023-09-01,Mùi hương/Kết cấu,positive
4531,2120272782,Eucerin,2023-08-01,Mùi hương/Kết cấu,neutral
4531,2120272782,Eucerin,2023-08-01,Mùi hương/Kết cấu,neutral
4531,2120272782,Eucerin,2023-08-01,Giá cả,neutral
4531,2120272782,Eucerin,2023-08-01,Hiệu quả,positive
4532,2120272782,Eucerin,2023-08-01,Hiệu quả,positive
4532,2120272782,Eucerin,2023-08-01,Chất lượng/Đóng gói,positive
4532,2120272782,Eucerin,2023-08-01,Mùi hương/Kết cấu,positive
4533,2120272782,Eucerin,2023-08-01,Hiệu quả,positive
4533,2120272782,Eucerin,2023-08-01,Chất lượng/Đóng gói,positive
4533,2120272782,Eucerin,2023-08-01,Mùi hương/Kết cấu,positive
4534,2120272782,Eucerin,2023-08-01,Chất lượng/Đóng gói,positive
4535,2120272782,Eucerin,2023-04-01,Giá cả,neutral
4536,2120272782,Eucerin,2023-04-01,Chất lượng/Đóng gói,positive
4537,2120272782,Eucerin,2023-04-01,Hiệu quả,neutral
4537,2120272782,Eucerin,2023-04-01,Chất lượng/Đóng gói,neutral
4537,2120272782,Eucerin,2023-04-01,Hiệu quả,neutral
4539,2120272782,Eucerin,2023-03-01,Hiệu quả,positive
4539,2120272782,Eucerin,2023-03-01,Chất lượng/Đóng gói,positive
4540,2120272782,Eucerin,2022-11-01,Hiệu quả,positive
4540,2120272782,Eucerin,2022-11-01,Hiệu quả,neutral
4543,2120272782,Eucerin,2022-11-01,Hiệu quả,positive
4543,2120272782,Eucerin,2022-11-01,Giá cả,positive
4545,2120272782,Eucerin,2022-11-01,Giao hàng,neutral
4545,2120272782,Eucerin,2022-11-01,Giá cả,neutral
4547,2120272782,Eucerin,2022-10-01,Chất lượng/Đóng gói,neutral
4547,2120272782,Eucerin,2022-10-01,Giao hàng,neutral
4547,2120272782,Eucerin,2022-10-01,Hiệu quả,positive
4547,2120272782,Eucerin,2022-10-01,Dịch vụ/Uy tín,positive
4549,2120272782,Eucerin,2022-09-01,Giá cả,neutral
4551,2120272782,Eucerin,2022-09-01,Giao hàng,neutral
4551,2120272782,Eucerin,2022-09-01,Hiệu quả,positive
4552,2120272782,Eucerin,2022-09-01,Chất lượng/Đóng gói,positive
4552,2120272782,Eucerin,2022-09-01,Giao hàng,neutral
4555,2120272782,Eucerin,2022-09-01,Giao hàng,neutral
4556,2120272782,Eucerin,2022-08-01,Chất lượng/Đóng gói,positive
4557,2120272782,Eucerin,2022-07-01,Giao hàng,neutral
4557,2120272782,Eucerin,2022-07-01,Giao hàng,neutral
4557,2120272782,Eucerin,2022-07-01,Hiệu quả,positive
4560,2120272782,Eucerin,2022-06-01,Giá cả,neutral
4561,2120272782,Eucerin,2022-05-01,Mùi hương/Kết cấu,neutral
4563,2120272782,Eucerin,2022-05-01,Giao hàng,neutral
4563,2120272782,Eucerin,2022-05-01,Dịch vụ/Uy tín,neutral
4563,2120272782,Eucerin,2022-05-01,Mùi hương/Kết cấu,neutral
4563,2120272782,Eucerin,2022-05-01,Hiệu quả,positive
4563,2120272782,Eucerin,2022-05-01,Mùi hương/Kết cấu,positive
4563,2120272782,Eucerin,2022-05-01,Hiệu quả,positive
4564,2120272782,Eucerin,2022-05-01,Giá cả,neutral
4564,2120272782,Eucerin,2022-05-01,Hiệu quả,neutral
4564,2120272782,Eucerin,2022-05-01,Giá cả,neutral
4566,2120272782,Eucerin,2022-04-01,Hiệu quả,positive
4566,2120272782,Eucerin,2022-04-01,Mùi hương/Kết cấu,positive
4568,2120272782,Eucerin,2022-04-01,Hiệu quả,neutral
4568,2120272782,Eucerin,2022-04-01,Giá cả,neutral
4569,2120272782,Eucerin,2022-04-01,Chất lượng/Đóng gói,neutral
4569,2120272782,Eucerin,2022-04-01,Giao hàng,neutral
4569,2120272782,Eucerin,2022-04-01,Hiệu quả,negative
4569,2120272782,Eucerin,2022-04-01,Hiệu quả,neutral
4570,2120272782,Eucerin,2022-04-01,Chất lượng/Đóng gói,positive
4570,2120272782,Eucerin,2022-04-01,Giao hàng,neutral
4570,2120272782,Eucerin,2022-04-01,Giá cả,positive
4570,2120272782,Eucerin,2022-04-01,Hiệu quả,positive
4571,2120272782,Eucerin,2022-04-01,Mùi hương/Kết cấu,negative
4571,2120272782,Eucerin,2022-04-01,Hiệu quả,negative
4574,2120272782,Eucerin,2022-03-01,Chất lượng/Đóng gói,positive
4574,2120272782,Eucerin,2022-03-01,Dịch vụ/Uy tín,positive
4574,2120272782,Eucerin,2022-03-01,Giao hàng,neutral
4574,2120272782,Eucerin,2022-03-01,Chất lượng/Đóng gói,positive
4575,2120272782,Eucerin,2022-03-01,Hiệu quả,negative
4576,2120272782,Eucerin,2022-03-01,Hiệu quả,positive
4576,2120272782,Eucerin,2022-03-01,Giao hàng,neutral
4576,2120272782,Eucerin,2022-03-01,Dịch vụ/Uy tín,positive
4576,2120272782,Eucerin,2022-03-01,Dịch vụ/Uy tín,positive
4577,2120272782,Eucerin,2022-03-01,Chất lượng/Đóng gói,neutral
4577,2120272782,Eucerin,2022-03-01,Giao hàng,neutral
4579,2826279167,Eucerin,2025-12-01,Mùi hương/Kết cấu,neutral
4580,2826279167,Eucerin,2025-05-01,Giá cả,neutral
4580,2826279167,Eucerin,2025-05-01,Giá cả,neutral
4581,2826279167,Eucerin,2025-04-01,Hiệu quả,positive
4581,2826279167,Eucerin,2025-04-01,Chất lượng/Đóng gói,positive
4581,2826279167,Eucerin,2025-04-01,Giao hàng,positive
4582,2826279167,Eucerin,2025-03-01,Hiệu quả,neutral
4582,2826279167,Eucerin,2025-03-01,Giá cả,neutral
4582,2826279167,Eucerin,2025-03-01,Hiệu quả,neutral
4582,2826279167,Eucerin,2025-03-01,Hiệu quả,neutral
4583,2826279167,Eucerin,2025-02-01,Dịch vụ/Uy tín,neutral
4584,2120247893,Eucerin,2022-11-01,Dịch vụ/Uy tín,neutral
4584,2120247893,Eucerin,2022-11-01,Chất lượng/Đóng gói,positive
4589,2120247893,Eucerin,2022-04-01,Mùi hương/Kết cấu,positive
4590,2120247893,Eucerin,2022-01-01,Giao hàng,positive
4590,2120247893,Eucerin,2022-01-01,Dịch vụ/Uy tín,positive
4591,2120247893,Eucerin,2022-01-01,Chất lượng/Đóng gói,neutral
4591,2120247893,Eucerin,2022-01-01,Hiệu quả,neutral
4591,2120247893,Eucerin,2022-01-01,Giá cả,neutral
4591,2120247893,Eucerin,2022-01-01,Dịch vụ/Uy tín,neutral
4593,2120247893,Eucerin,2025-08-01,Hiệu quả,positive
4594,2120247893,Eucerin,2025-03-01,Mùi hương/Kết cấu,positive
4594,2120247893,Eucerin,2025-03-01,Hiệu quả,positive
4595,2120247893,Eucerin,2025-03-01,Mùi hương/Kết cấu,positive
4596,2120247893,Eucerin,2025-01-01,Hiệu quả,neutral
4598,2120247893,Eucerin,2024-12-01,Hiệu quả,neutral
4598,2120247893,Eucerin,2024-12-01,Mùi hương/Kết cấu,positive
4598,2120247893,Eucerin,2024-12-01,Hiệu quả,neutral
4599,2120247893,Eucerin,2024-11-01,Hiệu quả,positive
4600,2120247893,Eucerin,2024-11-01,Hiệu quả,neutral
4601,2120247893,Eucerin,2024-11-01,Hiệu quả,neutral
4601,2120247893,Eucerin,2024-11-01,Hiệu quả,neutral
4602,2120247893,Eucerin,2024-11-01,Hiệu quả,positive
4602,2120247893,Eucerin,2024-11-01,Hiệu quả,positive
4602,2120247893,Eucerin,2024-11-01,Mùi hương/Kết cấu,positive
4603,2120247893,Eucerin,2024-10-01,Hiệu quả,neutral
4604,2120247893,Eucerin,2024-09-01,Hiệu quả,positive
4606,2120247893,Eucerin,2024-09-01,Hiệu quả,neutral
4606,2120247893,Eucerin,2024-09-01,Hiệu quả,neutral
4607,2120247893,Eucerin,2024-08-01,Giá cả,neutral
4608,2120247893,Eucerin,2024-08-01,Mùi hương/Kết cấu,positive
4609,2120247893,Eucerin,2024-08-01,Mùi hương/Kết cấu,positive
4609,2120247893,Eucerin,2024-08-01,Hiệu quả,positive
4609,2120247893,Eucerin,2024-08-01,Hiệu quả,neutral
4609,2120247893,Eucerin,2024-08-01,Giao hàng,neutral
4609,2120247893,Eucerin,2024-08-01,Giao hàng,neutral
4609,2120247893,Eucerin,2024-08-01,Dịch vụ/Uy tín,neutral
4611,2120247893,Eucerin,2024-05-01,Hiệu quả,neutral
4613,2120247893,Eucerin,2024-04-01,Chất lượng/Đóng gói,positive
4613,2120247893,Eucerin,2024-04-01,Chất lượng/Đóng gói,positive
4615,2120247893,Eucerin,2024-03-01,Mùi hương/Kết cấu,positive
4615,2120247893,Eucerin,2024-03-01,Hiệu quả,neutral
4615,2120247893,Eucerin,2024-03-01,Hiệu quả,neutral
4616,2120247893,Eucerin,2024-03-01,Hiệu quả,positive
4616,2120247893,Eucerin,2024-03-01,Hiệu quả,positive
4616,2120247893,Eucerin,2024-03-01,Mùi hương/Kết cấu,neutral
4618,2120247893,Eucerin,2024-03-01,Hiệu quả,positive
4618,2120247893,Eucerin,2024-03-01,Mùi hương/Kết cấu,positive
4620,2120247893,Eucerin,2024-01-01,Hiệu quả,positive
4622,2120247893,Eucerin,2024-01-01,Hiệu quả,negative
4622,2120247893,Eucerin,2024-01-01,Dịch vụ/Uy tín,positive
4625,2120247893,Eucerin,2023-12-01,Hiệu quả,neutral
4625,2120247893,Eucerin,2023-12-01,Hiệu quả,positive
4626,2120247893,Eucerin,2023-11-01,Mùi hương/Kết cấu,positive
4626,2120247893,Eucerin,2023-11-01,Dịch vụ/Uy tín,positive
4626,2120247893,Eucerin,2023-11-01,Giao hàng,neutral
4627,2120247893,Eucerin,2023-11-01,Giá cả,neutral
4627,2120247893,Eucerin,2023-11-01,Giao hàng,neutral
4629,2120247893,Eucerin,2023-11-01,Hiệu quả,positive
4629,2120247893,Eucerin,2023-11-01,Hiệu quả,positive
4630,2120247893,Eucerin,2023-11-01,Hiệu quả,neutral
4630,2120247893,Eucerin,2023-11-01,Hiệu quả,neutral
4631,2120247893,Eucerin,2023-10-01,Hiệu quả,positive
4632,2120247893,Eucerin,2023-10-01,Mùi hương/Kết cấu,positive
4632,2120247893,Eucerin,2023-10-01,Hiệu quả,positive
4632,2120247893,Eucerin,2023-10-01,Chất lượng/Đóng gói,positive
4633,2120247893,Eucerin,2023-10-01,Chất lượng/Đóng gói,neutral
4633,2120247893,Eucerin,2023-10-01,Dịch vụ/Uy tín,neutral
4634,2120247893,Eucerin,2023-10-01,Hiệu quả,neutral
4634,2120247893,Eucerin,2023-10-01,Giá cả,neutral
4635,2120247893,Eucerin,2023-10-01,Hiệu quả,positive
4635,2120247893,Eucerin,2023-10-01,Hiệu quả,neutral
4636,2120247893,Eucerin,2023-09-01,Dịch vụ/Uy tín,neutral
4636,2120247893,Eucerin,2023-09-01,Giao hàng,neutral
4636,2120247893,Eucerin,2023-09-01,Chất lượng/Đóng gói,positive
4636,2120247893,Eucerin,2023-09-01,Giá cả,neutral
4637,2120247893,Eucerin,2023-09-01,Hiệu quả,positive
4637,2120247893,Eucerin,2023-09-01,Chất lượng/Đóng gói,positive
4637,2120247893,Eucerin,2023-09-01,Mùi hương/Kết cấu,positive
4637,2120247893,Eucerin,2023-09-01,Chất lượng/Đóng gói,positive
4638,2120247893,Eucerin,2023-09-01,Mùi hương/Kết cấu,positive
4638,2120247893,Eucerin,2023-09-01,Mùi hương/Kết cấu,positive
4638,2120247893,Eucerin,2023-09-01,Giao hàng,neutral
4639,2120247893,Eucerin,2023-08-01,Chất lượng/Đóng gói,positive
4640,2120247893,Eucerin,2023-08-01,Mùi hương/Kết cấu,positive
4640,2120247893,Eucerin,2023-08-01,Mùi hương/Kết cấu,neutral
4641,2120247893,Eucerin,2023-07-01,Giao hàng,neutral
4641,2120247893,Eucerin,2023-07-01,Chất lượng/Đóng gói,positive
4642,2120247893,Eucerin,2023-07-01,Chất lượng/Đóng gói,positive
4642,2120247893,Eucerin,2023-07-01,Chất lượng/Đóng gói,positive
4643,2120247893,Eucerin,2023-07-01,Hiệu quả,neutral
4644,2120247893,Eucerin,2023-07-01,Chất lượng/Đóng gói,positive
4644,2120247893,Eucerin,2023-07-01,Giao hàng,neutral
4646,2120247893,Eucerin,2023-06-01,Hiệu quả,positive
4647,2120247893,Eucerin,2023-06-01,Chất lượng/Đóng gói,positive
4647,2120247893,Eucerin,2023-06-01,Giao hàng,positive
4648,2120247893,Eucerin,2023-06-01,Hiệu quả,positive
4648,2120247893,Eucerin,2023-06-01,Mùi hương/Kết cấu,positive
4649,2120247893,Eucerin,2023-06-01,Giá cả,neutral
4649,2120247893,Eucerin,2023-06-01,Dịch vụ/Uy tín,positive
4650,2120247893,Eucerin,2023-06-01,Chất lượng/Đóng gói,positive
4652,2120247893,Eucerin,2023-05-01,Hiệu quả,neutral
4655,2120247893,Eucerin,2023-04-01,Chất lượng/Đóng gói,positive
4655,2120247893,Eucerin,2023-04-01,Dịch vụ/Uy tín,positive
4658,2120247893,Eucerin,2023-03-01,Chất lượng/Đóng gói,negative
4658,2120247893,Eucerin,2023-03-01,Giá cả,neutral
4659,2120247893,Eucerin,2023-03-01,Chất lượng/Đóng gói,positive
4659,2120247893,Eucerin,2023-03-01,Mùi hương/Kết cấu,positive
4659,2120247893,Eucerin,2023-03-01,Hiệu quả,neutral
4660,2120247893,Eucerin,2023-03-01,Hiệu quả,positive
4661,2120247893,Eucerin,2023-03-01,Hiệu quả,positive
4661,2120247893,Eucerin,2023-03-01,Chất lượng/Đóng gói,positive
4661,2120247893,Eucerin,2023-03-01,Mùi hương/Kết cấu,positive
4662,2120247893,Eucerin,2023-02-01,Chất lượng/Đóng gói,neutral
4662,2120247893,Eucerin,2023-02-01,Chất lượng/Đóng gói,positive
4663,2120247893,Eucerin,2023-01-01,Giao hàng,neutral
4663,2120247893,Eucerin,2023-01-01,Hiệu quả,neutral
4664,2120247893,Eucerin,2023-01-01,Dịch vụ/Uy tín,neutral
4665,2120247893,Eucerin,2022-11-01,Giá cả,neutral
4666,2120247893,Eucerin,2022-11-01,Hiệu quả,positive
4666,2120247893,Eucerin,2022-11-01,Hiệu quả,negative
4666,2120247893,Eucerin,2022-11-01,Hiệu quả,positive
4667,2120247893,Eucerin,2022-10-01,Chất lượng/Đóng gói,neutral
4668,2120247893,Eucerin,2022-10-01,Hiệu quả,positive
4669,2120247893,Eucerin,2022-10-01,Giao hàng,neutral
4669,2120247893,Eucerin,2022-10-01,Dịch vụ/Uy tín,positive
4669,2120247893,Eucerin,2022-10-01,Giá cả,neutral
4671,2120247893,Eucerin,2022-10-01,Hiệu quả,neutral
4672,2120247893,Eucerin,2022-09-01,Dịch vụ/Uy tín,positive
4673,2120247893,Eucerin,2022-09-01,Hiệu quả,positive
4674,2120247893,Eucerin,2022-08-01,Giao hàng,neutral
4677,2120247893,Eucerin,2022-06-01,Dịch vụ/Uy tín,neutral
4677,2120247893,Eucerin,2022-06-01,Dịch vụ/Uy tín,neutral
4677,2120247893,Eucerin,2022-06-01,Chất lượng/Đóng gói,positive
4678,2120247893,Eucerin,2022-06-01,Giao hàng,neutral
4678,2120247893,Eucerin,2022-06-01,Giao hàng,neutral
4678,2120247893,Eucerin,2022-06-01,Hiệu quả,positive
4681,2120286734,Eucerin,2022-09-01,Giao hàng,neutral
4682,2120286734,Eucerin,2026-03-01,Giá cả,neutral
4683,2120286734,Eucerin,2026-01-01,Hiệu quả,positive
4685,2120286734,Eucerin,2025-04-01,Dịch vụ/Uy tín,positive
4688,2120286734,Eucerin,2024-12-01,Hiệu quả,positive
4688,2120286734,Eucerin,2024-12-01,Giá cả,neutral
4688,2120286734,Eucerin,2024-12-01,Hiệu quả,positive
4689,2120286734,Eucerin,2024-10-01,Mùi hương/Kết cấu,positive
4689,2120286734,Eucerin,2024-10-01,Hiệu quả,neutral
4690,2120286734,Eucerin,2024-08-01,Giao hàng,neutral
4690,2120286734,Eucerin,2024-08-01,Chất lượng/Đóng gói,positive
4693,2120286734,Eucerin,2024-06-01,Hiệu quả,negative
4694,2120286734,Eucerin,2024-05-01,Hiệu quả,neutral
4694,2120286734,Eucerin,2024-05-01,Hiệu quả,positive
4698,2120286734,Eucerin,2024-04-01,Hiệu quả,positive
4699,2120286734,Eucerin,2024-04-01,Chất lượng/Đóng gói,neutral
4699,2120286734,Eucerin,2024-04-01,Dịch vụ/Uy tín,neutral
4700,2120286734,Eucerin,2024-03-01,Chất lượng/Đóng gói,positive
4700,2120286734,Eucerin,2024-03-01,Hiệu quả,negative
4701,2120286734,Eucerin,2024-03-01,Mùi hương/Kết cấu,positive
4703,2120286734,Eucerin,2024-03-01,Hiệu quả,neutral
4703,2120286734,Eucerin,2024-03-01,Mùi hương/Kết cấu,neutral
4703,2120286734,Eucerin,2024-03-01,Hiệu quả,positive
4704,2120286734,Eucerin,2024-03-01,Hiệu quả,positive
4705,2120286734,Eucerin,2024-01-01,Mùi hương/Kết cấu,positive
4706,2120286734,Eucerin,2024-01-01,Mùi hương/Kết cấu,positive
4708,2120286734,Eucerin,2023-11-01,Giá cả,neutral
4708,2120286734,Eucerin,2023-11-01,Giá cả,neutral
4708,2120286734,Eucerin,2023-11-01,Hiệu quả,neutral
4708,2120286734,Eucerin,2023-11-01,Giá cả,neutral
4709,2120286734,Eucerin,2023-11-01,Chất lượng/Đóng gói,positive
4711,2120286734,Eucerin,2023-10-01,Giá cả,neutral
4711,2120286734,Eucerin,2023-10-01,Giá cả,positive
4711,2120286734,Eucerin,2023-10-01,Giá cả,neutral
4713,2120286734,Eucerin,2023-09-01,Giao hàng,neutral
4714,2120286734,Eucerin,2023-09-01,Mùi hương/Kết cấu,positive
4714,2120286734,Eucerin,2023-09-01,Dịch vụ/Uy tín,positive
4714,2120286734,Eucerin,2023-09-01,Hiệu quả,positive
4714,2120286734,Eucerin,2023-09-01,Mùi hương/Kết cấu,positive
4715,2120286734,Eucerin,2023-09-01,Hiệu quả,positive
4715,2120286734,Eucerin,2023-09-01,Chất lượng/Đóng gói,positive
4715,2120286734,Eucerin,2023-09-01,Mùi hương/Kết cấu,positive
4716,2120286734,Eucerin,2023-07-01,Chất lượng/Đóng gói,positive
4717,2120286734,Eucerin,2023-04-01,Giá cả,negative
4719,2120286734,Eucerin,2023-03-01,Giá cả,neutral
4721,2120286734,Eucerin,2023-02-01,Giá cả,neutral
4722,2120286734,Eucerin,2023-02-01,Chất lượng/Đóng gói,positive
4725,2120286734,Eucerin,2022-10-01,Chất lượng/Đóng gói,positive
4725,2120286734,Eucerin,2022-10-01,Giao hàng,positive
4727,2120286734,Eucerin,2022-09-01,Giá cả,neutral
4728,2120286734,Eucerin,2022-09-01,Chất lượng/Đóng gói,neutral
4730,2120286734,Eucerin,2022-08-01,Chất lượng/Đóng gói,positive
4730,2120286734,Eucerin,2022-08-01,Chất lượng/Đóng gói,positive
4730,2120286734,Eucerin,2022-08-01,Giao hàng,neutral
4731,2120286734,Eucerin,2022-07-01,Giá cả,positive
4731,2120286734,Eucerin,2022-07-01,Chất lượng/Đóng gói,positive
4731,2120286734,Eucerin,2022-07-01,Dịch vụ/Uy tín,positive
4732,2120245865,Eucerin,2025-08-01,Chất lượng/Đóng gói,neutral
4734,2120245865,Eucerin,2024-02-01,Hiệu quả,neutral
4735,2120245865,Eucerin,2026-04-01,Hiệu quả,positive
4735,2120245865,Eucerin,2026-04-01,Chất lượng/Đóng gói,positive
4735,2120245865,Eucerin,2026-04-01,Giao hàng,positive
4736,2120245865,Eucerin,2026-03-01,Hiệu quả,positive
4736,2120245865,Eucerin,2026-03-01,Giá cả,neutral
4736,2120245865,Eucerin,2026-03-01,Giá cả,neutral
4737,2120245865,Eucerin,2025-12-01,Mùi hương/Kết cấu,positive
4738,2120245865,Eucerin,2025-11-01,Giá cả,positive
4738,2120245865,Eucerin,2025-11-01,Mùi hương/Kết cấu,positive
4738,2120245865,Eucerin,2025-11-01,Mùi hương/Kết cấu,neutral
4738,2120245865,Eucerin,2025-11-01,Mùi hương/Kết cấu,neutral
4739,2120245865,Eucerin,2025-11-01,Hiệu quả,positive
4739,2120245865,Eucerin,2025-11-01,Hiệu quả,positive
4743,2120245865,Eucerin,2025-06-01,Giá cả,neutral
4743,2120245865,Eucerin,2025-06-01,Dịch vụ/Uy tín,neutral
4743,2120245865,Eucerin,2025-06-01,Dịch vụ/Uy tín,neutral
4744,2120245865,Eucerin,2025-06-01,Mùi hương/Kết cấu,positive
4745,2120245865,Eucerin,2025-06-01,Hiệu quả,positive
4747,2120245865,Eucerin,2025-05-01,Giá cả,neutral
4747,2120245865,Eucerin,2025-05-01,Hiệu quả,positive
4749,2120245865,Eucerin,2025-05-01,Hiệu quả,positive
4750,2120245865,Eucerin,2025-05-01,Hiệu quả,positive
4750,2120245865,Eucerin,2025-05-01,Hiệu quả,positive
4751,2120245865,Eucerin,2025-04-01,Hiệu quả,positive
4752,2120245865,Eucerin,2025-04-01,Hiệu quả,positive
4752,2120245865,Eucerin,2025-04-01,Giá cả,neutral
4753,2120245865,Eucerin,2025-04-01,Hiệu quả,positive
4753,2120245865,Eucerin,2025-04-01,Hiệu quả,positive
4754,2120245865,Eucerin,2025-03-01,Hiệu quả,positive
4754,2120245865,Eucerin,2025-03-01,Hiệu quả,positive
4754,2120245865,Eucerin,2025-03-01,Giá cả,neutral
4755,2120245865,Eucerin,2025-03-01,Giá cả,neutral
4755,2120245865,Eucerin,2025-03-01,Hiệu quả,positive
4757,2120245865,Eucerin,2025-03-01,Hiệu quả,positive
4757,2120245865,Eucerin,2025-03-01,Hiệu quả,positive
4758,2120245865,Eucerin,2025-03-01,Giá cả,positive
4759,2120245865,Eucerin,2025-03-01,Chất lượng/Đóng gói,positive
4759,2120245865,Eucerin,2025-03-01,Chất lượng/Đóng gói,neutral
4760,2120245865,Eucerin,2025-03-01,Giá cả,neutral
4760,2120245865,Eucerin,2025-03-01,Hiệu quả,positive
4763,2120245865,Eucerin,2025-02-01,Hiệu quả,positive
4763,2120245865,Eucerin,2025-02-01,Giá cả,neutral
4764,2120245865,Eucerin,2025-02-01,Giá cả,neutral
4764,2120245865,Eucerin,2025-02-01,Hiệu quả,neutral
4765,2120245865,Eucerin,2025-02-01,Giá cả,positive
4766,2120245865,Eucerin,2025-02-01,Hiệu quả,positive
4766,2120245865,Eucerin,2025-02-01,Hiệu quả,neutral
4766,2120245865,Eucerin,2025-02-01,Hiệu quả,positive
4768,2120245865,Eucerin,2025-02-01,Hiệu quả,positive
4768,2120245865,Eucerin,2025-02-01,Hiệu quả,positive
4769,2120245865,Eucerin,2025-01-01,Chất lượng/Đóng gói,negative
4770,2120245865,Eucerin,2025-01-01,Hiệu quả,positive
4770,2120245865,Eucerin,2025-01-01,Hiệu quả,neutral
4772,2120245865,Eucerin,2025-01-01,Mùi hương/Kết cấu,positive
4772,2120245865,Eucerin,2025-01-01,Dịch vụ/Uy tín,positive
4773,2120245865,Eucerin,2025-01-01,Chất lượng/Đóng gói,neutral
4774,2120245865,Eucerin,2024-12-01,Hiệu quả,positive
4775,2120245865,Eucerin,2024-12-01,Hiệu quả,positive
4777,2120245865,Eucerin,2024-12-01,Hiệu quả,positive
4777,2120245865,Eucerin,2024-12-01,Hiệu quả,positive
4778,2120245865,Eucerin,2024-08-01,Hiệu quả,positive
4778,2120245865,Eucerin,2024-08-01,Hiệu quả,positive
4779,2120245865,Eucerin,2024-08-01,Hiệu quả,positive
4779,2120245865,Eucerin,2024-08-01,Chất lượng/Đóng gói,neutral
4780,2120245865,Eucerin,2024-08-01,Hiệu quả,positive
4781,2120245865,Eucerin,2024-07-01,Hiệu quả,positive
4782,2120245865,Eucerin,2024-07-01,Dịch vụ/Uy tín,neutral
4786,2120245865,Eucerin,2024-07-01,Giá cả,neutral
4787,2120245865,Eucerin,2024-06-01,Hiệu quả,positive
4789,2120245865,Eucerin,2024-06-01,Hiệu quả,neutral
4790,2120245865,Eucerin,2024-06-01,Hiệu quả,positive
4791,2120245865,Eucerin,2024-06-01,Mùi hương/Kết cấu,neutral
4792,2120245865,Eucerin,2024-06-01,Hiệu quả,positive
4793,2120245865,Eucerin,2024-06-01,Chất lượng/Đóng gói,neutral
4793,2120245865,Eucerin,2024-06-01,Giao hàng,neutral
4794,2120245865,Eucerin,2024-06-01,Hiệu quả,positive
4795,2120245865,Eucerin,2024-05-01,Hiệu quả,positive
4796,2120245865,Eucerin,2024-05-01,Hiệu quả,positive
4797,2120245865,Eucerin,2024-05-01,Hiệu quả,positive
4797,2120245865,Eucerin,2024-05-01,Hiệu quả,positive
4798,2120245865,Eucerin,2024-04-01,Hiệu quả,positive
4799,2120245865,Eucerin,2024-04-01,Chất lượng/Đóng gói,positive
4800,2120245865,Eucerin,2024-04-01,Hiệu quả,positive
4800,2120245865,Eucerin,2024-04-01,Giá cả,neutral
4803,2120245865,Eucerin,2024-03-01,Giao hàng,neutral
4803,2120245865,Eucerin,2024-03-01,Chất lượng/Đóng gói,positive
4803,2120245865,Eucerin,2024-03-01,Giá cả,positive
4803,2120245865,Eucerin,2024-03-01,Chất lượng/Đóng gói,positive
4804,2120245865,Eucerin,2024-03-01,Hiệu quả,positive
4805,2120245865,Eucerin,2024-03-01,Hiệu quả,positive
4806,2120245865,Eucerin,2024-03-01,Dịch vụ/Uy tín,neutral
4807,2120245865,Eucerin,2024-03-01,Giá cả,neutral
4809,2120245865,Eucerin,2024-03-01,Giá cả,neutral
4809,2120245865,Eucerin,2024-03-01,Hiệu quả,positive
4811,2120245865,Eucerin,2024-02-01,Hiệu quả,positive
4811,2120245865,Eucerin,2024-02-01,Hiệu quả,neutral
4812,2120245865,Eucerin,2024-02-01,Hiệu quả,positive
4812,2120245865,Eucerin,2024-02-01,Giá cả,positive
4812,2120245865,Eucerin,2024-02-01,Chất lượng/Đóng gói,positive
4812,2120245865,Eucerin,2024-02-01,Mùi hương/Kết cấu,positive
4813,2120245865,Eucerin,2024-02-01,Hiệu quả,positive
4813,2120245865,Eucerin,2024-02-01,Giá cả,positive
4813,2120245865,Eucerin,2024-02-01,Chất lượng/Đóng gói,positive
4813,2120245865,Eucerin,2024-02-01,Mùi hương/Kết cấu,positive
4813,2120245865,Eucerin,2024-02-01,Hiệu quả,positive
4814,2120245865,Eucerin,2024-02-01,Chất lượng/Đóng gói,neutral
4814,2120245865,Eucerin,2024-02-01,Dịch vụ/Uy tín,neutral
4815,2120245865,Eucerin,2024-02-01,Chất lượng/Đóng gói,neutral
4815,2120245865,Eucerin,2024-02-01,Giao hàng,positive
4817,2120245865,Eucerin,2024-01-01,Hiệu quả,positive
4817,2120245865,Eucerin,2024-01-01,Hiệu quả,positive
4818,2120245865,Eucerin,2024-01-01,Hiệu quả,positive
4819,2120245865,Eucerin,2024-01-01,Giao hàng,neutral
4819,2120245865,Eucerin,2024-01-01,Dịch vụ/Uy tín,neutral
4819,2120245865,Eucerin,2024-01-01,Chất lượng/Đóng gói,neutral
4821,2120245865,Eucerin,2024-01-01,Giá cả,neutral
4822,2120245865,Eucerin,2024-01-01,Hiệu quả,positive
4823,2120245865,Eucerin,2023-12-01,Hiệu quả,positive
4826,2120354582,Eucerin,2024-08-01,Chất lượng/Đóng gói,neutral
4826,2120354582,Eucerin,2024-08-01,Dịch vụ/Uy tín,positive
4827,2120354582,Eucerin,2023-10-01,Chất lượng/Đóng gói,positive
4828,2120354582,Eucerin,2025-05-01,Mùi hương/Kết cấu,neutral
4828,2120354582,Eucerin,2025-05-01,Mùi hương/Kết cấu,neutral
4829,2120354582,Eucerin,2024-12-01,Hiệu quả,positive
4830,2120354582,Eucerin,2024-12-01,Hiệu quả,positive
4830,2120354582,Eucerin,2024-12-01,Hiệu quả,positive
4830,2120354582,Eucerin,2024-12-01,Hiệu quả,positive
4830,2120354582,Eucerin,2024-12-01,Hiệu quả,positive
4834,2120354582,Eucerin,2024-11-01,Hiệu quả,neutral
4834,2120354582,Eucerin,2024-11-01,Giao hàng,neutral
4834,2120354582,Eucerin,2024-11-01,Dịch vụ/Uy tín,neutral
4836,2120354582,Eucerin,2024-08-01,Mùi hương/Kết cấu,neutral
4838,2120354582,Eucerin,2024-07-01,Hiệu quả,neutral
4838,2120354582,Eucerin,2024-07-01,Mùi hương/Kết cấu,neutral
4838,2120354582,Eucerin,2024-07-01,Giá cả,neutral
4839,2120354582,Eucerin,2024-06-01,Hiệu quả,positive
4840,2120354582,Eucerin,2024-06-01,Chất lượng/Đóng gói,positive
4842,2120354582,Eucerin,2024-05-01,Hiệu quả,positive
4842,2120354582,Eucerin,2024-05-01,Hiệu quả,positive
4843,2120354582,Eucerin,2024-04-01,Hiệu quả,neutral
4843,2120354582,Eucerin,2024-04-01,Hiệu quả,positive
4846,2120354582,Eucerin,2024-04-01,Chất lượng/Đóng gói,neutral
4846,2120354582,Eucerin,2024-04-01,Chất lượng/Đóng gói,positive
4847,2120354582,Eucerin,2024-04-01,Chất lượng/Đóng gói,positive
4847,2120354582,Eucerin,2024-04-01,Chất lượng/Đóng gói,positive
4847,2120354582,Eucerin,2024-04-01,Giá cả,neutral
4848,2120354582,Eucerin,2024-03-01,Giá cả,neutral
4849,2120354582,Eucerin,2024-03-01,Chất lượng/Đóng gói,positive
4851,2120354582,Eucerin,2024-03-01,Mùi hương/Kết cấu,positive
4851,2120354582,Eucerin,2024-03-01,Giá cả,positive
4852,2120354582,Eucerin,2024-03-01,Hiệu quả,negative
4853,2120354582,Eucerin,2024-03-01,Dịch vụ/Uy tín,positive
4854,2120354582,Eucerin,2024-02-01,Mùi hương/Kết cấu,neutral
4854,2120354582,Eucerin,2024-02-01,Giá cả,neutral
4855,2120354582,Eucerin,2024-01-01,Mùi hương/Kết cấu,neutral
4855,2120354582,Eucerin,2024-01-01,Giá cả,neutral
4855,2120354582,Eucerin,2024-01-01,Mùi hương/Kết cấu,neutral
4855,2120354582,Eucerin,2024-01-01,Giá cả,neutral
4855,2120354582,Eucerin,2024-01-01,Giao hàng,neutral
4856,2120354582,Eucerin,2024-01-01,Hiệu quả,positive
4857,2120354582,Eucerin,2024-01-01,Giao hàng,positive
4857,2120354582,Eucerin,2024-01-01,Dịch vụ/Uy tín,positive
4858,2120354582,Eucerin,2024-01-01,Mùi hương/Kết cấu,positive
4859,2120354582,Eucerin,2023-12-01,Giao hàng,neutral
4859,2120354582,Eucerin,2023-12-01,Chất lượng/Đóng gói,neutral
4859,2120354582,Eucerin,2023-12-01,Chất lượng/Đóng gói,positive
4860,2120354582,Eucerin,2023-12-01,Chất lượng/Đóng gói,positive
4861,2120354582,Eucerin,2023-11-01,Giao hàng,neutral
4861,2120354582,Eucerin,2023-11-01,Chất lượng/Đóng gói,positive
4861,2120354582,Eucerin,2023-11-01,Dịch vụ/Uy tín,positive
4862,2120354582,Eucerin,2023-11-01,Hiệu quả,neutral
4863,2120354582,Eucerin,2023-11-01,Hiệu quả,positive
4863,2120354582,Eucerin,2023-11-01,Chất lượng/Đóng gói,positive
4864,2120354582,Eucerin,2023-11-01,Mùi hương/Kết cấu,positive
4866,2120354582,Eucerin,2023-11-01,Hiệu quả,positive
4866,2120354582,Eucerin,2023-11-01,Hiệu quả,neutral
4866,2120354582,Eucerin,2023-11-01,Mùi hương/Kết cấu,neutral
4866,2120354582,Eucerin,2023-11-01,Giá cả,neutral
4866,2120354582,Eucerin,2023-11-01,Dịch vụ/Uy tín,neutral
4867,2120354582,Eucerin,2023-10-01,Giao hàng,neutral
4867,2120354582,Eucerin,2023-10-01,Hiệu quả,neutral
4867,2120354582,Eucerin,2023-10-01,Mùi hương/Kết cấu,neutral
4868,2120354582,Eucerin,2023-08-01,Hiệu quả,positive
4868,2120354582,Eucerin,2023-08-01,Chất lượng/Đóng gói,positive
4868,2120354582,Eucerin,2023-08-01,Mùi hương/Kết cấu,positive
4869,2120354582,Eucerin,2023-08-01,Mùi hương/Kết cấu,positive
4869,2120354582,Eucerin,2023-08-01,Giá cả,neutral
4872,2120354582,Eucerin,2023-07-01,Dịch vụ/Uy tín,neutral
4872,2120354582,Eucerin,2023-07-01,Chất lượng/Đóng gói,positive
4872,2120354582,Eucerin,2023-07-01,Hiệu quả,positive
4872,2120354582,Eucerin,2023-07-01,Chất lượng/Đóng gói,positive
4872,2120354582,Eucerin,2023-07-01,Mùi hương/Kết cấu,positive
4873,2120354582,Eucerin,2023-06-01,Hiệu quả,negative
4875,2120354582,Eucerin,2023-06-01,Giao hàng,neutral
4875,2120354582,Eucerin,2023-06-01,Hiệu quả,neutral
4875,2120354582,Eucerin,2023-06-01,Giá cả,neutral
4876,2120354582,Eucerin,2023-06-01,Chất lượng/Đóng gói,neutral
4876,2120354582,Eucerin,2023-06-01,Giao hàng,neutral
4878,2120354582,Eucerin,2023-04-01,Chất lượng/Đóng gói,positive
4879,2120354582,Eucerin,2023-03-01,Chất lượng/Đóng gói,positive
4880,2120354582,Eucerin,2023-02-01,Dịch vụ/Uy tín,positive
4883,2120354582,Eucerin,2023-01-01,Chất lượng/Đóng gói,neutral
4883,2120354582,Eucerin,2023-01-01,Giao hàng,neutral
4883,2120354582,Eucerin,2023-01-01,Dịch vụ/Uy tín,neutral
4884,2120354582,Eucerin,2022-11-01,Chất lượng/Đóng gói,neutral
4885,2120354582,Eucerin,2022-08-01,Dịch vụ/Uy tín,positive
4885,2120354582,Eucerin,2022-08-01,Dịch vụ/Uy tín,neutral
4885,2120354582,Eucerin,2022-08-01,Dịch vụ/Uy tín,neutral
4885,2120354582,Eucerin,2022-08-01,Chất lượng/Đóng gói,positive
4887,2120354582,Eucerin,2022-05-01,Chất lượng/Đóng gói,neutral
4888,2120354582,Eucerin,2022-05-01,Hiệu quả,positive
4888,2120354582,Eucerin,2022-05-01,Giá cả,positive
4888,2120354582,Eucerin,2022-05-01,Hiệu quả,neutral
4889,2120354582,Eucerin,2022-05-01,Dịch vụ/Uy tín,neutral
4889,2120354582,Eucerin,2022-05-01,Giao hàng,neutral
4889,2120354582,Eucerin,2022-05-01,Chất lượng/Đóng gói,neutral
4889,2120354582,Eucerin,2022-05-01,Mùi hương/Kết cấu,positive
4892,2120354582,Eucerin,2022-04-01,Mùi hương/Kết cấu,positive
4892,2120354582,Eucerin,2022-04-01,Hiệu quả,positive
4892,2120354582,Eucerin,2022-04-01,Giá cả,positive
4893,2120354582,Eucerin,2022-04-01,Mùi hương/Kết cấu,positive
4893,2120354582,Eucerin,2022-04-01,Mùi hương/Kết cấu,positive
4893,2120354582,Eucerin,2022-04-01,Giá cả,neutral
4894,2120354582,Eucerin,2022-03-01,Giao hàng,neutral
4894,2120354582,Eucerin,2022-03-01,Giá cả,positive
4894,2120354582,Eucerin,2022-03-01,Hiệu quả,negative
4894,2120354582,Eucerin,2022-03-01,Hiệu quả,positive
4895,2120354582,Eucerin,2022-03-01,Giá cả,neutral
4897,2120271814,Eucerin,2025-01-01,Hiệu quả,negative
4898,2120271814,Eucerin,2023-09-01,Chất lượng/Đóng gói,positive
4899,2120271814,Eucerin,2022-07-01,Giá cả,neutral
4900,2120271814,Eucerin,2022-01-01,Giao hàng,neutral
4901,2120271814,Eucerin,2025-03-01,Chất lượng/Đóng gói,negative
4901,2120271814,Eucerin,2025-03-01,Dịch vụ/Uy tín,negative
4901,2120271814,Eucerin,2025-03-01,Giao hàng,neutral
4905,2120271814,Eucerin,2025-05-01,Hiệu quả,positive
4907,2120271814,Eucerin,2024-03-01,Mùi hương/Kết cấu,neutral
4908,2120271814,Eucerin,2024-01-01,Hiệu quả,neutral
4908,2120271814,Eucerin,2024-01-01,Giá cả,neutral
4909,2120271814,Eucerin,2023-06-01,Giao hàng,neutral
4909,2120271814,Eucerin,2023-06-01,Dịch vụ/Uy tín,neutral
4909,2120271814,Eucerin,2023-06-01,Giá cả,positive
4910,2120271814,Eucerin,2023-03-01,Hiệu quả,positive
4912,2120271814,Eucerin,2022-09-01,Giá cả,positive
4913,2120271814,Eucerin,2021-10-01,Chất lượng/Đóng gói,neutral
4913,2120271814,Eucerin,2021-10-01,Giá cả,neutral
4913,2120271814,Eucerin,2021-10-01,Chất lượng/Đóng gói,neutral
4916,2120271814,Eucerin,2026-03-01,Hiệu quả,positive
4917,2120271814,Eucerin,2025-12-01,Dịch vụ/Uy tín,positive
4919,2120271814,Eucerin,2025-12-01,Mùi hương/Kết cấu,positive
4919,2120271814,Eucerin,2025-12-01,Mùi hương/Kết cấu,neutral
4920,2120271814,Eucerin,2025-12-01,Hiệu quả,positive
4920,2120271814,Eucerin,2025-12-01,Mùi hương/Kết cấu,positive
4921,2120271814,Eucerin,2025-12-01,Giá cả,positive
4921,2120271814,Eucerin,2025-12-01,Dịch vụ/Uy tín,neutral
4922,2120271814,Eucerin,2025-12-01,Hiệu quả,neutral
4927,2120271814,Eucerin,2025-08-01,Hiệu quả,neutral
4928,2120271814,Eucerin,2025-08-01,Mùi hương/Kết cấu,positive
4929,2120271814,Eucerin,2025-08-01,Dịch vụ/Uy tín,neutral
4929,2120271814,Eucerin,2025-08-01,Dịch vụ/Uy tín,neutral
4930,2120271814,Eucerin,2025-08-01,Hiệu quả,neutral
4930,2120271814,Eucerin,2025-08-01,Mùi hương/Kết cấu,positive
4930,2120271814,Eucerin,2025-08-01,Chất lượng/Đóng gói,neutral
4930,2120271814,Eucerin,2025-08-01,Giao hàng,neutral
4930,2120271814,Eucerin,2025-08-01,Dịch vụ/Uy tín,neutral
4931,2120271814,Eucerin,2025-06-01,Mùi hương/Kết cấu,neutral
4933,2120271814,Eucerin,2025-06-01,Mùi hương/Kết cấu,positive
4933,2120271814,Eucerin,2025-06-01,Hiệu quả,neutral
4933,2120271814,Eucerin,2025-06-01,Mùi hương/Kết cấu,positive
4935,2120271814,Eucerin,2025-06-01,Chất lượng/Đóng gói,neutral
4936,2120271814,Eucerin,2025-05-01,Hiệu quả,neutral
4936,2120271814,Eucerin,2025-05-01,Hiệu quả,neutral
4939,2120271814,Eucerin,2025-05-01,Mùi hương/Kết cấu,neutral
4940,2120271814,Eucerin,2025-05-01,Mùi hương/Kết cấu,positive
4942,2120271814,Eucerin,2025-05-01,Thành phần,positive
4946,2120271814,Eucerin,2025-04-01,Mùi hương/Kết cấu,neutral
4947,2120271814,Eucerin,2025-04-01,Giá cả,neutral
4948,2120271814,Eucerin,2025-04-01,Hiệu quả,positive
4949,2120271814,Eucerin,2025-04-01,Hiệu quả,neutral
4950,2120271814,Eucerin,2025-04-01,Hiệu quả,positive
4950,2120271814,Eucerin,2025-04-01,Mùi hương/Kết cấu,neutral
4951,2120271814,Eucerin,2025-03-01,Mùi hương/Kết cấu,neutral
4954,2120271814,Eucerin,2025-03-01,Mùi hương/Kết cấu,neutral
4955,2120271814,Eucerin,2025-03-01,Dịch vụ/Uy tín,positive
4956,2120271814,Eucerin,2025-03-01,Hiệu quả,neutral
4956,2120271814,Eucerin,2025-03-01,Mùi hương/Kết cấu,neutral
4956,2120271814,Eucerin,2025-03-01,Mùi hương/Kết cấu,positive
4959,2120271814,Eucerin,2025-03-01,Hiệu quả,neutral
4959,2120271814,Eucerin,2025-03-01,Hiệu quả,positive
4959,2120271814,Eucerin,2025-03-01,Hiệu quả,positive
4959,2120271814,Eucerin,2025-03-01,Hiệu quả,positive
4959,2120271814,Eucerin,2025-03-01,Hiệu quả,positive
4961,2120271814,Eucerin,2025-02-01,Giá cả,positive
4964,2120271814,Eucerin,2025-02-01,Mùi hương/Kết cấu,neutral
4966,2120271814,Eucerin,2025-02-01,Mùi hương/Kết cấu,neutral
4969,2120271814,Eucerin,2025-01-01,Mùi hương/Kết cấu,neutral
4971,2120271814,Eucerin,2025-01-01,Chất lượng/Đóng gói,positive
4971,2120271814,Eucerin,2025-01-01,Chất lượng/Đóng gói,positive
4972,2120271814,Eucerin,2025-01-01,Mùi hương/Kết cấu,neutral
4973,2120271814,Eucerin,2025-01-01,Hiệu quả,neutral
4973,2120271814,Eucerin,2025-01-01,Mùi hương/Kết cấu,positive
4973,2120271814,Eucerin,2025-01-01,Hiệu quả,positive
4973,2120271814,Eucerin,2025-01-01,Thành phần,neutral
4973,2120271814,Eucerin,2025-01-01,Hiệu quả,negative
4973,2120271814,Eucerin,2025-01-01,Giá cả,negative
4973,2120271814,Eucerin,2025-01-01,Dịch vụ/Uy tín,negative
4975,2120271814,Eucerin,2025-01-01,Chất lượng/Đóng gói,neutral
4976,2120271814,Eucerin,2025-01-01,Chất lượng/Đóng gói,neutral
4976,2120271814,Eucerin,2025-01-01,Giao hàng,neutral
4977,2120271814,Eucerin,2025-01-01,Hiệu quả,neutral
4981,2120271814,Eucerin,2025-01-01,Chất lượng/Đóng gói,positive
4983,2120271814,Eucerin,2025-01-01,Mùi hương/Kết cấu,neutral
4983,2120271814,Eucerin,2025-01-01,Hiệu quả,neutral
4984,2120271814,Eucerin,2025-01-01,Hiệu quả,neutral
4986,2120271814,Eucerin,2025-01-01,Giao hàng,neutral
4988,2120271814,Eucerin,2025-01-01,Mùi hương/Kết cấu,positive
4989,2120271814,Eucerin,2025-01-01,Giá cả,positive
4989,2120271814,Eucerin,2025-01-01,Mùi hương/Kết cấu,neutral
4990,2120271814,Eucerin,2025-01-01,Mùi hương/Kết cấu,positive
4990,2120271814,Eucerin,2025-01-01,Hiệu quả,positive
4991,2120271814,Eucerin,2024-12-01,Hiệu quả,positive
4992,2120271814,Eucerin,2024-12-01,Mùi hương/Kết cấu,positive
4992,2120271814,Eucerin,2024-12-01,Hiệu quả,positive
4992,2120271814,Eucerin,2024-12-01,Hiệu quả,positive
4992,2120271814,Eucerin,2024-12-01,Chất lượng/Đóng gói,positive
4993,2120271814,Eucerin,2024-12-01,Giao hàng,positive
4994,2120271814,Eucerin,2024-12-01,Hiệu quả,positive
4994,2120271814,Eucerin,2024-12-01,Mùi hương/Kết cấu,neutral
4997,2120271814,Eucerin,2024-12-01,Hiệu quả,positive
4999,2120271814,Eucerin,2024-12-01,Mùi hương/Kết cấu,neutral
4999,2120271814,Eucerin,2024-12-01,Hiệu quả,neutral
5000,2120271814,Eucerin,2024-12-01,Hiệu quả,neutral
5000,2120271814,Eucerin,2024-12-01,Hiệu quả,neutral
5001,2120271814,Eucerin,2024-12-01,Mùi hương/Kết cấu,positive
5002,2120271814,Eucerin,2024-12-01,Mùi hương/Kết cấu,neutral
5002,2120271814,Eucerin,2024-12-01,Mùi hương/Kết cấu,neutral
5003,2120271814,Eucerin,2024-12-01,Mùi hương/Kết cấu,positive
5004,2120271814,Eucerin,2024-11-01,Hiệu quả,positive
5007,2495957050,Eucerin,2025-06-01,Hiệu quả,neutral
5009,2495957050,Eucerin,2024-11-01,Giá cả,neutral
5012,2495957050,Eucerin,2024-09-01,Hiệu quả,positive
5012,2495957050,Eucerin,2024-09-01,Giá cả,positive
5012,2495957050,Eucerin,2024-09-01,Thành phần,positive
5013,2495957050,Eucerin,2024-09-01,Giá cả,positive
5013,2495957050,Eucerin,2024-09-01,Thành phần,positive
5015,2495957050,Eucerin,2024-09-01,Hiệu quả,positive
5016,2495957050,Eucerin,2024-09-01,Hiệu quả,neutral
5016,2495957050,Eucerin,2024-09-01,Hiệu quả,positive
5017,2495957050,Eucerin,2024-09-01,Hiệu quả,positive
5018,2495957050,Eucerin,2024-09-01,Hiệu quả,positive
5018,2495957050,Eucerin,2024-09-01,Hiệu quả,neutral
5019,2495957050,Eucerin,2024-08-01,Dịch vụ/Uy tín,neutral
5024,2495957050,Eucerin,2024-07-01,Chất lượng/Đóng gói,positive
5026,2495957050,Eucerin,2024-07-01,Chất lượng/Đóng gói,positive
5026,2495957050,Eucerin,2024-07-01,Dịch vụ/Uy tín,positive
5026,2495957050,Eucerin,2024-07-01,Giao hàng,neutral
5027,2495957050,Eucerin,2024-06-01,Hiệu quả,neutral
5027,2495957050,Eucerin,2024-06-01,Mùi hương/Kết cấu,neutral
5029,2495957050,Eucerin,2024-06-01,Mùi hương/Kết cấu,positive
5029,2495957050,Eucerin,2024-06-01,Hiệu quả,positive
5030,2495957050,Eucerin,2024-06-01,Hiệu quả,positive
5032,2495957050,Eucerin,2024-06-01,Giao hàng,neutral
5033,2495957050,Eucerin,2024-06-01,Hiệu quả,positive
5034,2495957050,Eucerin,2024-05-01,Giá cả,positive
5035,2495957050,Eucerin,2024-05-01,Giá cả,neutral
5036,2495957050,Eucerin,2024-05-01,Chất lượng/Đóng gói,positive
5036,2495957050,Eucerin,2024-05-01,Hiệu quả,positive
5038,2495957050,Eucerin,2024-04-01,Hiệu quả,positive
5039,2495957050,Eucerin,2024-04-01,Hiệu quả,positive
5039,2495957050,Eucerin,2024-04-01,Mùi hương/Kết cấu,positive
5040,2495957050,Eucerin,2024-04-01,Giao hàng,positive
5040,2495957050,Eucerin,2024-04-01,Dịch vụ/Uy tín,positive
5041,2495957050,Eucerin,2024-03-01,Hiệu quả,positive
5041,2495957050,Eucerin,2024-03-01,Giá cả,positive
5041,2495957050,Eucerin,2024-03-01,Hiệu quả,neutral
5041,2495957050,Eucerin,2024-03-01,Mùi hương/Kết cấu,neutral
5042,2495957050,Eucerin,2024-03-01,Hiệu quả,positive
5042,2495957050,Eucerin,2024-03-01,Chất lượng/Đóng gói,positive
5042,2495957050,Eucerin,2024-03-01,Mùi hương/Kết cấu,positive
5044,2495957050,Eucerin,2024-03-01,Hiệu quả,positive
5044,2495957050,Eucerin,2024-03-01,Chất lượng/Đóng gói,positive
5044,2495957050,Eucerin,2024-03-01,Mùi hương/Kết cấu,positive
5044,2495957050,Eucerin,2024-03-01,Giá cả,positive
5045,2495957050,Eucerin,2024-03-01,Chất lượng/Đóng gói,neutral
5046,2495957050,Eucerin,2024-03-01,Giá cả,neutral
5048,2495957050,Eucerin,2024-03-01,Hiệu quả,positive
5049,2495957050,Eucerin,2024-03-01,Mùi hương/Kết cấu,positive
5050,2495957050,Eucerin,2024-03-01,Giá cả,neutral
5050,2495957050,Eucerin,2024-03-01,Giá cả,neutral
5050,2495957050,Eucerin,2024-03-01,Giá cả,neutral
5050,2495957050,Eucerin,2024-03-01,Giá cả,neutral
5050,2495957050,Eucerin,2024-03-01,Giá cả,neutral
5051,2495957050,Eucerin,2024-03-01,Chất lượng/Đóng gói,neutral
5053,2495957050,Eucerin,2024-03-01,Hiệu quả,positive
5053,2495957050,Eucerin,2024-03-01,Giá cả,positive
5053,2495957050,Eucerin,2024-03-01,Chất lượng/Đóng gói,positive
5053,2495957050,Eucerin,2024-03-01,Mùi hương/Kết cấu,positive
5054,2495957050,Eucerin,2024-02-01,Chất lượng/Đóng gói,positive
5054,2495957050,Eucerin,2024-02-01,Dịch vụ/Uy tín,positive
5055,2495957050,Eucerin,2024-01-01,Hiệu quả,positive
5055,2495957050,Eucerin,2024-01-01,Chất lượng/Đóng gói,positive
5055,2495957050,Eucerin,2024-01-01,Mùi hương/Kết cấu,positive
5056,2495957050,Eucerin,2024-01-01,Hiệu quả,positive
5056,2495957050,Eucerin,2024-01-01,Hiệu quả,positive
5057,2495957050,Eucerin,2024-01-01,Mùi hương/Kết cấu,positive
5058,2495957050,Eucerin,2024-01-01,Giao hàng,positive
5058,2495957050,Eucerin,2024-01-01,Dịch vụ/Uy tín,positive
5059,2495957050,Eucerin,2023-12-01,Giá cả,neutral
5061,2495957050,Eucerin,2023-12-01,Chất lượng/Đóng gói,positive
5063,2120267774,Eucerin,2024-11-01,Dịch vụ/Uy tín,neutral
5066,2120267774,Eucerin,2024-09-01,Chất lượng/Đóng gói,negative
5066,2120267774,Eucerin,2024-09-01,Dịch vụ/Uy tín,negative
5067,2120267774,Eucerin,2024-09-01,Giao hàng,negative
5069,2120267774,Eucerin,2023-12-01,Giá cả,neutral
5070,2120267774,Eucerin,2023-10-01,Mùi hương/Kết cấu,positive
5074,2120267774,Eucerin,2021-12-01,Mùi hương/Kết cấu,neutral
5074,2120267774,Eucerin,2021-12-01,Mùi hương/Kết cấu,neutral
5075,2120267774,Eucerin,2021-11-01,Dịch vụ/Uy tín,neutral
5075,2120267774,Eucerin,2021-11-01,Dịch vụ/Uy tín,neutral
5076,2120267774,Eucerin,2021-10-01,Dịch vụ/Uy tín,neutral
5076,2120267774,Eucerin,2021-10-01,Dịch vụ/Uy tín,neutral
5076,2120267774,Eucerin,2021-10-01,Dịch vụ/Uy tín,neutral
5076,2120267774,Eucerin,2021-10-01,Dịch vụ/Uy tín,neutral
5077,2120267774,Eucerin,2021-10-01,Dịch vụ/Uy tín,neutral
5078,2120267774,Eucerin,2021-10-01,Mùi hương/Kết cấu,neutral
5079,2120267774,Eucerin,2024-11-01,Chất lượng/Đóng gói,neutral
5080,2120267774,Eucerin,2024-09-01,Dịch vụ/Uy tín,negative
5080,2120267774,Eucerin,2024-09-01,Giá cả,negative
5080,2120267774,Eucerin,2024-09-01,Dịch vụ/Uy tín,negative
5080,2120267774,Eucerin,2024-09-01,Giá cả,neutral
5080,2120267774,Eucerin,2024-09-01,Giá cả,negative
5081,2120267774,Eucerin,2023-08-01,Chất lượng/Đóng gói,neutral
5083,2120267774,Eucerin,2023-04-01,Mùi hương/Kết cấu,neutral
5084,2120267774,Eucerin,2022-02-01,Hiệu quả,neutral
5084,2120267774,Eucerin,2022-02-01,Hiệu quả,negative
5085,2120267774,Eucerin,2022-01-01,Mùi hương/Kết cấu,neutral
5090,2120267774,Eucerin,2024-07-01,Dịch vụ/Uy tín,neutral
5091,2120267774,Eucerin,2024-04-01,Chất lượng/Đóng gói,neutral
5091,2120267774,Eucerin,2024-04-01,Dịch vụ/Uy tín,neutral
5092,2120267774,Eucerin,2024-02-01,Giao hàng,neutral
5093,2120267774,Eucerin,2023-08-01,Chất lượng/Đóng gói,positive
5096,2120267774,Eucerin,2022-04-01,Mùi hương/Kết cấu,positive
5097,2120267774,Eucerin,2022-01-01,Hiệu quả,negative
5099,2120267774,Eucerin,2021-11-01,Mùi hương/Kết cấu,neutral
5099,2120267774,Eucerin,2021-11-01,Mùi hương/Kết cấu,positive
5099,2120267774,Eucerin,2021-11-01,Giao hàng,neutral
5100,2120267774,Eucerin,2021-10-01,Giá cả,neutral
5101,2120267774,Eucerin,2021-10-01,Giá cả,neutral
5101,2120267774,Eucerin,2021-10-01,Giao hàng,neutral
5101,2120267774,Eucerin,2021-10-01,Hiệu quả,neutral
5101,2120267774,Eucerin,2021-10-01,Chất lượng/Đóng gói,neutral
5101,2120267774,Eucerin,2021-10-01,Hiệu quả,negative
5101,2120267774,Eucerin,2021-10-01,Hiệu quả,negative
5103,2120267774,Eucerin,2021-09-01,Mùi hương/Kết cấu,neutral
5103,2120267774,Eucerin,2021-09-01,Giá cả,neutral
5103,2120267774,Eucerin,2021-09-01,Mùi hương/Kết cấu,neutral
5106,2120267774,Eucerin,2021-04-01,Mùi hương/Kết cấu,neutral
5106,2120267774,Eucerin,2021-04-01,Mùi hương/Kết cấu,positive
5106,2120267774,Eucerin,2021-04-01,Mùi hương/Kết cấu,neutral
5106,2120267774,Eucerin,2021-04-01,Mùi hương/Kết cấu,neutral
5106,2120267774,Eucerin,2021-04-01,Mùi hương/Kết cấu,positive
5107,2120267774,Eucerin,2025-09-01,Chất lượng/Đóng gói,neutral
5107,2120267774,Eucerin,2025-09-01,Chất lượng/Đóng gói,neutral
5109,2120267774,Eucerin,2025-08-01,Thành phần,neutral
5109,2120267774,Eucerin,2025-08-01,Dịch vụ/Uy tín,neutral
5109,2120267774,Eucerin,2025-08-01,Chất lượng/Đóng gói,negative
5112,2120267774,Eucerin,2024-10-01,Chất lượng/Đóng gói,positive
5113,2120267774,Eucerin,2024-07-01,Chất lượng/Đóng gói,positive
5113,2120267774,Eucerin,2024-07-01,Giao hàng,neutral
5113,2120267774,Eucerin,2024-07-01,Giá cả,negative
5113,2120267774,Eucerin,2024-07-01,Chất lượng/Đóng gói,negative
5114,2120267774,Eucerin,2024-06-01,Hiệu quả,positive
5115,2120267774,Eucerin,2024-02-01,Hiệu quả,positive
5115,2120267774,Eucerin,2024-02-01,Hiệu quả,positive
5116,2120267774,Eucerin,2023-12-01,Mùi hương/Kết cấu,negative
5117,2120267774,Eucerin,2023-09-01,Giá cả,neutral
5118,2120267774,Eucerin,2023-03-01,Chất lượng/Đóng gói,positive
5118,2120267774,Eucerin,2023-03-01,Mùi hương/Kết cấu,neutral
5119,2120267774,Eucerin,2022-11-01,Giá cả,neutral
5122,2120267774,Eucerin,2022-04-01,Chất lượng/Đóng gói,neutral
5122,2120267774,Eucerin,2022-04-01,Giao hàng,neutral
5123,2120267774,Eucerin,2022-03-01,Hiệu quả,neutral
5124,2120267774,Eucerin,2022-03-01,Mùi hương/Kết cấu,neutral
5124,2120267774,Eucerin,2022-03-01,Mùi hương/Kết cấu,neutral
5124,2120267774,Eucerin,2022-03-01,Chất lượng/Đóng gói,neutral
5124,2120267774,Eucerin,2022-03-01,Chất lượng/Đóng gói,neutral
5124,2120267774,Eucerin,2022-03-01,Giá cả,neutral
5124,2120267774,Eucerin,2022-03-01,Giá cả,neutral
5126,2120267774,Eucerin,2022-02-01,Hiệu quả,negative
5127,2120267774,Eucerin,2022-02-01,Giao hàng,neutral
5127,2120267774,Eucerin,2022-02-01,Giá cả,positive
5127,2120267774,Eucerin,2022-02-01,Mùi hương/Kết cấu,neutral
5127,2120267774,Eucerin,2022-02-01,Hiệu quả,negative
5128,2120267774,Eucerin,2022-02-01,Mùi hương/Kết cấu,neutral
5129,2120267774,Eucerin,2022-02-01,Mùi hương/Kết cấu,positive
5129,2120267774,Eucerin,2022-02-01,Chất lượng/Đóng gói,negative
5129,2120267774,Eucerin,2022-02-01,Dịch vụ/Uy tín,negative
5130,2120267774,Eucerin,2022-01-01,Giao hàng,neutral
5131,2120267774,Eucerin,2022-01-01,Giá cả,neutral
5131,2120267774,Eucerin,2022-01-01,Mùi hương/Kết cấu,positive
5131,2120267774,Eucerin,2022-01-01,Chất lượng/Đóng gói,positive
5131,2120267774,Eucerin,2022-01-01,Giao hàng,positive
5131,2120267774,Eucerin,2022-01-01,Dịch vụ/Uy tín,positive
5132,2120267774,Eucerin,2022-01-01,Hiệu quả,positive
5133,2120267774,Eucerin,2021-12-01,Hiệu quả,positive
5133,2120267774,Eucerin,2021-12-01,Mùi hương/Kết cấu,positive
5134,2120267774,Eucerin,2021-11-01,Dịch vụ/Uy tín,neutral
5136,2120267774,Eucerin,2021-11-01,Giao hàng,neutral
5136,2120267774,Eucerin,2021-11-01,Dịch vụ/Uy tín,positive
5137,2120267774,Eucerin,2021-11-01,Giá cả,positive
5137,2120267774,Eucerin,2021-11-01,Giao hàng,neutral
5137,2120267774,Eucerin,2021-11-01,Giao hàng,neutral
5138,2120267774,Eucerin,2021-11-01,Hiệu quả,positive
5139,2120267774,Eucerin,2021-11-01,Giao hàng,neutral
5139,2120267774,Eucerin,2021-11-01,Giá cả,positive
5139,2120267774,Eucerin,2021-11-01,Dịch vụ/Uy tín,neutral
5139,2120267774,Eucerin,2021-11-01,Dịch vụ/Uy tín,neutral
5139,2120267774,Eucerin,2021-11-01,Dịch vụ/Uy tín,neutral
5142,2120267774,Eucerin,2021-10-01,Hiệu quả,neutral
5142,2120267774,Eucerin,2021-10-01,Giá cả,neutral
5142,2120267774,Eucerin,2021-10-01,Hiệu quả,negative
5142,2120267774,Eucerin,2021-10-01,Giao hàng,neutral
5143,2120267774,Eucerin,2021-10-01,Giao hàng,neutral
5143,2120267774,Eucerin,2021-10-01,Chất lượng/Đóng gói,neutral
5143,2120267774,Eucerin,2021-10-01,Giá cả,positive
5143,2120267774,Eucerin,2021-10-01,Mùi hương/Kết cấu,positive
5144,2120267774,Eucerin,2021-09-01,Giao hàng,neutral
5144,2120267774,Eucerin,2021-09-01,Mùi hương/Kết cấu,neutral
5145,2120267774,Eucerin,2021-09-01,Mùi hương/Kết cấu,negative
5145,2120267774,Eucerin,2021-09-01,Giá cả,neutral
5145,2120267774,Eucerin,2021-09-01,Giá cả,neutral
5146,2120267774,Eucerin,2021-06-01,Mùi hương/Kết cấu,positive
5148,2120267774,Eucerin,2026-04-01,Hiệu quả,positive
5148,2120267774,Eucerin,2026-04-01,Chất lượng/Đóng gói,positive
5148,2120267774,Eucerin,2026-04-01,Giao hàng,positive
5149,2120267774,Eucerin,2026-03-01,Hiệu quả,positive
5150,2120267774,Eucerin,2026-03-01,Hiệu quả,neutral
5151,2120267774,Eucerin,2026-03-01,Chất lượng/Đóng gói,negative
5151,2120267774,Eucerin,2026-03-01,Chất lượng/Đóng gói,neutral
5151,2120267774,Eucerin,2026-03-01,Dịch vụ/Uy tín,neutral
5151,2120267774,Eucerin,2026-03-01,Hiệu quả,negative
5151,2120267774,Eucerin,2026-03-01,Chất lượng/Đóng gói,neutral
5152,2120267774,Eucerin,2026-03-01,Chất lượng/Đóng gói,positive
5152,2120267774,Eucerin,2026-03-01,Giao hàng,positive
5152,2120267774,Eucerin,2026-03-01,Dịch vụ/Uy tín,positive
5153,2120267774,Eucerin,2026-01-01,Chất lượng/Đóng gói,positive
5153,2120267774,Eucerin,2026-01-01,Chất lượng/Đóng gói,positive
5154,2120267774,Eucerin,2026-01-01,Giá cả,neutral
5155,2120267774,Eucerin,2025-12-01,Hiệu quả,positive
5159,2120267774,Eucerin,2025-12-01,Giao hàng,neutral
5160,2120267774,Eucerin,2025-12-01,Hiệu quả,neutral
5161,2120267774,Eucerin,2025-12-01,Chất lượng/Đóng gói,positive
5161,2120267774,Eucerin,2025-12-01,Chất lượng/Đóng gói,positive
5163,2120267774,Eucerin,2025-12-01,Giao hàng,positive
5164,2120267774,Eucerin,2025-11-01,Mùi hương/Kết cấu,positive
5165,2120267774,Eucerin,2025-11-01,Hiệu quả,positive
5165,2120267774,Eucerin,2025-11-01,Giá cả,positive
5165,2120267774,Eucerin,2025-11-01,Thành phần,positive
5165,2120267774,Eucerin,2025-11-01,Thành phần,neutral
5166,2120267774,Eucerin,2025-11-01,Mùi hương/Kết cấu,positive
5167,2120267774,Eucerin,2025-10-01,Hiệu quả,positive
5168,2120267774,Eucerin,2025-10-01,Hiệu quả,positive
5168,2120267774,Eucerin,2025-10-01,Hiệu quả,positive
5170,2120267774,Eucerin,2025-10-01,Mùi hương/Kết cấu,positive
5170,2120267774,Eucerin,2025-10-01,Hiệu quả,positive
5173,2120267774,Eucerin,2025-09-01,Hiệu quả,positive
5174,2120267774,Eucerin,2025-09-01,Hiệu quả,positive
5174,2120267774,Eucerin,2025-09-01,Hiệu quả,positive
5175,2120267774,Eucerin,2025-09-01,Hiệu quả,positive
5175,2120267774,Eucerin,2025-09-01,Hiệu quả,positive
5179,2120267774,Eucerin,2025-08-01,Hiệu quả,positive
5179,2120267774,Eucerin,2025-08-01,Giá cả,positive
5182,2120267774,Eucerin,2025-08-01,Giao hàng,neutral
5182,2120267774,Eucerin,2025-08-01,Chất lượng/Đóng gói,positive
5182,2120267774,Eucerin,2025-08-01,Giá cả,neutral
5183,2120267774,Eucerin,2025-08-01,Hiệu quả,neutral
5185,2120267774,Eucerin,2025-08-01,Hiệu quả,positive
5188,2120267774,Eucerin,2025-08-01,Hiệu quả,positive
5188,2120267774,Eucerin,2025-08-01,Giao hàng,neutral
5188,2120267774,Eucerin,2025-08-01,Chất lượng/Đóng gói,positive
5189,2120267774,Eucerin,2025-08-01,Mùi hương/Kết cấu,positive
5189,2120267774,Eucerin,2025-08-01,Hiệu quả,positive
5190,2120267774,Eucerin,2025-08-01,Hiệu quả,positive
5191,2120267774,Eucerin,2025-08-01,Hiệu quả,positive
5193,2120267774,Eucerin,2025-07-01,Hiệu quả,neutral
5194,2120267774,Eucerin,2025-07-01,Hiệu quả,positive
5194,2120267774,Eucerin,2025-07-01,Hiệu quả,neutral
5195,2120267774,Eucerin,2025-07-01,Hiệu quả,neutral
5195,2120267774,Eucerin,2025-07-01,Hiệu quả,positive
5196,2120267774,Eucerin,2025-07-01,Hiệu quả,positive
5196,2120267774,Eucerin,2025-07-01,Hiệu quả,positive
5196,2120267774,Eucerin,2025-07-01,Thành phần,positive
5198,2120267774,Eucerin,2025-06-01,Giao hàng,neutral
5199,2120267774,Eucerin,2025-06-01,Hiệu quả,positive
5199,2120267774,Eucerin,2025-06-01,Hiệu quả,positive
5199,2120267774,Eucerin,2025-06-01,Mùi hương/Kết cấu,positive
5199,2120267774,Eucerin,2025-06-01,Hiệu quả,neutral
5200,2120267774,Eucerin,2025-06-01,Hiệu quả,positive
5201,2120267774,Eucerin,2025-06-01,Hiệu quả,positive
5202,2120267774,Eucerin,2025-06-01,Hiệu quả,positive
5203,2120267774,Eucerin,2025-06-01,Hiệu quả,positive
5203,2120267774,Eucerin,2025-06-01,Hiệu quả,neutral
5204,2120267774,Eucerin,2025-06-01,Hiệu quả,neutral
5207,2120267774,Eucerin,2025-06-01,Hiệu quả,positive
5208,2120267774,Eucerin,2025-06-01,Hiệu quả,positive
5209,2120267774,Eucerin,2025-06-01,Hiệu quả,positive
5212,2120267774,Eucerin,2025-05-01,Hiệu quả,positive
5212,2120267774,Eucerin,2025-05-01,Hiệu quả,positive
5212,2120267774,Eucerin,2025-05-01,Hiệu quả,positive
5213,2120267774,Eucerin,2025-05-01,Hiệu quả,positive
5215,2120267774,Eucerin,2025-05-01,Mùi hương/Kết cấu,positive
5216,2120267774,Eucerin,2025-05-01,Giao hàng,neutral
5216,2120267774,Eucerin,2025-05-01,Hiệu quả,neutral
5216,2120267774,Eucerin,2025-05-01,Giá cả,neutral
5216,2120267774,Eucerin,2025-05-01,Chất lượng/Đóng gói,neutral
5217,2120267774,Eucerin,2025-05-01,Giao hàng,neutral
5218,2120267774,Eucerin,2025-05-01,Hiệu quả,positive
5218,2120267774,Eucerin,2025-05-01,Hiệu quả,positive
5219,2120267774,Eucerin,2025-05-01,Hiệu quả,positive
5219,2120267774,Eucerin,2025-05-01,Hiệu quả,positive
5222,2120267774,Eucerin,2025-05-01,Mùi hương/Kết cấu,positive
5222,2120267774,Eucerin,2025-05-01,Hiệu quả,positive
5223,2120267774,Eucerin,2025-05-01,Hiệu quả,positive
5223,2120267774,Eucerin,2025-05-01,Giá cả,positive
5223,2120267774,Eucerin,2025-05-01,Hiệu quả,positive
5223,2120267774,Eucerin,2025-05-01,Hiệu quả,positive
5224,2120267774,Eucerin,2025-05-01,Hiệu quả,neutral
5225,2120267774,Eucerin,2025-05-01,Hiệu quả,positive
5228,2120267774,Eucerin,2025-05-01,Hiệu quả,positive
5229,2120267774,Eucerin,2025-05-01,Hiệu quả,neutral
5230,2120267774,Eucerin,2025-05-01,Hiệu quả,positive
5232,2120267774,Eucerin,2025-05-01,Hiệu quả,positive
5233,2120267774,Eucerin,2025-05-01,Giá cả,positive
5233,2120267774,Eucerin,2025-05-01,Giao hàng,neutral
5233,2120267774,Eucerin,2025-05-01,Giao hàng,neutral
5233,2120267774,Eucerin,2025-05-01,Dịch vụ/Uy tín,neutral
5235,2120267774,Eucerin,2025-04-01,Hiệu quả,positive
5236,2120267774,Eucerin,2025-04-01,Dịch vụ/Uy tín,neutral
5237,2120267774,Eucerin,2025-04-01,Hiệu quả,neutral
5238,2120267774,Eucerin,2025-04-01,Hiệu quả,positive
5238,2120267774,Eucerin,2025-04-01,Mùi hương/Kết cấu,positive
5239,2120267774,Eucerin,2025-04-01,Hiệu quả,positive
5239,2120267774,Eucerin,2025-04-01,Hiệu quả,neutral
5240,2120200990,Eucerin,2024-09-01,Chất lượng/Đóng gói,negative
5240,2120200990,Eucerin,2024-09-01,Giao hàng,negative
5241,2120200990,Eucerin,2024-06-01,Dịch vụ/Uy tín,negative
5241,2120200990,Eucerin,2024-06-01,Giá cả,negative
5241,2120200990,Eucerin,2024-06-01,Dịch vụ/Uy tín,negative
5242,2120200990,Eucerin,2023-06-01,Giao hàng,neutral
5242,2120200990,Eucerin,2023-06-01,Dịch vụ/Uy tín,positive
5243,2120200990,Eucerin,2023-05-01,Giá cả,neutral
5243,2120200990,Eucerin,2023-05-01,Dịch vụ/Uy tín,neutral
5244,2120200990,Eucerin,2022-04-01,Dịch vụ/Uy tín,neutral
5245,2120200990,Eucerin,2021-11-01,Giao hàng,neutral
5245,2120200990,Eucerin,2021-11-01,Dịch vụ/Uy tín,neutral
5245,2120200990,Eucerin,2021-11-01,Dịch vụ/Uy tín,negative
5247,2120200990,Eucerin,2023-08-01,Giá cả,neutral
5247,2120200990,Eucerin,2023-08-01,Hiệu quả,neutral
5248,2120200990,Eucerin,2022-07-01,Thành phần,neutral
5248,2120200990,Eucerin,2022-07-01,Mùi hương/Kết cấu,neutral
5248,2120200990,Eucerin,2022-07-01,Mùi hương/Kết cấu,neutral
5248,2120200990,Eucerin,2022-07-01,Mùi hương/Kết cấu,neutral
5251,2120200990,Eucerin,2025-08-01,Hiệu quả,negative
5252,2120200990,Eucerin,2025-03-01,Giao hàng,neutral
5254,2120200990,Eucerin,2023-05-01,Hiệu quả,positive
5254,2120200990,Eucerin,2023-05-01,Chất lượng/Đóng gói,positive
5254,2120200990,Eucerin,2023-05-01,Mùi hương/Kết cấu,positive
5255,2120200990,Eucerin,2023-03-01,Giá cả,neutral
5256,2120200990,Eucerin,2023-02-01,Chất lượng/Đóng gói,neutral
5256,2120200990,Eucerin,2023-02-01,Dịch vụ/Uy tín,neutral
5256,2120200990,Eucerin,2023-02-01,Giao hàng,neutral
5256,2120200990,Eucerin,2023-02-01,Dịch vụ/Uy tín,neutral
5256,2120200990,Eucerin,2023-02-01,Dịch vụ/Uy tín,neutral
5256,2120200990,Eucerin,2023-02-01,Dịch vụ/Uy tín,neutral
5256,2120200990,Eucerin,2023-02-01,Dịch vụ/Uy tín,neutral
5256,2120200990,Eucerin,2023-02-01,Dịch vụ/Uy tín,neutral
5256,2120200990,Eucerin,2023-02-01,Dịch vụ/Uy tín,neutral
5257,2120200990,Eucerin,2022-08-01,Hiệu quả,negative
5258,2120200990,Eucerin,2022-07-01,Mùi hương/Kết cấu,neutral
5258,2120200990,Eucerin,2022-07-01,Dịch vụ/Uy tín,neutral
5258,2120200990,Eucerin,2022-07-01,Mùi hương/Kết cấu,neutral
5259,2120200990,Eucerin,2022-07-01,Dịch vụ/Uy tín,neutral
5260,2120200990,Eucerin,2022-04-01,Dịch vụ/Uy tín,neutral
5261,2120200990,Eucerin,2021-11-01,Hiệu quả,negative
5262,2120200990,Eucerin,2021-09-01,Giao hàng,neutral
5265,2120200990,Eucerin,2025-05-01,Giá cả,positive
5265,2120200990,Eucerin,2025-05-01,Dịch vụ/Uy tín,positive
5268,2120200990,Eucerin,2024-05-01,Giá cả,negative
5268,2120200990,Eucerin,2024-05-01,Chất lượng/Đóng gói,negative
5271,2120200990,Eucerin,2024-01-01,Dịch vụ/Uy tín,neutral
5272,2120200990,Eucerin,2023-11-01,Hiệu quả,positive
5273,2120200990,Eucerin,2023-09-01,Chất lượng/Đóng gói,positive
5273,2120200990,Eucerin,2023-09-01,Giao hàng,neutral
5273,2120200990,Eucerin,2023-09-01,Giao hàng,neutral
5274,2120200990,Eucerin,2023-08-01,Mùi hương/Kết cấu,negative
5274,2120200990,Eucerin,2023-08-01,Giao hàng,neutral
5277,2120200990,Eucerin,2023-06-01,Mùi hương/Kết cấu,neutral
5278,2120200990,Eucerin,2023-06-01,Giao hàng,neutral
5278,2120200990,Eucerin,2023-06-01,Chất lượng/Đóng gói,neutral
5279,2120200990,Eucerin,2022-09-01,Mùi hương/Kết cấu,neutral
5279,2120200990,Eucerin,2022-09-01,Hiệu quả,positive
5280,2120200990,Eucerin,2022-08-01,Mùi hương/Kết cấu,neutral
5281,2120200990,Eucerin,2022-07-01,Mùi hương/Kết cấu,positive
5281,2120200990,Eucerin,2022-07-01,Mùi hương/Kết cấu,neutral
5281,2120200990,Eucerin,2022-07-01,Chất lượng/Đóng gói,positive
5281,2120200990,Eucerin,2022-07-01,Dịch vụ/Uy tín,neutral
5284,2120200990,Eucerin,2022-07-01,Chất lượng/Đóng gói,positive
5284,2120200990,Eucerin,2022-07-01,Giao hàng,positive
5285,2120200990,Eucerin,2022-01-01,Mùi hương/Kết cấu,neutral
5285,2120200990,Eucerin,2022-01-01,Chất lượng/Đóng gói,positive
5285,2120200990,Eucerin,2022-01-01,Chất lượng/Đóng gói,positive
5285,2120200990,Eucerin,2022-01-01,Dịch vụ/Uy tín,positive
5285,2120200990,Eucerin,2022-01-01,Giá cả,neutral
5287,2120200990,Eucerin,2022-01-01,Hiệu quả,neutral
5288,2120200990,Eucerin,2021-12-01,Chất lượng/Đóng gói,negative
5288,2120200990,Eucerin,2021-12-01,Giao hàng,negative
5289,2120200990,Eucerin,2021-12-01,Mùi hương/Kết cấu,neutral
5291,2120200990,Eucerin,2026-04-01,Mùi hương/Kết cấu,neutral
5292,2120200990,Eucerin,2026-03-01,Chất lượng/Đóng gói,positive
5292,2120200990,Eucerin,2026-03-01,Giao hàng,positive
5292,2120200990,Eucerin,2026-03-01,Dịch vụ/Uy tín,positive
5293,2120200990,Eucerin,2026-02-01,Mùi hương/Kết cấu,positive
5294,2120200990,Eucerin,2026-01-01,Mùi hương/Kết cấu,positive
5295,2120200990,Eucerin,2026-01-01,Hiệu quả,positive
5295,2120200990,Eucerin,2026-01-01,Mùi hương/Kết cấu,positive
5296,2120200990,Eucerin,2025-12-01,Chất lượng/Đóng gói,positive
5296,2120200990,Eucerin,2025-12-01,Giao hàng,neutral
5296,2120200990,Eucerin,2025-12-01,Chất lượng/Đóng gói,positive
5296,2120200990,Eucerin,2025-12-01,Hiệu quả,neutral
5296,2120200990,Eucerin,2025-12-01,Giá cả,neutral
5296,2120200990,Eucerin,2025-12-01,Mùi hương/Kết cấu,positive
5297,2120200990,Eucerin,2025-12-01,Mùi hương/Kết cấu,positive
5297,2120200990,Eucerin,2025-12-01,Hiệu quả,positive
5298,2120200990,Eucerin,2025-11-01,Giao hàng,neutral
5298,2120200990,Eucerin,2025-11-01,Chất lượng/Đóng gói,neutral
5299,2120200990,Eucerin,2025-11-01,Hiệu quả,positive
5302,2120200990,Eucerin,2025-09-01,Hiệu quả,positive
5303,2120200990,Eucerin,2025-09-01,Giá cả,neutral
5304,2120200990,Eucerin,2025-09-01,Mùi hương/Kết cấu,neutral
5304,2120200990,Eucerin,2025-09-01,Hiệu quả,positive
5304,2120200990,Eucerin,2025-09-01,Giá cả,positive
5305,2120200990,Eucerin,2025-08-01,Dịch vụ/Uy tín,neutral
5305,2120200990,Eucerin,2025-08-01,Giá cả,positive
5306,2120200990,Eucerin,2025-08-01,Chất lượng/Đóng gói,positive
5307,2120200990,Eucerin,2025-08-01,Hiệu quả,positive
5308,2120200990,Eucerin,2025-08-01,Mùi hương/Kết cấu,neutral
5310,2120200990,Eucerin,2025-08-01,Hiệu quả,positive
5311,2120200990,Eucerin,2025-08-01,Hiệu quả,positive
5313,2120200990,Eucerin,2025-08-01,Chất lượng/Đóng gói,positive
5314,2120200990,Eucerin,2025-07-01,Dịch vụ/Uy tín,positive
5316,2120200990,Eucerin,2025-06-01,Chất lượng/Đóng gói,positive
5316,2120200990,Eucerin,2025-06-01,Giao hàng,positive
5316,2120200990,Eucerin,2025-06-01,Dịch vụ/Uy tín,positive
5316,2120200990,Eucerin,2025-06-01,Dịch vụ/Uy tín,neutral
5317,2120200990,Eucerin,2025-06-01,Mùi hương/Kết cấu,positive
5317,2120200990,Eucerin,2025-06-01,Mùi hương/Kết cấu,negative
5318,2120200990,Eucerin,2025-06-01,Chất lượng/Đóng gói,negative
5318,2120200990,Eucerin,2025-06-01,Chất lượng/Đóng gói,positive
5319,2120200990,Eucerin,2025-06-01,Hiệu quả,positive
5319,2120200990,Eucerin,2025-06-01,Hiệu quả,positive
5319,2120200990,Eucerin,2025-06-01,Giá cả,positive
5319,2120200990,Eucerin,2025-06-01,Mùi hương/Kết cấu,neutral
5319,2120200990,Eucerin,2025-06-01,Hiệu quả,positive
5319,2120200990,Eucerin,2025-06-01,Giá cả,positive
5319,2120200990,Eucerin,2025-06-01,Mùi hương/Kết cấu,positive
5320,2120200990,Eucerin,2025-06-01,Giá cả,positive
5320,2120200990,Eucerin,2025-06-01,Mùi hương/Kết cấu,positive
5320,2120200990,Eucerin,2025-06-01,Hiệu quả,positive
5322,2120200990,Eucerin,2025-06-01,Giá cả,positive
5322,2120200990,Eucerin,2025-06-01,Mùi hương/Kết cấu,positive
5323,2120200990,Eucerin,2025-06-01,Mùi hương/Kết cấu,neutral
5324,2120200990,Eucerin,2025-05-01,Giá cả,positive
5324,2120200990,Eucerin,2025-05-01,Giao hàng,neutral
5325,2120200990,Eucerin,2025-05-01,Mùi hương/Kết cấu,positive
5326,2120200990,Eucerin,2025-05-01,Mùi hương/Kết cấu,positive
5326,2120200990,Eucerin,2025-05-01,Giá cả,positive
5326,2120200990,Eucerin,2025-05-01,Mùi hương/Kết cấu,neutral
5327,2120200990,Eucerin,2025-05-01,Giá cả,positive
5329,2120200990,Eucerin,2025-05-01,Dịch vụ/Uy tín,positive
5329,2120200990,Eucerin,2025-05-01,Chất lượng/Đóng gói,neutral
5329,2120200990,Eucerin,2025-05-01,Chất lượng/Đóng gói,negative
5330,2120200990,Eucerin,2025-05-01,Giá cả,positive
5330,2120200990,Eucerin,2025-05-01,Dịch vụ/Uy tín,neutral
5331,2120200990,Eucerin,2025-05-01,Mùi hương/Kết cấu,negative
5333,2120200990,Eucerin,2025-05-01,Mùi hương/Kết cấu,positive
5333,2120200990,Eucerin,2025-05-01,Mùi hương/Kết cấu,positive
5334,2120200990,Eucerin,2025-05-01,Chất lượng/Đóng gói,positive
5334,2120200990,Eucerin,2025-05-01,Giao hàng,positive
5334,2120200990,Eucerin,2025-05-01,Dịch vụ/Uy tín,positive
5335,2120200990,Eucerin,2025-05-01,Hiệu quả,positive
5336,2120200990,Eucerin,2025-04-01,Hiệu quả,positive
5336,2120200990,Eucerin,2025-04-01,Mùi hương/Kết cấu,neutral
5337,2120200990,Eucerin,2025-04-01,Mùi hương/Kết cấu,positive
5338,2120200990,Eucerin,2025-04-01,Giao hàng,negative
5338,2120200990,Eucerin,2025-04-01,Giao hàng,neutral
5338,2120200990,Eucerin,2025-04-01,Giao hàng,neutral
5340,2120200990,Eucerin,2025-04-01,Giá cả,positive
5342,2120200990,Eucerin,2025-04-01,Giá cả,positive
5343,2120200990,Eucerin,2025-04-01,Hiệu quả,positive
5344,2120200990,Eucerin,2025-04-01,Chất lượng/Đóng gói,positive
5346,2120200990,Eucerin,2025-04-01,Mùi hương/Kết cấu,positive
5346,2120200990,Eucerin,2025-04-01,Giá cả,positive
5346,2120200990,Eucerin,2025-04-01,Mùi hương/Kết cấu,neutral
5347,2120200990,Eucerin,2025-04-01,Hiệu quả,positive
5348,2120200990,Eucerin,2025-04-01,Giá cả,positive
5349,2120200990,Eucerin,2025-04-01,Giá cả,positive
5350,2120200990,Eucerin,2025-04-01,Giá cả,neutral
5351,2120200990,Eucerin,2025-04-01,Mùi hương/Kết cấu,positive
5354,2120200990,Eucerin,2025-03-01,Giá cả,positive
5355,2120200990,Eucerin,2025-03-01,Mùi hương/Kết cấu,positive
5357,2120200990,Eucerin,2025-03-01,Mùi hương/Kết cấu,positive
5358,2120200990,Eucerin,2025-03-01,Hiệu quả,positive
5359,2120200990,Eucerin,2025-03-01,Mùi hương/Kết cấu,neutral
5361,2120200990,Eucerin,2025-03-01,Mùi hương/Kết cấu,neutral
5362,2120200990,Eucerin,2025-03-01,Mùi hương/Kết cấu,positive
5362,2120200990,Eucerin,2025-03-01,Mùi hương/Kết cấu,positive
5364,2120200990,Eucerin,2025-03-01,Giá cả,positive
5367,2120200990,Eucerin,2025-03-01,Hiệu quả,positive
5368,2120200990,Eucerin,2025-03-01,Giao hàng,neutral
5368,2120200990,Eucerin,2025-03-01,Chất lượng/Đóng gói,positive
5369,2120200990,Eucerin,2025-03-01,Giá cả,neutral
5372,2120200990,Eucerin,2025-03-01,Hiệu quả,positive
5374,2120200990,Eucerin,2025-03-01,Hiệu quả,positive
5375,2120200990,Eucerin,2025-03-01,Giá cả,positive
5377,2120200990,Eucerin,2025-03-01,Giao hàng,neutral
5377,2120200990,Eucerin,2025-03-01,Chất lượng/Đóng gói,neutral
5377,2120200990,Eucerin,2025-03-01,Chất lượng/Đóng gói,positive
5377,2120200990,Eucerin,2025-03-01,Mùi hương/Kết cấu,neutral
5378,2120200990,Eucerin,2025-03-01,Mùi hương/Kết cấu,neutral
5378,2120200990,Eucerin,2025-03-01,Chất lượng/Đóng gói,neutral
5379,2120201999,Eucerin,2023-10-01,Chất lượng/Đóng gói,negative
5380,2120201999,Eucerin,2024-12-01,Chất lượng/Đóng gói,negative
5380,2120201999,Eucerin,2024-12-01,Chất lượng/Đóng gói,neutral
5380,2120201999,Eucerin,2024-12-01,Giá cả,positive
5380,2120201999,Eucerin,2024-12-01,Chất lượng/Đóng gói,positive
5382,2120201999,Eucerin,2023-04-01,Giao hàng,neutral
5383,2120201999,Eucerin,2022-05-01,Chất lượng/Đóng gói,neutral
5383,2120201999,Eucerin,2022-05-01,Dịch vụ/Uy tín,positive
5386,2120201999,Eucerin,2022-11-01,Giao hàng,neutral
5386,2120201999,Eucerin,2022-11-01,Chất lượng/Đóng gói,neutral
5388,2120201999,Eucerin,2021-03-01,Chất lượng/Đóng gói,neutral
5389,2120201999,Eucerin,2026-04-01,Hiệu quả,positive
5389,2120201999,Eucerin,2026-04-01,Mùi hương/Kết cấu,positive
5392,2120201999,Eucerin,2025-11-01,Hiệu quả,positive
5392,2120201999,Eucerin,2025-11-01,Giá cả,positive
5392,2120201999,Eucerin,2025-11-01,Mùi hương/Kết cấu,positive
5392,2120201999,Eucerin,2025-11-01,Thành phần,positive
5393,2120201999,Eucerin,2025-10-01,Hiệu quả,positive
5393,2120201999,Eucerin,2025-10-01,Hiệu quả,positive
5395,2120201999,Eucerin,2025-09-01,Dịch vụ/Uy tín,positive
5395,2120201999,Eucerin,2025-09-01,Chất lượng/Đóng gói,positive
5396,2120201999,Eucerin,2025-09-01,Mùi hương/Kết cấu,neutral
5397,2120201999,Eucerin,2025-09-01,Hiệu quả,positive
5398,2120201999,Eucerin,2025-07-01,Thành phần,positive
5399,2120201999,Eucerin,2025-07-01,Hiệu quả,neutral
5399,2120201999,Eucerin,2025-07-01,Hiệu quả,positive
5399,2120201999,Eucerin,2025-07-01,Mùi hương/Kết cấu,positive
5399,2120201999,Eucerin,2025-07-01,Hiệu quả,positive
5400,2120201999,Eucerin,2025-07-01,Hiệu quả,positive
5400,2120201999,Eucerin,2025-07-01,Hiệu quả,neutral
5401,2120201999,Eucerin,2025-07-01,Hiệu quả,positive
5401,2120201999,Eucerin,2025-07-01,Mùi hương/Kết cấu,positive
5403,2120201999,Eucerin,2025-06-01,Chất lượng/Đóng gói,neutral
5403,2120201999,Eucerin,2025-06-01,Giao hàng,neutral
5405,2120201999,Eucerin,2025-06-01,Giá cả,neutral
5406,2120201999,Eucerin,2025-06-01,Hiệu quả,neutral
5407,2120201999,Eucerin,2025-05-01,Hiệu quả,positive
5410,2120201999,Eucerin,2025-04-01,Hiệu quả,positive
5411,2120201999,Eucerin,2025-03-01,Hiệu quả,positive
5411,2120201999,Eucerin,2025-03-01,Mùi hương/Kết cấu,positive
5411,2120201999,Eucerin,2025-03-01,Hiệu quả,positive
5414,2120201999,Eucerin,2025-03-01,Hiệu quả,positive
5417,2120201999,Eucerin,2025-02-01,Hiệu quả,positive
5417,2120201999,Eucerin,2025-02-01,Mùi hương/Kết cấu,positive
5417,2120201999,Eucerin,2025-02-01,Hiệu quả,neutral
5418,2120201999,Eucerin,2025-02-01,Giao hàng,neutral
5420,2120201999,Eucerin,2025-01-01,Hiệu quả,positive
5420,2120201999,Eucerin,2025-01-01,Giá cả,positive
5420,2120201999,Eucerin,2025-01-01,Chất lượng/Đóng gói,positive
5420,2120201999,Eucerin,2025-01-01,Thành phần,positive
5420,2120201999,Eucerin,2025-01-01,Hiệu quả,negative
5420,2120201999,Eucerin,2025-01-01,Hiệu quả,positive
5420,2120201999,Eucerin,2025-01-01,Dịch vụ/Uy tín,neutral
5421,2120201999,Eucerin,2025-01-01,Hiệu quả,positive
5421,2120201999,Eucerin,2025-01-01,Mùi hương/Kết cấu,positive
5422,2120201999,Eucerin,2025-01-01,Giao hàng,neutral
5422,2120201999,Eucerin,2025-01-01,Hiệu quả,positive
5422,2120201999,Eucerin,2025-01-01,Hiệu quả,positive
5422,2120201999,Eucerin,2025-01-01,Mùi hương/Kết cấu,positive
5423,2120201999,Eucerin,2025-01-01,Hiệu quả,positive
5423,2120201999,Eucerin,2025-01-01,Hiệu quả,neutral
5424,2120201999,Eucerin,2025-01-01,Hiệu quả,positive
5424,2120201999,Eucerin,2025-01-01,Mùi hương/Kết cấu,positive
5424,2120201999,Eucerin,2025-01-01,Hiệu quả,positive
5425,2120201999,Eucerin,2025-01-01,Hiệu quả,neutral
5425,2120201999,Eucerin,2025-01-01,Hiệu quả,positive
5426,2120201999,Eucerin,2025-01-01,Hiệu quả,positive
5426,2120201999,Eucerin,2025-01-01,Mùi hương/Kết cấu,positive
5427,2120201999,Eucerin,2025-01-01,Chất lượng/Đóng gói,neutral
5427,2120201999,Eucerin,2025-01-01,Giao hàng,neutral
5429,2120201999,Eucerin,2025-01-01,Mùi hương/Kết cấu,neutral
5429,2120201999,Eucerin,2025-01-01,Hiệu quả,positive
5429,2120201999,Eucerin,2025-01-01,Hiệu quả,positive
5430,2120201999,Eucerin,2025-01-01,Hiệu quả,neutral
5430,2120201999,Eucerin,2025-01-01,Hiệu quả,positive
5430,2120201999,Eucerin,2025-01-01,Hiệu quả,positive
5431,2120201999,Eucerin,2025-01-01,Hiệu quả,positive
5431,2120201999,Eucerin,2025-01-01,Hiệu quả,positive
5432,2120201999,Eucerin,2024-12-01,Hiệu quả,positive
5434,2120201999,Eucerin,2024-12-01,Hiệu quả,neutral
5434,2120201999,Eucerin,2024-12-01,Hiệu quả,neutral
5436,2120201999,Eucerin,2024-12-01,Hiệu quả,positive
5436,2120201999,Eucerin,2024-12-01,Hiệu quả,neutral
5437,2120201999,Eucerin,2024-11-01,Chất lượng/Đóng gói,positive
5437,2120201999,Eucerin,2024-11-01,Dịch vụ/Uy tín,positive
5437,2120201999,Eucerin,2024-11-01,Giá cả,positive
5438,2120201999,Eucerin,2024-11-01,Hiệu quả,positive
5438,2120201999,Eucerin,2024-11-01,Hiệu quả,neutral
5440,2120201999,Eucerin,2024-11-01,Hiệu quả,positive
5441,2120201999,Eucerin,2024-11-01,Hiệu quả,positive
5441,2120201999,Eucerin,2024-11-01,Hiệu quả,positive
5441,2120201999,Eucerin,2024-11-01,Mùi hương/Kết cấu,positive
5442,2120201999,Eucerin,2024-10-01,Hiệu quả,positive
5442,2120201999,Eucerin,2024-10-01,Hiệu quả,positive
5442,2120201999,Eucerin,2024-10-01,Mùi hương/Kết cấu,positive
5443,2120201999,Eucerin,2024-10-01,Hiệu quả,neutral
5443,2120201999,Eucerin,2024-10-01,Hiệu quả,positive
5443,2120201999,Eucerin,2024-10-01,Mùi hương/Kết cấu,positive
5444,2120201999,Eucerin,2024-10-01,Hiệu quả,neutral
5445,2120201999,Eucerin,2024-10-01,Hiệu quả,positive
5446,2120201999,Eucerin,2024-09-01,Mùi hương/Kết cấu,neutral
5448,2120201999,Eucerin,2024-09-01,Giá cả,neutral
5448,2120201999,Eucerin,2024-09-01,Giá cả,neutral
5449,2120201999,Eucerin,2024-09-01,Hiệu quả,positive
5449,2120201999,Eucerin,2024-09-01,Mùi hương/Kết cấu,positive
5449,2120201999,Eucerin,2024-09-01,Hiệu quả,positive
5449,2120201999,Eucerin,2024-09-01,Mùi hương/Kết cấu,positive
5449,2120201999,Eucerin,2024-09-01,Hiệu quả,positive
5449,2120201999,Eucerin,2024-09-01,Mùi hương/Kết cấu,positive
5449,2120201999,Eucerin,2024-09-01,Hiệu quả,positive
5449,2120201999,Eucerin,2024-09-01,Mùi hương/Kết cấu,positive
5450,2120201999,Eucerin,2024-09-01,Hiệu quả,positive
5451,2120201999,Eucerin,2024-09-01,Hiệu quả,positive
5453,2120201999,Eucerin,2024-08-01,Hiệu quả,positive
5454,2120201999,Eucerin,2024-08-01,Hiệu quả,positive
5455,2120201999,Eucerin,2024-08-01,Hiệu quả,positive
5456,2120201999,Eucerin,2024-07-01,Hiệu quả,positive
5456,2120201999,Eucerin,2024-07-01,Hiệu quả,neutral
5456,2120201999,Eucerin,2024-07-01,Hiệu quả,neutral
5457,2120201999,Eucerin,2024-07-01,Hiệu quả,neutral
5458,2120201999,Eucerin,2024-07-01,Giá cả,positive
5459,2120201999,Eucerin,2024-07-01,Hiệu quả,neutral
5459,2120201999,Eucerin,2024-07-01,Chất lượng/Đóng gói,neutral
5460,2120201999,Eucerin,2024-06-01,Hiệu quả,neutral
5461,2120201999,Eucerin,2024-06-01,Hiệu quả,positive
5462,2120201999,Eucerin,2024-06-01,Hiệu quả,neutral
5463,2120201999,Eucerin,2024-06-01,Hiệu quả,neutral
5463,2120201999,Eucerin,2024-06-01,Hiệu quả,positive
5464,2120201999,Eucerin,2024-06-01,Hiệu quả,neutral
5465,2120201999,Eucerin,2024-06-01,Hiệu quả,positive
5466,2120201999,Eucerin,2024-06-01,Hiệu quả,positive
5466,2120201999,Eucerin,2024-06-01,Hiệu quả,neutral
5467,2120201999,Eucerin,2024-06-01,Hiệu quả,neutral
5469,2120201999,Eucerin,2024-06-01,Hiệu quả,positive
5470,2120201999,Eucerin,2024-06-01,Hiệu quả,neutral
5471,2120201999,Eucerin,2024-06-01,Hiệu quả,neutral
5472,2120201999,Eucerin,2024-06-01,Hiệu quả,positive
5472,2120201999,Eucerin,2024-06-01,Hiệu quả,neutral
5472,2120201999,Eucerin,2024-06-01,Hiệu quả,positive
5473,2120201999,Eucerin,2024-05-01,Hiệu quả,neutral
5474,2120201999,Eucerin,2024-05-01,Hiệu quả,positive
5475,2120201999,Eucerin,2024-05-01,Hiệu quả,positive
5476,2120201999,Eucerin,2024-05-01,Giá cả,neutral
5477,2120201999,Eucerin,2024-05-01,Hiệu quả,positive
5478,2120201999,Eucerin,2024-05-01,Hiệu quả,neutral
5479,2120201999,Eucerin,2024-05-01,Giá cả,neutral
5479,2120201999,Eucerin,2024-05-01,Chất lượng/Đóng gói,neutral
5479,2120201999,Eucerin,2024-05-01,Giao hàng,neutral
5480,2120201999,Eucerin,2024-05-01,Hiệu quả,positive
5482,2029022120,CeraVe,2026-04-01,Dịch vụ/Uy tín,negative
5482,2029022120,CeraVe,2026-04-01,Giá cả,neutral
5482,2029022120,CeraVe,2026-04-01,Giá cả,neutral
5483,2029022120,CeraVe,2025-12-01,Chất lượng/Đóng gói,neutral
5484,2029022120,CeraVe,2025-10-01,Hiệu quả,neutral
5484,2029022120,CeraVe,2025-10-01,Dịch vụ/Uy tín,neutral
5484,2029022120,CeraVe,2025-10-01,Dịch vụ/Uy tín,negative
5485,2029022120,CeraVe,2025-06-01,Giá cả,neutral
5487,2029022120,CeraVe,2025-04-01,Giao hàng,neutral
5487,2029022120,CeraVe,2025-04-01,Giá cả,neutral
5488,2029022120,CeraVe,2024-11-01,Giá cả,neutral
5488,2029022120,CeraVe,2024-11-01,Mùi hương/Kết cấu,neutral
5488,2029022120,CeraVe,2024-11-01,Dịch vụ/Uy tín,negative
5489,2029022120,CeraVe,2024-09-01,Mùi hương/Kết cấu,neutral
5489,2029022120,CeraVe,2024-09-01,Mùi hương/Kết cấu,neutral
5489,2029022120,CeraVe,2024-09-01,Mùi hương/Kết cấu,neutral
5489,2029022120,CeraVe,2024-09-01,Giá cả,neutral
5489,2029022120,CeraVe,2024-09-01,Mùi hương/Kết cấu,neutral
5490,2029022120,CeraVe,2024-09-01,Mùi hương/Kết cấu,neutral
5491,2029022120,CeraVe,2024-09-01,Giá cả,neutral
5491,2029022120,CeraVe,2024-09-01,Giao hàng,neutral
5493,2029022120,CeraVe,2024-08-01,Mùi hương/Kết cấu,neutral
5493,2029022120,CeraVe,2024-08-01,Dịch vụ/Uy tín,neutral
5493,2029022120,CeraVe,2024-08-01,Dịch vụ/Uy tín,neutral
5493,2029022120,CeraVe,2024-08-01,Dịch vụ/Uy tín,neutral
5493,2029022120,CeraVe,2024-08-01,Dịch vụ/Uy tín,neutral
5493,2029022120,CeraVe,2024-08-01,Dịch vụ/Uy tín,neutral
5493,2029022120,CeraVe,2024-08-01,Dịch vụ/Uy tín,neutral
5494,2029022120,CeraVe,2024-07-01,Dịch vụ/Uy tín,neutral
5494,2029022120,CeraVe,2024-07-01,Dịch vụ/Uy tín,neutral
5496,2029022120,CeraVe,2024-07-01,Dịch vụ/Uy tín,neutral
5496,2029022120,CeraVe,2024-07-01,Dịch vụ/Uy tín,neutral
5497,2029022120,CeraVe,2024-06-01,Dịch vụ/Uy tín,neutral
5497,2029022120,CeraVe,2024-06-01,Hiệu quả,neutral
5498,2029022120,CeraVe,2024-06-01,Dịch vụ/Uy tín,neutral
5498,2029022120,CeraVe,2024-06-01,Dịch vụ/Uy tín,neutral
5500,2029022120,CeraVe,2024-05-01,Chất lượng/Đóng gói,negative
5501,2029022120,CeraVe,2024-05-01,Hiệu quả,negative
5502,2029022120,CeraVe,2024-03-01,Chất lượng/Đóng gói,neutral
5504,2029022120,CeraVe,2023-11-01,Hiệu quả,positive
5504,2029022120,CeraVe,2023-11-01,Mùi hương/Kết cấu,positive
5505,2029022120,CeraVe,2023-11-01,Giá cả,neutral
5505,2029022120,CeraVe,2023-11-01,Chất lượng/Đóng gói,neutral
5505,2029022120,CeraVe,2023-11-01,Dịch vụ/Uy tín,neutral
5505,2029022120,CeraVe,2023-11-01,Giá cả,negative
5505,2029022120,CeraVe,2023-11-01,Chất lượng/Đóng gói,neutral
5505,2029022120,CeraVe,2023-11-01,Giao hàng,negative
5506,2029022120,CeraVe,2023-11-01,Chất lượng/Đóng gói,neutral
5507,2029022120,CeraVe,2023-11-01,Chất lượng/Đóng gói,neutral
5507,2029022120,CeraVe,2023-11-01,Chất lượng/Đóng gói,negative
5507,2029022120,CeraVe,2023-11-01,Chất lượng/Đóng gói,neutral
5507,2029022120,CeraVe,2023-11-01,Chất lượng/Đóng gói,negative
5508,2029022120,CeraVe,2023-11-01,Chất lượng/Đóng gói,negative
5508,2029022120,CeraVe,2023-11-01,Chất lượng/Đóng gói,neutral
5509,2029022120,CeraVe,2023-11-01,Giá cả,neutral
5509,2029022120,CeraVe,2023-11-01,Giao hàng,neutral
5510,2029022120,CeraVe,2023-11-01,Chất lượng/Đóng gói,negative
5511,2029022120,CeraVe,2023-10-01,Hiệu quả,negative
5511,2029022120,CeraVe,2023-10-01,Hiệu quả,negative
5511,2029022120,CeraVe,2023-10-01,Mùi hương/Kết cấu,neutral
5512,2029022120,CeraVe,2023-10-01,Hiệu quả,neutral
5512,2029022120,CeraVe,2023-10-01,Chất lượng/Đóng gói,neutral
5513,2029022120,CeraVe,2023-10-01,Hiệu quả,positive
5513,2029022120,CeraVe,2023-10-01,Giá cả,neutral
5513,2029022120,CeraVe,2023-10-01,Dịch vụ/Uy tín,neutral
5513,2029022120,CeraVe,2023-10-01,Dịch vụ/Uy tín,neutral
5513,2029022120,CeraVe,2023-10-01,Chất lượng/Đóng gói,neutral
5513,2029022120,CeraVe,2023-10-01,Dịch vụ/Uy tín,neutral
5513,2029022120,CeraVe,2023-10-01,Dịch vụ/Uy tín,neutral
5513,2029022120,CeraVe,2023-10-01,Dịch vụ/Uy tín,neutral
5513,2029022120,CeraVe,2023-10-01,Dịch vụ/Uy tín,neutral
5514,2029022120,CeraVe,2023-09-01,Giá cả,neutral
5516,2029022120,CeraVe,2023-09-01,Chất lượng/Đóng gói,negative
5516,2029022120,CeraVe,2023-09-01,Chất lượng/Đóng gói,neutral
5518,2029022120,CeraVe,2023-08-01,Chất lượng/Đóng gói,negative
5518,2029022120,CeraVe,2023-08-01,Chất lượng/Đóng gói,negative
5518,2029022120,CeraVe,2023-08-01,Giá cả,negative
5518,2029022120,CeraVe,2023-08-01,Chất lượng/Đóng gói,negative
5518,2029022120,CeraVe,2023-08-01,Hiệu quả,positive
5518,2029022120,CeraVe,2023-08-01,Giá cả,positive
5520,2029022120,CeraVe,2023-07-01,Chất lượng/Đóng gói,neutral
5520,2029022120,CeraVe,2023-07-01,Chất lượng/Đóng gói,neutral
5520,2029022120,CeraVe,2023-07-01,Chất lượng/Đóng gói,neutral
5520,2029022120,CeraVe,2023-07-01,Dịch vụ/Uy tín,neutral
5523,2029022120,CeraVe,2023-06-01,Chất lượng/Đóng gói,negative
5524,2029022120,CeraVe,2023-06-01,Chất lượng/Đóng gói,neutral
5528,2029022120,CeraVe,2023-06-01,Giao hàng,neutral
5528,2029022120,CeraVe,2023-06-01,Dịch vụ/Uy tín,neutral
5528,2029022120,CeraVe,2023-06-01,Chất lượng/Đóng gói,neutral
5528,2029022120,CeraVe,2023-06-01,Chất lượng/Đóng gói,neutral
5528,2029022120,CeraVe,2023-06-01,Giá cả,neutral
5528,2029022120,CeraVe,2023-06-01,Chất lượng/Đóng gói,neutral
5528,2029022120,CeraVe,2023-06-01,Chất lượng/Đóng gói,positive
5530,2029022120,CeraVe,2023-06-01,Chất lượng/Đóng gói,neutral
5530,2029022120,CeraVe,2023-06-01,Giao hàng,neutral
5531,2029022120,CeraVe,2023-06-01,Chất lượng/Đóng gói,neutral
5531,2029022120,CeraVe,2023-06-01,Dịch vụ/Uy tín,negative
5533,2029022120,CeraVe,2023-06-01,Chất lượng/Đóng gói,neutral
5533,2029022120,CeraVe,2023-06-01,Dịch vụ/Uy tín,neutral
5534,2029022120,CeraVe,2023-05-01,Giao hàng,negative
5534,2029022120,CeraVe,2023-05-01,Chất lượng/Đóng gói,neutral
5537,2029022120,CeraVe,2023-05-01,Chất lượng/Đóng gói,neutral
5538,2029022120,CeraVe,2023-05-01,Dịch vụ/Uy tín,negative
5538,2029022120,CeraVe,2023-05-01,Dịch vụ/Uy tín,neutral
5538,2029022120,CeraVe,2023-05-01,Dịch vụ/Uy tín,neutral
5539,2029022120,CeraVe,2023-04-01,Dịch vụ/Uy tín,neutral
5540,2029022120,CeraVe,2023-04-01,Chất lượng/Đóng gói,neutral
5540,2029022120,CeraVe,2023-04-01,Chất lượng/Đóng gói,neutral
5540,2029022120,CeraVe,2023-04-01,Chất lượng/Đóng gói,neutral
5540,2029022120,CeraVe,2023-04-01,Giá cả,neutral
5540,2029022120,CeraVe,2023-04-01,Dịch vụ/Uy tín,neutral
5540,2029022120,CeraVe,2023-04-01,Dịch vụ/Uy tín,neutral
5540,2029022120,CeraVe,2023-04-01,Chất lượng/Đóng gói,neutral
5540,2029022120,CeraVe,2023-04-01,Hiệu quả,positive
5540,2029022120,CeraVe,2023-04-01,Dịch vụ/Uy tín,positive
5541,2029022120,CeraVe,2023-04-01,Chất lượng/Đóng gói,neutral
5542,2029022120,CeraVe,2023-04-01,Chất lượng/Đóng gói,negative
5542,2029022120,CeraVe,2023-04-01,Chất lượng/Đóng gói,positive
5543,2029022120,CeraVe,2023-04-01,Giá cả,neutral
5543,2029022120,CeraVe,2023-04-01,Chất lượng/Đóng gói,negative
5545,2029022120,CeraVe,2023-02-01,Thành phần,neutral
5547,2029022120,CeraVe,2022-10-01,Mùi hương/Kết cấu,neutral
5548,2029022120,CeraVe,2022-10-01,Chất lượng/Đóng gói,positive
5548,2029022120,CeraVe,2022-10-01,Dịch vụ/Uy tín,negative
5549,2029022120,CeraVe,2022-10-01,Chất lượng/Đóng gói,negative
5549,2029022120,CeraVe,2022-10-01,Giao hàng,negative
5549,2029022120,CeraVe,2022-10-01,Chất lượng/Đóng gói,neutral
5551,2029022120,CeraVe,2024-10-01,Mùi hương/Kết cấu,negative
5551,2029022120,CeraVe,2024-10-01,Mùi hương/Kết cấu,neutral
5552,2029022120,CeraVe,2024-06-01,Giá cả,neutral
5552,2029022120,CeraVe,2024-06-01,Hiệu quả,neutral
5552,2029022120,CeraVe,2024-06-01,Giá cả,neutral
5553,2029022120,CeraVe,2024-05-01,Chất lượng/Đóng gói,neutral
5555,2029022120,CeraVe,2023-11-01,Chất lượng/Đóng gói,neutral
5557,2029022120,CeraVe,2023-10-01,Chất lượng/Đóng gói,neutral
5558,2029022120,CeraVe,2023-10-01,Dịch vụ/Uy tín,neutral
5558,2029022120,CeraVe,2023-10-01,Dịch vụ/Uy tín,neutral
5559,2029022120,CeraVe,2023-07-01,Giao hàng,neutral
5559,2029022120,CeraVe,2023-07-01,Chất lượng/Đóng gói,neutral
5559,2029022120,CeraVe,2023-07-01,Chất lượng/Đóng gói,negative
5560,2029022120,CeraVe,2023-06-01,Chất lượng/Đóng gói,neutral
5561,2029022120,CeraVe,2023-04-01,Giá cả,neutral
5561,2029022120,CeraVe,2023-04-01,Chất lượng/Đóng gói,positive
5562,2029022120,CeraVe,2023-04-01,Chất lượng/Đóng gói,negative
5562,2029022120,CeraVe,2023-04-01,Chất lượng/Đóng gói,neutral
5565,2029022120,CeraVe,2022-10-01,Dịch vụ/Uy tín,neutral
5567,2029022120,CeraVe,2024-10-01,Mùi hương/Kết cấu,neutral
5570,2029022120,CeraVe,2024-06-01,Hiệu quả,neutral
5571,2029022120,CeraVe,2024-06-01,Chất lượng/Đóng gói,neutral
5571,2029022120,CeraVe,2024-06-01,Giá cả,negative
5572,2029022120,CeraVe,2023-12-01,Thành phần,positive
5572,2029022120,CeraVe,2023-12-01,Mùi hương/Kết cấu,positive
5572,2029022120,CeraVe,2023-12-01,Giá cả,negative
5573,2029022120,CeraVe,2023-11-01,Chất lượng/Đóng gói,neutral
5574,2029022120,CeraVe,2023-11-01,Giao hàng,neutral
5574,2029022120,CeraVe,2023-11-01,Giá cả,neutral
5575,2029022120,CeraVe,2023-11-01,Chất lượng/Đóng gói,neutral
5576,2029022120,CeraVe,2023-11-01,Giao hàng,neutral
5578,2029022120,CeraVe,2023-09-01,Hiệu quả,positive
5578,2029022120,CeraVe,2023-09-01,Chất lượng/Đóng gói,positive
5578,2029022120,CeraVe,2023-09-01,Mùi hương/Kết cấu,positive
5579,2029022120,CeraVe,2023-09-01,Chất lượng/Đóng gói,neutral
5579,2029022120,CeraVe,2023-09-01,Dịch vụ/Uy tín,negative
5581,2029022120,CeraVe,2023-07-01,Chất lượng/Đóng gói,neutral
5582,2029022120,CeraVe,2023-07-01,Chất lượng/Đóng gói,negative
5583,2029022120,CeraVe,2023-07-01,Chất lượng/Đóng gói,neutral
5586,2029022120,CeraVe,2023-06-01,Giao hàng,neutral
5586,2029022120,CeraVe,2023-06-01,Dịch vụ/Uy tín,neutral
5586,2029022120,CeraVe,2023-06-01,Dịch vụ/Uy tín,neutral
5587,2029022120,CeraVe,2023-06-01,Chất lượng/Đóng gói,positive
5589,2029022120,CeraVe,2023-06-01,Dịch vụ/Uy tín,neutral
5589,2029022120,CeraVe,2023-06-01,Dịch vụ/Uy tín,neutral
5589,2029022120,CeraVe,2023-06-01,Chất lượng/Đóng gói,negative
5589,2029022120,CeraVe,2023-06-01,Dịch vụ/Uy tín,negative
5590,2029022120,CeraVe,2023-05-01,Chất lượng/Đóng gói,neutral
5590,2029022120,CeraVe,2023-05-01,Giao hàng,negative
5590,2029022120,CeraVe,2023-05-01,Giao hàng,neutral
5591,2029022120,CeraVe,2023-05-01,Dịch vụ/Uy tín,neutral
5592,2029022120,CeraVe,2023-05-01,Hiệu quả,positive
5592,2029022120,CeraVe,2023-05-01,Dịch vụ/Uy tín,positive
5594,2029022120,CeraVe,2023-05-01,Chất lượng/Đóng gói,neutral
5595,2029022120,CeraVe,2023-05-01,Chất lượng/Đóng gói,positive
5596,2029022120,CeraVe,2023-04-01,Chất lượng/Đóng gói,positive
5597,2029022120,CeraVe,2023-04-01,Giao hàng,neutral
5598,2029022120,CeraVe,2023-03-01,Dịch vụ/Uy tín,neutral
5598,2029022120,CeraVe,2023-03-01,Chất lượng/Đóng gói,neutral
5599,2029022120,CeraVe,2023-03-01,Giá cả,neutral
5599,2029022120,CeraVe,2023-03-01,Chất lượng/Đóng gói,positive
5599,2029022120,CeraVe,2023-03-01,Mùi hương/Kết cấu,positive
5600,2029022120,CeraVe,2023-03-01,Giá cả,positive
5600,2029022120,CeraVe,2023-03-01,Chất lượng/Đóng gói,positive
5600,2029022120,CeraVe,2023-03-01,Dịch vụ/Uy tín,positive
5600,2029022120,CeraVe,2023-03-01,Chất lượng/Đóng gói,neutral
5602,2029022120,CeraVe,2023-03-01,Chất lượng/Đóng gói,neutral
5602,2029022120,CeraVe,2023-03-01,Giao hàng,neutral
5603,2029022120,CeraVe,2023-02-01,Dịch vụ/Uy tín,neutral
5603,2029022120,CeraVe,2023-02-01,Giao hàng,neutral
5605,2029022120,CeraVe,2024-12-01,Mùi hương/Kết cấu,negative
5605,2029022120,CeraVe,2024-12-01,Mùi hương/Kết cấu,neutral
5607,2029022120,CeraVe,2024-07-01,Chất lượng/Đóng gói,positive
5607,2029022120,CeraVe,2024-07-01,Dịch vụ/Uy tín,neutral
5607,2029022120,CeraVe,2024-07-01,Dịch vụ/Uy tín,neutral
5608,2029022120,CeraVe,2024-07-01,Giá cả,positive
5609,2029022120,CeraVe,2024-06-01,Chất lượng/Đóng gói,neutral
5609,2029022120,CeraVe,2024-06-01,Chất lượng/Đóng gói,neutral
5609,2029022120,CeraVe,2024-06-01,Chất lượng/Đóng gói,neutral
5609,2029022120,CeraVe,2024-06-01,Chất lượng/Đóng gói,neutral
5609,2029022120,CeraVe,2024-06-01,Chất lượng/Đóng gói,positive
5611,2029022120,CeraVe,2024-04-01,Chất lượng/Đóng gói,positive
5614,2029022120,CeraVe,2024-01-01,Mùi hương/Kết cấu,neutral
5615,2029022120,CeraVe,2023-12-01,Chất lượng/Đóng gói,positive
5615,2029022120,CeraVe,2023-12-01,Mùi hương/Kết cấu,positive
5615,2029022120,CeraVe,2023-12-01,Hiệu quả,negative
5616,2029022120,CeraVe,2023-11-01,Giá cả,positive
5616,2029022120,CeraVe,2023-11-01,Dịch vụ/Uy tín,neutral
5617,2029022120,CeraVe,2023-11-01,Chất lượng/Đóng gói,neutral
5619,2029022120,CeraVe,2023-09-01,Chất lượng/Đóng gói,neutral
5619,2029022120,CeraVe,2023-09-01,Chất lượng/Đóng gói,neutral
5619,2029022120,CeraVe,2023-09-01,Chất lượng/Đóng gói,neutral
5619,2029022120,CeraVe,2023-09-01,Giao hàng,neutral
5619,2029022120,CeraVe,2023-09-01,Chất lượng/Đóng gói,neutral
5620,2029022120,CeraVe,2023-09-01,Hiệu quả,positive
5620,2029022120,CeraVe,2023-09-01,Chất lượng/Đóng gói,positive
5620,2029022120,CeraVe,2023-09-01,Mùi hương/Kết cấu,positive
5621,2029022120,CeraVe,2023-07-01,Giao hàng,neutral
5621,2029022120,CeraVe,2023-07-01,Mùi hương/Kết cấu,neutral
5622,2029022120,CeraVe,2023-07-01,Chất lượng/Đóng gói,positive
5623,2029022120,CeraVe,2023-07-01,Giá cả,neutral
5623,2029022120,CeraVe,2023-07-01,Giá cả,neutral
5623,2029022120,CeraVe,2023-07-01,Dịch vụ/Uy tín,neutral
5623,2029022120,CeraVe,2023-07-01,Hiệu quả,neutral
5623,2029022120,CeraVe,2023-07-01,Giá cả,neutral
5623,2029022120,CeraVe,2023-07-01,Giao hàng,neutral
5623,2029022120,CeraVe,2023-07-01,Giá cả,neutral
5623,2029022120,CeraVe,2023-07-01,Chất lượng/Đóng gói,negative
5624,2029022120,CeraVe,2023-06-01,Dịch vụ/Uy tín,neutral
5624,2029022120,CeraVe,2023-06-01,Chất lượng/Đóng gói,neutral
5624,2029022120,CeraVe,2023-06-01,Chất lượng/Đóng gói,negative
5625,2029022120,CeraVe,2023-06-01,Mùi hương/Kết cấu,neutral
5625,2029022120,CeraVe,2023-06-01,Mùi hương/Kết cấu,neutral
5626,2029022120,CeraVe,2023-06-01,Dịch vụ/Uy tín,neutral
5627,2029022120,CeraVe,2023-06-01,Mùi hương/Kết cấu,positive
5627,2029022120,CeraVe,2023-06-01,Hiệu quả,negative
5627,2029022120,CeraVe,2023-06-01,Dịch vụ/Uy tín,neutral
5627,2029022120,CeraVe,2023-06-01,Chất lượng/Đóng gói,neutral
5627,2029022120,CeraVe,2023-06-01,Giao hàng,neutral
5627,2029022120,CeraVe,2023-06-01,Dịch vụ/Uy tín,neutral
5627,2029022120,CeraVe,2023-06-01,Hiệu quả,positive
5627,2029022120,CeraVe,2023-06-01,Chất lượng/Đóng gói,positive
5627,2029022120,CeraVe,2023-06-01,Dịch vụ/Uy tín,positive
5629,2029022120,CeraVe,2023-06-01,Chất lượng/Đóng gói,neutral
5629,2029022120,CeraVe,2023-06-01,Dịch vụ/Uy tín,neutral
5629,2029022120,CeraVe,2023-06-01,Chất lượng/Đóng gói,neutral
5629,2029022120,CeraVe,2023-06-01,Giao hàng,neutral
5629,2029022120,CeraVe,2023-06-01,Giá cả,positive
5629,2029022120,CeraVe,2023-06-01,Chất lượng/Đóng gói,positive
5629,2029022120,CeraVe,2023-06-01,Chất lượng/Đóng gói,neutral
5632,2029022120,CeraVe,2023-05-01,Chất lượng/Đóng gói,positive
5632,2029022120,CeraVe,2023-05-01,Mùi hương/Kết cấu,neutral
5633,2029022120,CeraVe,2023-05-01,Mùi hương/Kết cấu,neutral
5633,2029022120,CeraVe,2023-05-01,Dịch vụ/Uy tín,neutral
5634,2029022120,CeraVe,2023-05-01,Chất lượng/Đóng gói,neutral
5634,2029022120,CeraVe,2023-05-01,Dịch vụ/Uy tín,neutral
5634,2029022120,CeraVe,2023-05-01,Giao hàng,neutral
5635,2029022120,CeraVe,2023-04-01,Chất lượng/Đóng gói,neutral
5635,2029022120,CeraVe,2023-04-01,Chất lượng/Đóng gói,positive
5635,2029022120,CeraVe,2023-04-01,Dịch vụ/Uy tín,positive
5636,2029022120,CeraVe,2023-04-01,Giá cả,positive
5636,2029022120,CeraVe,2023-04-01,Chất lượng/Đóng gói,neutral
5637,2029022120,CeraVe,2023-03-01,Chất lượng/Đóng gói,positive
5637,2029022120,CeraVe,2023-03-01,Giá cả,positive
5638,2029022120,CeraVe,2023-03-01,Dịch vụ/Uy tín,neutral
5638,2029022120,CeraVe,2023-03-01,Chất lượng/Đóng gói,negative
5638,2029022120,CeraVe,2023-03-01,Chất lượng/Đóng gói,negative
5639,2029022120,CeraVe,2023-03-01,Chất lượng/Đóng gói,negative
5640,2029022120,CeraVe,2023-02-01,Giao hàng,neutral
5641,2029022120,CeraVe,2023-02-01,Chất lượng/Đóng gói,neutral
5642,2029022120,CeraVe,2023-02-01,Giá cả,neutral
5642,2029022120,CeraVe,2023-02-01,Chất lượng/Đóng gói,positive
5642,2029022120,CeraVe,2023-02-01,Mùi hương/Kết cấu,neutral
5644,2029022120,CeraVe,2026-04-01,Hiệu quả,positive
5644,2029022120,CeraVe,2026-04-01,Giá cả,positive
5646,2029022120,CeraVe,2026-04-01,Hiệu quả,neutral
5647,2029022120,CeraVe,2026-04-01,Hiệu quả,positive
5647,2029022120,CeraVe,2026-04-01,Giá cả,positive
5648,2029022120,CeraVe,2026-04-01,Hiệu quả,positive
5648,2029022120,CeraVe,2026-04-01,Giá cả,positive
5650,2029022120,CeraVe,2026-04-01,Hiệu quả,positive
5650,2029022120,CeraVe,2026-04-01,Giá cả,positive
5651,2029022120,CeraVe,2026-04-01,Hiệu quả,neutral
5658,2029022120,CeraVe,2026-04-01,Chất lượng/Đóng gói,positive
5658,2029022120,CeraVe,2026-04-01,Giao hàng,neutral
5660,2029022120,CeraVe,2026-04-01,Hiệu quả,positive
5660,2029022120,CeraVe,2026-04-01,Giá cả,positive
5660,2029022120,CeraVe,2026-04-01,Hiệu quả,neutral
5661,2029022120,CeraVe,2026-04-01,Hiệu quả,positive
5661,2029022120,CeraVe,2026-04-01,Giá cả,positive
5662,2029022120,CeraVe,2026-04-01,Giá cả,neutral
5662,2029022120,CeraVe,2026-04-01,Giá cả,neutral
5663,2029022120,CeraVe,2026-04-01,Hiệu quả,positive
5663,2029022120,CeraVe,2026-04-01,Giá cả,positive
5664,2029022120,CeraVe,2026-03-01,Chất lượng/Đóng gói,positive
5664,2029022120,CeraVe,2026-03-01,Dịch vụ/Uy tín,positive
5664,2029022120,CeraVe,2026-03-01,Hiệu quả,positive
5664,2029022120,CeraVe,2026-03-01,Giá cả,positive
5668,2029022120,CeraVe,2026-03-01,Giá cả,positive
5668,2029022120,CeraVe,2026-03-01,Thành phần,positive
5669,2029022120,CeraVe,2026-03-01,Giá cả,positive
5669,2029022120,CeraVe,2026-03-01,Hiệu quả,positive
5669,2029022120,CeraVe,2026-03-01,Giá cả,positive
5673,2029022120,CeraVe,2026-03-01,Giao hàng,neutral
5673,2029022120,CeraVe,2026-03-01,Dịch vụ/Uy tín,positive
5675,2029022120,CeraVe,2026-03-01,Hiệu quả,positive
5675,2029022120,CeraVe,2026-03-01,Thành phần,neutral
5675,2029022120,CeraVe,2026-03-01,Thành phần,neutral
5676,2029022120,CeraVe,2026-03-01,Giá cả,positive
5676,2029022120,CeraVe,2026-03-01,Chất lượng/Đóng gói,positive
5676,2029022120,CeraVe,2026-03-01,Dịch vụ/Uy tín,positive
5677,2029022120,CeraVe,2026-03-01,Hiệu quả,neutral
5679,2029022120,CeraVe,2026-03-01,Hiệu quả,positive
5679,2029022120,CeraVe,2026-03-01,Chất lượng/Đóng gói,neutral
5679,2029022120,CeraVe,2026-03-01,Giao hàng,neutral
5680,2029022120,CeraVe,2026-03-01,Hiệu quả,neutral
5683,2029022120,CeraVe,2026-03-01,Hiệu quả,positive
5683,2029022120,CeraVe,2026-03-01,Giá cả,positive
5684,2029022120,CeraVe,2026-03-01,Hiệu quả,neutral
5685,2029022120,CeraVe,2026-03-01,Hiệu quả,neutral
5688,2029022120,CeraVe,2026-03-01,Giá cả,neutral
5689,2029022120,CeraVe,2026-03-01,Chất lượng/Đóng gói,neutral
5689,2029022120,CeraVe,2026-03-01,Giao hàng,neutral
5690,2029022120,CeraVe,2026-03-01,Hiệu quả,neutral
5692,2029022120,CeraVe,2026-03-01,Hiệu quả,neutral
5695,2029022120,CeraVe,2026-03-01,Giao hàng,neutral
5695,2029022120,CeraVe,2026-03-01,Dịch vụ/Uy tín,neutral
5695,2029022120,CeraVe,2026-03-01,Giá cả,positive
5695,2029022120,CeraVe,2026-03-01,Thành phần,neutral
5697,2029022120,CeraVe,2026-03-01,Chất lượng/Đóng gói,positive
5697,2029022120,CeraVe,2026-03-01,Chất lượng/Đóng gói,neutral
5697,2029022120,CeraVe,2026-03-01,Giao hàng,neutral
5699,2029022120,CeraVe,2026-03-01,Hiệu quả,positive
5699,2029022120,CeraVe,2026-03-01,Giá cả,positive
5701,2029022120,CeraVe,2026-03-01,Hiệu quả,positive
5701,2029022120,CeraVe,2026-03-01,Giá cả,positive
5701,2029022120,CeraVe,2026-03-01,Thành phần,positive
5701,2029022120,CeraVe,2026-03-01,Thành phần,neutral
5702,2029022120,CeraVe,2026-03-01,Giá cả,neutral
5702,2029022120,CeraVe,2026-03-01,Hiệu quả,neutral
5705,2029022120,CeraVe,2026-03-01,Hiệu quả,neutral
5708,2029022120,CeraVe,2026-03-01,Hiệu quả,positive
5708,2029022120,CeraVe,2026-03-01,Mùi hương/Kết cấu,positive
5708,2029022120,CeraVe,2026-03-01,Giao hàng,neutral
5708,2029022120,CeraVe,2026-03-01,Giá cả,positive
5711,2029022120,CeraVe,2026-02-01,Hiệu quả,positive
5711,2029022120,CeraVe,2026-02-01,Giá cả,positive
5712,2029022120,CeraVe,2026-02-01,Hiệu quả,neutral
5713,2029022120,CeraVe,2026-02-01,Hiệu quả,neutral
5715,2029022120,CeraVe,2026-02-01,Hiệu quả,positive
5715,2029022120,CeraVe,2026-02-01,Hiệu quả,positive
5715,2029022120,CeraVe,2026-02-01,Mùi hương/Kết cấu,positive
5715,2029022120,CeraVe,2026-02-01,Hiệu quả,positive
5715,2029022120,CeraVe,2026-02-01,Mùi hương/Kết cấu,positive
5715,2029022120,CeraVe,2026-02-01,Giá cả,neutral
5716,2029022120,CeraVe,2026-02-01,Hiệu quả,positive
5716,2029022120,CeraVe,2026-02-01,Giá cả,positive
5717,2029022120,CeraVe,2026-02-01,Hiệu quả,positive
5717,2029022120,CeraVe,2026-02-01,Giá cả,positive
5717,2029022120,CeraVe,2026-02-01,Thành phần,positive
5717,2029022120,CeraVe,2026-02-01,Thành phần,neutral
5717,2029022120,CeraVe,2026-02-01,Thành phần,neutral
5719,2029022120,CeraVe,2026-02-01,Giao hàng,neutral
5719,2029022120,CeraVe,2026-02-01,Chất lượng/Đóng gói,neutral
5719,2029022120,CeraVe,2026-02-01,Dịch vụ/Uy tín,neutral
5721,2029022120,CeraVe,2026-02-01,Hiệu quả,positive
5721,2029022120,CeraVe,2026-02-01,Giá cả,positive
5724,2029022120,CeraVe,2026-01-01,Hiệu quả,positive
5724,2029022120,CeraVe,2026-01-01,Giá cả,positive
5724,2029022120,CeraVe,2026-01-01,Thành phần,positive
5725,2029022120,CeraVe,2026-01-01,Hiệu quả,positive
5725,2029022120,CeraVe,2026-01-01,Hiệu quả,positive
5725,2029022120,CeraVe,2026-01-01,Thành phần,neutral
5726,2029022120,CeraVe,2025-12-01,Dịch vụ/Uy tín,neutral
5730,2029022120,CeraVe,2025-12-01,Hiệu quả,positive
5730,2029022120,CeraVe,2025-12-01,Giá cả,positive
5731,2029022120,CeraVe,2025-11-01,Chất lượng/Đóng gói,positive
5731,2029022120,CeraVe,2025-11-01,Giao hàng,neutral
5731,2029022120,CeraVe,2025-11-01,Chất lượng/Đóng gói,positive
5732,2029022120,CeraVe,2025-11-01,Giá cả,positive
5732,2029022120,CeraVe,2025-11-01,Chất lượng/Đóng gói,positive
5735,2029022120,CeraVe,2025-11-01,Hiệu quả,positive
5735,2029022120,CeraVe,2025-11-01,Giá cả,positive
5735,2029022120,CeraVe,2025-11-01,Thành phần,positive
5735,2029022120,CeraVe,2025-11-01,Giao hàng,neutral
5736,2028836862,CeraVe,2026-04-01,Dịch vụ/Uy tín,negative
5736,2028836862,CeraVe,2026-04-01,Giá cả,neutral
5736,2028836862,CeraVe,2026-04-01,Giá cả,neutral
5737,2028836862,CeraVe,2025-04-01,Hiệu quả,negative
5737,2028836862,CeraVe,2025-04-01,Dịch vụ/Uy tín,negative
5738,2028836862,CeraVe,2024-12-01,Chất lượng/Đóng gói,neutral
5738,2028836862,CeraVe,2024-12-01,Chất lượng/Đóng gói,neutral
5738,2028836862,CeraVe,2024-12-01,Dịch vụ/Uy tín,neutral
5738,2028836862,CeraVe,2024-12-01,Dịch vụ/Uy tín,neutral
5740,2028836862,CeraVe,2024-10-01,Chất lượng/Đóng gói,neutral
5740,2028836862,CeraVe,2024-10-01,Dịch vụ/Uy tín,neutral
5741,2028836862,CeraVe,2024-08-01,Dịch vụ/Uy tín,neutral
5742,2028836862,CeraVe,2024-07-01,Chất lượng/Đóng gói,neutral
5742,2028836862,CeraVe,2024-07-01,Mùi hương/Kết cấu,neutral
5742,2028836862,CeraVe,2024-07-01,Dịch vụ/Uy tín,neutral
5744,2028836862,CeraVe,2024-02-01,Dịch vụ/Uy tín,neutral
5746,2028836862,CeraVe,2023-09-01,Dịch vụ/Uy tín,neutral
5749,2028836862,CeraVe,2023-05-01,Chất lượng/Đóng gói,positive
5749,2028836862,CeraVe,2023-05-01,Chất lượng/Đóng gói,negative
5750,2028836862,CeraVe,2023-05-01,Chất lượng/Đóng gói,neutral
5751,2028836862,CeraVe,2023-03-01,Chất lượng/Đóng gói,neutral
5751,2028836862,CeraVe,2023-03-01,Dịch vụ/Uy tín,neutral
5753,2028836862,CeraVe,2022-12-01,Chất lượng/Đóng gói,positive
5753,2028836862,CeraVe,2022-12-01,Chất lượng/Đóng gói,neutral
5753,2028836862,CeraVe,2022-12-01,Giao hàng,neutral
5753,2028836862,CeraVe,2022-12-01,Giao hàng,neutral
5753,2028836862,CeraVe,2022-12-01,Dịch vụ/Uy tín,neutral
5753,2028836862,CeraVe,2022-12-01,Chất lượng/Đóng gói,neutral
5756,2028836862,CeraVe,2022-10-01,Dịch vụ/Uy tín,neutral
5756,2028836862,CeraVe,2022-10-01,Dịch vụ/Uy tín,neutral
5757,2028836862,CeraVe,2022-10-01,Dịch vụ/Uy tín,neutral
5757,2028836862,CeraVe,2022-10-01,Dịch vụ/Uy tín,neutral
5759,2028836862,CeraVe,2025-04-01,Dịch vụ/Uy tín,negative
5759,2028836862,CeraVe,2025-04-01,Dịch vụ/Uy tín,negative
5760,2028836862,CeraVe,2025-02-01,Giá cả,neutral
5760,2028836862,CeraVe,2025-02-01,Chất lượng/Đóng gói,positive
5762,2028836862,CeraVe,2023-09-01,Giá cả,neutral
5762,2028836862,CeraVe,2023-09-01,Giao hàng,neutral
5762,2028836862,CeraVe,2023-09-01,Dịch vụ/Uy tín,neutral
5762,2028836862,CeraVe,2023-09-01,Dịch vụ/Uy tín,neutral
5763,2028836862,CeraVe,2023-08-01,Chất lượng/Đóng gói,neutral
5763,2028836862,CeraVe,2023-08-01,Chất lượng/Đóng gói,neutral
5764,2028836862,CeraVe,2023-06-01,Hiệu quả,negative
5764,2028836862,CeraVe,2023-06-01,Hiệu quả,negative
5766,2028836862,CeraVe,2023-05-01,Dịch vụ/Uy tín,neutral
5768,2028836862,CeraVe,2023-03-01,Dịch vụ/Uy tín,neutral
5768,2028836862,CeraVe,2023-03-01,Giá cả,neutral
5768,2028836862,CeraVe,2023-03-01,Chất lượng/Đóng gói,neutral
5769,2028836862,CeraVe,2023-03-01,Chất lượng/Đóng gói,positive
5769,2028836862,CeraVe,2023-03-01,Dịch vụ/Uy tín,positive
5770,2028836862,CeraVe,2024-06-01,Chất lượng/Đóng gói,neutral
5770,2028836862,CeraVe,2024-06-01,Mùi hương/Kết cấu,neutral
5773,2028836862,CeraVe,2023-11-01,Chất lượng/Đóng gói,neutral
5773,2028836862,CeraVe,2023-11-01,Chất lượng/Đóng gói,negative
5774,2028836862,CeraVe,2023-11-01,Giá cả,neutral
5775,2028836862,CeraVe,2023-10-01,Giao hàng,neutral
5775,2028836862,CeraVe,2023-10-01,Dịch vụ/Uy tín,neutral
5776,2028836862,CeraVe,2023-09-01,Giá cả,neutral
5776,2028836862,CeraVe,2023-09-01,Hiệu quả,negative
5779,2028836862,CeraVe,2023-07-01,Dịch vụ/Uy tín,neutral
5780,2028836862,CeraVe,2023-06-01,Giao hàng,neutral
5780,2028836862,CeraVe,2023-06-01,Hiệu quả,neutral
5780,2028836862,CeraVe,2023-06-01,Giá cả,neutral
5782,2028836862,CeraVe,2023-06-01,Chất lượng/Đóng gói,negative
5783,2028836862,CeraVe,2023-05-01,Dịch vụ/Uy tín,neutral
5784,2028836862,CeraVe,2023-03-01,Chất lượng/Đóng gói,positive
5786,2028836862,CeraVe,2023-02-01,Giao hàng,neutral
5787,2028836862,CeraVe,2023-01-01,Chất lượng/Đóng gói,positive
5790,2028836862,CeraVe,2024-11-01,Hiệu quả,neutral
5790,2028836862,CeraVe,2024-11-01,Hiệu quả,positive
5790,2028836862,CeraVe,2024-11-01,Dịch vụ/Uy tín,neutral
5791,2028836862,CeraVe,2024-10-01,Hiệu quả,positive
5795,2028836862,CeraVe,2024-05-01,Hiệu quả,positive
5795,2028836862,CeraVe,2024-05-01,Giá cả,neutral
5797,2028836862,CeraVe,2023-11-01,Giá cả,positive
5797,2028836862,CeraVe,2023-11-01,Chất lượng/Đóng gói,positive
5797,2028836862,CeraVe,2023-11-01,Giao hàng,positive
5798,2028836862,CeraVe,2023-10-01,Giao hàng,neutral
5798,2028836862,CeraVe,2023-10-01,Dịch vụ/Uy tín,neutral
5799,2028836862,CeraVe,2023-10-01,Hiệu quả,positive
5799,2028836862,CeraVe,2023-10-01,Giá cả,positive
5800,2028836862,CeraVe,2023-08-01,Chất lượng/Đóng gói,positive
5800,2028836862,CeraVe,2023-08-01,Chất lượng/Đóng gói,neutral
5800,2028836862,CeraVe,2023-08-01,Giao hàng,neutral
5802,2028836862,CeraVe,2023-08-01,Giá cả,positive
5806,2028836862,CeraVe,2023-05-01,Giao hàng,neutral
5807,2028836862,CeraVe,2023-04-01,Chất lượng/Đóng gói,positive
5810,2028836862,CeraVe,2022-12-01,Chất lượng/Đóng gói,neutral
5810,2028836862,CeraVe,2022-12-01,Giao hàng,neutral
5812,2028836862,CeraVe,2022-11-01,Dịch vụ/Uy tín,neutral
5813,2028836862,CeraVe,2026-04-01,Hiệu quả,neutral
5814,2028836862,CeraVe,2026-04-01,Hiệu quả,neutral
5814,2028836862,CeraVe,2026-04-01,Giá cả,positive
5816,2028836862,CeraVe,2026-04-01,Giá cả,neutral
5817,2028836862,CeraVe,2026-04-01,Giá cả,neutral
5817,2028836862,CeraVe,2026-04-01,Giá cả,neutral
5817,2028836862,CeraVe,2026-04-01,Giá cả,neutral
5819,2028836862,CeraVe,2026-03-01,Giá cả,neutral
5819,2028836862,CeraVe,2026-03-01,Hiệu quả,positive
5820,2028836862,CeraVe,2026-03-01,Hiệu quả,neutral
5820,2028836862,CeraVe,2026-03-01,Hiệu quả,positive
5821,2028836862,CeraVe,2026-03-01,Hiệu quả,positive
5821,2028836862,CeraVe,2026-03-01,Hiệu quả,positive
5821,2028836862,CeraVe,2026-03-01,Hiệu quả,neutral
5822,2028836862,CeraVe,2026-03-01,Hiệu quả,neutral
5822,2028836862,CeraVe,2026-03-01,Hiệu quả,positive
5823,2028836862,CeraVe,2026-03-01,Hiệu quả,positive
5823,2028836862,CeraVe,2026-03-01,Hiệu quả,positive
5823,2028836862,CeraVe,2026-03-01,Giá cả,neutral
5823,2028836862,CeraVe,2026-03-01,Giá cả,neutral
5823,2028836862,CeraVe,2026-03-01,Giao hàng,neutral
5824,2028836862,CeraVe,2026-03-01,Hiệu quả,positive
5824,2028836862,CeraVe,2026-03-01,Hiệu quả,positive
5826,2028836862,CeraVe,2026-03-01,Hiệu quả,positive
5827,2028836862,CeraVe,2026-02-01,Hiệu quả,neutral
5827,2028836862,CeraVe,2026-02-01,Hiệu quả,neutral
5828,2028836862,CeraVe,2026-01-01,Hiệu quả,positive
5828,2028836862,CeraVe,2026-01-01,Giá cả,positive
5828,2028836862,CeraVe,2026-01-01,Thành phần,positive
5829,2028836862,CeraVe,2025-12-01,Hiệu quả,positive
5829,2028836862,CeraVe,2025-12-01,Giá cả,neutral
5830,2028836862,CeraVe,2025-12-01,Hiệu quả,positive
5831,2028836862,CeraVe,2025-12-01,Hiệu quả,neutral
5831,2028836862,CeraVe,2025-12-01,Giá cả,neutral
5832,2028836862,CeraVe,2025-11-01,Hiệu quả,positive
5832,2028836862,CeraVe,2025-11-01,Giá cả,neutral
5832,2028836862,CeraVe,2025-11-01,Giá cả,neutral
5832,2028836862,CeraVe,2025-11-01,Thành phần,neutral
5832,2028836862,CeraVe,2025-11-01,Thành phần,neutral
5833,2028836862,CeraVe,2025-11-01,Hiệu quả,positive
5834,2028836862,CeraVe,2025-11-01,Hiệu quả,positive
5834,2028836862,CeraVe,2025-11-01,Giá cả,neutral
5835,2028836862,CeraVe,2025-11-01,Hiệu quả,positive
5835,2028836862,CeraVe,2025-11-01,Giá cả,neutral
5838,2028836862,CeraVe,2025-10-01,Hiệu quả,positive
5839,2028836862,CeraVe,2025-10-01,Hiệu quả,positive
5840,2028836862,CeraVe,2025-10-01,Hiệu quả,positive
5840,2028836862,CeraVe,2025-10-01,Hiệu quả,positive
5840,2028836862,CeraVe,2025-10-01,Giao hàng,neutral
5840,2028836862,CeraVe,2025-10-01,Chất lượng/Đóng gói,positive
5841,2028836862,CeraVe,2025-10-01,Hiệu quả,neutral
5841,2028836862,CeraVe,2025-10-01,Hiệu quả,positive
5841,2028836862,CeraVe,2025-10-01,Mùi hương/Kết cấu,positive
5842,2028836862,CeraVe,2025-09-01,Giao hàng,neutral
5842,2028836862,CeraVe,2025-09-01,Chất lượng/Đóng gói,positive
5842,2028836862,CeraVe,2025-09-01,Dịch vụ/Uy tín,positive
5844,2028836862,CeraVe,2025-08-01,Giá cả,neutral
5845,2028836862,CeraVe,2025-08-01,Hiệu quả,positive
5845,2028836862,CeraVe,2025-08-01,Giao hàng,neutral
5846,2028836862,CeraVe,2025-08-01,Hiệu quả,positive
5848,2028836862,CeraVe,2025-08-01,Hiệu quả,positive
5848,2028836862,CeraVe,2025-08-01,Thành phần,positive
5852,2028836862,CeraVe,2025-07-01,Hiệu quả,positive
5853,2028836862,CeraVe,2025-07-01,Hiệu quả,neutral
5853,2028836862,CeraVe,2025-07-01,Hiệu quả,neutral
5854,2028836862,CeraVe,2025-07-01,Giá cả,neutral
5854,2028836862,CeraVe,2025-07-01,Hiệu quả,neutral
5855,2028836862,CeraVe,2025-07-01,Giá cả,neutral
5855,2028836862,CeraVe,2025-07-01,Hiệu quả,positive
5855,2028836862,CeraVe,2025-07-01,Hiệu quả,positive
5855,2028836862,CeraVe,2025-07-01,Hiệu quả,positive
5856,2028836862,CeraVe,2025-07-01,Hiệu quả,positive
5857,2028836862,CeraVe,2025-07-01,Giao hàng,neutral
5857,2028836862,CeraVe,2025-07-01,Giá cả,positive
5857,2028836862,CeraVe,2025-07-01,Chất lượng/Đóng gói,positive
5858,2028836862,CeraVe,2025-07-01,Hiệu quả,positive
5858,2028836862,CeraVe,2025-07-01,Hiệu quả,positive
5859,2028836862,CeraVe,2025-07-01,Hiệu quả,neutral
5860,2028836862,CeraVe,2025-06-01,Hiệu quả,positive
5861,2028836862,CeraVe,2025-06-01,Hiệu quả,positive
5862,2028836862,CeraVe,2025-06-01,Hiệu quả,positive
5862,2028836862,CeraVe,2025-06-01,Hiệu quả,positive
5862,2028836862,CeraVe,2025-06-01,Giá cả,neutral
5863,2028836862,CeraVe,2025-06-01,Hiệu quả,positive
5863,2028836862,CeraVe,2025-06-01,Giá cả,positive
5863,2028836862,CeraVe,2025-06-01,Thành phần,positive
5864,2028836862,CeraVe,2025-06-01,Hiệu quả,positive
5865,2028836862,CeraVe,2025-06-01,Giá cả,neutral
5866,2028836862,CeraVe,2025-06-01,Hiệu quả,neutral
5866,2028836862,CeraVe,2025-06-01,Giá cả,neutral
5867,2028836862,CeraVe,2025-05-01,Giao hàng,neutral
5867,2028836862,CeraVe,2025-05-01,Mùi hương/Kết cấu,positive
5868,2028836862,CeraVe,2025-05-01,Hiệu quả,neutral
5871,2028836862,CeraVe,2025-05-01,Hiệu quả,neutral
5871,2028836862,CeraVe,2025-05-01,Hiệu quả,positive
5871,2028836862,CeraVe,2025-05-01,Hiệu quả,positive
5871,2028836862,CeraVe,2025-05-01,Hiệu quả,positive
5871,2028836862,CeraVe,2025-05-01,Hiệu quả,positive
5871,2028836862,CeraVe,2025-05-01,Hiệu quả,positive
5872,2028836862,CeraVe,2025-05-01,Chất lượng/Đóng gói,positive
5872,2028836862,CeraVe,2025-05-01,Giao hàng,neutral
5872,2028836862,CeraVe,2025-05-01,Chất lượng/Đóng gói,positive
5873,2028836862,CeraVe,2025-05-01,Giá cả,neutral
5873,2028836862,CeraVe,2025-05-01,Hiệu quả,positive
5874,2028836862,CeraVe,2025-04-01,Giao hàng,neutral
5874,2028836862,CeraVe,2025-04-01,Giá cả,positive
5874,2028836862,CeraVe,2025-04-01,Dịch vụ/Uy tín,positive
5875,2028836862,CeraVe,2025-04-01,Hiệu quả,positive
5875,2028836862,CeraVe,2025-04-01,Hiệu quả,neutral
5876,2028836862,CeraVe,2025-04-01,Hiệu quả,positive
5877,2028836862,CeraVe,2025-04-01,Hiệu quả,neutral
5877,2028836862,CeraVe,2025-04-01,Giá cả,neutral
5878,2028836862,CeraVe,2025-04-01,Giao hàng,neutral
5878,2028836862,CeraVe,2025-04-01,Chất lượng/Đóng gói,positive
5879,2028836862,CeraVe,2025-04-01,Hiệu quả,positive
5880,2028836862,CeraVe,2025-04-01,Hiệu quả,positive
5881,2028836862,CeraVe,2025-04-01,Hiệu quả,positive
5881,2028836862,CeraVe,2025-04-01,Hiệu quả,positive
5881,2028836862,CeraVe,2025-04-01,Hiệu quả,neutral
5881,2028836862,CeraVe,2025-04-01,Hiệu quả,neutral
5881,2028836862,CeraVe,2025-04-01,Hiệu quả,positive
5881,2028836862,CeraVe,2025-04-01,Hiệu quả,positive
5882,2028836862,CeraVe,2025-04-01,Hiệu quả,positive
5882,2028836862,CeraVe,2025-04-01,Hiệu quả,neutral
5882,2028836862,CeraVe,2025-04-01,Hiệu quả,neutral
5882,2028836862,CeraVe,2025-04-01,Hiệu quả,positive
5885,2028836862,CeraVe,2025-04-01,Hiệu quả,neutral
5885,2028836862,CeraVe,2025-04-01,Hiệu quả,neutral
5886,2028836862,CeraVe,2025-03-01,Hiệu quả,positive
5886,2028836862,CeraVe,2025-03-01,Hiệu quả,positive
5887,2028836862,CeraVe,2025-03-01,Hiệu quả,positive
5887,2028836862,CeraVe,2025-03-01,Giá cả,positive
5887,2028836862,CeraVe,2025-03-01,Thành phần,positive
5888,2028836862,CeraVe,2025-03-01,Giá cả,neutral
5888,2028836862,CeraVe,2025-03-01,Hiệu quả,neutral
5889,2028836862,CeraVe,2025-03-01,Hiệu quả,neutral
5890,2028836862,CeraVe,2025-03-01,Giá cả,neutral
5890,2028836862,CeraVe,2025-03-01,Giá cả,positive
5891,2028836862,CeraVe,2025-03-01,Hiệu quả,positive
5891,2028836862,CeraVe,2025-03-01,Hiệu quả,positive
5892,2028836862,CeraVe,2025-03-01,Hiệu quả,positive
5892,2028836862,CeraVe,2025-03-01,Hiệu quả,positive
5893,2028836862,CeraVe,2025-03-01,Hiệu quả,positive
5894,2028836862,CeraVe,2025-03-01,Hiệu quả,positive
5895,2028836862,CeraVe,2025-03-01,Giá cả,neutral
5896,2028836862,CeraVe,2025-03-01,Giá cả,neutral
5897,2028836862,CeraVe,2025-03-01,Hiệu quả,positive
5898,2028836862,CeraVe,2025-03-01,Hiệu quả,positive
5898,2028836862,CeraVe,2025-03-01,Hiệu quả,positive
5900,2028836862,CeraVe,2025-03-01,Hiệu quả,neutral
5901,2028836862,CeraVe,2025-03-01,Giá cả,neutral
5902,2028836862,CeraVe,2025-03-01,Hiệu quả,neutral
5903,3080296662,CeraVe,2025-12-01,Dịch vụ/Uy tín,neutral
5903,3080296662,CeraVe,2025-12-01,Giá cả,positive
5903,3080296662,CeraVe,2025-12-01,Dịch vụ/Uy tín,neutral
5904,3080296662,CeraVe,2025-07-01,Thành phần,neutral
5905,3080296662,CeraVe,2025-06-01,Giá cả,positive
5905,3080296662,CeraVe,2025-06-01,Chất lượng/Đóng gói,positive
5906,3080296662,CeraVe,2025-05-01,Hiệu quả,neutral
5907,3085554774,CeraVe,2026-04-01,Chất lượng/Đóng gói,neutral
5907,3085554774,CeraVe,2026-04-01,Giao hàng,neutral
5907,3085554774,CeraVe,2026-04-01,Dịch vụ/Uy tín,neutral
5908,3085554774,CeraVe,2026-04-01,Giá cả,positive
5908,3085554774,CeraVe,2026-04-01,Chất lượng/Đóng gói,positive
5909,3085554774,CeraVe,2026-04-01,Hiệu quả,positive
5909,3085554774,CeraVe,2026-04-01,Hiệu quả,neutral
5910,3085554774,CeraVe,2026-03-01,Hiệu quả,positive
5910,3085554774,CeraVe,2026-03-01,Hiệu quả,positive
5911,3085554774,CeraVe,2026-03-01,Hiệu quả,positive
5911,3085554774,CeraVe,2026-03-01,Hiệu quả,positive
5911,3085554774,CeraVe,2026-03-01,Chất lượng/Đóng gói,neutral
5913,3085554774,CeraVe,2026-03-01,Chất lượng/Đóng gói,positive
5914,3085554774,CeraVe,2026-03-01,Hiệu quả,positive
5915,3085554774,CeraVe,2026-03-01,Hiệu quả,positive
5916,3085554774,CeraVe,2026-03-01,Giá cả,positive
5917,3085554774,CeraVe,2026-03-01,Giá cả,positive
5920,3085554774,CeraVe,2026-03-01,Giá cả,neutral
5921,3085554774,CeraVe,2026-02-01,Hiệu quả,positive
5921,3085554774,CeraVe,2026-02-01,Hiệu quả,positive
5921,3085554774,CeraVe,2026-02-01,Giá cả,neutral
5922,3085554774,CeraVe,2026-02-01,Hiệu quả,positive
5923,3085554774,CeraVe,2026-02-01,Hiệu quả,neutral
5924,3085554774,CeraVe,2026-01-01,Hiệu quả,positive
5924,3085554774,CeraVe,2026-01-01,Hiệu quả,neutral
5924,3085554774,CeraVe,2026-01-01,Hiệu quả,positive
5925,3085554774,CeraVe,2026-01-01,Hiệu quả,neutral
5926,3085554774,CeraVe,2026-01-01,Hiệu quả,positive
5926,3085554774,CeraVe,2026-01-01,Chất lượng/Đóng gói,positive
5927,3085554774,CeraVe,2026-01-01,Hiệu quả,positive
5927,3085554774,CeraVe,2026-01-01,Hiệu quả,positive
5927,3085554774,CeraVe,2026-01-01,Hiệu quả,neutral
5928,3085554774,CeraVe,2025-12-01,Hiệu quả,positive
5928,3085554774,CeraVe,2025-12-01,Hiệu quả,neutral
5929,3085554774,CeraVe,2025-12-01,Hiệu quả,positive
5930,3085554774,CeraVe,2025-12-01,Hiệu quả,neutral
5930,3085554774,CeraVe,2025-12-01,Hiệu quả,positive
5931,3085554774,CeraVe,2025-12-01,Hiệu quả,positive
5932,3085554774,CeraVe,2025-11-01,Hiệu quả,neutral
5932,3085554774,CeraVe,2025-11-01,Hiệu quả,positive
5933,3085554774,CeraVe,2025-11-01,Hiệu quả,neutral
5933,3085554774,CeraVe,2025-11-01,Hiệu quả,positive
5933,3085554774,CeraVe,2025-11-01,Hiệu quả,positive
5934,3085554774,CeraVe,2025-11-01,Hiệu quả,positive
5935,3085554774,CeraVe,2025-11-01,Giao hàng,neutral
5935,3085554774,CeraVe,2025-11-01,Chất lượng/Đóng gói,neutral
5935,3085554774,CeraVe,2025-11-01,Giá cả,neutral
5935,3085554774,CeraVe,2025-11-01,Hiệu quả,neutral
5936,3085554774,CeraVe,2025-11-01,Hiệu quả,positive
5939,3085554774,CeraVe,2025-10-01,Hiệu quả,positive
5939,3085554774,CeraVe,2025-10-01,Mùi hương/Kết cấu,positive
5939,3085554774,CeraVe,2025-10-01,Thành phần,positive
5940,3085554774,CeraVe,2025-10-01,Hiệu quả,positive
5941,3085554774,CeraVe,2025-10-01,Chất lượng/Đóng gói,positive
5942,3085554774,CeraVe,2025-10-01,Giá cả,positive
5943,3085554774,CeraVe,2025-09-01,Hiệu quả,positive
5944,3085554774,CeraVe,2025-09-01,Hiệu quả,positive
5945,3085554774,CeraVe,2025-09-01,Hiệu quả,positive
5945,3085554774,CeraVe,2025-09-01,Mùi hương/Kết cấu,positive
5945,3085554774,CeraVe,2025-09-01,Thành phần,positive
5946,3085554774,CeraVe,2025-09-01,Hiệu quả,positive
5947,3085554774,CeraVe,2025-09-01,Giá cả,neutral
5947,3085554774,CeraVe,2025-09-01,Giao hàng,neutral
5947,3085554774,CeraVe,2025-09-01,Dịch vụ/Uy tín,neutral
5947,3085554774,CeraVe,2025-09-01,Chất lượng/Đóng gói,neutral
5948,3085554774,CeraVe,2025-09-01,Hiệu quả,positive
5948,3085554774,CeraVe,2025-09-01,Hiệu quả,positive
5948,3085554774,CeraVe,2025-09-01,Hiệu quả,positive
5949,3085554774,CeraVe,2025-09-01,Hiệu quả,positive
5950,3085554774,CeraVe,2025-09-01,Hiệu quả,neutral
5951,3085554774,CeraVe,2025-09-01,Giá cả,neutral
5951,3085554774,CeraVe,2025-09-01,Hiệu quả,positive
5953,3085554774,CeraVe,2025-08-01,Hiệu quả,positive
5953,3085554774,CeraVe,2025-08-01,Hiệu quả,neutral
5953,3085554774,CeraVe,2025-08-01,Giá cả,neutral
5954,3085554774,CeraVe,2025-08-01,Hiệu quả,positive
5954,3085554774,CeraVe,2025-08-01,Hiệu quả,positive
5955,3085554774,CeraVe,2025-08-01,Chất lượng/Đóng gói,positive
5955,3085554774,CeraVe,2025-08-01,Giá cả,positive
5956,3085554774,CeraVe,2025-08-01,Hiệu quả,positive
5957,3085554774,CeraVe,2025-08-01,Hiệu quả,positive
5957,3085554774,CeraVe,2025-08-01,Hiệu quả,positive
5958,3085554774,CeraVe,2025-08-01,Giao hàng,neutral
5958,3085554774,CeraVe,2025-08-01,Hiệu quả,positive
5958,3085554774,CeraVe,2025-08-01,Giao hàng,positive
5959,3085554774,CeraVe,2025-08-01,Hiệu quả,positive
5960,3085554774,CeraVe,2025-08-01,Giá cả,positive
5960,3085554774,CeraVe,2025-08-01,Chất lượng/Đóng gói,positive
5960,3085554774,CeraVe,2025-08-01,Chất lượng/Đóng gói,positive
5960,3085554774,CeraVe,2025-08-01,Dịch vụ/Uy tín,positive
5960,3085554774,CeraVe,2025-08-01,Giao hàng,neutral
5961,3085554774,CeraVe,2025-07-01,Giá cả,positive
5961,3085554774,CeraVe,2025-07-01,Chất lượng/Đóng gói,positive
5962,3085554774,CeraVe,2025-07-01,Giá cả,positive
5962,3085554774,CeraVe,2025-07-01,Chất lượng/Đóng gói,positive
5962,3085554774,CeraVe,2025-07-01,Chất lượng/Đóng gói,neutral
5962,3085554774,CeraVe,2025-07-01,Giao hàng,neutral
5963,3085554774,CeraVe,2025-07-01,Hiệu quả,positive
5963,3085554774,CeraVe,2025-07-01,Giá cả,positive
5963,3085554774,CeraVe,2025-07-01,Chất lượng/Đóng gói,positive
5966,3085554774,CeraVe,2025-07-01,Giá cả,positive
5967,3085554774,CeraVe,2025-07-01,Hiệu quả,positive
5967,3085554774,CeraVe,2025-07-01,Giá cả,positive
5967,3085554774,CeraVe,2025-07-01,Thành phần,positive
5968,3085554774,CeraVe,2025-07-01,Hiệu quả,neutral
5968,3085554774,CeraVe,2025-07-01,Giá cả,neutral
5968,3085554774,CeraVe,2025-07-01,Giao hàng,neutral
5968,3085554774,CeraVe,2025-07-01,Hiệu quả,neutral
5968,3085554774,CeraVe,2025-07-01,Giá cả,neutral
5969,3085554774,CeraVe,2025-07-01,Chất lượng/Đóng gói,neutral
5969,3085554774,CeraVe,2025-07-01,Dịch vụ/Uy tín,neutral
5969,3085554774,CeraVe,2025-07-01,Giao hàng,neutral
5969,3085554774,CeraVe,2025-07-01,Giá cả,neutral
5971,3085554774,CeraVe,2025-06-01,Hiệu quả,positive
5971,3085554774,CeraVe,2025-06-01,Giá cả,positive
5971,3085554774,CeraVe,2025-06-01,Mùi hương/Kết cấu,positive
5971,3085554774,CeraVe,2025-06-01,Dịch vụ/Uy tín,positive
5972,3085554774,CeraVe,2025-06-01,Giao hàng,neutral
5972,3085554774,CeraVe,2025-06-01,Dịch vụ/Uy tín,neutral
5973,3085554774,CeraVe,2025-06-01,Giá cả,positive
5974,3085554774,CeraVe,2025-06-01,Hiệu quả,neutral
5974,3085554774,CeraVe,2025-06-01,Giá cả,neutral
5975,3085554774,CeraVe,2025-06-01,Hiệu quả,positive
5975,3085554774,CeraVe,2025-06-01,Giá cả,positive
5975,3085554774,CeraVe,2025-06-01,Thành phần,positive
5976,3085554774,CeraVe,2025-06-01,Mùi hương/Kết cấu,positive
5977,3085554774,CeraVe,2025-06-01,Hiệu quả,positive
5977,3085554774,CeraVe,2025-06-01,Mùi hương/Kết cấu,positive
5977,3085554774,CeraVe,2025-06-01,Giá cả,neutral
5978,3085554774,CeraVe,2025-06-01,Giá cả,neutral
5980,3085554774,CeraVe,2025-06-01,Hiệu quả,positive
5980,3085554774,CeraVe,2025-06-01,Giá cả,positive
5980,3085554774,CeraVe,2025-06-01,Hiệu quả,positive
5980,3085554774,CeraVe,2025-06-01,Giá cả,positive
5980,3085554774,CeraVe,2025-06-01,Thành phần,positive
5981,3085554774,CeraVe,2025-06-01,Hiệu quả,positive
5982,3085554774,CeraVe,2025-06-01,Giá cả,positive
5982,3085554774,CeraVe,2025-06-01,Chất lượng/Đóng gói,positive
5983,3085554774,CeraVe,2025-06-01,Chất lượng/Đóng gói,positive
5983,3085554774,CeraVe,2025-06-01,Dịch vụ/Uy tín,positive
5984,3085554774,CeraVe,2025-06-01,Hiệu quả,neutral
5984,3085554774,CeraVe,2025-06-01,Giá cả,neutral
5984,3085554774,CeraVe,2025-06-01,Thành phần,neutral
5985,3085554774,CeraVe,2025-06-01,Chất lượng/Đóng gói,positive
5985,3085554774,CeraVe,2025-06-01,Giao hàng,positive
5986,3085554774,CeraVe,2025-06-01,Mùi hương/Kết cấu,positive
5987,3085554774,CeraVe,2025-06-01,Hiệu quả,positive
5987,3085554774,CeraVe,2025-06-01,Giá cả,positive
5987,3085554774,CeraVe,2025-06-01,Thành phần,positive
5989,3085554774,CeraVe,2025-06-01,Chất lượng/Đóng gói,positive
5989,3085554774,CeraVe,2025-06-01,Giao hàng,positive
5990,3085554774,CeraVe,2025-06-01,Hiệu quả,positive
5990,3085554774,CeraVe,2025-06-01,Mùi hương/Kết cấu,positive
5990,3085554774,CeraVe,2025-06-01,Hiệu quả,neutral
5990,3085554774,CeraVe,2025-06-01,Hiệu quả,positive
5990,3085554774,CeraVe,2025-06-01,Giá cả,positive
5990,3085554774,CeraVe,2025-06-01,Thành phần,positive
5991,3085554774,CeraVe,2025-06-01,Giao hàng,neutral
5991,3085554774,CeraVe,2025-06-01,Chất lượng/Đóng gói,neutral
5991,3085554774,CeraVe,2025-06-01,Giá cả,neutral
5991,3085554774,CeraVe,2025-06-01,Dịch vụ/Uy tín,positive
5993,3085554774,CeraVe,2025-06-01,Giao hàng,neutral
5993,3085554774,CeraVe,2025-06-01,Dịch vụ/Uy tín,positive
5993,3085554774,CeraVe,2025-06-01,Chất lượng/Đóng gói,neutral
5994,3085554774,CeraVe,2025-06-01,Chất lượng/Đóng gói,positive
5994,3085554774,CeraVe,2025-06-01,Giao hàng,positive
5996,3085554774,CeraVe,2025-06-01,Giao hàng,neutral
5996,3085554774,CeraVe,2025-06-01,Chất lượng/Đóng gói,neutral
5996,3085554774,CeraVe,2025-06-01,Giao hàng,neutral
5996,3085554774,CeraVe,2025-06-01,Chất lượng/Đóng gói,neutral
5997,3092556110,CeraVe,2026-04-01,Dịch vụ/Uy tín,negative
5997,3092556110,CeraVe,2026-04-01,Giá cả,neutral
5997,3092556110,CeraVe,2026-04-01,Giá cả,neutral
5998,3092556110,CeraVe,2026-03-01,Dịch vụ/Uy tín,neutral
5999,3092556110,CeraVe,2026-03-01,Giá cả,neutral
6000,3092556110,CeraVe,2025-12-01,Hiệu quả,positive
6004,3092556110,CeraVe,2026-04-01,Dịch vụ/Uy tín,neutral
6005,3092556110,CeraVe,2026-04-01,Mùi hương/Kết cấu,positive
6006,3092556110,CeraVe,2026-04-01,Hiệu quả,positive
6007,3092556110,CeraVe,2026-04-01,Mùi hương/Kết cấu,positive
6008,3092556110,CeraVe,2026-04-01,Giá cả,neutral
6009,3092556110,CeraVe,2026-04-01,Hiệu quả,positive
6009,3092556110,CeraVe,2026-04-01,Giá cả,neutral
6009,3092556110,CeraVe,2026-04-01,Thành phần,neutral
6009,3092556110,CeraVe,2026-04-01,Mùi hương/Kết cấu,positive
6010,3092556110,CeraVe,2026-04-01,Giá cả,neutral
6010,3092556110,CeraVe,2026-04-01,Giá cả,neutral
6011,3092556110,CeraVe,2026-03-01,Chất lượng/Đóng gói,positive
6011,3092556110,CeraVe,2026-03-01,Dịch vụ/Uy tín,positive
6011,3092556110,CeraVe,2026-03-01,Hiệu quả,positive
6011,3092556110,CeraVe,2026-03-01,Giá cả,positive
6011,3092556110,CeraVe,2026-03-01,Giá cả,neutral
6012,3092556110,CeraVe,2026-03-01,Hiệu quả,positive
6012,3092556110,CeraVe,2026-03-01,Mùi hương/Kết cấu,positive
6012,3092556110,CeraVe,2026-03-01,Giá cả,neutral
6013,3092556110,CeraVe,2026-03-01,Giá cả,neutral
6014,3092556110,CeraVe,2026-03-01,Giá cả,positive
6014,3092556110,CeraVe,2026-03-01,Giao hàng,positive
6015,3092556110,CeraVe,2026-03-01,Giao hàng,neutral
6015,3092556110,CeraVe,2026-03-01,Chất lượng/Đóng gói,positive
6015,3092556110,CeraVe,2026-03-01,Chất lượng/Đóng gói,positive
6015,3092556110,CeraVe,2026-03-01,Giá cả,positive
6015,3092556110,CeraVe,2026-03-01,Giao hàng,positive
6015,3092556110,CeraVe,2026-03-01,Dịch vụ/Uy tín,positive
6016,3092556110,CeraVe,2026-03-01,Giá cả,neutral
6016,3092556110,CeraVe,2026-03-01,Hiệu quả,positive
6017,3092556110,CeraVe,2026-03-01,Hiệu quả,positive
6017,3092556110,CeraVe,2026-03-01,Mùi hương/Kết cấu,positive
6017,3092556110,CeraVe,2026-03-01,Giá cả,neutral
6018,3092556110,CeraVe,2026-03-01,Giá cả,neutral
6019,3092556110,CeraVe,2026-03-01,Hiệu quả,positive
6019,3092556110,CeraVe,2026-03-01,Giá cả,positive
6019,3092556110,CeraVe,2026-03-01,Mùi hương/Kết cấu,positive
6020,3092556110,CeraVe,2026-03-01,Hiệu quả,positive
6020,3092556110,CeraVe,2026-03-01,Giá cả,neutral
6020,3092556110,CeraVe,2026-03-01,Thành phần,neutral
6021,3092556110,CeraVe,2026-03-01,Giá cả,neutral
6022,3092556110,CeraVe,2026-03-01,Hiệu quả,positive
6022,3092556110,CeraVe,2026-03-01,Giá cả,neutral
6023,3092556110,CeraVe,2026-03-01,Giá cả,neutral
6023,3092556110,CeraVe,2026-03-01,Thành phần,neutral
6023,3092556110,CeraVe,2026-03-01,Thành phần,neutral
6024,3092556110,CeraVe,2026-03-01,Hiệu quả,positive
6024,3092556110,CeraVe,2026-03-01,Giá cả,positive
6024,3092556110,CeraVe,2026-03-01,Thành phần,positive
6025,3092556110,CeraVe,2026-03-01,Hiệu quả,positive
6026,3092556110,CeraVe,2026-03-01,Giá cả,neutral
6027,3092556110,CeraVe,2026-03-01,Hiệu quả,positive
6027,3092556110,CeraVe,2026-03-01,Giá cả,positive
6028,3092556110,CeraVe,2026-03-01,Mùi hương/Kết cấu,positive
6030,3092556110,CeraVe,2026-03-01,Hiệu quả,positive
6030,3092556110,CeraVe,2026-03-01,Hiệu quả,positive
6030,3092556110,CeraVe,2026-03-01,Giá cả,neutral
6030,3092556110,CeraVe,2026-03-01,Giá cả,neutral
6030,3092556110,CeraVe,2026-03-01,Giá cả,neutral
6030,3092556110,CeraVe,2026-03-01,Thành phần,neutral
6031,3092556110,CeraVe,2026-03-01,Hiệu quả,positive
6032,3092556110,CeraVe,2026-03-01,Chất lượng/Đóng gói,positive
6033,3092556110,CeraVe,2026-01-01,Hiệu quả,positive
6033,3092556110,CeraVe,2026-01-01,Giá cả,positive
6033,3092556110,CeraVe,2026-01-01,Thành phần,positive
6033,3092556110,CeraVe,2026-01-01,Hiệu quả,positive
6035,3092556110,CeraVe,2025-12-01,Chất lượng/Đóng gói,neutral
6035,3092556110,CeraVe,2025-12-01,Dịch vụ/Uy tín,neutral
6035,3092556110,CeraVe,2025-12-01,Giá cả,positive
6035,3092556110,CeraVe,2025-12-01,Dịch vụ/Uy tín,positive
6035,3092556110,CeraVe,2025-12-01,Giá cả,positive
6035,3092556110,CeraVe,2025-12-01,Giá cả,positive
6035,3092556110,CeraVe,2025-12-01,Dịch vụ/Uy tín,positive
6037,3092556110,CeraVe,2025-12-01,Dịch vụ/Uy tín,positive
6037,3092556110,CeraVe,2025-12-01,Giá cả,neutral
6038,3092556110,CeraVe,2025-12-01,Mùi hương/Kết cấu,positive
6039,3092556110,CeraVe,2025-12-01,Mùi hương/Kết cấu,positive
6040,3092556110,CeraVe,2025-12-01,Mùi hương/Kết cấu,positive
6041,3092556110,CeraVe,2025-12-01,Giá cả,neutral
6042,3092556110,CeraVe,2025-12-01,Hiệu quả,positive
6044,3092556110,CeraVe,2025-11-01,Hiệu quả,positive
6044,3092556110,CeraVe,2025-11-01,Giá cả,positive
6044,3092556110,CeraVe,2025-11-01,Thành phần,positive
6048,3092556110,CeraVe,2025-11-01,Hiệu quả,positive
6049,3092556110,CeraVe,2025-11-01,Hiệu quả,positive
6049,3092556110,CeraVe,2025-11-01,Giá cả,positive
6049,3092556110,CeraVe,2025-11-01,Thành phần,positive
6049,3092556110,CeraVe,2025-11-01,Giá cả,positive
6051,3092556110,CeraVe,2025-11-01,Hiệu quả,positive
6051,3092556110,CeraVe,2025-11-01,Giá cả,neutral
6052,3092556110,CeraVe,2025-11-01,Giá cả,neutral
6052,3092556110,CeraVe,2025-11-01,Mùi hương/Kết cấu,positive
6055,3092556110,CeraVe,2025-11-01,Hiệu quả,positive
6056,3092556110,CeraVe,2025-11-01,Hiệu quả,positive
6057,3092556110,CeraVe,2025-11-01,Hiệu quả,positive
6058,3092556110,CeraVe,2025-11-01,Hiệu quả,positive
6058,3092556110,CeraVe,2025-11-01,Giá cả,neutral
6058,3092556110,CeraVe,2025-11-01,Dịch vụ/Uy tín,neutral
6059,3092556110,CeraVe,2025-11-01,Hiệu quả,positive
6059,3092556110,CeraVe,2025-11-01,Giá cả,positive
6059,3092556110,CeraVe,2025-11-01,Dịch vụ/Uy tín,positive
6060,3092556110,CeraVe,2025-11-01,Giao hàng,neutral
6060,3092556110,CeraVe,2025-11-01,Dịch vụ/Uy tín,neutral
6060,3092556110,CeraVe,2025-11-01,Giá cả,neutral
6060,3092556110,CeraVe,2025-11-01,Dịch vụ/Uy tín,positive
6062,3092556110,CeraVe,2025-10-01,Hiệu quả,positive
6062,3092556110,CeraVe,2025-10-01,Giá cả,neutral
6063,3092556110,CeraVe,2025-10-01,Giá cả,neutral
6064,3092556110,CeraVe,2025-10-01,Giá cả,neutral
6065,3092556110,CeraVe,2025-10-01,Giá cả,neutral
6070,3092556110,CeraVe,2025-10-01,Chất lượng/Đóng gói,neutral
6070,3092556110,CeraVe,2025-10-01,Chất lượng/Đóng gói,positive
6073,3092556110,CeraVe,2025-09-01,Giá cả,neutral
6074,3092556110,CeraVe,2025-09-01,Giá cả,neutral
6075,3092556110,CeraVe,2025-09-01,Chất lượng/Đóng gói,neutral
6075,3092556110,CeraVe,2025-09-01,Giao hàng,neutral
6076,3092556110,CeraVe,2025-09-01,Mùi hương/Kết cấu,positive
6080,3092556110,CeraVe,2025-09-01,Hiệu quả,positive
6081,3092556110,CeraVe,2025-09-01,Mùi hương/Kết cấu,positive
6081,3092556110,CeraVe,2025-09-01,Giá cả,neutral
6081,3092556110,CeraVe,2025-09-01,Giá cả,positive
6083,3092556110,CeraVe,2025-08-01,Mùi hương/Kết cấu,positive
6084,3092556110,CeraVe,2025-08-01,Mùi hương/Kết cấu,positive
6085,3092556110,CeraVe,2025-08-01,Hiệu quả,positive
6086,3092556110,CeraVe,2025-08-01,Giá cả,positive
6086,3092556110,CeraVe,2025-08-01,Mùi hương/Kết cấu,neutral
6087,2029044077,CeraVe,2024-05-01,Chất lượng/Đóng gói,neutral
6087,2029044077,CeraVe,2024-05-01,Chất lượng/Đóng gói,positive
6091,2029044077,CeraVe,2023-02-01,Chất lượng/Đóng gói,neutral
6091,2029044077,CeraVe,2023-02-01,Chất lượng/Đóng gói,neutral
6091,2029044077,CeraVe,2023-02-01,Chất lượng/Đóng gói,negative
6091,2029044077,CeraVe,2023-02-01,Giá cả,neutral
6092,2029044077,CeraVe,2023-02-01,Dịch vụ/Uy tín,neutral
6092,2029044077,CeraVe,2023-02-01,Dịch vụ/Uy tín,neutral
6095,2029044077,CeraVe,2023-03-01,Chất lượng/Đóng gói,negative
6098,2029044077,CeraVe,2024-05-01,Giá cả,neutral
6099,2029044077,CeraVe,2023-05-01,Mùi hương/Kết cấu,neutral
6099,2029044077,CeraVe,2023-05-01,Giá cả,negative
6099,2029044077,CeraVe,2023-05-01,Mùi hương/Kết cấu,negative
6099,2029044077,CeraVe,2023-05-01,Chất lượng/Đóng gói,negative
6099,2029044077,CeraVe,2023-05-01,Hiệu quả,positive
6100,2029044077,CeraVe,2026-01-01,Hiệu quả,neutral
6102,2029044077,CeraVe,2025-06-01,Hiệu quả,positive
6102,2029044077,CeraVe,2025-06-01,Mùi hương/Kết cấu,positive
6103,2029044077,CeraVe,2025-02-01,Hiệu quả,positive
6103,2029044077,CeraVe,2025-02-01,Hiệu quả,positive
6103,2029044077,CeraVe,2025-02-01,Giá cả,positive
6103,2029044077,CeraVe,2025-02-01,Mùi hương/Kết cấu,positive
6103,2029044077,CeraVe,2025-02-01,Thành phần,positive
6103,2029044077,CeraVe,2025-02-01,Hiệu quả,positive
6104,2029044077,CeraVe,2025-02-01,Hiệu quả,positive
6104,2029044077,CeraVe,2025-02-01,Giá cả,positive
6104,2029044077,CeraVe,2025-02-01,Hiệu quả,positive
6105,2029044077,CeraVe,2025-02-01,Hiệu quả,positive
6105,2029044077,CeraVe,2025-02-01,Giá cả,positive
6105,2029044077,CeraVe,2025-02-01,Mùi hương/Kết cấu,positive
6107,2029044077,CeraVe,2024-12-01,Hiệu quả,positive
6107,2029044077,CeraVe,2024-12-01,Mùi hương/Kết cấu,positive
6107,2029044077,CeraVe,2024-12-01,Hiệu quả,positive
6107,2029044077,CeraVe,2024-12-01,Hiệu quả,positive
6107,2029044077,CeraVe,2024-12-01,Giá cả,positive
6108,2029044077,CeraVe,2024-12-01,Hiệu quả,positive
6108,2029044077,CeraVe,2024-12-01,Giá cả,positive
6109,2029044077,CeraVe,2024-12-01,Hiệu quả,neutral
6109,2029044077,CeraVe,2024-12-01,Hiệu quả,positive
6111,2029044077,CeraVe,2024-11-01,Hiệu quả,positive
6111,2029044077,CeraVe,2024-11-01,Giá cả,positive
6111,2029044077,CeraVe,2024-11-01,Mùi hương/Kết cấu,neutral
6112,2029044077,CeraVe,2024-11-01,Hiệu quả,neutral
6112,2029044077,CeraVe,2024-11-01,Hiệu quả,positive
6112,2029044077,CeraVe,2024-11-01,Giá cả,positive
6112,2029044077,CeraVe,2024-11-01,Hiệu quả,neutral
6113,2029044077,CeraVe,2024-10-01,Giá cả,neutral
6114,2029044077,CeraVe,2024-10-01,Mùi hương/Kết cấu,positive
6114,2029044077,CeraVe,2024-10-01,Hiệu quả,neutral
6115,2029044077,CeraVe,2024-10-01,Hiệu quả,neutral
6115,2029044077,CeraVe,2024-10-01,Hiệu quả,neutral
6115,2029044077,CeraVe,2024-10-01,Hiệu quả,neutral
6116,2029044077,CeraVe,2024-09-01,Mùi hương/Kết cấu,neutral
6116,2029044077,CeraVe,2024-09-01,Hiệu quả,positive
6117,2029044077,CeraVe,2024-09-01,Hiệu quả,positive
6117,2029044077,CeraVe,2024-09-01,Giá cả,positive
6117,2029044077,CeraVe,2024-09-01,Hiệu quả,positive
6117,2029044077,CeraVe,2024-09-01,Giá cả,positive
6117,2029044077,CeraVe,2024-09-01,Mùi hương/Kết cấu,positive
6118,2029044077,CeraVe,2024-09-01,Hiệu quả,neutral
6118,2029044077,CeraVe,2024-09-01,Thành phần,neutral
6118,2029044077,CeraVe,2024-09-01,Hiệu quả,neutral
6118,2029044077,CeraVe,2024-09-01,Hiệu quả,neutral
6118,2029044077,CeraVe,2024-09-01,Hiệu quả,neutral
6120,2029044077,CeraVe,2024-05-01,Mùi hương/Kết cấu,neutral
6120,2029044077,CeraVe,2024-05-01,Mùi hương/Kết cấu,neutral
6120,2029044077,CeraVe,2024-05-01,Mùi hương/Kết cấu,neutral
6120,2029044077,CeraVe,2024-05-01,Mùi hương/Kết cấu,neutral
6120,2029044077,CeraVe,2024-05-01,Mùi hương/Kết cấu,neutral
6121,2029044077,CeraVe,2024-05-01,Giao hàng,neutral
6122,2029044077,CeraVe,2024-03-01,Hiệu quả,neutral
6124,2029044077,CeraVe,2024-03-01,Giao hàng,neutral
6124,2029044077,CeraVe,2024-03-01,Dịch vụ/Uy tín,neutral
6124,2029044077,CeraVe,2024-03-01,Chất lượng/Đóng gói,neutral
6124,2029044077,CeraVe,2024-03-01,Giao hàng,neutral
6125,2029044077,CeraVe,2024-01-01,Hiệu quả,neutral
6126,2029044077,CeraVe,2024-01-01,Hiệu quả,positive
6126,2029044077,CeraVe,2024-01-01,Mùi hương/Kết cấu,positive
6127,2029044077,CeraVe,2024-01-01,Hiệu quả,positive
6127,2029044077,CeraVe,2024-01-01,Mùi hương/Kết cấu,positive
6128,2029044077,CeraVe,2024-01-01,Hiệu quả,neutral
6128,2029044077,CeraVe,2024-01-01,Hiệu quả,neutral
6128,2029044077,CeraVe,2024-01-01,Hiệu quả,neutral
6130,2029044077,CeraVe,2023-12-01,Chất lượng/Đóng gói,neutral
6130,2029044077,CeraVe,2023-12-01,Giao hàng,neutral
6130,2029044077,CeraVe,2023-12-01,Dịch vụ/Uy tín,neutral
6130,2029044077,CeraVe,2023-12-01,Dịch vụ/Uy tín,neutral
6131,2029044077,CeraVe,2023-12-01,Dịch vụ/Uy tín,neutral
6132,2029044077,CeraVe,2023-12-01,Chất lượng/Đóng gói,neutral
6132,2029044077,CeraVe,2023-12-01,Giá cả,positive
6132,2029044077,CeraVe,2023-12-01,Dịch vụ/Uy tín,neutral
6133,2029044077,CeraVe,2023-11-01,Hiệu quả,positive
6133,2029044077,CeraVe,2023-11-01,Mùi hương/Kết cấu,positive
6133,2029044077,CeraVe,2023-11-01,Hiệu quả,positive
6133,2029044077,CeraVe,2023-11-01,Mùi hương/Kết cấu,positive
6134,2029044077,CeraVe,2023-11-01,Chất lượng/Đóng gói,positive
6134,2029044077,CeraVe,2023-11-01,Dịch vụ/Uy tín,positive
6135,2029044077,CeraVe,2023-11-01,Chất lượng/Đóng gói,positive
6135,2029044077,CeraVe,2023-11-01,Mùi hương/Kết cấu,positive
6135,2029044077,CeraVe,2023-11-01,Hiệu quả,neutral
6135,2029044077,CeraVe,2023-11-01,Hiệu quả,positive
6135,2029044077,CeraVe,2023-11-01,Giá cả,positive
6136,2029044077,CeraVe,2023-11-01,Giao hàng,neutral
6137,2029044077,CeraVe,2023-11-01,Mùi hương/Kết cấu,neutral
6138,2029044077,CeraVe,2023-11-01,Hiệu quả,positive
6139,2029044077,CeraVe,2023-10-01,Chất lượng/Đóng gói,positive
6139,2029044077,CeraVe,2023-10-01,Mùi hương/Kết cấu,neutral
6139,2029044077,CeraVe,2023-10-01,Giá cả,neutral
6139,2029044077,CeraVe,2023-10-01,Mùi hương/Kết cấu,neutral
6141,2029044077,CeraVe,2023-09-01,Mùi hương/Kết cấu,neutral
6141,2029044077,CeraVe,2023-09-01,Mùi hương/Kết cấu,neutral
6142,2029044077,CeraVe,2023-09-01,Hiệu quả,positive
6142,2029044077,CeraVe,2023-09-01,Chất lượng/Đóng gói,positive
6142,2029044077,CeraVe,2023-09-01,Mùi hương/Kết cấu,positive
6142,2029044077,CeraVe,2023-09-01,Thành phần,neutral
6142,2029044077,CeraVe,2023-09-01,Giao hàng,neutral
6143,2029044077,CeraVe,2023-09-01,Giao hàng,neutral
6143,2029044077,CeraVe,2023-09-01,Dịch vụ/Uy tín,neutral
6143,2029044077,CeraVe,2023-09-01,Hiệu quả,positive
6143,2029044077,CeraVe,2023-09-01,Dịch vụ/Uy tín,positive
6144,2029044077,CeraVe,2023-09-01,Hiệu quả,positive
6144,2029044077,CeraVe,2023-09-01,Chất lượng/Đóng gói,positive
6144,2029044077,CeraVe,2023-09-01,Mùi hương/Kết cấu,positive
6146,2029044077,CeraVe,2023-08-01,Hiệu quả,positive
6147,2029044077,CeraVe,2023-07-01,Hiệu quả,positive
6149,2029044077,CeraVe,2023-07-01,Dịch vụ/Uy tín,neutral
6150,2029044077,CeraVe,2023-07-01,Mùi hương/Kết cấu,neutral
6150,2029044077,CeraVe,2023-07-01,Mùi hương/Kết cấu,neutral
6151,2029044077,CeraVe,2023-06-01,Hiệu quả,positive
6152,2029044077,CeraVe,2023-06-01,Hiệu quả,positive
6152,2029044077,CeraVe,2023-06-01,Chất lượng/Đóng gói,positive
6152,2029044077,CeraVe,2023-06-01,Mùi hương/Kết cấu,positive
6153,2029044077,CeraVe,2023-06-01,Hiệu quả,positive
6155,2029044077,CeraVe,2023-03-01,Giao hàng,neutral
6156,2029044077,CeraVe,2023-03-01,Giao hàng,neutral
6156,2029044077,CeraVe,2023-03-01,Chất lượng/Đóng gói,neutral
6156,2029044077,CeraVe,2023-03-01,Mùi hương/Kết cấu,neutral
6156,2029044077,CeraVe,2023-03-01,Mùi hương/Kết cấu,positive
6156,2029044077,CeraVe,2023-03-01,Hiệu quả,neutral
6157,2029044077,CeraVe,2023-02-01,Giao hàng,neutral
6157,2029044077,CeraVe,2023-02-01,Chất lượng/Đóng gói,neutral
6159,2029044077,CeraVe,2023-01-01,Hiệu quả,neutral
6160,2029044077,CeraVe,2022-12-01,Chất lượng/Đóng gói,neutral
6162,2029044077,CeraVe,2022-10-01,Mùi hương/Kết cấu,neutral
6162,2029044077,CeraVe,2022-10-01,Giá cả,neutral
6162,2029044077,CeraVe,2022-10-01,Giao hàng,neutral
6166,2028969337,CeraVe,2023-06-01,Mùi hương/Kết cấu,neutral
6167,2028969337,CeraVe,2023-06-01,Giá cả,negative
6168,2028969337,CeraVe,2023-04-01,Dịch vụ/Uy tín,neutral
6169,2028969337,CeraVe,2023-04-01,Dịch vụ/Uy tín,neutral
6170,2028969337,CeraVe,2023-01-01,Hiệu quả,neutral
6172,2028969337,CeraVe,2024-06-01,Giao hàng,neutral
6174,2028969337,CeraVe,2024-01-01,Giao hàng,neutral
6174,2028969337,CeraVe,2024-01-01,Dịch vụ/Uy tín,neutral
6175,2028969337,CeraVe,2023-04-01,Giao hàng,neutral
6175,2028969337,CeraVe,2023-04-01,Giá cả,neutral
6175,2028969337,CeraVe,2023-04-01,Giá cả,neutral
6177,2028969337,CeraVe,2023-09-01,Giao hàng,neutral
6178,2028969337,CeraVe,2023-08-01,Hiệu quả,neutral
6178,2028969337,CeraVe,2023-08-01,Giá cả,neutral
6179,2028969337,CeraVe,2023-04-01,Chất lượng/Đóng gói,positive
6180,2028969337,CeraVe,2023-04-01,Chất lượng/Đóng gói,neutral
6181,2028969337,CeraVe,2023-03-01,Giao hàng,neutral
6182,2028969337,CeraVe,2022-12-01,Mùi hương/Kết cấu,neutral
6182,2028969337,CeraVe,2022-12-01,Hiệu quả,positive
6183,2028969337,CeraVe,2026-04-01,Mùi hương/Kết cấu,positive
6184,2028969337,CeraVe,2026-02-01,Mùi hương/Kết cấu,positive
6186,2028969337,CeraVe,2026-01-01,Giao hàng,neutral
6186,2028969337,CeraVe,2026-01-01,Dịch vụ/Uy tín,neutral
6186,2028969337,CeraVe,2026-01-01,Giao hàng,neutral
6186,2028969337,CeraVe,2026-01-01,Dịch vụ/Uy tín,positive
6187,2028969337,CeraVe,2025-08-01,Hiệu quả,positive
6187,2028969337,CeraVe,2025-08-01,Mùi hương/Kết cấu,positive
6188,2028969337,CeraVe,2025-06-01,Mùi hương/Kết cấu,positive
6190,2028969337,CeraVe,2025-03-01,Hiệu quả,neutral
6190,2028969337,CeraVe,2025-03-01,Mùi hương/Kết cấu,positive
6190,2028969337,CeraVe,2025-03-01,Thành phần,neutral
6193,2028969337,CeraVe,2025-03-01,Giao hàng,neutral
6193,2028969337,CeraVe,2025-03-01,Chất lượng/Đóng gói,positive
6194,2028969337,CeraVe,2025-03-01,Hiệu quả,neutral
6194,2028969337,CeraVe,2025-03-01,Hiệu quả,neutral
6194,2028969337,CeraVe,2025-03-01,Thành phần,neutral
6195,2028969337,CeraVe,2025-02-01,Hiệu quả,positive
6195,2028969337,CeraVe,2025-02-01,Mùi hương/Kết cấu,positive
6195,2028969337,CeraVe,2025-02-01,Hiệu quả,positive
6195,2028969337,CeraVe,2025-02-01,Mùi hương/Kết cấu,positive
6196,2028969337,CeraVe,2025-02-01,Hiệu quả,neutral
6198,2028969337,CeraVe,2025-01-01,Hiệu quả,positive
6199,2028969337,CeraVe,2024-12-01,Hiệu quả,positive
6199,2028969337,CeraVe,2024-12-01,Mùi hương/Kết cấu,positive
6199,2028969337,CeraVe,2024-12-01,Hiệu quả,neutral
6200,2028969337,CeraVe,2024-12-01,Hiệu quả,positive
6200,2028969337,CeraVe,2024-12-01,Hiệu quả,positive
6201,2028969337,CeraVe,2024-12-01,Thành phần,neutral
6201,2028969337,CeraVe,2024-12-01,Hiệu quả,positive
6202,2028969337,CeraVe,2024-12-01,Thành phần,neutral
6203,2028969337,CeraVe,2024-12-01,Hiệu quả,positive
6203,2028969337,CeraVe,2024-12-01,Giá cả,positive
6203,2028969337,CeraVe,2024-12-01,Hiệu quả,positive
6203,2028969337,CeraVe,2024-12-01,Thành phần,positive
6204,2028969337,CeraVe,2024-11-01,Hiệu quả,neutral
6204,2028969337,CeraVe,2024-11-01,Hiệu quả,positive
6205,2028969337,CeraVe,2024-11-01,Giao hàng,neutral
6205,2028969337,CeraVe,2024-11-01,Chất lượng/Đóng gói,positive
6206,2028969337,CeraVe,2024-11-01,Thành phần,neutral
6207,2028969337,CeraVe,2024-11-01,Hiệu quả,positive
6207,2028969337,CeraVe,2024-11-01,Mùi hương/Kết cấu,positive
6208,2028969337,CeraVe,2024-11-01,Mùi hương/Kết cấu,positive
6209,2028969337,CeraVe,2024-10-01,Hiệu quả,positive
6209,2028969337,CeraVe,2024-10-01,Thành phần,neutral
6210,2028969337,CeraVe,2024-10-01,Hiệu quả,positive
6210,2028969337,CeraVe,2024-10-01,Giá cả,neutral
6210,2028969337,CeraVe,2024-10-01,Mùi hương/Kết cấu,positive
6210,2028969337,CeraVe,2024-10-01,Thành phần,positive
6211,2028969337,CeraVe,2024-10-01,Giá cả,neutral
6212,2028969337,CeraVe,2024-09-01,Mùi hương/Kết cấu,positive
6212,2028969337,CeraVe,2024-09-01,Hiệu quả,neutral
6212,2028969337,CeraVe,2024-09-01,Hiệu quả,neutral
6212,2028969337,CeraVe,2024-09-01,Thành phần,neutral
6213,2028969337,CeraVe,2024-09-01,Giao hàng,neutral
6214,2028969337,CeraVe,2024-09-01,Mùi hương/Kết cấu,positive
6215,2028969337,CeraVe,2024-09-01,Hiệu quả,positive
6215,2028969337,CeraVe,2024-09-01,Mùi hương/Kết cấu,positive
6217,2028969337,CeraVe,2024-08-01,Thành phần,neutral
6217,2028969337,CeraVe,2024-08-01,Hiệu quả,neutral
6218,2028969337,CeraVe,2024-08-01,Hiệu quả,neutral
6219,2028969337,CeraVe,2024-08-01,Hiệu quả,negative
6220,2028969337,CeraVe,2024-08-01,Hiệu quả,positive
6221,2028969337,CeraVe,2024-08-01,Hiệu quả,positive
6221,2028969337,CeraVe,2024-08-01,Mùi hương/Kết cấu,positive
6221,2028969337,CeraVe,2024-08-01,Hiệu quả,positive
6222,2028969337,CeraVe,2024-08-01,Hiệu quả,positive
6222,2028969337,CeraVe,2024-08-01,Mùi hương/Kết cấu,positive
6223,2028969337,CeraVe,2024-08-01,Mùi hương/Kết cấu,positive
6223,2028969337,CeraVe,2024-08-01,Hiệu quả,neutral
6224,2028969337,CeraVe,2024-08-01,Giá cả,neutral
6224,2028969337,CeraVe,2024-08-01,Chất lượng/Đóng gói,neutral
6224,2028969337,CeraVe,2024-08-01,Giao hàng,neutral
6225,2028969337,CeraVe,2024-08-01,Giá cả,positive
6226,2028969337,CeraVe,2024-08-01,Hiệu quả,positive
6226,2028969337,CeraVe,2024-08-01,Hiệu quả,positive
6226,2028969337,CeraVe,2024-08-01,Hiệu quả,neutral
6227,2028969337,CeraVe,2024-08-01,Hiệu quả,positive
6229,2028969337,CeraVe,2024-08-01,Hiệu quả,positive
6230,2028969337,CeraVe,2024-07-01,Hiệu quả,positive
6232,2028969337,CeraVe,2024-07-01,Hiệu quả,neutral
6232,2028969337,CeraVe,2024-07-01,Hiệu quả,positive
6233,2028969337,CeraVe,2024-07-01,Hiệu quả,positive
6233,2028969337,CeraVe,2024-07-01,Hiệu quả,positive
6233,2028969337,CeraVe,2024-07-01,Hiệu quả,positive
6233,2028969337,CeraVe,2024-07-01,Hiệu quả,positive
6233,2028969337,CeraVe,2024-07-01,Hiệu quả,positive
6233,2028969337,CeraVe,2024-07-01,Hiệu quả,neutral
6233,2028969337,CeraVe,2024-07-01,Hiệu quả,positive
6233,2028969337,CeraVe,2024-07-01,Hiệu quả,positive
6236,2028969337,CeraVe,2024-07-01,Hiệu quả,positive
6237,2028969337,CeraVe,2024-07-01,Thành phần,neutral
6238,2028969337,CeraVe,2024-07-01,Giá cả,neutral
6238,2028969337,CeraVe,2024-07-01,Thành phần,neutral
6238,2028969337,CeraVe,2024-07-01,Hiệu quả,positive
6238,2028969337,CeraVe,2024-07-01,Hiệu quả,positive
6240,2028969337,CeraVe,2024-06-01,Hiệu quả,neutral
6244,2028969337,CeraVe,2024-06-01,Giao hàng,neutral
6244,2028969337,CeraVe,2024-06-01,Chất lượng/Đóng gói,neutral
6244,2028969337,CeraVe,2024-06-01,Giao hàng,neutral
6245,2028969337,CeraVe,2024-06-01,Chất lượng/Đóng gói,positive
6246,2028969337,CeraVe,2024-06-01,Thành phần,neutral
6246,2028969337,CeraVe,2024-06-01,Thành phần,neutral
6247,2028969337,CeraVe,2024-06-01,Hiệu quả,positive
6248,2028969337,CeraVe,2024-05-01,Hiệu quả,positive
6248,2028969337,CeraVe,2024-05-01,Hiệu quả,neutral
6249,2028969337,CeraVe,2024-05-01,Hiệu quả,positive
6250,2028969337,CeraVe,2024-05-01,Hiệu quả,neutral
6250,2028969337,CeraVe,2024-05-01,Hiệu quả,positive
6252,2028969337,CeraVe,2024-04-01,Giá cả,negative
6252,2028969337,CeraVe,2024-04-01,Chất lượng/Đóng gói,negative
6252,2028969337,CeraVe,2024-04-01,Dịch vụ/Uy tín,neutral
6255,2028969337,CeraVe,2024-03-01,Hiệu quả,positive
6261,2028969337,CeraVe,2024-03-01,Giao hàng,neutral
6261,2028969337,CeraVe,2024-03-01,Dịch vụ/Uy tín,positive
6262,2028969337,CeraVe,2024-02-01,Hiệu quả,neutral
6262,2028969337,CeraVe,2024-02-01,Hiệu quả,positive
6263,2028969337,CeraVe,2024-02-01,Chất lượng/Đóng gói,neutral
6266,2028969337,CeraVe,2023-12-01,Hiệu quả,neutral
6266,2028969337,CeraVe,2023-12-01,Hiệu quả,positive
6267,2028969337,CeraVe,2023-12-01,Hiệu quả,positive
6268,2028969337,CeraVe,2023-12-01,Giá cả,neutral
6268,2028969337,CeraVe,2023-12-01,Dịch vụ/Uy tín,positive
6269,2028969337,CeraVe,2023-12-01,Hiệu quả,positive
6269,2028969337,CeraVe,2023-12-01,Chất lượng/Đóng gói,positive
6269,2028969337,CeraVe,2023-12-01,Mùi hương/Kết cấu,positive
6270,2028969337,CeraVe,2023-12-01,Hiệu quả,positive
6270,2028969337,CeraVe,2023-12-01,Hiệu quả,positive
6272,2028969337,CeraVe,2023-12-01,Chất lượng/Đóng gói,neutral
6276,3070441311,CeraVe,2025-08-01,Hiệu quả,positive
6276,3070441311,CeraVe,2025-08-01,Mùi hương/Kết cấu,positive
6277,3070441311,CeraVe,2025-07-01,Hiệu quả,positive
6277,3070441311,CeraVe,2025-07-01,Chất lượng/Đóng gói,positive
6280,2028967302,CeraVe,2024-06-01,Giá cả,neutral
6281,2028967302,CeraVe,2023-10-01,Hiệu quả,positive
6281,2028967302,CeraVe,2023-10-01,Chất lượng/Đóng gói,positive
6281,2028967302,CeraVe,2023-10-01,Mùi hương/Kết cấu,positive
6281,2028967302,CeraVe,2023-10-01,Chất lượng/Đóng gói,positive
6281,2028967302,CeraVe,2023-10-01,Chất lượng/Đóng gói,neutral
6285,2028967302,CeraVe,2023-08-01,Chất lượng/Đóng gói,neutral
6287,2028967302,CeraVe,2023-10-01,Giá cả,neutral
6287,2028967302,CeraVe,2023-10-01,Mùi hương/Kết cấu,neutral
6287,2028967302,CeraVe,2023-10-01,Mùi hương/Kết cấu,positive
6287,2028967302,CeraVe,2023-10-01,Hiệu quả,neutral
6287,2028967302,CeraVe,2023-10-01,Giá cả,neutral
6287,2028967302,CeraVe,2023-10-01,Chất lượng/Đóng gói,neutral
6287,2028967302,CeraVe,2023-10-01,Dịch vụ/Uy tín,neutral
6288,2028967302,CeraVe,2023-01-01,Hiệu quả,neutral
6289,2028967302,CeraVe,2026-04-01,Hiệu quả,positive
6289,2028967302,CeraVe,2026-04-01,Giá cả,neutral
6289,2028967302,CeraVe,2026-04-01,Dịch vụ/Uy tín,neutral
6290,2028967302,CeraVe,2026-04-01,Mùi hương/Kết cấu,neutral
6290,2028967302,CeraVe,2026-04-01,Mùi hương/Kết cấu,neutral
6290,2028967302,CeraVe,2026-04-01,Hiệu quả,neutral
6291,2028967302,CeraVe,2026-03-01,Hiệu quả,positive
6291,2028967302,CeraVe,2026-03-01,Mùi hương/Kết cấu,negative
6291,2028967302,CeraVe,2026-03-01,Mùi hương/Kết cấu,positive
6291,2028967302,CeraVe,2026-03-01,Giao hàng,neutral
6291,2028967302,CeraVe,2026-03-01,Chất lượng/Đóng gói,neutral
6292,2028967302,CeraVe,2026-03-01,Chất lượng/Đóng gói,positive
6292,2028967302,CeraVe,2026-03-01,Hiệu quả,neutral
6292,2028967302,CeraVe,2026-03-01,Giá cả,neutral
6293,2028967302,CeraVe,2026-03-01,Hiệu quả,neutral
6294,2028967302,CeraVe,2026-03-01,Hiệu quả,positive
6294,2028967302,CeraVe,2026-03-01,Mùi hương/Kết cấu,positive
6294,2028967302,CeraVe,2026-03-01,Hiệu quả,positive
6294,2028967302,CeraVe,2026-03-01,Mùi hương/Kết cấu,positive
6294,2028967302,CeraVe,2026-03-01,Thành phần,positive
6296,2028967302,CeraVe,2026-03-01,Dịch vụ/Uy tín,neutral
6296,2028967302,CeraVe,2026-03-01,Dịch vụ/Uy tín,neutral
6297,2028967302,CeraVe,2026-02-01,Hiệu quả,positive
6298,2028967302,CeraVe,2026-02-01,Giao hàng,neutral
6298,2028967302,CeraVe,2026-02-01,Dịch vụ/Uy tín,neutral
6298,2028967302,CeraVe,2026-02-01,Giá cả,neutral
6298,2028967302,CeraVe,2026-02-01,Hiệu quả,neutral
6299,2028967302,CeraVe,2026-02-01,Giao hàng,neutral
6299,2028967302,CeraVe,2026-02-01,Dịch vụ/Uy tín,neutral
6299,2028967302,CeraVe,2026-02-01,Dịch vụ/Uy tín,neutral
6299,2028967302,CeraVe,2026-02-01,Giá cả,positive
6299,2028967302,CeraVe,2026-02-01,Dịch vụ/Uy tín,neutral
6300,2028967302,CeraVe,2026-02-01,Thành phần,positive
6300,2028967302,CeraVe,2026-02-01,Hiệu quả,positive
6301,2028967302,CeraVe,2026-01-01,Dịch vụ/Uy tín,neutral
6301,2028967302,CeraVe,2026-01-01,Dịch vụ/Uy tín,neutral
6302,2028967302,CeraVe,2026-01-01,Hiệu quả,positive
6302,2028967302,CeraVe,2026-01-01,Mùi hương/Kết cấu,neutral
6303,2028967302,CeraVe,2026-01-01,Hiệu quả,positive
6303,2028967302,CeraVe,2026-01-01,Hiệu quả,positive
6304,2028967302,CeraVe,2026-01-01,Hiệu quả,neutral
6304,2028967302,CeraVe,2026-01-01,Mùi hương/Kết cấu,positive
6305,2028967302,CeraVe,2025-12-01,Hiệu quả,positive
6306,2028967302,CeraVe,2025-12-01,Chất lượng/Đóng gói,positive
6306,2028967302,CeraVe,2025-12-01,Giao hàng,positive
6306,2028967302,CeraVe,2025-12-01,Giao hàng,neutral
6306,2028967302,CeraVe,2025-12-01,Giá cả,neutral
6307,2028967302,CeraVe,2025-12-01,Giao hàng,neutral
6307,2028967302,CeraVe,2025-12-01,Dịch vụ/Uy tín,neutral
6307,2028967302,CeraVe,2025-12-01,Dịch vụ/Uy tín,positive
6308,2028967302,CeraVe,2025-11-01,Mùi hương/Kết cấu,positive
6308,2028967302,CeraVe,2025-11-01,Mùi hương/Kết cấu,neutral
6308,2028967302,CeraVe,2025-11-01,Hiệu quả,positive
6309,2028967302,CeraVe,2025-11-01,Chất lượng/Đóng gói,neutral
6309,2028967302,CeraVe,2025-11-01,Mùi hương/Kết cấu,positive
6310,2028967302,CeraVe,2025-11-01,Mùi hương/Kết cấu,positive
6310,2028967302,CeraVe,2025-11-01,Hiệu quả,neutral
6311,2028967302,CeraVe,2025-11-01,Giao hàng,neutral
6311,2028967302,CeraVe,2025-11-01,Dịch vụ/Uy tín,neutral
6311,2028967302,CeraVe,2025-11-01,Chất lượng/Đóng gói,positive
6311,2028967302,CeraVe,2025-11-01,Dịch vụ/Uy tín,neutral
6311,2028967302,CeraVe,2025-11-01,Dịch vụ/Uy tín,neutral
6311,2028967302,CeraVe,2025-11-01,Dịch vụ/Uy tín,neutral
6312,2028967302,CeraVe,2025-10-01,Hiệu quả,positive
6312,2028967302,CeraVe,2025-10-01,Mùi hương/Kết cấu,neutral
6313,2028967302,CeraVe,2025-10-01,Mùi hương/Kết cấu,positive
6313,2028967302,CeraVe,2025-10-01,Hiệu quả,positive
6314,2028967302,CeraVe,2025-10-01,Giao hàng,neutral
6314,2028967302,CeraVe,2025-10-01,Dịch vụ/Uy tín,neutral
6314,2028967302,CeraVe,2025-10-01,Dịch vụ/Uy tín,neutral
6315,2028967302,CeraVe,2025-09-01,Giao hàng,neutral
6315,2028967302,CeraVe,2025-09-01,Dịch vụ/Uy tín,neutral
6315,2028967302,CeraVe,2025-09-01,Chất lượng/Đóng gói,positive
6315,2028967302,CeraVe,2025-09-01,Dịch vụ/Uy tín,neutral
6316,2028967302,CeraVe,2025-09-01,Giao hàng,neutral
6317,2028967302,CeraVe,2025-09-01,Hiệu quả,positive
6318,2028967302,CeraVe,2025-09-01,Giao hàng,neutral
6318,2028967302,CeraVe,2025-09-01,Dịch vụ/Uy tín,neutral
6318,2028967302,CeraVe,2025-09-01,Chất lượng/Đóng gói,positive
6318,2028967302,CeraVe,2025-09-01,Dịch vụ/Uy tín,positive
6318,2028967302,CeraVe,2025-09-01,Dịch vụ/Uy tín,neutral
6320,2028967302,CeraVe,2025-08-01,Hiệu quả,positive
6320,2028967302,CeraVe,2025-08-01,Chất lượng/Đóng gói,positive
6320,2028967302,CeraVe,2025-08-01,Dịch vụ/Uy tín,positive
6320,2028967302,CeraVe,2025-08-01,Giao hàng,neutral
6320,2028967302,CeraVe,2025-08-01,Dịch vụ/Uy tín,neutral
6321,2028967302,CeraVe,2025-08-01,Hiệu quả,neutral
6321,2028967302,CeraVe,2025-08-01,Hiệu quả,positive
6322,2028967302,CeraVe,2025-07-01,Hiệu quả,neutral
6323,2028967302,CeraVe,2025-06-01,Mùi hương/Kết cấu,neutral
6323,2028967302,CeraVe,2025-06-01,Mùi hương/Kết cấu,neutral
6324,2028967302,CeraVe,2025-06-01,Hiệu quả,neutral
6324,2028967302,CeraVe,2025-06-01,Hiệu quả,neutral
6324,2028967302,CeraVe,2025-06-01,Hiệu quả,neutral
6325,2028967302,CeraVe,2025-05-01,Giao hàng,neutral
6325,2028967302,CeraVe,2025-05-01,Dịch vụ/Uy tín,neutral
6325,2028967302,CeraVe,2025-05-01,Dịch vụ/Uy tín,neutral
6327,2028967302,CeraVe,2025-05-01,Mùi hương/Kết cấu,negative
6328,2028967302,CeraVe,2025-05-01,Hiệu quả,neutral
6328,2028967302,CeraVe,2025-05-01,Mùi hương/Kết cấu,neutral
6329,2028967302,CeraVe,2025-05-01,Hiệu quả,neutral
6329,2028967302,CeraVe,2025-05-01,Hiệu quả,positive
6329,2028967302,CeraVe,2025-05-01,Hiệu quả,neutral
6329,2028967302,CeraVe,2025-05-01,Hiệu quả,neutral
6329,2028967302,CeraVe,2025-05-01,Hiệu quả,positive
6330,2028967302,CeraVe,2025-05-01,Dịch vụ/Uy tín,neutral
6330,2028967302,CeraVe,2025-05-01,Dịch vụ/Uy tín,positive
6330,2028967302,CeraVe,2025-05-01,Dịch vụ/Uy tín,neutral
6330,2028967302,CeraVe,2025-05-01,Dịch vụ/Uy tín,positive
6331,2028967302,CeraVe,2025-05-01,Thành phần,neutral
6331,2028967302,CeraVe,2025-05-01,Hiệu quả,positive
6331,2028967302,CeraVe,2025-05-01,Mùi hương/Kết cấu,positive
6331,2028967302,CeraVe,2025-05-01,Mùi hương/Kết cấu,neutral
6332,2028967302,CeraVe,2025-04-01,Giao hàng,neutral
6332,2028967302,CeraVe,2025-04-01,Dịch vụ/Uy tín,neutral
6332,2028967302,CeraVe,2025-04-01,Chất lượng/Đóng gói,positive
6332,2028967302,CeraVe,2025-04-01,Dịch vụ/Uy tín,neutral
6333,2028967302,CeraVe,2025-04-01,Hiệu quả,neutral
6333,2028967302,CeraVe,2025-04-01,Hiệu quả,neutral
6333,2028967302,CeraVe,2025-04-01,Hiệu quả,neutral
6333,2028967302,CeraVe,2025-04-01,Hiệu quả,neutral
6333,2028967302,CeraVe,2025-04-01,Hiệu quả,neutral
6333,2028967302,CeraVe,2025-04-01,Hiệu quả,neutral
6334,2028967302,CeraVe,2025-04-01,Hiệu quả,positive
6334,2028967302,CeraVe,2025-04-01,Chất lượng/Đóng gói,neutral
6334,2028967302,CeraVe,2025-04-01,Dịch vụ/Uy tín,neutral
6334,2028967302,CeraVe,2025-04-01,Dịch vụ/Uy tín,positive
6335,2028967302,CeraVe,2025-04-01,Hiệu quả,positive
6335,2028967302,CeraVe,2025-04-01,Hiệu quả,negative
6335,2028967302,CeraVe,2025-04-01,Mùi hương/Kết cấu,positive
6335,2028967302,CeraVe,2025-04-01,Hiệu quả,neutral
6335,2028967302,CeraVe,2025-04-01,Mùi hương/Kết cấu,positive
6335,2028967302,CeraVe,2025-04-01,Hiệu quả,neutral
6336,2028967302,CeraVe,2025-03-01,Giá cả,positive
6336,2028967302,CeraVe,2025-03-01,Chất lượng/Đóng gói,positive
6336,2028967302,CeraVe,2025-03-01,Giao hàng,positive
6338,2028967302,CeraVe,2025-03-01,Giao hàng,neutral
6338,2028967302,CeraVe,2025-03-01,Chất lượng/Đóng gói,neutral
6338,2028967302,CeraVe,2025-03-01,Chất lượng/Đóng gói,positive
6338,2028967302,CeraVe,2025-03-01,Hiệu quả,positive
6339,2028967302,CeraVe,2025-03-01,Dịch vụ/Uy tín,neutral
6339,2028967302,CeraVe,2025-03-01,Giao hàng,neutral
6339,2028967302,CeraVe,2025-03-01,Dịch vụ/Uy tín,neutral
6339,2028967302,CeraVe,2025-03-01,Chất lượng/Đóng gói,neutral
6339,2028967302,CeraVe,2025-03-01,Dịch vụ/Uy tín,neutral
6340,2028967302,CeraVe,2025-03-01,Mùi hương/Kết cấu,positive
6340,2028967302,CeraVe,2025-03-01,Mùi hương/Kết cấu,neutral
6340,2028967302,CeraVe,2025-03-01,Mùi hương/Kết cấu,positive
6340,2028967302,CeraVe,2025-03-01,Mùi hương/Kết cấu,neutral
6340,2028967302,CeraVe,2025-03-01,Mùi hương/Kết cấu,positive
6340,2028967302,CeraVe,2025-03-01,Mùi hương/Kết cấu,neutral
6341,2028967302,CeraVe,2025-03-01,Mùi hương/Kết cấu,neutral
6341,2028967302,CeraVe,2025-03-01,Hiệu quả,positive
6341,2028967302,CeraVe,2025-03-01,Hiệu quả,neutral
6342,2028967302,CeraVe,2025-01-01,Chất lượng/Đóng gói,positive
6342,2028967302,CeraVe,2025-01-01,Dịch vụ/Uy tín,positive
6342,2028967302,CeraVe,2025-01-01,Giao hàng,positive
6342,2028967302,CeraVe,2025-01-01,Dịch vụ/Uy tín,positive
6342,2028967302,CeraVe,2025-01-01,Dịch vụ/Uy tín,neutral
6343,2028967302,CeraVe,2025-01-01,Hiệu quả,neutral
6344,2028967302,CeraVe,2025-01-01,Hiệu quả,positive
6345,2028967302,CeraVe,2024-12-01,Giao hàng,neutral
6345,2028967302,CeraVe,2024-12-01,Dịch vụ/Uy tín,neutral
6345,2028967302,CeraVe,2024-12-01,Dịch vụ/Uy tín,neutral
6345,2028967302,CeraVe,2024-12-01,Dịch vụ/Uy tín,neutral
6348,2028967302,CeraVe,2024-12-01,Thành phần,positive
6348,2028967302,CeraVe,2024-12-01,Hiệu quả,positive
6348,2028967302,CeraVe,2024-12-01,Mùi hương/Kết cấu,positive
6348,2028967302,CeraVe,2024-12-01,Mùi hương/Kết cấu,neutral
6348,2028967302,CeraVe,2024-12-01,Hiệu quả,positive
6348,2028967302,CeraVe,2024-12-01,Hiệu quả,neutral
6348,2028967302,CeraVe,2024-12-01,Mùi hương/Kết cấu,positive
6349,2028967302,CeraVe,2024-12-01,Hiệu quả,neutral
6350,2028967302,CeraVe,2024-12-01,Giao hàng,neutral
6350,2028967302,CeraVe,2024-12-01,Dịch vụ/Uy tín,neutral
6350,2028967302,CeraVe,2024-12-01,Chất lượng/Đóng gói,positive
6350,2028967302,CeraVe,2024-12-01,Hiệu quả,neutral
6350,2028967302,CeraVe,2024-12-01,Dịch vụ/Uy tín,neutral
6350,2028967302,CeraVe,2024-12-01,Dịch vụ/Uy tín,neutral
6352,2028967302,CeraVe,2024-12-01,Mùi hương/Kết cấu,positive
6352,2028967302,CeraVe,2024-12-01,Hiệu quả,neutral
6352,2028967302,CeraVe,2024-12-01,Mùi hương/Kết cấu,positive
6354,2028967302,CeraVe,2024-11-01,Mùi hương/Kết cấu,neutral
6356,2028967302,CeraVe,2024-11-01,Hiệu quả,neutral
6356,2028967302,CeraVe,2024-11-01,Mùi hương/Kết cấu,neutral
6358,2028967302,CeraVe,2024-11-01,Hiệu quả,neutral
6358,2028967302,CeraVe,2024-11-01,Mùi hương/Kết cấu,neutral
6359,2028967302,CeraVe,2024-11-01,Hiệu quả,neutral
6359,2028967302,CeraVe,2024-11-01,Mùi hương/Kết cấu,neutral
6360,2028967302,CeraVe,2024-10-01,Hiệu quả,negative
6361,2028967302,CeraVe,2024-10-01,Hiệu quả,positive
6362,2028967302,CeraVe,2024-10-01,Hiệu quả,neutral
6362,2028967302,CeraVe,2024-10-01,Hiệu quả,positive
6362,2028967302,CeraVe,2024-10-01,Mùi hương/Kết cấu,positive
6363,2028967302,CeraVe,2024-10-01,Giá cả,neutral
6364,2028967302,CeraVe,2024-10-01,Hiệu quả,neutral
6365,2028967302,CeraVe,2024-10-01,Hiệu quả,neutral
6365,2028967302,CeraVe,2024-10-01,Hiệu quả,positive
6366,2028967302,CeraVe,2024-10-01,Hiệu quả,neutral
6366,2028967302,CeraVe,2024-10-01,Hiệu quả,positive
6366,2028967302,CeraVe,2024-10-01,Mùi hương/Kết cấu,neutral
6366,2028967302,CeraVe,2024-10-01,Mùi hương/Kết cấu,neutral
6367,2028967302,CeraVe,2024-10-01,Hiệu quả,neutral
6367,2028967302,CeraVe,2024-10-01,Hiệu quả,positive
6368,2028967302,CeraVe,2024-10-01,Mùi hương/Kết cấu,neutral
6368,2028967302,CeraVe,2024-10-01,Hiệu quả,neutral
6369,2028967302,CeraVe,2024-10-01,Hiệu quả,positive
6369,2028967302,CeraVe,2024-10-01,Giá cả,positive
6370,2028967302,CeraVe,2024-10-01,Mùi hương/Kết cấu,positive
6370,2028967302,CeraVe,2024-10-01,Hiệu quả,neutral
6370,2028967302,CeraVe,2024-10-01,Hiệu quả,positive
6371,2028967302,CeraVe,2024-10-01,Mùi hương/Kết cấu,positive
6372,2028967302,CeraVe,2024-10-01,Mùi hương/Kết cấu,positive
6372,2028967302,CeraVe,2024-10-01,Mùi hương/Kết cấu,positive
6372,2028967302,CeraVe,2024-10-01,Hiệu quả,neutral
6373,2028976344,CeraVe,2024-07-01,Chất lượng/Đóng gói,neutral
6374,2028976344,CeraVe,2024-07-01,Chất lượng/Đóng gói,neutral
6375,2028976344,CeraVe,2024-06-01,Chất lượng/Đóng gói,neutral
6375,2028976344,CeraVe,2024-06-01,Chất lượng/Đóng gói,neutral
6375,2028976344,CeraVe,2024-06-01,Thành phần,neutral
6376,2028976344,CeraVe,2023-03-01,Hiệu quả,neutral
6376,2028976344,CeraVe,2023-03-01,Chất lượng/Đóng gói,neutral
6376,2028976344,CeraVe,2023-03-01,Giao hàng,neutral
6376,2028976344,CeraVe,2023-03-01,Chất lượng/Đóng gói,negative
6377,2028976344,CeraVe,2022-10-01,Giá cả,neutral
6378,2028976344,CeraVe,2025-02-01,Chất lượng/Đóng gói,negative
6379,2028976344,CeraVe,2024-02-01,Chất lượng/Đóng gói,neutral
6380,2028976344,CeraVe,2024-01-01,Chất lượng/Đóng gói,neutral
6381,2028976344,CeraVe,2024-07-01,Chất lượng/Đóng gói,negative
6381,2028976344,CeraVe,2024-07-01,Mùi hương/Kết cấu,negative
6385,2028976344,CeraVe,2024-01-01,Mùi hương/Kết cấu,neutral
6386,2028976344,CeraVe,2024-01-01,Giá cả,neutral
6387,2028976344,CeraVe,2023-12-01,Mùi hương/Kết cấu,neutral
6387,2028976344,CeraVe,2023-12-01,Hiệu quả,positive
6387,2028976344,CeraVe,2023-12-01,Dịch vụ/Uy tín,neutral
6388,2028976344,CeraVe,2023-12-01,Hiệu quả,positive
6389,2028976344,CeraVe,2023-12-01,Hiệu quả,negative
6389,2028976344,CeraVe,2023-12-01,Chất lượng/Đóng gói,negative
6390,2028976344,CeraVe,2023-03-01,Mùi hương/Kết cấu,positive
6391,2028976344,CeraVe,2026-02-01,Giao hàng,neutral
6391,2028976344,CeraVe,2026-02-01,Dịch vụ/Uy tín,neutral
6391,2028976344,CeraVe,2026-02-01,Dịch vụ/Uy tín,neutral
6391,2028976344,CeraVe,2026-02-01,Giá cả,positive
6391,2028976344,CeraVe,2026-02-01,Dịch vụ/Uy tín,neutral
6392,2028976344,CeraVe,2026-02-01,Chất lượng/Đóng gói,negative
6394,2028976344,CeraVe,2025-11-01,Chất lượng/Đóng gói,positive
6394,2028976344,CeraVe,2025-11-01,Giao hàng,positive
6395,2028976344,CeraVe,2025-09-01,Hiệu quả,neutral
6395,2028976344,CeraVe,2025-09-01,Giá cả,neutral
6396,2028976344,CeraVe,2025-08-01,Hiệu quả,neutral
6397,2028976344,CeraVe,2025-07-01,Hiệu quả,negative
6397,2028976344,CeraVe,2025-07-01,Mùi hương/Kết cấu,neutral
6398,2028976344,CeraVe,2025-03-01,Hiệu quả,neutral
6398,2028976344,CeraVe,2025-03-01,Hiệu quả,positive
6398,2028976344,CeraVe,2025-03-01,Mùi hương/Kết cấu,positive
6398,2028976344,CeraVe,2025-03-01,Hiệu quả,positive
6399,2028976344,CeraVe,2025-01-01,Hiệu quả,neutral
6401,2028976344,CeraVe,2024-12-01,Hiệu quả,positive
6401,2028976344,CeraVe,2024-12-01,Mùi hương/Kết cấu,positive
6401,2028976344,CeraVe,2024-12-01,Hiệu quả,neutral
6402,2028976344,CeraVe,2024-12-01,Mùi hương/Kết cấu,neutral
6402,2028976344,CeraVe,2024-12-01,Hiệu quả,positive
6403,2028976344,CeraVe,2024-12-01,Chất lượng/Đóng gói,negative
6403,2028976344,CeraVe,2024-12-01,Hiệu quả,negative
6404,2028976344,CeraVe,2024-12-01,Hiệu quả,positive
6405,2028976344,CeraVe,2024-12-01,Hiệu quả,positive
6406,2028976344,CeraVe,2024-12-01,Giá cả,positive
6406,2028976344,CeraVe,2024-12-01,Hiệu quả,positive
6406,2028976344,CeraVe,2024-12-01,Mùi hương/Kết cấu,positive
6407,2028976344,CeraVe,2024-11-01,Hiệu quả,positive
6407,2028976344,CeraVe,2024-11-01,Hiệu quả,positive
6409,2028976344,CeraVe,2024-11-01,Chất lượng/Đóng gói,neutral
6410,2028976344,CeraVe,2024-11-01,Hiệu quả,neutral
6410,2028976344,CeraVe,2024-11-01,Giá cả,neutral
6410,2028976344,CeraVe,2024-11-01,Hiệu quả,neutral
6410,2028976344,CeraVe,2024-11-01,Hiệu quả,positive
6411,2028976344,CeraVe,2024-11-01,Mùi hương/Kết cấu,positive
6411,2028976344,CeraVe,2024-11-01,Hiệu quả,positive
6412,2028976344,CeraVe,2024-11-01,Mùi hương/Kết cấu,positive
6412,2028976344,CeraVe,2024-11-01,Hiệu quả,positive
6412,2028976344,CeraVe,2024-11-01,Mùi hương/Kết cấu,positive
6412,2028976344,CeraVe,2024-11-01,Thành phần,positive
6413,2028976344,CeraVe,2024-10-01,Hiệu quả,negative
6414,2028976344,CeraVe,2024-10-01,Hiệu quả,neutral
6414,2028976344,CeraVe,2024-10-01,Hiệu quả,neutral
6414,2028976344,CeraVe,2024-10-01,Hiệu quả,positive
6414,2028976344,CeraVe,2024-10-01,Hiệu quả,positive
6414,2028976344,CeraVe,2024-10-01,Mùi hương/Kết cấu,positive
6415,2028976344,CeraVe,2024-10-01,Giao hàng,neutral
6415,2028976344,CeraVe,2024-10-01,Giá cả,positive
6415,2028976344,CeraVe,2024-10-01,Chất lượng/Đóng gói,positive
6415,2028976344,CeraVe,2024-10-01,Chất lượng/Đóng gói,neutral
6416,2028976344,CeraVe,2024-10-01,Mùi hương/Kết cấu,positive
6416,2028976344,CeraVe,2024-10-01,Hiệu quả,neutral
6416,2028976344,CeraVe,2024-10-01,Hiệu quả,positive
6417,2028976344,CeraVe,2024-10-01,Hiệu quả,neutral
6417,2028976344,CeraVe,2024-10-01,Giá cả,neutral
6417,2028976344,CeraVe,2024-10-01,Mùi hương/Kết cấu,neutral
6417,2028976344,CeraVe,2024-10-01,Hiệu quả,neutral
6417,2028976344,CeraVe,2024-10-01,Giá cả,neutral
6418,2028976344,CeraVe,2024-10-01,Thành phần,neutral
6418,2028976344,CeraVe,2024-10-01,Hiệu quả,negative
6418,2028976344,CeraVe,2024-10-01,Hiệu quả,positive
6419,2028976344,CeraVe,2024-10-01,Hiệu quả,positive
6419,2028976344,CeraVe,2024-10-01,Hiệu quả,negative
6419,2028976344,CeraVe,2024-10-01,Hiệu quả,neutral
6419,2028976344,CeraVe,2024-10-01,Giá cả,neutral
6420,2028976344,CeraVe,2024-10-01,Mùi hương/Kết cấu,positive
6420,2028976344,CeraVe,2024-10-01,Hiệu quả,neutral
6420,2028976344,CeraVe,2024-10-01,Hiệu quả,positive
6421,2028976344,CeraVe,2024-10-01,Hiệu quả,neutral
6421,2028976344,CeraVe,2024-10-01,Hiệu quả,positive
6421,2028976344,CeraVe,2024-10-01,Mùi hương/Kết cấu,positive
6421,2028976344,CeraVe,2024-10-01,Hiệu quả,neutral
6421,2028976344,CeraVe,2024-10-01,Hiệu quả,negative
6422,2028976344,CeraVe,2024-10-01,Hiệu quả,positive
6422,2028976344,CeraVe,2024-10-01,Hiệu quả,neutral
6422,2028976344,CeraVe,2024-10-01,Hiệu quả,positive
6422,2028976344,CeraVe,2024-10-01,Mùi hương/Kết cấu,positive
6422,2028976344,CeraVe,2024-10-01,Mùi hương/Kết cấu,positive
6423,2028976344,CeraVe,2024-09-01,Hiệu quả,neutral
6423,2028976344,CeraVe,2024-09-01,Hiệu quả,positive
6423,2028976344,CeraVe,2024-09-01,Hiệu quả,neutral
6423,2028976344,CeraVe,2024-09-01,Giá cả,neutral
6424,2028976344,CeraVe,2024-09-01,Hiệu quả,neutral
6424,2028976344,CeraVe,2024-09-01,Giá cả,neutral
6424,2028976344,CeraVe,2024-09-01,Hiệu quả,neutral
6425,2028976344,CeraVe,2024-09-01,Mùi hương/Kết cấu,positive
6425,2028976344,CeraVe,2024-09-01,Mùi hương/Kết cấu,neutral
6426,2028976344,CeraVe,2024-09-01,Hiệu quả,neutral
6426,2028976344,CeraVe,2024-09-01,Hiệu quả,neutral
6427,2028976344,CeraVe,2024-09-01,Mùi hương/Kết cấu,neutral
6427,2028976344,CeraVe,2024-09-01,Hiệu quả,positive
6427,2028976344,CeraVe,2024-09-01,Mùi hương/Kết cấu,neutral
6427,2028976344,CeraVe,2024-09-01,Mùi hương/Kết cấu,neutral
6427,2028976344,CeraVe,2024-09-01,Hiệu quả,positive
6429,2028976344,CeraVe,2024-08-01,Hiệu quả,positive
6431,2028976344,CeraVe,2024-08-01,Chất lượng/Đóng gói,positive
6431,2028976344,CeraVe,2024-08-01,Mùi hương/Kết cấu,positive
6431,2028976344,CeraVe,2024-08-01,Mùi hương/Kết cấu,neutral
6431,2028976344,CeraVe,2024-08-01,Hiệu quả,positive
6432,2028976344,CeraVe,2024-08-01,Hiệu quả,positive
6432,2028976344,CeraVe,2024-08-01,Giá cả,neutral
6433,2028976344,CeraVe,2024-07-01,Hiệu quả,positive
6433,2028976344,CeraVe,2024-07-01,Mùi hương/Kết cấu,positive
6434,2028976344,CeraVe,2024-07-01,Hiệu quả,neutral
6434,2028976344,CeraVe,2024-07-01,Giá cả,neutral
6435,2028976344,CeraVe,2024-07-01,Hiệu quả,neutral
6435,2028976344,CeraVe,2024-07-01,Hiệu quả,positive
6435,2028976344,CeraVe,2024-07-01,Mùi hương/Kết cấu,positive
6437,2028976344,CeraVe,2024-07-01,Hiệu quả,neutral
6437,2028976344,CeraVe,2024-07-01,Hiệu quả,positive
6437,2028976344,CeraVe,2024-07-01,Hiệu quả,positive
6437,2028976344,CeraVe,2024-07-01,Mùi hương/Kết cấu,positive
6437,2028976344,CeraVe,2024-07-01,Hiệu quả,neutral
6438,2028976344,CeraVe,2024-07-01,Mùi hương/Kết cấu,positive
6438,2028976344,CeraVe,2024-07-01,Hiệu quả,positive
6438,2028976344,CeraVe,2024-07-01,Hiệu quả,positive
6438,2028976344,CeraVe,2024-07-01,Mùi hương/Kết cấu,positive
6439,2028976344,CeraVe,2024-07-01,Hiệu quả,neutral
6439,2028976344,CeraVe,2024-07-01,Giá cả,neutral
6440,2028976344,CeraVe,2024-07-01,Hiệu quả,neutral
6440,2028976344,CeraVe,2024-07-01,Mùi hương/Kết cấu,positive
6440,2028976344,CeraVe,2024-07-01,Hiệu quả,neutral
6440,2028976344,CeraVe,2024-07-01,Hiệu quả,neutral
6441,2028976344,CeraVe,2024-06-01,Mùi hương/Kết cấu,neutral
6441,2028976344,CeraVe,2024-06-01,Hiệu quả,neutral
6441,2028976344,CeraVe,2024-06-01,Giá cả,neutral
6442,2028976344,CeraVe,2024-06-01,Hiệu quả,neutral
6443,2028976344,CeraVe,2024-06-01,Hiệu quả,neutral
6443,2028976344,CeraVe,2024-06-01,Hiệu quả,positive
6444,2028976344,CeraVe,2024-06-01,Hiệu quả,positive
6445,2028976344,CeraVe,2024-06-01,Mùi hương/Kết cấu,neutral
6445,2028976344,CeraVe,2024-06-01,Hiệu quả,neutral
6445,2028976344,CeraVe,2024-06-01,Mùi hương/Kết cấu,positive
6446,2028976344,CeraVe,2024-05-01,Mùi hương/Kết cấu,positive
6446,2028976344,CeraVe,2024-05-01,Hiệu quả,neutral
6447,2028976344,CeraVe,2024-04-01,Hiệu quả,positive
6447,2028976344,CeraVe,2024-04-01,Hiệu quả,neutral
6447,2028976344,CeraVe,2024-04-01,Hiệu quả,positive
6450,2028976344,CeraVe,2024-02-01,Hiệu quả,positive
6450,2028976344,CeraVe,2024-02-01,Mùi hương/Kết cấu,positive
6450,2028976344,CeraVe,2024-02-01,Giá cả,positive
6450,2028976344,CeraVe,2024-02-01,Thành phần,neutral
6450,2028976344,CeraVe,2024-02-01,Mùi hương/Kết cấu,neutral
6451,2028976344,CeraVe,2024-01-01,Mùi hương/Kết cấu,neutral
6452,2028976344,CeraVe,2024-01-01,Chất lượng/Đóng gói,positive
6452,2028976344,CeraVe,2024-01-01,Giao hàng,neutral
6452,2028976344,CeraVe,2024-01-01,Chất lượng/Đóng gói,neutral
6452,2028976344,CeraVe,2024-01-01,Giá cả,neutral
6452,2028976344,CeraVe,2024-01-01,Giá cả,positive
6452,2028976344,CeraVe,2024-01-01,Chất lượng/Đóng gói,positive
6456,2028976344,CeraVe,2024-01-01,Hiệu quả,neutral
6456,2028976344,CeraVe,2024-01-01,Giá cả,neutral
6457,2028976344,CeraVe,2024-01-01,Hiệu quả,neutral
6458,2028976344,CeraVe,2024-01-01,Hiệu quả,positive
6458,2028976344,CeraVe,2024-01-01,Mùi hương/Kết cấu,positive
6458,2028976344,CeraVe,2024-01-01,Mùi hương/Kết cấu,neutral
6458,2028976344,CeraVe,2024-01-01,Hiệu quả,positive
6462,2028976344,CeraVe,2024-01-01,Giao hàng,neutral
6463,2028976344,CeraVe,2024-01-01,Hiệu quả,neutral
6463,2028976344,CeraVe,2024-01-01,Giá cả,neutral
6464,2028976344,CeraVe,2024-01-01,Mùi hương/Kết cấu,positive
6464,2028976344,CeraVe,2024-01-01,Mùi hương/Kết cấu,positive
6464,2028976344,CeraVe,2024-01-01,Hiệu quả,positive
6464,2028976344,CeraVe,2024-01-01,Mùi hương/Kết cấu,neutral
6465,2028976344,CeraVe,2024-01-01,Giá cả,positive
6466,2028976344,CeraVe,2024-01-01,Hiệu quả,neutral
6466,2028976344,CeraVe,2024-01-01,Mùi hương/Kết cấu,positive
6467,2028976344,CeraVe,2024-01-01,Giao hàng,neutral
6467,2028976344,CeraVe,2024-01-01,Giá cả,positive
6468,2028976344,CeraVe,2023-12-01,Giao hàng,neutral
6468,2028976344,CeraVe,2023-12-01,Giá cả,neutral
6469,2028976344,CeraVe,2023-12-01,Giá cả,neutral
6469,2028976344,CeraVe,2023-12-01,Dịch vụ/Uy tín,neutral
6470,2028976344,CeraVe,2023-12-01,Hiệu quả,neutral
6470,2028976344,CeraVe,2023-12-01,Hiệu quả,neutral
6470,2028976344,CeraVe,2023-12-01,Giá cả,neutral
6471,2028976344,CeraVe,2023-12-01,Chất lượng/Đóng gói,positive
6471,2028976344,CeraVe,2023-12-01,Giao hàng,neutral
6471,2028976344,CeraVe,2023-12-01,Hiệu quả,positive
6472,2028976344,CeraVe,2023-12-01,Giá cả,neutral
6473,2028976344,CeraVe,2023-12-01,Chất lượng/Đóng gói,positive
6474,2028976344,CeraVe,2023-12-01,Hiệu quả,neutral
6474,2028976344,CeraVe,2023-12-01,Giá cả,neutral
6474,2028976344,CeraVe,2023-12-01,Mùi hương/Kết cấu,positive
6475,2028976344,CeraVe,2023-12-01,Hiệu quả,neutral
6475,2028976344,CeraVe,2023-12-01,Hiệu quả,neutral
6475,2028976344,CeraVe,2023-12-01,Hiệu quả,neutral
6475,2028976344,CeraVe,2023-12-01,Hiệu quả,neutral
6476,2028976344,CeraVe,2023-12-01,Hiệu quả,neutral
6476,2028976344,CeraVe,2023-12-01,Chất lượng/Đóng gói,positive
6476,2028976344,CeraVe,2023-12-01,Giao hàng,neutral
6477,2028976344,CeraVe,2023-12-01,Chất lượng/Đóng gói,neutral
6477,2028976344,CeraVe,2023-12-01,Hiệu quả,neutral
6478,2028976344,CeraVe,2023-12-01,Chất lượng/Đóng gói,positive
6478,2028976344,CeraVe,2023-12-01,Dịch vụ/Uy tín,positive
6478,2028976344,CeraVe,2023-12-01,Giá cả,positive
6479,2028976344,CeraVe,2023-11-01,Mùi hương/Kết cấu,neutral
6479,2028976344,CeraVe,2023-11-01,Hiệu quả,neutral
6481,3148877020,CeraVe,2025-09-01,Hiệu quả,negative
6482,3148747785,CeraVe,2026-03-01,Hiệu quả,neutral
6482,3148747785,CeraVe,2026-03-01,Hiệu quả,neutral
6483,2028781933,CeraVe,2025-10-01,Mùi hương/Kết cấu,positive
6484,2028781933,CeraVe,2023-06-01,Chất lượng/Đóng gói,neutral
6484,2028781933,CeraVe,2023-06-01,Hiệu quả,positive
6484,2028781933,CeraVe,2023-06-01,Chất lượng/Đóng gói,positive
6484,2028781933,CeraVe,2023-06-01,Mùi hương/Kết cấu,positive
6485,2028781933,CeraVe,2023-11-01,Chất lượng/Đóng gói,neutral
6486,2028781933,CeraVe,2026-02-01,Mùi hương/Kết cấu,positive
6486,2028781933,CeraVe,2026-02-01,Hiệu quả,neutral
6486,2028781933,CeraVe,2026-02-01,Hiệu quả,negative
6487,2028781933,CeraVe,2024-12-01,Chất lượng/Đóng gói,positive
6487,2028781933,CeraVe,2024-12-01,Giao hàng,neutral
6487,2028781933,CeraVe,2024-12-01,Chất lượng/Đóng gói,positive
6489,2028781933,CeraVe,2026-03-01,Hiệu quả,positive
6490,2028781933,CeraVe,2026-03-01,Giá cả,positive
6490,2028781933,CeraVe,2026-03-01,Hiệu quả,positive
6493,2028781933,CeraVe,2026-03-01,Hiệu quả,positive
6493,2028781933,CeraVe,2026-03-01,Giá cả,positive
6493,2028781933,CeraVe,2026-03-01,Chất lượng/Đóng gói,neutral
6493,2028781933,CeraVe,2026-03-01,Chất lượng/Đóng gói,positive
6493,2028781933,CeraVe,2026-03-01,Giao hàng,positive
6493,2028781933,CeraVe,2026-03-01,Dịch vụ/Uy tín,positive
6494,2028781933,CeraVe,2026-03-01,Hiệu quả,positive
6494,2028781933,CeraVe,2026-03-01,Mùi hương/Kết cấu,positive
6497,2028781933,CeraVe,2026-02-01,Mùi hương/Kết cấu,positive
6498,2028781933,CeraVe,2026-02-01,Mùi hương/Kết cấu,positive
6498,2028781933,CeraVe,2026-02-01,Hiệu quả,positive
6500,2028781933,CeraVe,2026-01-01,Mùi hương/Kết cấu,neutral
6500,2028781933,CeraVe,2026-01-01,Giá cả,positive
6500,2028781933,CeraVe,2026-01-01,Mùi hương/Kết cấu,positive
6501,2028781933,CeraVe,2025-12-01,Hiệu quả,positive
6501,2028781933,CeraVe,2025-12-01,Mùi hương/Kết cấu,positive
6502,2028781933,CeraVe,2025-12-01,Hiệu quả,positive
6502,2028781933,CeraVe,2025-12-01,Hiệu quả,positive
6502,2028781933,CeraVe,2025-12-01,Mùi hương/Kết cấu,positive
6504,2028781933,CeraVe,2025-11-01,Hiệu quả,neutral
6504,2028781933,CeraVe,2025-11-01,Hiệu quả,negative
6505,2028781933,CeraVe,2025-11-01,Hiệu quả,positive
6505,2028781933,CeraVe,2025-11-01,Hiệu quả,negative
6505,2028781933,CeraVe,2025-11-01,Hiệu quả,positive
6505,2028781933,CeraVe,2025-11-01,Mùi hương/Kết cấu,positive
6506,2028781933,CeraVe,2025-11-01,Giao hàng,positive
6506,2028781933,CeraVe,2025-11-01,Dịch vụ/Uy tín,positive
6507,2028781933,CeraVe,2025-11-01,Hiệu quả,positive
6508,2028781933,CeraVe,2025-10-01,Mùi hương/Kết cấu,positive
6510,2028781933,CeraVe,2025-09-01,Dịch vụ/Uy tín,neutral
6512,2028781933,CeraVe,2025-09-01,Hiệu quả,positive
6512,2028781933,CeraVe,2025-09-01,Mùi hương/Kết cấu,positive
6512,2028781933,CeraVe,2025-09-01,Hiệu quả,negative
6513,2028781933,CeraVe,2025-08-01,Hiệu quả,positive
6513,2028781933,CeraVe,2025-08-01,Mùi hương/Kết cấu,positive
6514,2028781933,CeraVe,2025-08-01,Hiệu quả,positive
6515,2028781933,CeraVe,2025-08-01,Hiệu quả,positive
6515,2028781933,CeraVe,2025-08-01,Hiệu quả,positive
6515,2028781933,CeraVe,2025-08-01,Giá cả,positive
6515,2028781933,CeraVe,2025-08-01,Hiệu quả,positive
6515,2028781933,CeraVe,2025-08-01,Giá cả,positive
6515,2028781933,CeraVe,2025-08-01,Mùi hương/Kết cấu,neutral
6516,2028781933,CeraVe,2025-08-01,Hiệu quả,positive
6516,2028781933,CeraVe,2025-08-01,Mùi hương/Kết cấu,positive
6518,2028781933,CeraVe,2025-07-01,Hiệu quả,positive
6518,2028781933,CeraVe,2025-07-01,Hiệu quả,negative
6518,2028781933,CeraVe,2025-07-01,Hiệu quả,neutral
6519,2028781933,CeraVe,2025-06-01,Hiệu quả,positive
6519,2028781933,CeraVe,2025-06-01,Hiệu quả,positive
6520,2028781933,CeraVe,2025-06-01,Giá cả,neutral
6521,2028781933,CeraVe,2025-06-01,Hiệu quả,positive
6521,2028781933,CeraVe,2025-06-01,Giá cả,positive
6521,2028781933,CeraVe,2025-06-01,Mùi hương/Kết cấu,positive
6522,2028781933,CeraVe,2025-06-01,Giao hàng,positive
6522,2028781933,CeraVe,2025-06-01,Dịch vụ/Uy tín,positive
6523,2028781933,CeraVe,2025-05-01,Giao hàng,positive
6523,2028781933,CeraVe,2025-05-01,Dịch vụ/Uy tín,positive
6524,2028781933,CeraVe,2025-05-01,Giá cả,positive
6524,2028781933,CeraVe,2025-05-01,Hiệu quả,positive
6524,2028781933,CeraVe,2025-05-01,Hiệu quả,positive
6525,2028781933,CeraVe,2025-04-01,Hiệu quả,positive
6525,2028781933,CeraVe,2025-04-01,Hiệu quả,neutral
6526,2028781933,CeraVe,2025-04-01,Hiệu quả,negative
6527,2028781933,CeraVe,2025-04-01,Hiệu quả,positive
6527,2028781933,CeraVe,2025-04-01,Giá cả,positive
6527,2028781933,CeraVe,2025-04-01,Hiệu quả,neutral
6527,2028781933,CeraVe,2025-04-01,Hiệu quả,positive
6527,2028781933,CeraVe,2025-04-01,Mùi hương/Kết cấu,positive
6528,2028781933,CeraVe,2025-04-01,Hiệu quả,neutral
6528,2028781933,CeraVe,2025-04-01,Hiệu quả,positive
6528,2028781933,CeraVe,2025-04-01,Mùi hương/Kết cấu,positive
6528,2028781933,CeraVe,2025-04-01,Hiệu quả,negative
6529,2028781933,CeraVe,2025-03-01,Hiệu quả,positive
6529,2028781933,CeraVe,2025-03-01,Giá cả,positive
6529,2028781933,CeraVe,2025-03-01,Mùi hương/Kết cấu,positive
6530,2028781933,CeraVe,2025-03-01,Giao hàng,neutral
6531,2028781933,CeraVe,2025-03-01,Hiệu quả,positive
6531,2028781933,CeraVe,2025-03-01,Giá cả,positive
6532,2028781933,CeraVe,2025-03-01,Hiệu quả,positive
6532,2028781933,CeraVe,2025-03-01,Giá cả,positive
6532,2028781933,CeraVe,2025-03-01,Mùi hương/Kết cấu,neutral
6533,2028781933,CeraVe,2025-03-01,Hiệu quả,positive
6534,2028781933,CeraVe,2025-03-01,Thành phần,neutral
6534,2028781933,CeraVe,2025-03-01,Mùi hương/Kết cấu,neutral
6534,2028781933,CeraVe,2025-03-01,Hiệu quả,positive
6535,2028781933,CeraVe,2025-03-01,Hiệu quả,positive
6535,2028781933,CeraVe,2025-03-01,Mùi hương/Kết cấu,positive
6535,2028781933,CeraVe,2025-03-01,Hiệu quả,neutral
6536,2028781933,CeraVe,2025-02-01,Hiệu quả,positive
6536,2028781933,CeraVe,2025-02-01,Giá cả,positive
6538,2028781933,CeraVe,2025-01-01,Mùi hương/Kết cấu,neutral
6540,2028781933,CeraVe,2024-12-01,Mùi hương/Kết cấu,neutral
6541,2028781933,CeraVe,2024-12-01,Hiệu quả,positive
6541,2028781933,CeraVe,2024-12-01,Mùi hương/Kết cấu,neutral
6541,2028781933,CeraVe,2024-12-01,Mùi hương/Kết cấu,neutral
6541,2028781933,CeraVe,2024-12-01,Chất lượng/Đóng gói,neutral
6541,2028781933,CeraVe,2024-12-01,Chất lượng/Đóng gói,neutral
6541,2028781933,CeraVe,2024-12-01,Giá cả,neutral
6542,2028781933,CeraVe,2024-12-01,Mùi hương/Kết cấu,positive
6543,2028781933,CeraVe,2024-12-01,Hiệu quả,positive
6543,2028781933,CeraVe,2024-12-01,Giá cả,positive
6543,2028781933,CeraVe,2024-12-01,Hiệu quả,negative
6543,2028781933,CeraVe,2024-12-01,Hiệu quả,positive
6544,2028781933,CeraVe,2024-12-01,Hiệu quả,positive
6544,2028781933,CeraVe,2024-12-01,Giá cả,positive
6544,2028781933,CeraVe,2024-12-01,Hiệu quả,positive
6544,2028781933,CeraVe,2024-12-01,Mùi hương/Kết cấu,positive
6544,2028781933,CeraVe,2024-12-01,Hiệu quả,positive
6545,2028781933,CeraVe,2024-12-01,Mùi hương/Kết cấu,neutral
6546,2028781933,CeraVe,2024-12-01,Hiệu quả,neutral
6546,2028781933,CeraVe,2024-12-01,Hiệu quả,neutral
6547,2028781933,CeraVe,2024-12-01,Giao hàng,neutral
6547,2028781933,CeraVe,2024-12-01,Giá cả,neutral
6547,2028781933,CeraVe,2024-12-01,Chất lượng/Đóng gói,positive
6547,2028781933,CeraVe,2024-12-01,Dịch vụ/Uy tín,positive
6548,2028781933,CeraVe,2024-12-01,Hiệu quả,neutral
6549,2028781933,CeraVe,2024-12-01,Hiệu quả,negative
6549,2028781933,CeraVe,2024-12-01,Hiệu quả,neutral
6549,2028781933,CeraVe,2024-12-01,Hiệu quả,positive
6549,2028781933,CeraVe,2024-12-01,Mùi hương/Kết cấu,positive
6550,2028781933,CeraVe,2024-12-01,Mùi hương/Kết cấu,neutral
6550,2028781933,CeraVe,2024-12-01,Mùi hương/Kết cấu,positive
6550,2028781933,CeraVe,2024-12-01,Hiệu quả,neutral
6551,2028781933,CeraVe,2024-11-01,Hiệu quả,positive
6551,2028781933,CeraVe,2024-11-01,Giá cả,positive
6551,2028781933,CeraVe,2024-11-01,Hiệu quả,positive
6552,2028781933,CeraVe,2024-11-01,Mùi hương/Kết cấu,positive
6552,2028781933,CeraVe,2024-11-01,Hiệu quả,neutral
6552,2028781933,CeraVe,2024-11-01,Mùi hương/Kết cấu,neutral
6553,2028781933,CeraVe,2024-11-01,Mùi hương/Kết cấu,neutral
6553,2028781933,CeraVe,2024-11-01,Hiệu quả,neutral
6553,2028781933,CeraVe,2024-11-01,Hiệu quả,neutral
6553,2028781933,CeraVe,2024-11-01,Mùi hương/Kết cấu,neutral
6553,2028781933,CeraVe,2024-11-01,Hiệu quả,neutral
6553,2028781933,CeraVe,2024-11-01,Hiệu quả,neutral
6554,2028781933,CeraVe,2024-11-01,Hiệu quả,negative
6554,2028781933,CeraVe,2024-11-01,Hiệu quả,positive
6555,2028781933,CeraVe,2024-11-01,Hiệu quả,positive
6555,2028781933,CeraVe,2024-11-01,Mùi hương/Kết cấu,positive
6555,2028781933,CeraVe,2024-11-01,Hiệu quả,positive
6555,2028781933,CeraVe,2024-11-01,Giá cả,positive
6557,2028781933,CeraVe,2024-11-01,Chất lượng/Đóng gói,negative
6558,2028781933,CeraVe,2024-11-01,Hiệu quả,neutral
6558,2028781933,CeraVe,2024-11-01,Hiệu quả,negative
6559,2028781933,CeraVe,2024-11-01,Chất lượng/Đóng gói,neutral
6559,2028781933,CeraVe,2024-11-01,Giao hàng,neutral
6560,2028781933,CeraVe,2024-11-01,Hiệu quả,positive
6560,2028781933,CeraVe,2024-11-01,Hiệu quả,positive
6560,2028781933,CeraVe,2024-11-01,Mùi hương/Kết cấu,positive
6561,2028781933,CeraVe,2024-11-01,Giá cả,neutral
6562,2028781933,CeraVe,2024-11-01,Hiệu quả,neutral
6563,2028781933,CeraVe,2024-11-01,Dịch vụ/Uy tín,neutral
6564,2028781933,CeraVe,2024-11-01,Hiệu quả,positive
6564,2028781933,CeraVe,2024-11-01,Mùi hương/Kết cấu,positive
6564,2028781933,CeraVe,2024-11-01,Hiệu quả,positive
6565,2028781933,CeraVe,2024-10-01,Hiệu quả,positive
6565,2028781933,CeraVe,2024-10-01,Mùi hương/Kết cấu,positive
6565,2028781933,CeraVe,2024-10-01,Thành phần,positive
6566,2028781933,CeraVe,2024-10-01,Giá cả,positive
6568,2028781933,CeraVe,2024-10-01,Hiệu quả,positive
6568,2028781933,CeraVe,2024-10-01,Giá cả,positive
6569,2028781933,CeraVe,2024-10-01,Chất lượng/Đóng gói,positive
6569,2028781933,CeraVe,2024-10-01,Dịch vụ/Uy tín,positive
6570,2028781933,CeraVe,2024-10-01,Mùi hương/Kết cấu,positive
6570,2028781933,CeraVe,2024-10-01,Hiệu quả,positive
6570,2028781933,CeraVe,2024-10-01,Mùi hương/Kết cấu,positive
6571,2028781933,CeraVe,2024-10-01,Hiệu quả,neutral
6571,2028781933,CeraVe,2024-10-01,Hiệu quả,negative
6572,2028781933,CeraVe,2024-09-01,Mùi hương/Kết cấu,neutral
6572,2028781933,CeraVe,2024-09-01,Hiệu quả,positive
6572,2028781933,CeraVe,2024-09-01,Hiệu quả,positive
6572,2028781933,CeraVe,2024-09-01,Giá cả,positive
6572,2028781933,CeraVe,2024-09-01,Hiệu quả,negative
6574,3092416553,CeraVe,2025-08-01,Dịch vụ/Uy tín,neutral
6574,3092416553,CeraVe,2025-08-01,Dịch vụ/Uy tín,neutral
6575,3092416553,CeraVe,2026-01-01,Hiệu quả,positive
6575,3092416553,CeraVe,2026-01-01,Giá cả,neutral
6575,3092416553,CeraVe,2026-01-01,Thành phần,neutral
6576,3092416553,CeraVe,2025-12-01,Dịch vụ/Uy tín,positive
6576,3092416553,CeraVe,2025-12-01,Giá cả,neutral
6578,3092416553,CeraVe,2025-10-01,Hiệu quả,positive
6578,3092416553,CeraVe,2025-10-01,Giá cả,positive
6578,3092416553,CeraVe,2025-10-01,Thành phần,positive
6578,3092416553,CeraVe,2025-10-01,Thành phần,neutral
6579,3092416553,CeraVe,2025-10-01,Giao hàng,neutral
6579,3092416553,CeraVe,2025-10-01,Chất lượng/Đóng gói,neutral
6580,3092416553,CeraVe,2025-10-01,Giá cả,neutral
6580,3092416553,CeraVe,2025-10-01,Hiệu quả,neutral
6580,3092416553,CeraVe,2025-10-01,Giá cả,neutral
6581,3092416553,CeraVe,2025-10-01,Giá cả,neutral
6582,3092416553,CeraVe,2025-10-01,Giá cả,positive
6585,3092416553,CeraVe,2025-06-01,Hiệu quả,neutral
6585,3092416553,CeraVe,2025-06-01,Giá cả,neutral
6585,3092416553,CeraVe,2025-06-01,Giao hàng,neutral
6586,2447385502,CeraVe,2024-09-01,Giao hàng,neutral
6586,2447385502,CeraVe,2024-09-01,Dịch vụ/Uy tín,neutral
6590,2447385502,CeraVe,2023-12-01,Mùi hương/Kết cấu,negative
6592,2447385502,CeraVe,2024-10-01,Giá cả,neutral
6593,2447385502,CeraVe,2024-07-01,Mùi hương/Kết cấu,neutral
6593,2447385502,CeraVe,2024-07-01,Chất lượng/Đóng gói,positive
6594,2447385502,CeraVe,2024-05-01,Giá cả,neutral
6595,2447385502,CeraVe,2026-01-01,Hiệu quả,positive
6595,2447385502,CeraVe,2026-01-01,Hiệu quả,neutral
6596,2447385502,CeraVe,2026-01-01,Hiệu quả,positive
6597,2447385502,CeraVe,2025-12-01,Mùi hương/Kết cấu,positive
6597,2447385502,CeraVe,2025-12-01,Dịch vụ/Uy tín,neutral
6597,2447385502,CeraVe,2025-12-01,Giá cả,neutral
6598,2447385502,CeraVe,2025-11-01,Hiệu quả,positive
6599,2447385502,CeraVe,2025-09-01,Hiệu quả,positive
6600,2447385502,CeraVe,2025-09-01,Hiệu quả,neutral
6601,2447385502,CeraVe,2025-08-01,Hiệu quả,positive
6602,2447385502,CeraVe,2025-08-01,Hiệu quả,positive
6603,2447385502,CeraVe,2025-06-01,Chất lượng/Đóng gói,negative
6604,2447385502,CeraVe,2025-06-01,Hiệu quả,positive
6607,2447385502,CeraVe,2025-03-01,Hiệu quả,positive
6608,2447385502,CeraVe,2025-03-01,Hiệu quả,positive
6608,2447385502,CeraVe,2025-03-01,Giá cả,positive
6608,2447385502,CeraVe,2025-03-01,Thành phần,positive
6608,2447385502,CeraVe,2025-03-01,Hiệu quả,neutral
6608,2447385502,CeraVe,2025-03-01,Hiệu quả,positive
6609,2447385502,CeraVe,2025-03-01,Hiệu quả,positive
6610,2447385502,CeraVe,2025-03-01,Chất lượng/Đóng gói,positive
6611,2447385502,CeraVe,2025-03-01,Hiệu quả,positive
6611,2447385502,CeraVe,2025-03-01,Hiệu quả,positive
6611,2447385502,CeraVe,2025-03-01,Hiệu quả,positive
6611,2447385502,CeraVe,2025-03-01,Hiệu quả,positive
6612,2447385502,CeraVe,2025-03-01,Hiệu quả,positive
6613,2447385502,CeraVe,2025-02-01,Hiệu quả,positive
6615,2447385502,CeraVe,2025-02-01,Hiệu quả,neutral
6616,2447385502,CeraVe,2025-01-01,Hiệu quả,positive
6616,2447385502,CeraVe,2025-01-01,Hiệu quả,neutral
6616,2447385502,CeraVe,2025-01-01,Hiệu quả,positive
6616,2447385502,CeraVe,2025-01-01,Hiệu quả,neutral
6617,2447385502,CeraVe,2025-01-01,Chất lượng/Đóng gói,neutral
6617,2447385502,CeraVe,2025-01-01,Hiệu quả,positive
6619,2447385502,CeraVe,2024-12-01,Giá cả,positive
6619,2447385502,CeraVe,2024-12-01,Dịch vụ/Uy tín,positive
6620,2447385502,CeraVe,2024-12-01,Giao hàng,neutral
6620,2447385502,CeraVe,2024-12-01,Hiệu quả,neutral
6620,2447385502,CeraVe,2024-12-01,Giá cả,neutral
6620,2447385502,CeraVe,2024-12-01,Chất lượng/Đóng gói,positive
6623,2447385502,CeraVe,2024-12-01,Hiệu quả,positive
6624,2447385502,CeraVe,2024-12-01,Hiệu quả,positive
6625,2447385502,CeraVe,2024-12-01,Hiệu quả,positive
6626,2447385502,CeraVe,2024-11-01,Hiệu quả,positive
6628,2447385502,CeraVe,2024-11-01,Hiệu quả,positive
6628,2447385502,CeraVe,2024-11-01,Hiệu quả,positive
6629,2447385502,CeraVe,2024-11-01,Dịch vụ/Uy tín,neutral
6629,2447385502,CeraVe,2024-11-01,Chất lượng/Đóng gói,neutral
6630,2447385502,CeraVe,2024-11-01,Hiệu quả,positive
6630,2447385502,CeraVe,2024-11-01,Hiệu quả,neutral
6632,2447385502,CeraVe,2024-11-01,Chất lượng/Đóng gói,positive
6633,2447385502,CeraVe,2024-11-01,Hiệu quả,positive
6637,2447385502,CeraVe,2024-11-01,Hiệu quả,positive
6638,2447385502,CeraVe,2024-10-01,Chất lượng/Đóng gói,neutral
6638,2447385502,CeraVe,2024-10-01,Giá cả,positive
6638,2447385502,CeraVe,2024-10-01,Chất lượng/Đóng gói,positive
6639,2447385502,CeraVe,2024-10-01,Hiệu quả,positive
6640,2447385502,CeraVe,2024-10-01,Hiệu quả,positive
6641,2447385502,CeraVe,2024-10-01,Chất lượng/Đóng gói,positive
6642,2447385502,CeraVe,2024-10-01,Hiệu quả,neutral
6642,2447385502,CeraVe,2024-10-01,Mùi hương/Kết cấu,neutral
6644,2447385502,CeraVe,2024-10-01,Chất lượng/Đóng gói,positive
6644,2447385502,CeraVe,2024-10-01,Hiệu quả,neutral
6646,2447385502,CeraVe,2024-10-01,Giá cả,positive
6646,2447385502,CeraVe,2024-10-01,Dịch vụ/Uy tín,positive
6649,2447385502,CeraVe,2024-10-01,Hiệu quả,positive
6649,2447385502,CeraVe,2024-10-01,Hiệu quả,positive
6651,2447385502,CeraVe,2024-10-01,Giá cả,positive
6651,2447385502,CeraVe,2024-10-01,Mùi hương/Kết cấu,positive
6651,2447385502,CeraVe,2024-10-01,Hiệu quả,negative
6652,2447385502,CeraVe,2024-09-01,Hiệu quả,positive
6653,2447385502,CeraVe,2024-09-01,Hiệu quả,neutral
6654,2447385502,CeraVe,2024-09-01,Hiệu quả,neutral
6655,2447385502,CeraVe,2024-09-01,Hiệu quả,positive
6655,2447385502,CeraVe,2024-09-01,Giá cả,positive
6657,2447385502,CeraVe,2024-09-01,Hiệu quả,positive
6657,2447385502,CeraVe,2024-09-01,Mùi hương/Kết cấu,positive
6657,2447385502,CeraVe,2024-09-01,Hiệu quả,neutral
6658,2447385502,CeraVe,2024-09-01,Hiệu quả,positive
6659,2447385502,CeraVe,2024-08-01,Hiệu quả,positive
6659,2447385502,CeraVe,2024-08-01,Hiệu quả,positive
6660,2447385502,CeraVe,2024-08-01,Hiệu quả,positive
6661,2447385502,CeraVe,2024-08-01,Hiệu quả,positive
6661,2447385502,CeraVe,2024-08-01,Hiệu quả,neutral
6661,2447385502,CeraVe,2024-08-01,Hiệu quả,positive
6663,2447385502,CeraVe,2024-08-01,Hiệu quả,neutral
6664,2447385502,CeraVe,2024-08-01,Hiệu quả,neutral
6665,2447385502,CeraVe,2024-08-01,Hiệu quả,positive
6666,2447385502,CeraVe,2024-08-01,Giao hàng,neutral
6667,2447385502,CeraVe,2024-08-01,Hiệu quả,neutral
6667,2447385502,CeraVe,2024-08-01,Hiệu quả,positive
6668,2447385502,CeraVe,2024-08-01,Hiệu quả,neutral
6669,2447385502,CeraVe,2024-08-01,Hiệu quả,neutral
6670,2447385502,CeraVe,2024-08-01,Hiệu quả,positive
6671,2447385502,CeraVe,2024-07-01,Giá cả,positive
6672,2447385502,CeraVe,2024-07-01,Hiệu quả,neutral
6672,2447385502,CeraVe,2024-07-01,Hiệu quả,positive
6673,2447385502,CeraVe,2024-07-01,Hiệu quả,positive
6674,2447385502,CeraVe,2024-07-01,Hiệu quả,positive
6676,2028939549,CeraVe,2022-12-01,Dịch vụ/Uy tín,negative
6677,2028939549,CeraVe,2025-03-01,Mùi hương/Kết cấu,positive
6677,2028939549,CeraVe,2025-03-01,Giá cả,positive
6677,2028939549,CeraVe,2025-03-01,Mùi hương/Kết cấu,positive
6677,2028939549,CeraVe,2025-03-01,Giá cả,positive
6677,2028939549,CeraVe,2025-03-01,Mùi hương/Kết cấu,positive
6677,2028939549,CeraVe,2025-03-01,Mùi hương/Kết cấu,positive
6677,2028939549,CeraVe,2025-03-01,Giá cả,positive
6677,2028939549,CeraVe,2025-03-01,Mùi hương/Kết cấu,positive
6677,2028939549,CeraVe,2025-03-01,Mùi hương/Kết cấu,positive
6677,2028939549,CeraVe,2025-03-01,Giá cả,positive
6677,2028939549,CeraVe,2025-03-01,Mùi hương/Kết cấu,positive
6677,2028939549,CeraVe,2025-03-01,Mùi hương/Kết cấu,positive
6677,2028939549,CeraVe,2025-03-01,Giá cả,positive
6677,2028939549,CeraVe,2025-03-01,Mùi hương/Kết cấu,positive
6677,2028939549,CeraVe,2025-03-01,Giá cả,positive
6677,2028939549,CeraVe,2025-03-01,Mùi hương/Kết cấu,positive
6677,2028939549,CeraVe,2025-03-01,Mùi hương/Kết cấu,positive
6677,2028939549,CeraVe,2025-03-01,Giá cả,positive
6677,2028939549,CeraVe,2025-03-01,Mùi hương/Kết cấu,positive
6677,2028939549,CeraVe,2025-03-01,Hiệu quả,neutral
6677,2028939549,CeraVe,2025-03-01,Hiệu quả,positive
6677,2028939549,CeraVe,2025-03-01,Giá cả,positive
6677,2028939549,CeraVe,2025-03-01,Hiệu quả,positive
6677,2028939549,CeraVe,2025-03-01,Giá cả,positive
6679,2028939549,CeraVe,2023-09-01,Giá cả,positive
6679,2028939549,CeraVe,2023-09-01,Chất lượng/Đóng gói,positive
6679,2028939549,CeraVe,2023-09-01,Chất lượng/Đóng gói,positive
6679,2028939549,CeraVe,2023-09-01,Giao hàng,positive
6679,2028939549,CeraVe,2023-09-01,Hiệu quả,positive
6679,2028939549,CeraVe,2023-09-01,Mùi hương/Kết cấu,positive
6680,2028939549,CeraVe,2026-04-01,Giá cả,positive
6680,2028939549,CeraVe,2026-04-01,Mùi hương/Kết cấu,positive
6681,2028939549,CeraVe,2025-09-01,Mùi hương/Kết cấu,neutral
6681,2028939549,CeraVe,2025-09-01,Thành phần,neutral
6681,2028939549,CeraVe,2025-09-01,Hiệu quả,positive
6681,2028939549,CeraVe,2025-09-01,Mùi hương/Kết cấu,positive
6682,2028939549,CeraVe,2025-05-01,Giá cả,positive
6682,2028939549,CeraVe,2025-05-01,Mùi hương/Kết cấu,positive
6683,2028939549,CeraVe,2025-03-01,Hiệu quả,neutral
6684,2028939549,CeraVe,2025-03-01,Thành phần,neutral
6684,2028939549,CeraVe,2025-03-01,Mùi hương/Kết cấu,neutral
6684,2028939549,CeraVe,2025-03-01,Thành phần,neutral
6684,2028939549,CeraVe,2025-03-01,Hiệu quả,positive
6685,2028939549,CeraVe,2025-03-01,Hiệu quả,positive
6685,2028939549,CeraVe,2025-03-01,Mùi hương/Kết cấu,neutral
6687,2028939549,CeraVe,2025-01-01,Giao hàng,neutral
6687,2028939549,CeraVe,2025-01-01,Giá cả,negative
6688,2028939549,CeraVe,2024-12-01,Hiệu quả,neutral
6688,2028939549,CeraVe,2024-12-01,Mùi hương/Kết cấu,neutral
6688,2028939549,CeraVe,2024-12-01,Mùi hương/Kết cấu,neutral
6689,2028939549,CeraVe,2024-12-01,Giá cả,neutral
6689,2028939549,CeraVe,2024-12-01,Chất lượng/Đóng gói,positive
6690,2028939549,CeraVe,2024-12-01,Mùi hương/Kết cấu,neutral
6690,2028939549,CeraVe,2024-12-01,Hiệu quả,positive
6690,2028939549,CeraVe,2024-12-01,Giá cả,positive
6691,2028939549,CeraVe,2024-12-01,Hiệu quả,neutral
6692,2028939549,CeraVe,2024-12-01,Giá cả,positive
6692,2028939549,CeraVe,2024-12-01,Mùi hương/Kết cấu,positive
6692,2028939549,CeraVe,2024-12-01,Hiệu quả,neutral
6693,2028939549,CeraVe,2024-12-01,Giá cả,neutral
6694,2028939549,CeraVe,2024-12-01,Hiệu quả,neutral
6695,2028939549,CeraVe,2024-12-01,Hiệu quả,neutral
6695,2028939549,CeraVe,2024-12-01,Hiệu quả,neutral
6696,2028939549,CeraVe,2024-11-01,Hiệu quả,positive
6696,2028939549,CeraVe,2024-11-01,Mùi hương/Kết cấu,positive
6696,2028939549,CeraVe,2024-11-01,Thành phần,positive
6696,2028939549,CeraVe,2024-11-01,Hiệu quả,positive
6696,2028939549,CeraVe,2024-11-01,Hiệu quả,positive
6697,2028939549,CeraVe,2024-11-01,Hiệu quả,positive
6697,2028939549,CeraVe,2024-11-01,Thành phần,neutral
6697,2028939549,CeraVe,2024-11-01,Mùi hương/Kết cấu,positive
6698,2028939549,CeraVe,2024-11-01,Giá cả,positive
6698,2028939549,CeraVe,2024-11-01,Mùi hương/Kết cấu,positive
6699,2028939549,CeraVe,2024-10-01,Giá cả,positive
6699,2028939549,CeraVe,2024-10-01,Mùi hương/Kết cấu,positive
6699,2028939549,CeraVe,2024-10-01,Hiệu quả,neutral
6699,2028939549,CeraVe,2024-10-01,Thành phần,neutral
6700,2028939549,CeraVe,2024-10-01,Giao hàng,positive
6700,2028939549,CeraVe,2024-10-01,Dịch vụ/Uy tín,positive
6701,2028939549,CeraVe,2024-10-01,Hiệu quả,positive
6701,2028939549,CeraVe,2024-10-01,Giá cả,positive
6702,2028939549,CeraVe,2024-08-01,Giá cả,neutral
6704,2028939549,CeraVe,2024-08-01,Mùi hương/Kết cấu,neutral
6704,2028939549,CeraVe,2024-08-01,Mùi hương/Kết cấu,neutral
6706,2028939549,CeraVe,2024-07-01,Hiệu quả,neutral
6707,2028939549,CeraVe,2024-07-01,Hiệu quả,positive
6707,2028939549,CeraVe,2024-07-01,Giá cả,positive
6707,2028939549,CeraVe,2024-07-01,Mùi hương/Kết cấu,positive
6708,2028939549,CeraVe,2024-06-01,Hiệu quả,positive
6709,2028939549,CeraVe,2024-06-01,Hiệu quả,positive
6709,2028939549,CeraVe,2024-06-01,Hiệu quả,positive
6710,2028939549,CeraVe,2024-06-01,Hiệu quả,positive
6711,2028939549,CeraVe,2024-06-01,Chất lượng/Đóng gói,neutral
6711,2028939549,CeraVe,2024-06-01,Giao hàng,neutral
6712,2028939549,CeraVe,2024-05-01,Hiệu quả,positive
6712,2028939549,CeraVe,2024-05-01,Thành phần,neutral
6712,2028939549,CeraVe,2024-05-01,Hiệu quả,positive
6712,2028939549,CeraVe,2024-05-01,Thành phần,neutral
6713,2028939549,CeraVe,2024-05-01,Giá cả,positive
6713,2028939549,CeraVe,2024-05-01,Mùi hương/Kết cấu,positive
6713,2028939549,CeraVe,2024-05-01,Hiệu quả,positive
6714,2028939549,CeraVe,2024-03-01,Hiệu quả,positive
6715,2028939549,CeraVe,2024-03-01,Hiệu quả,neutral
6715,2028939549,CeraVe,2024-03-01,Thành phần,neutral
6715,2028939549,CeraVe,2024-03-01,Hiệu quả,positive
6717,2028939549,CeraVe,2024-02-01,Chất lượng/Đóng gói,neutral
6718,2028939549,CeraVe,2024-01-01,Hiệu quả,positive
6718,2028939549,CeraVe,2024-01-01,Hiệu quả,positive
6719,2028939549,CeraVe,2024-01-01,Hiệu quả,positive
6719,2028939549,CeraVe,2024-01-01,Hiệu quả,positive
6720,2028939549,CeraVe,2023-12-01,Chất lượng/Đóng gói,positive
6720,2028939549,CeraVe,2023-12-01,Mùi hương/Kết cấu,positive
6720,2028939549,CeraVe,2023-12-01,Hiệu quả,positive
6720,2028939549,CeraVe,2023-12-01,Mùi hương/Kết cấu,positive
6722,2028939549,CeraVe,2023-11-01,Giá cả,positive
6722,2028939549,CeraVe,2023-11-01,Mùi hương/Kết cấu,positive
6722,2028939549,CeraVe,2023-11-01,Thành phần,neutral
6723,2028939549,CeraVe,2023-11-01,Hiệu quả,positive
6723,2028939549,CeraVe,2023-11-01,Giá cả,positive
6723,2028939549,CeraVe,2023-11-01,Mùi hương/Kết cấu,positive
6724,2028939549,CeraVe,2023-11-01,Giao hàng,positive
6725,2028939549,CeraVe,2023-11-01,Hiệu quả,positive
6725,2028939549,CeraVe,2023-11-01,Mùi hương/Kết cấu,positive
6726,2028939549,CeraVe,2023-10-01,Hiệu quả,positive
6726,2028939549,CeraVe,2023-10-01,Hiệu quả,positive
6726,2028939549,CeraVe,2023-10-01,Hiệu quả,neutral
6727,2028939549,CeraVe,2023-10-01,Hiệu quả,neutral
6728,2028939549,CeraVe,2023-09-01,Mùi hương/Kết cấu,positive
6728,2028939549,CeraVe,2023-09-01,Hiệu quả,positive
6728,2028939549,CeraVe,2023-09-01,Hiệu quả,positive
6729,2028939549,CeraVe,2023-09-01,Hiệu quả,positive
6729,2028939549,CeraVe,2023-09-01,Chất lượng/Đóng gói,positive
6729,2028939549,CeraVe,2023-09-01,Mùi hương/Kết cấu,positive
6729,2028939549,CeraVe,2023-09-01,Hiệu quả,positive
6730,2028939549,CeraVe,2023-08-01,Hiệu quả,positive
6730,2028939549,CeraVe,2023-08-01,Hiệu quả,positive
6730,2028939549,CeraVe,2023-08-01,Hiệu quả,positive
6731,2028939549,CeraVe,2023-07-01,Hiệu quả,positive
6733,2028939549,CeraVe,2023-07-01,Giá cả,neutral
6734,2028939549,CeraVe,2023-07-01,Hiệu quả,neutral
6735,2028939549,CeraVe,2023-07-01,Chất lượng/Đóng gói,neutral
6735,2028939549,CeraVe,2023-07-01,Giao hàng,neutral
6736,2028939549,CeraVe,2023-07-01,Giao hàng,neutral
6736,2028939549,CeraVe,2023-07-01,Dịch vụ/Uy tín,neutral
6736,2028939549,CeraVe,2023-07-01,Chất lượng/Đóng gói,neutral
6736,2028939549,CeraVe,2023-07-01,Giá cả,neutral
6738,2028939549,CeraVe,2023-07-01,Giao hàng,neutral
6738,2028939549,CeraVe,2023-07-01,Mùi hương/Kết cấu,neutral
6739,2028939549,CeraVe,2023-07-01,Giá cả,positive
6739,2028939549,CeraVe,2023-07-01,Giao hàng,positive
6739,2028939549,CeraVe,2023-07-01,Chất lượng/Đóng gói,neutral
6739,2028939549,CeraVe,2023-07-01,Mùi hương/Kết cấu,neutral
6739,2028939549,CeraVe,2023-07-01,Mùi hương/Kết cấu,positive
6740,2028939549,CeraVe,2023-07-01,Chất lượng/Đóng gói,neutral
6740,2028939549,CeraVe,2023-07-01,Giao hàng,neutral
6740,2028939549,CeraVe,2023-07-01,Chất lượng/Đóng gói,negative
6741,2028939549,CeraVe,2023-07-01,Mùi hương/Kết cấu,positive
6741,2028939549,CeraVe,2023-07-01,Hiệu quả,neutral
6742,2028939549,CeraVe,2023-07-01,Chất lượng/Đóng gói,positive
6742,2028939549,CeraVe,2023-07-01,Mùi hương/Kết cấu,neutral
6742,2028939549,CeraVe,2023-07-01,Mùi hương/Kết cấu,neutral
6742,2028939549,CeraVe,2023-07-01,Hiệu quả,positive
6743,2028939549,CeraVe,2023-07-01,Giao hàng,neutral
6743,2028939549,CeraVe,2023-07-01,Chất lượng/Đóng gói,positive
6744,2028939549,CeraVe,2023-07-01,Chất lượng/Đóng gói,neutral
6744,2028939549,CeraVe,2023-07-01,Giao hàng,neutral
6745,2028939549,CeraVe,2023-07-01,Giá cả,neutral
6745,2028939549,CeraVe,2023-07-01,Mùi hương/Kết cấu,neutral
6746,2028939549,CeraVe,2023-07-01,Giao hàng,neutral
6747,2028939549,CeraVe,2023-07-01,Giá cả,neutral
6747,2028939549,CeraVe,2023-07-01,Dịch vụ/Uy tín,neutral
6747,2028939549,CeraVe,2023-07-01,Giao hàng,neutral
6748,2028939549,CeraVe,2023-06-01,Giá cả,neutral
6748,2028939549,CeraVe,2023-06-01,Giao hàng,neutral
6749,2028939549,CeraVe,2023-06-01,Giá cả,positive
6749,2028939549,CeraVe,2023-06-01,Dịch vụ/Uy tín,neutral
6749,2028939549,CeraVe,2023-06-01,Dịch vụ/Uy tín,neutral
6750,2028939549,CeraVe,2023-06-01,Chất lượng/Đóng gói,neutral
6750,2028939549,CeraVe,2023-06-01,Giao hàng,neutral
6751,2028939549,CeraVe,2023-06-01,Chất lượng/Đóng gói,neutral
6751,2028939549,CeraVe,2023-06-01,Giao hàng,neutral
6752,2028939549,CeraVe,2023-06-01,Mùi hương/Kết cấu,neutral
6752,2028939549,CeraVe,2023-06-01,Giá cả,neutral
6752,2028939549,CeraVe,2023-06-01,Giá cả,neutral
6753,2028939549,CeraVe,2023-06-01,Dịch vụ/Uy tín,neutral
6753,2028939549,CeraVe,2023-06-01,Chất lượng/Đóng gói,positive
6755,2028939549,CeraVe,2023-06-01,Mùi hương/Kết cấu,positive
6756,2028939549,CeraVe,2023-06-01,Dịch vụ/Uy tín,neutral
6757,2028939549,CeraVe,2023-06-01,Chất lượng/Đóng gói,positive
6757,2028939549,CeraVe,2023-06-01,Mùi hương/Kết cấu,neutral
6757,2028939549,CeraVe,2023-06-01,Hiệu quả,positive
6758,2028939549,CeraVe,2023-06-01,Hiệu quả,positive
6758,2028939549,CeraVe,2023-06-01,Giá cả,positive
6758,2028939549,CeraVe,2023-06-01,Hiệu quả,neutral
6761,2028939549,CeraVe,2023-06-01,Chất lượng/Đóng gói,neutral
6761,2028939549,CeraVe,2023-06-01,Hiệu quả,positive
6761,2028939549,CeraVe,2023-06-01,Hiệu quả,negative
6762,2028939549,CeraVe,2023-05-01,Hiệu quả,positive
6762,2028939549,CeraVe,2023-05-01,Chất lượng/Đóng gói,positive
6762,2028939549,CeraVe,2023-05-01,Mùi hương/Kết cấu,positive
6763,2028939549,CeraVe,2023-05-01,Hiệu quả,positive
6763,2028939549,CeraVe,2023-05-01,Chất lượng/Đóng gói,positive
6763,2028939549,CeraVe,2023-05-01,Mùi hương/Kết cấu,positive
6764,2028939549,CeraVe,2023-05-01,Mùi hương/Kết cấu,positive
6765,2028939549,CeraVe,2023-05-01,Hiệu quả,neutral
6766,2028939549,CeraVe,2023-05-01,Mùi hương/Kết cấu,neutral
6766,2028939549,CeraVe,2023-05-01,Hiệu quả,negative
6767,2028939549,CeraVe,2023-05-01,Giao hàng,neutral
6769,3036046665,CeraVe,2025-11-01,Hiệu quả,neutral
6769,3036046665,CeraVe,2025-11-01,Hiệu quả,neutral
6770,3036046665,CeraVe,2025-09-01,Hiệu quả,positive
6770,3036046665,CeraVe,2025-09-01,Giá cả,positive
6770,3036046665,CeraVe,2025-09-01,Thành phần,positive
6770,3036046665,CeraVe,2025-09-01,Giao hàng,neutral
6771,3036046665,CeraVe,2025-08-01,Dịch vụ/Uy tín,neutral
6771,3036046665,CeraVe,2025-08-01,Dịch vụ/Uy tín,neutral
6771,3036046665,CeraVe,2025-08-01,Dịch vụ/Uy tín,neutral
6772,3036046665,CeraVe,2025-04-01,Mùi hương/Kết cấu,neutral
6772,3036046665,CeraVe,2025-04-01,Mùi hương/Kết cấu,neutral
6773,3036046665,CeraVe,2025-04-01,Hiệu quả,positive
6773,3036046665,CeraVe,2025-04-01,Thành phần,positive
6776,2028954414,CeraVe,2024-06-01,Giao hàng,neutral
6777,2028954414,CeraVe,2023-08-01,Chất lượng/Đóng gói,negative
6779,2028954414,CeraVe,2023-07-01,Mùi hương/Kết cấu,neutral
6783,2028954414,CeraVe,2023-08-01,Mùi hương/Kết cấu,neutral
6788,2028954414,CeraVe,2023-10-01,Giao hàng,neutral
6788,2028954414,CeraVe,2023-10-01,Chất lượng/Đóng gói,positive
6789,2028954414,CeraVe,2023-08-01,Chất lượng/Đóng gói,positive
6789,2028954414,CeraVe,2023-08-01,Giao hàng,neutral
6789,2028954414,CeraVe,2023-08-01,Chất lượng/Đóng gói,positive
6790,2028954414,CeraVe,2023-04-01,Chất lượng/Đóng gói,neutral
6792,2028954414,CeraVe,2026-02-01,Hiệu quả,negative
6793,2028954414,CeraVe,2025-12-01,Giá cả,neutral
6793,2028954414,CeraVe,2025-12-01,Hiệu quả,positive
6794,2028954414,CeraVe,2025-10-01,Hiệu quả,positive
6796,2028954414,CeraVe,2025-10-01,Hiệu quả,positive
6797,2028954414,CeraVe,2025-09-01,Hiệu quả,positive
6797,2028954414,CeraVe,2025-09-01,Giá cả,positive
6797,2028954414,CeraVe,2025-09-01,Thành phần,positive
6798,2028954414,CeraVe,2025-09-01,Hiệu quả,positive
6798,2028954414,CeraVe,2025-09-01,Mùi hương/Kết cấu,positive
6799,2028954414,CeraVe,2025-09-01,Giá cả,neutral
6800,2028954414,CeraVe,2025-09-01,Hiệu quả,positive
6800,2028954414,CeraVe,2025-09-01,Giá cả,positive
6804,2028954414,CeraVe,2025-06-01,Hiệu quả,neutral
6805,2028954414,CeraVe,2025-05-01,Giao hàng,neutral
6805,2028954414,CeraVe,2025-05-01,Dịch vụ/Uy tín,neutral
6805,2028954414,CeraVe,2025-05-01,Dịch vụ/Uy tín,neutral
6806,2028954414,CeraVe,2025-05-01,Giá cả,neutral
6806,2028954414,CeraVe,2025-05-01,Hiệu quả,positive
6806,2028954414,CeraVe,2025-05-01,Mùi hương/Kết cấu,positive
6807,2028954414,CeraVe,2025-05-01,Chất lượng/Đóng gói,positive
6807,2028954414,CeraVe,2025-05-01,Dịch vụ/Uy tín,positive
6807,2028954414,CeraVe,2025-05-01,Dịch vụ/Uy tín,positive
6807,2028954414,CeraVe,2025-05-01,Chất lượng/Đóng gói,positive
6807,2028954414,CeraVe,2025-05-01,Dịch vụ/Uy tín,positive
6807,2028954414,CeraVe,2025-05-01,Hiệu quả,neutral
6807,2028954414,CeraVe,2025-05-01,Giá cả,neutral
6807,2028954414,CeraVe,2025-05-01,Giá cả,positive
6807,2028954414,CeraVe,2025-05-01,Chất lượng/Đóng gói,positive
6807,2028954414,CeraVe,2025-05-01,Dịch vụ/Uy tín,positive
6808,2028954414,CeraVe,2025-05-01,Hiệu quả,positive
6809,2028954414,CeraVe,2025-03-01,Dịch vụ/Uy tín,neutral
6810,2028954414,CeraVe,2025-03-01,Hiệu quả,neutral
6810,2028954414,CeraVe,2025-03-01,Hiệu quả,neutral
6810,2028954414,CeraVe,2025-03-01,Hiệu quả,neutral
6810,2028954414,CeraVe,2025-03-01,Hiệu quả,positive
6810,2028954414,CeraVe,2025-03-01,Mùi hương/Kết cấu,positive
6810,2028954414,CeraVe,2025-03-01,Hiệu quả,positive
6810,2028954414,CeraVe,2025-03-01,Mùi hương/Kết cấu,positive
6814,2028954414,CeraVe,2025-01-01,Giá cả,neutral
6816,2028954414,CeraVe,2025-01-01,Giá cả,neutral
6816,2028954414,CeraVe,2025-01-01,Hiệu quả,positive
6816,2028954414,CeraVe,2025-01-01,Mùi hương/Kết cấu,positive
6817,2028954414,CeraVe,2025-01-01,Hiệu quả,positive
6819,2028954414,CeraVe,2024-12-01,Giá cả,neutral
6819,2028954414,CeraVe,2024-12-01,Giá cả,neutral
6819,2028954414,CeraVe,2024-12-01,Dịch vụ/Uy tín,neutral
6820,2028954414,CeraVe,2024-12-01,Giá cả,neutral
6822,2028954414,CeraVe,2024-12-01,Hiệu quả,positive
6822,2028954414,CeraVe,2024-12-01,Giá cả,neutral
6823,2028954414,CeraVe,2024-12-01,Hiệu quả,positive
6823,2028954414,CeraVe,2024-12-01,Mùi hương/Kết cấu,positive
6823,2028954414,CeraVe,2024-12-01,Hiệu quả,neutral
6824,2028954414,CeraVe,2024-12-01,Hiệu quả,positive
6824,2028954414,CeraVe,2024-12-01,Mùi hương/Kết cấu,positive
6828,2028954414,CeraVe,2024-11-01,Hiệu quả,positive
6828,2028954414,CeraVe,2024-11-01,Giá cả,positive
6828,2028954414,CeraVe,2024-11-01,Thành phần,positive
6829,2028954414,CeraVe,2024-11-01,Hiệu quả,neutral
6830,2028954414,CeraVe,2024-11-01,Giao hàng,positive
6830,2028954414,CeraVe,2024-11-01,Dịch vụ/Uy tín,positive
6830,2028954414,CeraVe,2024-11-01,Giao hàng,neutral
6830,2028954414,CeraVe,2024-11-01,Dịch vụ/Uy tín,neutral
6831,2028954414,CeraVe,2024-11-01,Hiệu quả,positive
6831,2028954414,CeraVe,2024-11-01,Giá cả,neutral
6832,2028954414,CeraVe,2024-11-01,Hiệu quả,neutral
6834,2028954414,CeraVe,2024-11-01,Hiệu quả,positive
6835,2028954414,CeraVe,2024-11-01,Hiệu quả,positive
6835,2028954414,CeraVe,2024-11-01,Chất lượng/Đóng gói,positive
6835,2028954414,CeraVe,2024-11-01,Giao hàng,positive
6836,2028954414,CeraVe,2024-11-01,Hiệu quả,positive
6836,2028954414,CeraVe,2024-11-01,Mùi hương/Kết cấu,positive
6836,2028954414,CeraVe,2024-11-01,Giá cả,neutral
6836,2028954414,CeraVe,2024-11-01,Giá cả,neutral
6836,2028954414,CeraVe,2024-11-01,Giá cả,neutral
6837,2028954414,CeraVe,2024-11-01,Giá cả,neutral
6838,2028954414,CeraVe,2024-11-01,Giá cả,neutral
6839,2028954414,CeraVe,2024-11-01,Hiệu quả,neutral
6840,2028954414,CeraVe,2024-11-01,Hiệu quả,positive
6840,2028954414,CeraVe,2024-11-01,Hiệu quả,positive
6841,2028954414,CeraVe,2024-10-01,Giá cả,neutral
6841,2028954414,CeraVe,2024-10-01,Mùi hương/Kết cấu,positive
6841,2028954414,CeraVe,2024-10-01,Chất lượng/Đóng gói,positive
6843,2028954414,CeraVe,2024-10-01,Hiệu quả,positive
6843,2028954414,CeraVe,2024-10-01,Giá cả,neutral
6845,2028954414,CeraVe,2024-10-01,Giá cả,positive
6847,2028954414,CeraVe,2024-10-01,Giá cả,neutral
6848,2028954414,CeraVe,2024-10-01,Giá cả,neutral
6848,2028954414,CeraVe,2024-10-01,Hiệu quả,neutral
6848,2028954414,CeraVe,2024-10-01,Hiệu quả,neutral
6848,2028954414,CeraVe,2024-10-01,Giá cả,neutral
6848,2028954414,CeraVe,2024-10-01,Hiệu quả,neutral
6848,2028954414,CeraVe,2024-10-01,Hiệu quả,neutral
6848,2028954414,CeraVe,2024-10-01,Giá cả,neutral
6850,2028954414,CeraVe,2024-10-01,Hiệu quả,positive
6850,2028954414,CeraVe,2024-10-01,Hiệu quả,positive
6851,2028954414,CeraVe,2024-10-01,Hiệu quả,positive
6851,2028954414,CeraVe,2024-10-01,Hiệu quả,neutral
6852,2028954414,CeraVe,2024-10-01,Giá cả,neutral
6854,2028954414,CeraVe,2024-10-01,Hiệu quả,neutral
6854,2028954414,CeraVe,2024-10-01,Hiệu quả,positive
6854,2028954414,CeraVe,2024-10-01,Mùi hương/Kết cấu,positive
6855,2028954414,CeraVe,2024-10-01,Hiệu quả,positive
6856,2028954414,CeraVe,2024-10-01,Giao hàng,neutral
6856,2028954414,CeraVe,2024-10-01,Chất lượng/Đóng gói,neutral
6858,2028954414,CeraVe,2024-10-01,Hiệu quả,positive
6858,2028954414,CeraVe,2024-10-01,Giá cả,positive
6859,2028954414,CeraVe,2024-10-01,Hiệu quả,neutral
6860,2028954414,CeraVe,2024-10-01,Hiệu quả,neutral
6861,2028954414,CeraVe,2024-10-01,Hiệu quả,positive
6861,2028954414,CeraVe,2024-10-01,Giá cả,positive
6861,2028954414,CeraVe,2024-10-01,Chất lượng/Đóng gói,positive
6862,2028954414,CeraVe,2024-10-01,Giá cả,positive
6862,2028954414,CeraVe,2024-10-01,Giá cả,positive
6865,2028954414,CeraVe,2024-09-01,Hiệu quả,positive
6867,2028954414,CeraVe,2024-09-01,Hiệu quả,neutral
6868,2028954414,CeraVe,2024-09-01,Hiệu quả,neutral
6869,2028954414,CeraVe,2024-09-01,Hiệu quả,positive
6869,2028954414,CeraVe,2024-09-01,Mùi hương/Kết cấu,positive
6870,2028954414,CeraVe,2024-09-01,Hiệu quả,positive
6870,2028954414,CeraVe,2024-09-01,Mùi hương/Kết cấu,positive
6872,2028954414,CeraVe,2024-09-01,Chất lượng/Đóng gói,neutral
6872,2028954414,CeraVe,2024-09-01,Dịch vụ/Uy tín,neutral
6873,2028954414,CeraVe,2024-09-01,Hiệu quả,neutral
6873,2028954414,CeraVe,2024-09-01,Hiệu quả,neutral
6874,2028954414,CeraVe,2024-09-01,Giá cả,neutral
6876,2028954414,CeraVe,2024-08-01,Hiệu quả,positive
6877,2028954414,CeraVe,2024-08-01,Hiệu quả,positive
6877,2028954414,CeraVe,2024-08-01,Giá cả,neutral
6879,2028954414,CeraVe,2024-08-01,Hiệu quả,positive
6881,2028954414,CeraVe,2024-08-01,Hiệu quả,positive
6883,3029571068,CeraVe,2026-03-01,Hiệu quả,positive
6883,3029571068,CeraVe,2026-03-01,Giá cả,positive
6885,3029571068,CeraVe,2025-10-01,Hiệu quả,neutral
6885,3029571068,CeraVe,2025-10-01,Hiệu quả,positive
6885,3029571068,CeraVe,2025-10-01,Mùi hương/Kết cấu,neutral
6885,3029571068,CeraVe,2025-10-01,Mùi hương/Kết cấu,neutral
6887,3029571068,CeraVe,2025-09-01,Hiệu quả,neutral
6888,3029571068,CeraVe,2025-09-01,Chất lượng/Đóng gói,positive
6889,3029571068,CeraVe,2025-08-01,Hiệu quả,positive
6890,3029571068,CeraVe,2025-07-01,Giao hàng,neutral
6893,2028922907,CeraVe,2024-07-01,Dịch vụ/Uy tín,positive
6895,2028922907,CeraVe,2023-08-01,Giao hàng,neutral
6896,2028922907,CeraVe,2023-06-01,Hiệu quả,neutral
6897,2028922907,CeraVe,2023-06-01,Giao hàng,negative
6898,2028922907,CeraVe,2023-06-01,Dịch vụ/Uy tín,neutral
6899,2028922907,CeraVe,2023-05-01,Chất lượng/Đóng gói,neutral
6900,2028922907,CeraVe,2023-05-01,Chất lượng/Đóng gói,negative
6900,2028922907,CeraVe,2023-05-01,Chất lượng/Đóng gói,neutral
6900,2028922907,CeraVe,2023-05-01,Chất lượng/Đóng gói,negative
6901,2028922907,CeraVe,2023-05-01,Hiệu quả,neutral
6909,2028922907,CeraVe,2022-12-01,Chất lượng/Đóng gói,negative
6912,2028922907,CeraVe,2024-12-01,Hiệu quả,neutral
6912,2028922907,CeraVe,2024-12-01,Mùi hương/Kết cấu,neutral
6915,2028922907,CeraVe,2022-11-01,Giá cả,neutral
6915,2028922907,CeraVe,2022-11-01,Giá cả,neutral
6915,2028922907,CeraVe,2022-11-01,Dịch vụ/Uy tín,neutral
6915,2028922907,CeraVe,2022-11-01,Giá cả,neutral
6917,2028922907,CeraVe,2024-05-01,Dịch vụ/Uy tín,negative
6918,2028922907,CeraVe,2024-01-01,Giao hàng,negative
6919,2028922907,CeraVe,2023-12-01,Dịch vụ/Uy tín,neutral
6921,2028922907,CeraVe,2023-09-01,Chất lượng/Đóng gói,neutral
6921,2028922907,CeraVe,2023-09-01,Chất lượng/Đóng gói,neutral
6922,2028922907,CeraVe,2023-08-01,Chất lượng/Đóng gói,negative
6923,2028922907,CeraVe,2023-06-01,Giao hàng,neutral
6924,2028922907,CeraVe,2023-06-01,Dịch vụ/Uy tín,neutral
6925,2028922907,CeraVe,2023-05-01,Giao hàng,neutral
6926,2028922907,CeraVe,2023-02-01,Chất lượng/Đóng gói,neutral
6926,2028922907,CeraVe,2023-02-01,Giá cả,negative
6927,2028922907,CeraVe,2022-12-01,Giá cả,neutral
6928,2028922907,CeraVe,2022-11-01,Chất lượng/Đóng gói,neutral
6929,2028922907,CeraVe,2022-11-01,Giá cả,negative
6930,2028922907,CeraVe,2022-11-01,Giá cả,neutral
6930,2028922907,CeraVe,2022-11-01,Dịch vụ/Uy tín,neutral
6931,2028922907,CeraVe,2024-10-01,Hiệu quả,neutral
6932,2028922907,CeraVe,2024-06-01,Hiệu quả,neutral
6934,2028922907,CeraVe,2023-09-01,Chất lượng/Đóng gói,positive
6936,2028922907,CeraVe,2023-07-01,Giao hàng,neutral
6936,2028922907,CeraVe,2023-07-01,Giao hàng,neutral
6937,2028922907,CeraVe,2023-06-01,Mùi hương/Kết cấu,neutral
6941,2028922907,CeraVe,2023-03-01,Giao hàng,neutral
6941,2028922907,CeraVe,2023-03-01,Giao hàng,neutral
6941,2028922907,CeraVe,2023-03-01,Giá cả,neutral
6942,2028922907,CeraVe,2023-03-01,Giá cả,neutral
6942,2028922907,CeraVe,2023-03-01,Dịch vụ/Uy tín,neutral
6943,2028922907,CeraVe,2023-03-01,Giao hàng,neutral
6943,2028922907,CeraVe,2023-03-01,Dịch vụ/Uy tín,neutral
6944,2028922907,CeraVe,2023-02-01,Chất lượng/Đóng gói,positive
6944,2028922907,CeraVe,2023-02-01,Dịch vụ/Uy tín,positive
6946,2028922907,CeraVe,2023-01-01,Mùi hương/Kết cấu,neutral
6947,2028922907,CeraVe,2022-12-01,Giá cả,neutral
6948,2028922907,CeraVe,2022-11-01,Chất lượng/Đóng gói,positive
6948,2028922907,CeraVe,2022-11-01,Giao hàng,neutral
6948,2028922907,CeraVe,2022-11-01,Giá cả,neutral
6949,2028922907,CeraVe,2022-11-01,Chất lượng/Đóng gói,positive
6949,2028922907,CeraVe,2022-11-01,Giá cả,neutral
6949,2028922907,CeraVe,2022-11-01,Dịch vụ/Uy tín,neutral
6950,2028922907,CeraVe,2026-04-01,Hiệu quả,positive
6950,2028922907,CeraVe,2026-04-01,Giá cả,positive
6951,2028922907,CeraVe,2026-04-01,Thành phần,neutral
6951,2028922907,CeraVe,2026-04-01,Hiệu quả,neutral
6951,2028922907,CeraVe,2026-04-01,Hiệu quả,positive
6952,2028922907,CeraVe,2026-04-01,Hiệu quả,positive
6952,2028922907,CeraVe,2026-04-01,Hiệu quả,neutral
6952,2028922907,CeraVe,2026-04-01,Hiệu quả,positive
6952,2028922907,CeraVe,2026-04-01,Giá cả,positive
6954,2028922907,CeraVe,2026-04-01,Giá cả,neutral
6954,2028922907,CeraVe,2026-04-01,Giá cả,neutral
6954,2028922907,CeraVe,2026-04-01,Giá cả,neutral
6955,2028922907,CeraVe,2026-04-01,Giá cả,neutral
6956,2028922907,CeraVe,2026-03-01,Giá cả,positive
6956,2028922907,CeraVe,2026-03-01,Hiệu quả,neutral
6957,2028922907,CeraVe,2026-03-01,Giao hàng,neutral
6957,2028922907,CeraVe,2026-03-01,Dịch vụ/Uy tín,positive
6958,2028922907,CeraVe,2026-03-01,Giá cả,neutral
6959,2028922907,CeraVe,2026-03-01,Giá cả,neutral
6959,2028922907,CeraVe,2026-03-01,Hiệu quả,neutral
6960,2028922907,CeraVe,2026-03-01,Hiệu quả,positive
6960,2028922907,CeraVe,2026-03-01,Giá cả,positive
6960,2028922907,CeraVe,2026-03-01,Hiệu quả,neutral
6961,2028922907,CeraVe,2026-03-01,Hiệu quả,positive
6961,2028922907,CeraVe,2026-03-01,Giá cả,positive
6961,2028922907,CeraVe,2026-03-01,Thành phần,positive
6961,2028922907,CeraVe,2026-03-01,Hiệu quả,neutral
6961,2028922907,CeraVe,2026-03-01,Thành phần,neutral
6962,2028922907,CeraVe,2026-02-01,Thành phần,neutral
6962,2028922907,CeraVe,2026-02-01,Hiệu quả,positive
6962,2028922907,CeraVe,2026-02-01,Giá cả,positive
6962,2028922907,CeraVe,2026-02-01,Giá cả,neutral
6963,2028922907,CeraVe,2026-02-01,Giá cả,neutral
6964,2028922907,CeraVe,2026-02-01,Thành phần,neutral
6965,2028922907,CeraVe,2026-02-01,Giá cả,neutral
6966,2028922907,CeraVe,2026-02-01,Giá cả,neutral
6966,2028922907,CeraVe,2026-02-01,Hiệu quả,positive
6966,2028922907,CeraVe,2026-02-01,Giá cả,positive
6966,2028922907,CeraVe,2026-02-01,Hiệu quả,positive
6967,2028922907,CeraVe,2026-02-01,Thành phần,neutral
6968,2028922907,CeraVe,2026-01-01,Thành phần,neutral
6969,2028922907,CeraVe,2026-01-01,Hiệu quả,positive
6969,2028922907,CeraVe,2026-01-01,Giá cả,positive
6970,2028922907,CeraVe,2026-01-01,Hiệu quả,neutral
6970,2028922907,CeraVe,2026-01-01,Thành phần,neutral
6970,2028922907,CeraVe,2026-01-01,Thành phần,neutral
6970,2028922907,CeraVe,2026-01-01,Hiệu quả,positive
6970,2028922907,CeraVe,2026-01-01,Hiệu quả,positive
6971,2028922907,CeraVe,2026-01-01,Thành phần,neutral
6971,2028922907,CeraVe,2026-01-01,Giá cả,neutral
6971,2028922907,CeraVe,2026-01-01,Hiệu quả,neutral
6972,2028922907,CeraVe,2026-01-01,Chất lượng/Đóng gói,neutral
6972,2028922907,CeraVe,2026-01-01,Dịch vụ/Uy tín,positive
6973,2028922907,CeraVe,2025-12-01,Chất lượng/Đóng gói,neutral
6973,2028922907,CeraVe,2025-12-01,Giá cả,neutral
6976,2028922907,CeraVe,2025-09-01,Hiệu quả,positive
6976,2028922907,CeraVe,2025-09-01,Hiệu quả,positive
6976,2028922907,CeraVe,2025-09-01,Giá cả,neutral
6978,2028922907,CeraVe,2025-09-01,Hiệu quả,positive
6980,2028922907,CeraVe,2025-09-01,Hiệu quả,neutral
6980,2028922907,CeraVe,2025-09-01,Giá cả,neutral
6981,2028922907,CeraVe,2025-08-01,Hiệu quả,negative
6982,2028922907,CeraVe,2025-08-01,Giá cả,neutral
6983,2028922907,CeraVe,2025-08-01,Giá cả,neutral
6983,2028922907,CeraVe,2025-08-01,Hiệu quả,neutral
6984,2028922907,CeraVe,2025-07-01,Hiệu quả,positive
6984,2028922907,CeraVe,2025-07-01,Chất lượng/Đóng gói,positive
6986,2028922907,CeraVe,2025-06-01,Hiệu quả,positive
6988,2028922907,CeraVe,2025-06-01,Giá cả,neutral
6988,2028922907,CeraVe,2025-06-01,Hiệu quả,positive
6990,2028922907,CeraVe,2025-06-01,Hiệu quả,positive
6990,2028922907,CeraVe,2025-06-01,Giá cả,positive
6990,2028922907,CeraVe,2025-06-01,Hiệu quả,positive
6990,2028922907,CeraVe,2025-06-01,Giá cả,positive
6991,2028922907,CeraVe,2025-05-01,Giá cả,neutral
6992,2028922907,CeraVe,2025-04-01,Chất lượng/Đóng gói,positive
6992,2028922907,CeraVe,2025-04-01,Giao hàng,neutral
6993,2028922907,CeraVe,2025-04-01,Hiệu quả,positive
6993,2028922907,CeraVe,2025-04-01,Hiệu quả,neutral
6994,2028922907,CeraVe,2025-04-01,Hiệu quả,positive
6995,2028922907,CeraVe,2025-04-01,Giá cả,neutral
6996,2028922907,CeraVe,2025-04-01,Hiệu quả,positive
6997,2028922907,CeraVe,2025-04-01,Hiệu quả,neutral
6999,2028922907,CeraVe,2025-04-01,Hiệu quả,neutral
6999,2028922907,CeraVe,2025-04-01,Hiệu quả,neutral
7000,2028922907,CeraVe,2025-04-01,Hiệu quả,positive
7000,2028922907,CeraVe,2025-04-01,Hiệu quả,positive
7000,2028922907,CeraVe,2025-04-01,Giá cả,positive
7000,2028922907,CeraVe,2025-04-01,Giá cả,neutral
7000,2028922907,CeraVe,2025-04-01,Thành phần,neutral
7001,2028922907,CeraVe,2025-04-01,Hiệu quả,positive
7001,2028922907,CeraVe,2025-04-01,Giá cả,positive
7002,2028922907,CeraVe,2025-03-01,Hiệu quả,positive
7002,2028922907,CeraVe,2025-03-01,Giá cả,positive
7003,2028922907,CeraVe,2025-03-01,Hiệu quả,positive
7003,2028922907,CeraVe,2025-03-01,Giá cả,positive
7003,2028922907,CeraVe,2025-03-01,Thành phần,neutral
7006,2028922907,CeraVe,2025-03-01,Hiệu quả,neutral
7006,2028922907,CeraVe,2025-03-01,Giá cả,neutral
7007,2028922907,CeraVe,2025-03-01,Giá cả,neutral
7007,2028922907,CeraVe,2025-03-01,Hiệu quả,neutral
7008,2028922907,CeraVe,2025-03-01,Chất lượng/Đóng gói,neutral
7008,2028922907,CeraVe,2025-03-01,Giao hàng,neutral
7009,2028922907,CeraVe,2025-03-01,Hiệu quả,positive
7009,2028922907,CeraVe,2025-03-01,Giá cả,neutral
7011,2028922907,CeraVe,2025-02-01,Giá cả,neutral
7011,2028922907,CeraVe,2025-02-01,Hiệu quả,positive
7011,2028922907,CeraVe,2025-02-01,Giá cả,positive
7013,2028922907,CeraVe,2025-02-01,Thành phần,neutral
7014,2028922907,CeraVe,2025-02-01,Hiệu quả,positive
7014,2028922907,CeraVe,2025-02-01,Giá cả,neutral
7014,2028922907,CeraVe,2025-02-01,Thành phần,neutral
7015,2028922907,CeraVe,2025-02-01,Giá cả,neutral
7016,2028922907,CeraVe,2025-01-01,Hiệu quả,positive
7016,2028922907,CeraVe,2025-01-01,Giá cả,positive
7016,2028922907,CeraVe,2025-01-01,Thành phần,neutral
7017,2028922907,CeraVe,2025-01-01,Giá cả,neutral
7017,2028922907,CeraVe,2025-01-01,Hiệu quả,positive
7017,2028922907,CeraVe,2025-01-01,Thành phần,neutral
7019,2028922907,CeraVe,2025-01-01,Hiệu quả,positive
7019,2028922907,CeraVe,2025-01-01,Giá cả,positive
7019,2028922907,CeraVe,2025-01-01,Hiệu quả,positive
7019,2028922907,CeraVe,2025-01-01,Giá cả,positive
7020,2028922907,CeraVe,2025-01-01,Hiệu quả,positive
7020,2028922907,CeraVe,2025-01-01,Giá cả,positive
7025,2028922907,CeraVe,2025-01-01,Giao hàng,neutral
7025,2028922907,CeraVe,2025-01-01,Dịch vụ/Uy tín,neutral
7026,2028922907,CeraVe,2025-01-01,Thành phần,neutral
7027,2028922907,CeraVe,2025-01-01,Giá cả,neutral
7027,2028922907,CeraVe,2025-01-01,Hiệu quả,positive
7027,2028922907,CeraVe,2025-01-01,Giá cả,positive
7028,2028922907,CeraVe,2025-01-01,Hiệu quả,positive
7028,2028922907,CeraVe,2025-01-01,Giá cả,positive
7028,2028922907,CeraVe,2025-01-01,Giá cả,neutral
7029,2028922907,CeraVe,2024-12-01,Hiệu quả,positive
7029,2028922907,CeraVe,2024-12-01,Giá cả,positive
7030,2028922907,CeraVe,2024-12-01,Thành phần,neutral
7030,2028922907,CeraVe,2024-12-01,Hiệu quả,positive
7031,2028922907,CeraVe,2024-12-01,Giá cả,neutral
7031,2028922907,CeraVe,2024-12-01,Hiệu quả,neutral
7032,2028922907,CeraVe,2024-12-01,Hiệu quả,neutral
7032,2028922907,CeraVe,2024-12-01,Giá cả,neutral
7032,2028922907,CeraVe,2024-12-01,Giá cả,neutral
7033,2028922907,CeraVe,2024-12-01,Hiệu quả,positive
7033,2028922907,CeraVe,2024-12-01,Giá cả,positive
7034,2028874804,CeraVe,2025-01-01,Giao hàng,neutral
7034,2028874804,CeraVe,2025-01-01,Dịch vụ/Uy tín,negative
7035,2028874804,CeraVe,2024-04-01,Hiệu quả,positive
7035,2028874804,CeraVe,2024-04-01,Hiệu quả,negative
7035,2028874804,CeraVe,2024-04-01,Hiệu quả,positive
7035,2028874804,CeraVe,2024-04-01,Chất lượng/Đóng gói,positive
7036,2028874804,CeraVe,2023-10-01,Dịch vụ/Uy tín,negative
7037,2028874804,CeraVe,2023-04-01,Chất lượng/Đóng gói,neutral
7037,2028874804,CeraVe,2023-04-01,Giá cả,neutral
7038,2028874804,CeraVe,2023-12-01,Mùi hương/Kết cấu,neutral
7038,2028874804,CeraVe,2023-12-01,Chất lượng/Đóng gói,neutral
7039,2028874804,CeraVe,2023-09-01,Giá cả,negative
7039,2028874804,CeraVe,2023-09-01,Dịch vụ/Uy tín,negative
7039,2028874804,CeraVe,2023-09-01,Hiệu quả,neutral
7039,2028874804,CeraVe,2023-09-01,Hiệu quả,neutral
7039,2028874804,CeraVe,2023-09-01,Giá cả,neutral
7041,2028874804,CeraVe,2022-12-01,Chất lượng/Đóng gói,negative
7041,2028874804,CeraVe,2022-12-01,Chất lượng/Đóng gói,negative
7042,2028874804,CeraVe,2024-11-01,Mùi hương/Kết cấu,neutral
7042,2028874804,CeraVe,2024-11-01,Mùi hương/Kết cấu,positive
7043,2028874804,CeraVe,2024-10-01,Mùi hương/Kết cấu,neutral
7043,2028874804,CeraVe,2024-10-01,Hiệu quả,positive
7043,2028874804,CeraVe,2024-10-01,Mùi hương/Kết cấu,positive
7043,2028874804,CeraVe,2024-10-01,Dịch vụ/Uy tín,neutral
7043,2028874804,CeraVe,2024-10-01,Dịch vụ/Uy tín,neutral
7043,2028874804,CeraVe,2024-10-01,Hiệu quả,neutral
7043,2028874804,CeraVe,2024-10-01,Giá cả,neutral
7043,2028874804,CeraVe,2024-10-01,Giao hàng,neutral
7043,2028874804,CeraVe,2024-10-01,Dịch vụ/Uy tín,neutral
7044,2028874804,CeraVe,2023-09-01,Giao hàng,neutral
7044,2028874804,CeraVe,2023-09-01,Chất lượng/Đóng gói,positive
7044,2028874804,CeraVe,2023-09-01,Giá cả,neutral
7044,2028874804,CeraVe,2023-09-01,Chất lượng/Đóng gói,negative
7046,2028874804,CeraVe,2023-03-01,Hiệu quả,negative
7047,2028874804,CeraVe,2026-02-01,Hiệu quả,positive
7048,2028874804,CeraVe,2025-11-01,Chất lượng/Đóng gói,negative
7048,2028874804,CeraVe,2025-11-01,Giá cả,neutral
7049,2028874804,CeraVe,2025-11-01,Hiệu quả,neutral
7049,2028874804,CeraVe,2025-11-01,Hiệu quả,positive
7050,2028874804,CeraVe,2025-11-01,Hiệu quả,positive
7050,2028874804,CeraVe,2025-11-01,Hiệu quả,neutral
7051,2028874804,CeraVe,2025-09-01,Hiệu quả,neutral
7051,2028874804,CeraVe,2025-09-01,Hiệu quả,positive
7052,2028874804,CeraVe,2025-09-01,Hiệu quả,positive
7052,2028874804,CeraVe,2025-09-01,Hiệu quả,neutral
7052,2028874804,CeraVe,2025-09-01,Hiệu quả,neutral
7053,2028874804,CeraVe,2025-09-01,Hiệu quả,positive
7053,2028874804,CeraVe,2025-09-01,Dịch vụ/Uy tín,neutral
7054,2028874804,CeraVe,2025-08-01,Chất lượng/Đóng gói,neutral
7054,2028874804,CeraVe,2025-08-01,Dịch vụ/Uy tín,neutral
7054,2028874804,CeraVe,2025-08-01,Mùi hương/Kết cấu,neutral
7054,2028874804,CeraVe,2025-08-01,Hiệu quả,positive
7055,2028874804,CeraVe,2025-08-01,Hiệu quả,neutral
7055,2028874804,CeraVe,2025-08-01,Hiệu quả,positive
7056,2028874804,CeraVe,2025-08-01,Hiệu quả,positive
7057,2028874804,CeraVe,2025-06-01,Hiệu quả,positive
7058,2028874804,CeraVe,2025-06-01,Mùi hương/Kết cấu,positive
7059,2028874804,CeraVe,2025-05-01,Hiệu quả,positive
7059,2028874804,CeraVe,2025-05-01,Hiệu quả,positive
7061,2028874804,CeraVe,2025-04-01,Hiệu quả,positive
7061,2028874804,CeraVe,2025-04-01,Giá cả,positive
7063,2028874804,CeraVe,2025-04-01,Hiệu quả,positive
7065,2028874804,CeraVe,2025-04-01,Hiệu quả,positive
7065,2028874804,CeraVe,2025-04-01,Mùi hương/Kết cấu,positive
7065,2028874804,CeraVe,2025-04-01,Mùi hương/Kết cấu,positive
7065,2028874804,CeraVe,2025-04-01,Hiệu quả,positive
7066,2028874804,CeraVe,2025-04-01,Hiệu quả,neutral
7067,2028874804,CeraVe,2025-04-01,Dịch vụ/Uy tín,positive
7067,2028874804,CeraVe,2025-04-01,Chất lượng/Đóng gói,positive
7067,2028874804,CeraVe,2025-04-01,Giao hàng,positive
7067,2028874804,CeraVe,2025-04-01,Chất lượng/Đóng gói,positive
7067,2028874804,CeraVe,2025-04-01,Giá cả,neutral
7068,2028874804,CeraVe,2025-03-01,Chất lượng/Đóng gói,neutral
7068,2028874804,CeraVe,2025-03-01,Giao hàng,neutral
7068,2028874804,CeraVe,2025-03-01,Dịch vụ/Uy tín,neutral
7068,2028874804,CeraVe,2025-03-01,Giao hàng,neutral
7068,2028874804,CeraVe,2025-03-01,Giá cả,neutral
7068,2028874804,CeraVe,2025-03-01,Giá cả,neutral
7068,2028874804,CeraVe,2025-03-01,Dịch vụ/Uy tín,neutral
7069,2028874804,CeraVe,2025-03-01,Giá cả,positive
7069,2028874804,CeraVe,2025-03-01,Hiệu quả,neutral
7070,2028874804,CeraVe,2025-03-01,Hiệu quả,neutral
7071,2028874804,CeraVe,2025-03-01,Hiệu quả,positive
7072,2028874804,CeraVe,2025-03-01,Hiệu quả,neutral
7072,2028874804,CeraVe,2025-03-01,Mùi hương/Kết cấu,positive
7072,2028874804,CeraVe,2025-03-01,Hiệu quả,positive
7073,2028874804,CeraVe,2025-03-01,Mùi hương/Kết cấu,positive
7073,2028874804,CeraVe,2025-03-01,Hiệu quả,neutral
7074,2028874804,CeraVe,2025-03-01,Hiệu quả,neutral
7074,2028874804,CeraVe,2025-03-01,Hiệu quả,positive
7075,2028874804,CeraVe,2025-03-01,Hiệu quả,positive
7075,2028874804,CeraVe,2025-03-01,Mùi hương/Kết cấu,positive
7075,2028874804,CeraVe,2025-03-01,Hiệu quả,neutral
7075,2028874804,CeraVe,2025-03-01,Hiệu quả,positive
7076,2028874804,CeraVe,2025-03-01,Hiệu quả,positive
7076,2028874804,CeraVe,2025-03-01,Hiệu quả,positive
7076,2028874804,CeraVe,2025-03-01,Mùi hương/Kết cấu,positive
7076,2028874804,CeraVe,2025-03-01,Hiệu quả,neutral
7077,2028874804,CeraVe,2025-03-01,Hiệu quả,neutral
7077,2028874804,CeraVe,2025-03-01,Mùi hương/Kết cấu,positive
7077,2028874804,CeraVe,2025-03-01,Hiệu quả,positive
7077,2028874804,CeraVe,2025-03-01,Mùi hương/Kết cấu,positive
7077,2028874804,CeraVe,2025-03-01,Hiệu quả,neutral
7078,2028874804,CeraVe,2025-03-01,Chất lượng/Đóng gói,neutral
7078,2028874804,CeraVe,2025-03-01,Giao hàng,neutral
7078,2028874804,CeraVe,2025-03-01,Hiệu quả,neutral
7078,2028874804,CeraVe,2025-03-01,Giao hàng,neutral
7081,2028874804,CeraVe,2025-03-01,Hiệu quả,positive
7081,2028874804,CeraVe,2025-03-01,Mùi hương/Kết cấu,positive
7081,2028874804,CeraVe,2025-03-01,Thành phần,neutral
7081,2028874804,CeraVe,2025-03-01,Hiệu quả,neutral
7081,2028874804,CeraVe,2025-03-01,Mùi hương/Kết cấu,neutral
7081,2028874804,CeraVe,2025-03-01,Hiệu quả,positive
7082,2028874804,CeraVe,2025-03-01,Hiệu quả,neutral
7082,2028874804,CeraVe,2025-03-01,Hiệu quả,neutral
7083,2028874804,CeraVe,2025-03-01,Hiệu quả,positive
7083,2028874804,CeraVe,2025-03-01,Thành phần,positive
7083,2028874804,CeraVe,2025-03-01,Hiệu quả,neutral
7083,2028874804,CeraVe,2025-03-01,Mùi hương/Kết cấu,positive
7083,2028874804,CeraVe,2025-03-01,Hiệu quả,neutral
7084,2028874804,CeraVe,2025-03-01,Thành phần,positive
7084,2028874804,CeraVe,2025-03-01,Hiệu quả,neutral
7084,2028874804,CeraVe,2025-03-01,Hiệu quả,neutral
7085,2028874804,CeraVe,2025-02-01,Hiệu quả,neutral
7085,2028874804,CeraVe,2025-02-01,Hiệu quả,neutral
7085,2028874804,CeraVe,2025-02-01,Hiệu quả,neutral
7086,2028874804,CeraVe,2025-02-01,Hiệu quả,neutral
7086,2028874804,CeraVe,2025-02-01,Hiệu quả,positive
7087,2028874804,CeraVe,2025-02-01,Hiệu quả,positive
7088,2028874804,CeraVe,2025-02-01,Hiệu quả,positive
7088,2028874804,CeraVe,2025-02-01,Mùi hương/Kết cấu,neutral
7088,2028874804,CeraVe,2025-02-01,Hiệu quả,neutral
7088,2028874804,CeraVe,2025-02-01,Thành phần,neutral
7089,2028874804,CeraVe,2025-02-01,Hiệu quả,negative
7089,2028874804,CeraVe,2025-02-01,Hiệu quả,positive
7089,2028874804,CeraVe,2025-02-01,Giá cả,positive
7090,2028874804,CeraVe,2025-02-01,Hiệu quả,positive
7090,2028874804,CeraVe,2025-02-01,Mùi hương/Kết cấu,positive
7090,2028874804,CeraVe,2025-02-01,Hiệu quả,positive
7090,2028874804,CeraVe,2025-02-01,Mùi hương/Kết cấu,positive
7091,2028874804,CeraVe,2025-02-01,Mùi hương/Kết cấu,positive
7092,2028874804,CeraVe,2025-02-01,Hiệu quả,neutral
7092,2028874804,CeraVe,2025-02-01,Chất lượng/Đóng gói,neutral
7092,2028874804,CeraVe,2025-02-01,Dịch vụ/Uy tín,neutral
7093,2028874804,CeraVe,2025-01-01,Hiệu quả,positive
7095,2028874804,CeraVe,2025-01-01,Hiệu quả,positive
7095,2028874804,CeraVe,2025-01-01,Mùi hương/Kết cấu,positive
7095,2028874804,CeraVe,2025-01-01,Hiệu quả,neutral
7096,2028874804,CeraVe,2025-01-01,Hiệu quả,positive
7096,2028874804,CeraVe,2025-01-01,Hiệu quả,neutral
7096,2028874804,CeraVe,2025-01-01,Hiệu quả,positive
7099,2028874804,CeraVe,2025-01-01,Hiệu quả,positive
7100,2028874804,CeraVe,2025-01-01,Hiệu quả,neutral
7100,2028874804,CeraVe,2025-01-01,Hiệu quả,neutral
7101,2028874804,CeraVe,2025-01-01,Hiệu quả,positive
7101,2028874804,CeraVe,2025-01-01,Hiệu quả,positive
7102,2028874804,CeraVe,2024-12-01,Hiệu quả,positive
7102,2028874804,CeraVe,2024-12-01,Mùi hương/Kết cấu,neutral
7102,2028874804,CeraVe,2024-12-01,Hiệu quả,positive
7102,2028874804,CeraVe,2024-12-01,Mùi hương/Kết cấu,positive
7103,2028874804,CeraVe,2024-12-01,Hiệu quả,positive
7104,2028874804,CeraVe,2024-12-01,Hiệu quả,negative
7104,2028874804,CeraVe,2024-12-01,Mùi hương/Kết cấu,negative
7105,2028874804,CeraVe,2024-12-01,Giao hàng,neutral
7105,2028874804,CeraVe,2024-12-01,Chất lượng/Đóng gói,positive
7105,2028874804,CeraVe,2024-12-01,Giá cả,neutral
7106,2028874804,CeraVe,2024-12-01,Hiệu quả,positive
7106,2028874804,CeraVe,2024-12-01,Mùi hương/Kết cấu,positive
7106,2028874804,CeraVe,2024-12-01,Hiệu quả,positive
7107,2028874804,CeraVe,2024-12-01,Giao hàng,neutral
7107,2028874804,CeraVe,2024-12-01,Chất lượng/Đóng gói,positive
7108,2028874804,CeraVe,2024-12-01,Giao hàng,neutral
7108,2028874804,CeraVe,2024-12-01,Chất lượng/Đóng gói,positive
7108,2028874804,CeraVe,2024-12-01,Hiệu quả,positive
7109,2028874804,CeraVe,2024-12-01,Giao hàng,neutral
7109,2028874804,CeraVe,2024-12-01,Dịch vụ/Uy tín,neutral
7109,2028874804,CeraVe,2024-12-01,Hiệu quả,neutral
7110,2028874804,CeraVe,2024-12-01,Hiệu quả,neutral
7111,2028874804,CeraVe,2024-12-01,Hiệu quả,positive
7112,2028874804,CeraVe,2024-12-01,Mùi hương/Kết cấu,positive
7112,2028874804,CeraVe,2024-12-01,Thành phần,positive
7112,2028874804,CeraVe,2024-12-01,Hiệu quả,positive
7113,2028874804,CeraVe,2024-12-01,Hiệu quả,positive
7114,2028874804,CeraVe,2024-12-01,Giá cả,neutral
7114,2028874804,CeraVe,2024-12-01,Chất lượng/Đóng gói,positive
7115,2028874804,CeraVe,2024-12-01,Mùi hương/Kết cấu,positive
7116,2028874804,CeraVe,2024-12-01,Hiệu quả,neutral
7116,2028874804,CeraVe,2024-12-01,Mùi hương/Kết cấu,positive
7117,2028874804,CeraVe,2024-12-01,Hiệu quả,neutral
7117,2028874804,CeraVe,2024-12-01,Mùi hương/Kết cấu,positive
7117,2028874804,CeraVe,2024-12-01,Thành phần,positive
7118,2028874804,CeraVe,2024-11-01,Mùi hương/Kết cấu,positive
7119,2028874804,CeraVe,2024-11-01,Giao hàng,neutral
7119,2028874804,CeraVe,2024-11-01,Chất lượng/Đóng gói,positive
7119,2028874804,CeraVe,2024-11-01,Hiệu quả,neutral
7119,2028874804,CeraVe,2024-11-01,Mùi hương/Kết cấu,positive
7120,2028874804,CeraVe,2024-11-01,Mùi hương/Kết cấu,positive
7120,2028874804,CeraVe,2024-11-01,Hiệu quả,positive
7121,2028874804,CeraVe,2024-11-01,Hiệu quả,neutral
7122,2028874804,CeraVe,2024-11-01,Hiệu quả,positive
7123,2028874804,CeraVe,2024-11-01,Hiệu quả,positive
7123,2028874804,CeraVe,2024-11-01,Mùi hương/Kết cấu,neutral
7124,2028874804,CeraVe,2024-11-01,Hiệu quả,positive
7124,2028874804,CeraVe,2024-11-01,Mùi hương/Kết cấu,positive
7124,2028874804,CeraVe,2024-11-01,Hiệu quả,positive
7125,2028874804,CeraVe,2024-11-01,Hiệu quả,neutral
7125,2028874804,CeraVe,2024-11-01,Hiệu quả,neutral
7126,2028874804,CeraVe,2024-11-01,Giao hàng,positive
7126,2028874804,CeraVe,2024-11-01,Dịch vụ/Uy tín,positive
7127,2028874804,CeraVe,2024-11-01,Hiệu quả,neutral
7127,2028874804,CeraVe,2024-11-01,Hiệu quả,neutral
7127,2028874804,CeraVe,2024-11-01,Hiệu quả,neutral
7127,2028874804,CeraVe,2024-11-01,Mùi hương/Kết cấu,neutral
7128,2028874804,CeraVe,2024-11-01,Mùi hương/Kết cấu,neutral
7128,2028874804,CeraVe,2024-11-01,Hiệu quả,positive
7128,2028874804,CeraVe,2024-11-01,Hiệu quả,neutral
7128,2028874804,CeraVe,2024-11-01,Mùi hương/Kết cấu,positive
7129,2028874804,CeraVe,2024-11-01,Hiệu quả,neutral
7129,2028874804,CeraVe,2024-11-01,Mùi hương/Kết cấu,positive
7129,2028874804,CeraVe,2024-11-01,Hiệu quả,positive
7130,2028874804,CeraVe,2024-11-01,Hiệu quả,positive
7130,2028874804,CeraVe,2024-11-01,Mùi hương/Kết cấu,positive
7130,2028874804,CeraVe,2024-11-01,Hiệu quả,neutral
7131,2028874804,CeraVe,2024-11-01,Giá cả,positive
7131,2028874804,CeraVe,2024-11-01,Hiệu quả,positive
7132,2028874804,CeraVe,2024-11-01,Mùi hương/Kết cấu,positive
7132,2028874804,CeraVe,2024-11-01,Hiệu quả,neutral
7133,2028874804,CeraVe,2024-10-01,Hiệu quả,positive
7133,2028874804,CeraVe,2024-10-01,Mùi hương/Kết cấu,positive
7133,2028874804,CeraVe,2024-10-01,Mùi hương/Kết cấu,positive
7133,2028874804,CeraVe,2024-10-01,Hiệu quả,neutral
7134,2028874804,CeraVe,2024-10-01,Giao hàng,neutral
7134,2028874804,CeraVe,2024-10-01,Chất lượng/Đóng gói,positive
7134,2028874804,CeraVe,2024-10-01,Giá cả,positive
7134,2028874804,CeraVe,2024-10-01,Chất lượng/Đóng gói,positive
7135,2028874804,CeraVe,2024-10-01,Mùi hương/Kết cấu,positive
7135,2028874804,CeraVe,2024-10-01,Hiệu quả,neutral
7135,2028874804,CeraVe,2024-10-01,Hiệu quả,neutral
7136,2028874804,CeraVe,2024-10-01,Mùi hương/Kết cấu,positive
7136,2028874804,CeraVe,2024-10-01,Hiệu quả,neutral
7137,2028874804,CeraVe,2024-10-01,Hiệu quả,neutral
7138,2028874804,CeraVe,2024-10-01,Hiệu quả,neutral
7141,2028930571,CeraVe,2023-11-01,Giá cả,positive
7141,2028930571,CeraVe,2023-11-01,Chất lượng/Đóng gói,positive
7141,2028930571,CeraVe,2023-11-01,Dịch vụ/Uy tín,positive
7141,2028930571,CeraVe,2023-11-01,Chất lượng/Đóng gói,positive
7142,2028930571,CeraVe,2023-03-01,Chất lượng/Đóng gói,negative
7142,2028930571,CeraVe,2023-03-01,Dịch vụ/Uy tín,negative
7143,2028930571,CeraVe,2023-06-01,Mùi hương/Kết cấu,positive
7143,2028930571,CeraVe,2023-06-01,Giá cả,neutral
7144,2028930571,CeraVe,2026-02-01,Hiệu quả,neutral
7145,2028930571,CeraVe,2025-10-01,Hiệu quả,positive
7145,2028930571,CeraVe,2025-10-01,Mùi hương/Kết cấu,positive
7146,2028930571,CeraVe,2025-06-01,Hiệu quả,positive
7146,2028930571,CeraVe,2025-06-01,Hiệu quả,neutral
7146,2028930571,CeraVe,2025-06-01,Giá cả,neutral
7148,2028930571,CeraVe,2025-04-01,Hiệu quả,positive
7148,2028930571,CeraVe,2025-04-01,Mùi hương/Kết cấu,positive
7148,2028930571,CeraVe,2025-04-01,Hiệu quả,neutral
7149,2028930571,CeraVe,2025-04-01,Giá cả,neutral
7149,2028930571,CeraVe,2025-04-01,Hiệu quả,positive
7149,2028930571,CeraVe,2025-04-01,Mùi hương/Kết cấu,positive
7149,2028930571,CeraVe,2025-04-01,Hiệu quả,neutral
7149,2028930571,CeraVe,2025-04-01,Hiệu quả,neutral
7151,2028930571,CeraVe,2025-01-01,Hiệu quả,neutral
7152,2028930571,CeraVe,2025-01-01,Hiệu quả,neutral
7153,2028930571,CeraVe,2025-01-01,Hiệu quả,neutral
7154,2028930571,CeraVe,2024-12-01,Giá cả,neutral
7154,2028930571,CeraVe,2024-12-01,Hiệu quả,neutral
7156,2028930571,CeraVe,2024-12-01,Chất lượng/Đóng gói,positive
7156,2028930571,CeraVe,2024-12-01,Hiệu quả,neutral
7157,2028930571,CeraVe,2024-11-01,Hiệu quả,neutral
7157,2028930571,CeraVe,2024-11-01,Hiệu quả,positive
7157,2028930571,CeraVe,2024-11-01,Mùi hương/Kết cấu,positive
7158,2028930571,CeraVe,2024-11-01,Hiệu quả,neutral
7158,2028930571,CeraVe,2024-11-01,Giá cả,neutral
7159,2028930571,CeraVe,2024-11-01,Hiệu quả,positive
7159,2028930571,CeraVe,2024-11-01,Thành phần,neutral
7160,2028930571,CeraVe,2024-09-01,Hiệu quả,neutral
7161,2028930571,CeraVe,2024-09-01,Hiệu quả,positive
7161,2028930571,CeraVe,2024-09-01,Mùi hương/Kết cấu,positive
7161,2028930571,CeraVe,2024-09-01,Hiệu quả,neutral
7161,2028930571,CeraVe,2024-09-01,Hiệu quả,neutral
7163,2028930571,CeraVe,2024-09-01,Hiệu quả,neutral
7164,2028930571,CeraVe,2024-08-01,Giá cả,neutral
7167,2028930571,CeraVe,2024-07-01,Chất lượng/Đóng gói,positive
7168,2028930571,CeraVe,2024-07-01,Giá cả,neutral
7169,2028930571,CeraVe,2024-07-01,Hiệu quả,neutral
7169,2028930571,CeraVe,2024-07-01,Hiệu quả,neutral
7170,2028930571,CeraVe,2024-07-01,Hiệu quả,neutral
7170,2028930571,CeraVe,2024-07-01,Hiệu quả,neutral
7171,2028930571,CeraVe,2024-06-01,Hiệu quả,neutral
7172,2028930571,CeraVe,2024-06-01,Hiệu quả,positive
7172,2028930571,CeraVe,2024-06-01,Mùi hương/Kết cấu,positive
7173,2028930571,CeraVe,2024-06-01,Hiệu quả,positive
7173,2028930571,CeraVe,2024-06-01,Mùi hương/Kết cấu,positive
7173,2028930571,CeraVe,2024-06-01,Hiệu quả,neutral
7174,2028930571,CeraVe,2024-06-01,Hiệu quả,neutral
7175,2028930571,CeraVe,2024-06-01,Chất lượng/Đóng gói,neutral
7175,2028930571,CeraVe,2024-06-01,Giao hàng,neutral
7176,2028930571,CeraVe,2024-06-01,Hiệu quả,neutral
7176,2028930571,CeraVe,2024-06-01,Hiệu quả,neutral
7177,2028930571,CeraVe,2024-03-01,Giao hàng,neutral
7178,2028930571,CeraVe,2024-03-01,Chất lượng/Đóng gói,positive
7179,2028930571,CeraVe,2024-03-01,Giá cả,neutral
7181,2028930571,CeraVe,2024-02-01,Chất lượng/Đóng gói,positive
7181,2028930571,CeraVe,2024-02-01,Giao hàng,positive
7185,2028930571,CeraVe,2023-12-01,Chất lượng/Đóng gói,positive
7185,2028930571,CeraVe,2023-12-01,Giá cả,neutral
7186,2028930571,CeraVe,2023-12-01,Chất lượng/Đóng gói,positive
7187,2028930571,CeraVe,2023-12-01,Hiệu quả,neutral
7188,2028930571,CeraVe,2023-12-01,Hiệu quả,neutral
7189,2028930571,CeraVe,2023-11-01,Chất lượng/Đóng gói,neutral
7189,2028930571,CeraVe,2023-11-01,Hiệu quả,positive
7189,2028930571,CeraVe,2023-11-01,Chất lượng/Đóng gói,positive
7189,2028930571,CeraVe,2023-11-01,Mùi hương/Kết cấu,positive
7191,2028930571,CeraVe,2023-11-01,Hiệu quả,neutral
7191,2028930571,CeraVe,2023-11-01,Hiệu quả,neutral
7192,2028930571,CeraVe,2023-11-01,Giao hàng,neutral
7194,2028930571,CeraVe,2023-11-01,Hiệu quả,neutral
7195,2028930571,CeraVe,2023-11-01,Giao hàng,neutral
7195,2028930571,CeraVe,2023-11-01,Giá cả,neutral
7196,2028930571,CeraVe,2023-11-01,Giá cả,positive
7196,2028930571,CeraVe,2023-11-01,Chất lượng/Đóng gói,positive
7198,2028930571,CeraVe,2023-10-01,Hiệu quả,positive
7198,2028930571,CeraVe,2023-10-01,Chất lượng/Đóng gói,positive
7198,2028930571,CeraVe,2023-10-01,Mùi hương/Kết cấu,positive
7198,2028930571,CeraVe,2023-10-01,Dịch vụ/Uy tín,positive
7200,2028930571,CeraVe,2023-10-01,Chất lượng/Đóng gói,negative
7201,2028930571,CeraVe,2023-10-01,Hiệu quả,positive
7202,2028930571,CeraVe,2023-10-01,Chất lượng/Đóng gói,positive
7204,2028930571,CeraVe,2023-10-01,Hiệu quả,negative
7204,2028930571,CeraVe,2023-10-01,Chất lượng/Đóng gói,positive
7205,2028930571,CeraVe,2023-10-01,Hiệu quả,positive
7205,2028930571,CeraVe,2023-10-01,Chất lượng/Đóng gói,positive
7205,2028930571,CeraVe,2023-10-01,Mùi hương/Kết cấu,positive
7206,2028930571,CeraVe,2023-10-01,Giá cả,neutral
7206,2028930571,CeraVe,2023-10-01,Giá cả,neutral
7206,2028930571,CeraVe,2023-10-01,Mùi hương/Kết cấu,neutral
7207,2028930571,CeraVe,2023-09-01,Giá cả,neutral
7208,2028930571,CeraVe,2023-09-01,Hiệu quả,positive
7208,2028930571,CeraVe,2023-09-01,Chất lượng/Đóng gói,positive
7208,2028930571,CeraVe,2023-09-01,Mùi hương/Kết cấu,positive
7208,2028930571,CeraVe,2023-09-01,Giá cả,neutral
7210,2028930571,CeraVe,2023-09-01,Hiệu quả,positive
7210,2028930571,CeraVe,2023-09-01,Chất lượng/Đóng gói,positive
7210,2028930571,CeraVe,2023-09-01,Mùi hương/Kết cấu,positive
7211,2028930571,CeraVe,2023-09-01,Giao hàng,neutral
7212,2028930571,CeraVe,2023-09-01,Chất lượng/Đóng gói,positive
7213,2028930571,CeraVe,2023-09-01,Giá cả,neutral
7215,2028930571,CeraVe,2023-08-01,Chất lượng/Đóng gói,positive
7216,2028930571,CeraVe,2023-08-01,Mùi hương/Kết cấu,positive
7217,2028930571,CeraVe,2023-08-01,Hiệu quả,positive
7217,2028930571,CeraVe,2023-08-01,Chất lượng/Đóng gói,positive
7218,2028930571,CeraVe,2023-08-01,Giao hàng,neutral
7219,2028930571,CeraVe,2023-08-01,Hiệu quả,positive
7219,2028930571,CeraVe,2023-08-01,Chất lượng/Đóng gói,positive
7219,2028930571,CeraVe,2023-08-01,Mùi hương/Kết cấu,positive
7221,2028930571,CeraVe,2023-07-01,Giao hàng,neutral
7221,2028930571,CeraVe,2023-07-01,Chất lượng/Đóng gói,neutral
7221,2028930571,CeraVe,2023-07-01,Hiệu quả,neutral
7222,2028930571,CeraVe,2023-07-01,Hiệu quả,neutral
7222,2028930571,CeraVe,2023-07-01,Giá cả,neutral
7222,2028930571,CeraVe,2023-07-01,Chất lượng/Đóng gói,neutral
7222,2028930571,CeraVe,2023-07-01,Dịch vụ/Uy tín,neutral
7223,2028930571,CeraVe,2023-07-01,Mùi hương/Kết cấu,positive
7224,2028930571,CeraVe,2023-07-01,Giá cả,neutral
7224,2028930571,CeraVe,2023-07-01,Hiệu quả,neutral
7225,2028930571,CeraVe,2023-06-01,Giá cả,positive
7226,2028930571,CeraVe,2023-06-01,Chất lượng/Đóng gói,positive
7227,2028930571,CeraVe,2023-06-01,Giá cả,neutral
7228,2028930571,CeraVe,2023-06-01,Chất lượng/Đóng gói,neutral
7228,2028930571,CeraVe,2023-06-01,Giao hàng,neutral
7229,3057000585,CeraVe,2026-02-01,Hiệu quả,positive
7229,3057000585,CeraVe,2026-02-01,Thành phần,neutral
7229,3057000585,CeraVe,2026-02-01,Giá cả,neutral
7232,3057000585,CeraVe,2025-07-01,Hiệu quả,positive
7233,3057000585,CeraVe,2025-05-01,Chất lượng/Đóng gói,positive
7234,2836044322,CeraVe,2025-01-01,Hiệu quả,negative
7236,2836044322,CeraVe,2025-08-01,Hiệu quả,neutral
7237,2836044322,CeraVe,2025-03-01,Giá cả,neutral
7237,2836044322,CeraVe,2025-03-01,Giá cả,neutral
7237,2836044322,CeraVe,2025-03-01,Mùi hương/Kết cấu,neutral
7238,2836044322,CeraVe,2026-04-01,Hiệu quả,positive
7238,2836044322,CeraVe,2026-04-01,Thành phần,positive
7239,2836044322,CeraVe,2026-04-01,Thành phần,neutral
7242,2836044322,CeraVe,2026-03-01,Dịch vụ/Uy tín,neutral
7242,2836044322,CeraVe,2026-03-01,Dịch vụ/Uy tín,neutral
7243,2836044322,CeraVe,2026-02-01,Giao hàng,neutral
7243,2836044322,CeraVe,2026-02-01,Dịch vụ/Uy tín,neutral
7243,2836044322,CeraVe,2026-02-01,Dịch vụ/Uy tín,neutral
7243,2836044322,CeraVe,2026-02-01,Giá cả,positive
7243,2836044322,CeraVe,2026-02-01,Dịch vụ/Uy tín,neutral
7244,2836044322,CeraVe,2026-01-01,Dịch vụ/Uy tín,neutral
7244,2836044322,CeraVe,2026-01-01,Dịch vụ/Uy tín,neutral
7245,2836044322,CeraVe,2025-11-01,Giao hàng,neutral
7245,2836044322,CeraVe,2025-11-01,Dịch vụ/Uy tín,neutral
7245,2836044322,CeraVe,2025-11-01,Chất lượng/Đóng gói,positive
7245,2836044322,CeraVe,2025-11-01,Dịch vụ/Uy tín,neutral
7245,2836044322,CeraVe,2025-11-01,Dịch vụ/Uy tín,neutral
7245,2836044322,CeraVe,2025-11-01,Dịch vụ/Uy tín,neutral
7246,2836044322,CeraVe,2025-09-01,Giao hàng,neutral
7246,2836044322,CeraVe,2025-09-01,Dịch vụ/Uy tín,neutral
7246,2836044322,CeraVe,2025-09-01,Chất lượng/Đóng gói,positive
7246,2836044322,CeraVe,2025-09-01,Dịch vụ/Uy tín,neutral
7247,2836044322,CeraVe,2025-08-01,Dịch vụ/Uy tín,neutral
7247,2836044322,CeraVe,2025-08-01,Dịch vụ/Uy tín,neutral
7247,2836044322,CeraVe,2025-08-01,Dịch vụ/Uy tín,neutral
7248,2836044322,CeraVe,2025-05-01,Dịch vụ/Uy tín,neutral
7248,2836044322,CeraVe,2025-05-01,Dịch vụ/Uy tín,positive
7248,2836044322,CeraVe,2025-05-01,Dịch vụ/Uy tín,neutral
7248,2836044322,CeraVe,2025-05-01,Dịch vụ/Uy tín,positive
7249,2836044322,CeraVe,2025-04-01,Giao hàng,neutral
7249,2836044322,CeraVe,2025-04-01,Dịch vụ/Uy tín,neutral
7249,2836044322,CeraVe,2025-04-01,Chất lượng/Đóng gói,positive
7249,2836044322,CeraVe,2025-04-01,Dịch vụ/Uy tín,positive
7249,2836044322,CeraVe,2025-04-01,Dịch vụ/Uy tín,neutral
7250,2836044322,CeraVe,2025-03-01,Giao hàng,neutral
7250,2836044322,CeraVe,2025-03-01,Giá cả,positive
7250,2836044322,CeraVe,2025-03-01,Giao hàng,neutral
7251,2836044322,CeraVe,2025-03-01,Hiệu quả,positive
7251,2836044322,CeraVe,2025-03-01,Giá cả,positive
7251,2836044322,CeraVe,2025-03-01,Thành phần,positive
7253,2836044322,CeraVe,2025-01-01,Mùi hương/Kết cấu,neutral
7253,2836044322,CeraVe,2025-01-01,Hiệu quả,neutral
7254,2836044322,CeraVe,2024-12-01,Giao hàng,neutral
7254,2836044322,CeraVe,2024-12-01,Hiệu quả,neutral
7254,2836044322,CeraVe,2024-12-01,Giá cả,neutral
7254,2836044322,CeraVe,2024-12-01,Chất lượng/Đóng gói,positive
7255,2836044322,CeraVe,2024-12-01,Hiệu quả,positive
7255,2836044322,CeraVe,2024-12-01,Giá cả,positive
7255,2836044322,CeraVe,2024-12-01,Thành phần,positive
7256,2836044322,CeraVe,2024-12-01,Mùi hương/Kết cấu,positive
7256,2836044322,CeraVe,2024-12-01,Chất lượng/Đóng gói,positive
7257,2836044322,CeraVe,2024-12-01,Mùi hương/Kết cấu,positive
7260,2836044322,CeraVe,2024-11-01,Giá cả,positive
7262,3102329976,CeraVe,2025-12-01,Mùi hương/Kết cấu,positive
7262,3102329976,CeraVe,2025-12-01,Hiệu quả,positive
7262,3102329976,CeraVe,2025-12-01,Hiệu quả,positive
7263,3102329976,CeraVe,2025-10-01,Hiệu quả,positive
7263,3102329976,CeraVe,2025-10-01,Hiệu quả,positive
7263,3102329976,CeraVe,2025-10-01,Giá cả,positive
7263,3102329976,CeraVe,2025-10-01,Hiệu quả,positive
7264,3102329976,CeraVe,2025-10-01,Thành phần,neutral
7264,3102329976,CeraVe,2025-10-01,Hiệu quả,positive
7265,3102329976,CeraVe,2025-10-01,Thành phần,neutral
7266,3102329976,CeraVe,2025-10-01,Chất lượng/Đóng gói,positive
7266,3102329976,CeraVe,2025-10-01,Chất lượng/Đóng gói,neutral
7267,3102329976,CeraVe,2025-09-01,Hiệu quả,positive
7267,3102329976,CeraVe,2025-09-01,Mùi hương/Kết cấu,positive
7267,3102329976,CeraVe,2025-09-01,Thành phần,neutral
7268,2929082006,CeraVe,2025-03-01,Chất lượng/Đóng gói,neutral
7268,2929082006,CeraVe,2025-03-01,Giao hàng,neutral
7268,2929082006,CeraVe,2025-03-01,Dịch vụ/Uy tín,neutral
7268,2929082006,CeraVe,2025-03-01,Giao hàng,neutral
7268,2929082006,CeraVe,2025-03-01,Giá cả,neutral
7268,2929082006,CeraVe,2025-03-01,Giá cả,neutral
7268,2929082006,CeraVe,2025-03-01,Dịch vụ/Uy tín,neutral
7269,2929082006,CeraVe,2025-01-01,Hiệu quả,positive
7269,2929082006,CeraVe,2025-01-01,Giá cả,positive
7269,2929082006,CeraVe,2025-01-01,Thành phần,positive
7270,2028966367,CeraVe,2025-02-01,Chất lượng/Đóng gói,negative
7270,2028966367,CeraVe,2025-02-01,Hiệu quả,neutral
7271,2028966367,CeraVe,2024-06-01,Chất lượng/Đóng gói,neutral
7272,2028966367,CeraVe,2023-02-01,Giao hàng,neutral
7274,2028966367,CeraVe,2023-04-01,Dịch vụ/Uy tín,neutral
7277,2028966367,CeraVe,2026-03-01,Hiệu quả,positive
7277,2028966367,CeraVe,2026-03-01,Giá cả,positive
7279,2028966367,CeraVe,2026-03-01,Giao hàng,neutral
7279,2028966367,CeraVe,2026-03-01,Dịch vụ/Uy tín,neutral
7279,2028966367,CeraVe,2026-03-01,Giao hàng,neutral
7279,2028966367,CeraVe,2026-03-01,Chất lượng/Đóng gói,neutral
7279,2028966367,CeraVe,2026-03-01,Dịch vụ/Uy tín,positive
7280,2028966367,CeraVe,2026-01-01,Thành phần,neutral
7281,2028966367,CeraVe,2026-01-01,Giao hàng,neutral
7281,2028966367,CeraVe,2026-01-01,Dịch vụ/Uy tín,neutral
7281,2028966367,CeraVe,2026-01-01,Giao hàng,neutral
7281,2028966367,CeraVe,2026-01-01,Dịch vụ/Uy tín,positive
7282,2028966367,CeraVe,2025-11-01,Thành phần,neutral
7282,2028966367,CeraVe,2025-11-01,Hiệu quả,neutral
7283,2028966367,CeraVe,2025-10-01,Mùi hương/Kết cấu,neutral
7284,2028966367,CeraVe,2025-09-01,Giao hàng,neutral
7284,2028966367,CeraVe,2025-09-01,Dịch vụ/Uy tín,neutral
7284,2028966367,CeraVe,2025-09-01,Chất lượng/Đóng gói,positive
7284,2028966367,CeraVe,2025-09-01,Dịch vụ/Uy tín,positive
7284,2028966367,CeraVe,2025-09-01,Dịch vụ/Uy tín,neutral
7285,2028966367,CeraVe,2025-08-01,Giá cả,positive
7285,2028966367,CeraVe,2025-08-01,Mùi hương/Kết cấu,positive
7285,2028966367,CeraVe,2025-08-01,Hiệu quả,neutral
7285,2028966367,CeraVe,2025-08-01,Hiệu quả,positive
7285,2028966367,CeraVe,2025-08-01,Mùi hương/Kết cấu,positive
7286,2028966367,CeraVe,2025-08-01,Chất lượng/Đóng gói,neutral
7286,2028966367,CeraVe,2025-08-01,Giao hàng,neutral
7287,2028966367,CeraVe,2025-07-01,Hiệu quả,positive
7292,2028966367,CeraVe,2025-04-01,Thành phần,neutral
7293,2028966367,CeraVe,2025-03-01,Chất lượng/Đóng gói,neutral
7293,2028966367,CeraVe,2025-03-01,Giao hàng,neutral
7293,2028966367,CeraVe,2025-03-01,Dịch vụ/Uy tín,neutral
7293,2028966367,CeraVe,2025-03-01,Giao hàng,neutral
7293,2028966367,CeraVe,2025-03-01,Giá cả,neutral
7293,2028966367,CeraVe,2025-03-01,Giá cả,neutral
7293,2028966367,CeraVe,2025-03-01,Dịch vụ/Uy tín,neutral
7294,2028966367,CeraVe,2025-03-01,Mùi hương/Kết cấu,positive
7295,2028966367,CeraVe,2025-02-01,Hiệu quả,neutral
7295,2028966367,CeraVe,2025-02-01,Thành phần,neutral
7295,2028966367,CeraVe,2025-02-01,Mùi hương/Kết cấu,positive
7296,2028966367,CeraVe,2025-02-01,Thành phần,neutral
7296,2028966367,CeraVe,2025-02-01,Hiệu quả,positive
7296,2028966367,CeraVe,2025-02-01,Mùi hương/Kết cấu,positive
7297,2028966367,CeraVe,2025-02-01,Hiệu quả,neutral
7298,2028966367,CeraVe,2025-02-01,Giao hàng,neutral
7298,2028966367,CeraVe,2025-02-01,Chất lượng/Đóng gói,positive
7299,2028966367,CeraVe,2025-02-01,Hiệu quả,neutral
7301,2028966367,CeraVe,2025-01-01,Mùi hương/Kết cấu,positive
7301,2028966367,CeraVe,2025-01-01,Hiệu quả,neutral
7301,2028966367,CeraVe,2025-01-01,Thành phần,neutral
7302,2028966367,CeraVe,2024-12-01,Hiệu quả,positive
7302,2028966367,CeraVe,2024-12-01,Mùi hương/Kết cấu,positive
7302,2028966367,CeraVe,2024-12-01,Hiệu quả,neutral
7303,2028966367,CeraVe,2024-12-01,Hiệu quả,neutral
7303,2028966367,CeraVe,2024-12-01,Hiệu quả,positive
7304,2028966367,CeraVe,2024-12-01,Hiệu quả,positive
7305,2028966367,CeraVe,2024-12-01,Mùi hương/Kết cấu,positive
7305,2028966367,CeraVe,2024-12-01,Hiệu quả,neutral
7305,2028966367,CeraVe,2024-12-01,Hiệu quả,neutral
7306,2028966367,CeraVe,2024-12-01,Chất lượng/Đóng gói,positive
7307,2028966367,CeraVe,2024-12-01,Hiệu quả,neutral
7307,2028966367,CeraVe,2024-12-01,Mùi hương/Kết cấu,positive
7309,2028966367,CeraVe,2024-11-01,Giá cả,neutral
7309,2028966367,CeraVe,2024-11-01,Giao hàng,neutral
7310,2028966367,CeraVe,2024-11-01,Hiệu quả,neutral
7310,2028966367,CeraVe,2024-11-01,Hiệu quả,neutral
7310,2028966367,CeraVe,2024-11-01,Mùi hương/Kết cấu,positive
7311,2028966367,CeraVe,2024-11-01,Hiệu quả,neutral
7311,2028966367,CeraVe,2024-11-01,Giao hàng,neutral
7311,2028966367,CeraVe,2024-11-01,Chất lượng/Đóng gói,neutral
7312,2028966367,CeraVe,2024-11-01,Hiệu quả,neutral
7313,2028966367,CeraVe,2024-11-01,Hiệu quả,positive
7313,2028966367,CeraVe,2024-11-01,Mùi hương/Kết cấu,positive
7313,2028966367,CeraVe,2024-11-01,Hiệu quả,neutral
7314,2028966367,CeraVe,2024-11-01,Hiệu quả,positive
7314,2028966367,CeraVe,2024-11-01,Giá cả,positive
7315,2028966367,CeraVe,2024-11-01,Giao hàng,negative
7316,2028966367,CeraVe,2024-11-01,Hiệu quả,neutral
7317,2028966367,CeraVe,2024-11-01,Hiệu quả,neutral
7317,2028966367,CeraVe,2024-11-01,Hiệu quả,positive
7317,2028966367,CeraVe,2024-11-01,Giá cả,positive
7318,2028966367,CeraVe,2024-11-01,Hiệu quả,positive
7319,2028966367,CeraVe,2024-11-01,Hiệu quả,neutral
7319,2028966367,CeraVe,2024-11-01,Giá cả,neutral
7320,2028966367,CeraVe,2024-11-01,Hiệu quả,neutral
7321,2028966367,CeraVe,2024-11-01,Thành phần,neutral
7321,2028966367,CeraVe,2024-11-01,Hiệu quả,neutral
7322,2028966367,CeraVe,2024-11-01,Chất lượng/Đóng gói,positive
7325,2028966367,CeraVe,2024-10-01,Hiệu quả,positive
7325,2028966367,CeraVe,2024-10-01,Mùi hương/Kết cấu,positive
7328,2028966367,CeraVe,2024-10-01,Hiệu quả,neutral
7329,2028966367,CeraVe,2024-10-01,Hiệu quả,neutral
7329,2028966367,CeraVe,2024-10-01,Hiệu quả,neutral
7332,2028966367,CeraVe,2024-10-01,Hiệu quả,neutral
7332,2028966367,CeraVe,2024-10-01,Thành phần,neutral
7333,2028966367,CeraVe,2024-10-01,Thành phần,neutral
7333,2028966367,CeraVe,2024-10-01,Hiệu quả,neutral
7333,2028966367,CeraVe,2024-10-01,Hiệu quả,neutral
7334,2028966367,CeraVe,2024-10-01,Thành phần,neutral
7334,2028966367,CeraVe,2024-10-01,Hiệu quả,neutral
7334,2028966367,CeraVe,2024-10-01,Mùi hương/Kết cấu,positive
7335,2028966367,CeraVe,2024-09-01,Mùi hương/Kết cấu,positive
7335,2028966367,CeraVe,2024-09-01,Hiệu quả,neutral
7336,2028966367,CeraVe,2024-09-01,Thành phần,neutral
7336,2028966367,CeraVe,2024-09-01,Mùi hương/Kết cấu,positive
7336,2028966367,CeraVe,2024-09-01,Hiệu quả,neutral
7338,2028966367,CeraVe,2024-09-01,Hiệu quả,neutral
7338,2028966367,CeraVe,2024-09-01,Mùi hương/Kết cấu,positive
7338,2028966367,CeraVe,2024-09-01,Hiệu quả,neutral
7339,2028966367,CeraVe,2024-09-01,Giá cả,positive
7339,2028966367,CeraVe,2024-09-01,Hiệu quả,neutral
7339,2028966367,CeraVe,2024-09-01,Thành phần,positive
7340,2028966367,CeraVe,2024-09-01,Hiệu quả,positive
7340,2028966367,CeraVe,2024-09-01,Hiệu quả,neutral
7340,2028966367,CeraVe,2024-09-01,Hiệu quả,neutral
7341,2028966367,CeraVe,2024-09-01,Hiệu quả,neutral
7342,2028966367,CeraVe,2024-09-01,Hiệu quả,neutral
7342,2028966367,CeraVe,2024-09-01,Hiệu quả,neutral
7342,2028966367,CeraVe,2024-09-01,Hiệu quả,neutral
7343,2028966367,CeraVe,2024-09-01,Hiệu quả,neutral
7344,2028966367,CeraVe,2024-08-01,Hiệu quả,neutral
7345,2028966367,CeraVe,2024-08-01,Hiệu quả,neutral
7345,2028966367,CeraVe,2024-08-01,Hiệu quả,neutral
7345,2028966367,CeraVe,2024-08-01,Hiệu quả,neutral
7345,2028966367,CeraVe,2024-08-01,Hiệu quả,neutral
7345,2028966367,CeraVe,2024-08-01,Hiệu quả,neutral
7345,2028966367,CeraVe,2024-08-01,Hiệu quả,neutral
7345,2028966367,CeraVe,2024-08-01,Hiệu quả,neutral
7345,2028966367,CeraVe,2024-08-01,Hiệu quả,neutral
7345,2028966367,CeraVe,2024-08-01,Hiệu quả,neutral
7345,2028966367,CeraVe,2024-08-01,Hiệu quả,neutral
7345,2028966367,CeraVe,2024-08-01,Hiệu quả,neutral
7345,2028966367,CeraVe,2024-08-01,Hiệu quả,neutral
7345,2028966367,CeraVe,2024-08-01,Hiệu quả,neutral
7345,2028966367,CeraVe,2024-08-01,Hiệu quả,neutral
7345,2028966367,CeraVe,2024-08-01,Hiệu quả,neutral
7345,2028966367,CeraVe,2024-08-01,Hiệu quả,neutral
7345,2028966367,CeraVe,2024-08-01,Hiệu quả,neutral
7346,2028966367,CeraVe,2024-08-01,Hiệu quả,neutral
7346,2028966367,CeraVe,2024-08-01,Hiệu quả,neutral
7346,2028966367,CeraVe,2024-08-01,Hiệu quả,neutral
7346,2028966367,CeraVe,2024-08-01,Hiệu quả,neutral
7346,2028966367,CeraVe,2024-08-01,Hiệu quả,neutral
7347,2028966367,CeraVe,2024-08-01,Hiệu quả,neutral
7347,2028966367,CeraVe,2024-08-01,Hiệu quả,positive
7347,2028966367,CeraVe,2024-08-01,Hiệu quả,positive
7347,2028966367,CeraVe,2024-08-01,Mùi hương/Kết cấu,positive
7348,2028966367,CeraVe,2024-07-01,Hiệu quả,neutral
7348,2028966367,CeraVe,2024-07-01,Mùi hương/Kết cấu,neutral
7349,2028966367,CeraVe,2024-07-01,Hiệu quả,positive
7349,2028966367,CeraVe,2024-07-01,Thành phần,neutral
7350,2028966367,CeraVe,2024-07-01,Mùi hương/Kết cấu,neutral
7351,2028966367,CeraVe,2024-07-01,Hiệu quả,neutral
7351,2028966367,CeraVe,2024-07-01,Hiệu quả,positive
7351,2028966367,CeraVe,2024-07-01,Mùi hương/Kết cấu,positive
7351,2028966367,CeraVe,2024-07-01,Mùi hương/Kết cấu,neutral
7352,2028966367,CeraVe,2024-07-01,Giao hàng,neutral
7352,2028966367,CeraVe,2024-07-01,Mùi hương/Kết cấu,neutral
7353,2028966367,CeraVe,2024-07-01,Chất lượng/Đóng gói,positive
7355,2028966367,CeraVe,2024-07-01,Hiệu quả,positive
7355,2028966367,CeraVe,2024-07-01,Mùi hương/Kết cấu,positive
7356,2028966367,CeraVe,2024-07-01,Mùi hương/Kết cấu,neutral
7357,2028966367,CeraVe,2024-06-01,Mùi hương/Kết cấu,neutral
7357,2028966367,CeraVe,2024-06-01,Hiệu quả,positive
7358,2028966367,CeraVe,2024-06-01,Mùi hương/Kết cấu,neutral
7360,2028966367,CeraVe,2024-06-01,Hiệu quả,neutral
7360,2028966367,CeraVe,2024-06-01,Giá cả,neutral
7360,2028966367,CeraVe,2024-06-01,Chất lượng/Đóng gói,neutral
7360,2028966367,CeraVe,2024-06-01,Giao hàng,neutral
7360,2028966367,CeraVe,2024-06-01,Dịch vụ/Uy tín,neutral
7360,2028966367,CeraVe,2024-06-01,Dịch vụ/Uy tín,neutral
7361,2028966367,CeraVe,2024-06-01,Mùi hương/Kết cấu,neutral
7361,2028966367,CeraVe,2024-06-01,Thành phần,neutral
7362,2028966367,CeraVe,2024-06-01,Mùi hương/Kết cấu,neutral
