review_id,product_id,brand_name,date_key,review_score,review_len,word_count,dup_count,is_template_like,primary_sentiment,has_negative_aspect,has_positive_aspect,is_mixed_sentiment,hidden_complaint,aspect_Hiệu_quả,aspect_Giá_cả,aspect_Chất_lượng,aspect_Giao_hàng,aspect_Mùi_hương,aspect_Thành_phần,aspect_Dịch_vụ
0,2070262528,Murad,2023-06-01,2.0,568,140,1,False,positive,False,True,True,False,0,0,1,0,0,0,1
1,2070262528,Murad,2026-04-01,5.0,182,39,1,False,positive,False,True,True,False,1,1,0,0,0,0,0
2,2070262528,Murad,2026-04-01,5.0,124,29,1,False,positive,False,True,True,False,1,0,0,0,0,0,0
3,2070262528,Murad,2026-03-01,5.0,163,38,1,False,positive,False,True,True,False,1,0,0,0,1,0,0
4,2070262528,Murad,2026-03-01,5.0,3,1,3,True,,,,,,0,0,0,0,0,0,0
5,2070262528,Murad,2026-03-01,5.0,72,15,1,False,positive,False,True,False,False,1,0,0,0,0,0,0
6,2070262528,Murad,2026-02-01,5.0,188,43,1,False,positive,False,True,False,False,1,0,0,0,0,0,0
7,2070262528,Murad,2026-02-01,5.0,47,10,2,False,,,,,,0,0,0,0,0,0,0
8,2070262528,Murad,2026-02-01,5.0,135,32,1,False,,,,,,0,0,0,0,0,0,0
9,2070262528,Murad,2025-12-01,5.0,46,9,1,False,,,,,,0,0,0,0,0,0,0
10,2070262528,Murad,2025-12-01,5.0,88,19,1,False,positive,False,True,True,False,1,0,0,0,0,0,0
11,2070262528,Murad,2025-12-01,5.0,111,26,1,False,positive,False,True,False,False,1,1,1,0,0,0,0
12,2070262528,Murad,2025-12-01,5.0,136,33,1,False,neutral,False,True,True,False,1,0,0,0,0,0,0
13,2070262528,Murad,2025-12-01,5.0,198,44,1,False,positive,False,True,True,False,1,1,1,0,0,0,0
14,2070262528,Murad,2025-11-01,5.0,119,27,1,False,neutral,False,True,True,False,0,0,0,1,0,0,1
15,2070262528,Murad,2025-11-01,5.0,68,16,1,False,neutral,False,False,False,False,1,1,0,0,0,0,0
16,2070262528,Murad,2025-11-01,5.0,150,36,1,False,positive,False,True,True,False,1,0,0,0,0,0,0
17,2070262528,Murad,2025-11-01,5.0,67,15,1,False,neutral,False,False,False,False,0,0,0,1,0,0,0
18,2070262528,Murad,2025-11-01,5.0,81,19,1,False,positive,False,True,False,False,1,1,0,0,0,0,0
19,2070262528,Murad,2025-10-01,5.0,67,15,1,False,positive,False,True,False,False,0,1,0,0,0,0,1
20,2070262528,Murad,2025-10-01,5.0,115,26,1,False,neutral,False,False,False,False,1,0,0,0,0,0,0
21,2070262528,Murad,2025-10-01,5.0,95,22,1,False,neutral,False,True,True,False,0,1,1,0,0,0,0
22,2070262528,Murad,2025-10-01,5.0,80,12,1,False,neutral,True,False,True,True,1,0,1,0,0,0,0
23,2070262528,Murad,2025-09-01,5.0,149,34,1,False,neutral,False,True,True,False,1,0,0,0,0,0,0
24,2070262528,Murad,2025-09-01,5.0,292,69,1,False,positive,False,True,True,False,1,0,0,0,1,0,0
25,2070262528,Murad,2025-09-01,5.0,63,15,1,False,negative,True,False,False,True,0,0,1,0,0,0,0
26,2070262528,Murad,2025-09-01,5.0,66,15,1,False,neutral,False,True,True,False,0,0,1,1,0,0,0
27,2070262528,Murad,2025-09-01,5.0,96,21,1,False,neutral,False,False,False,False,1,0,0,0,0,0,0
28,2070262528,Murad,2025-08-01,5.0,51,13,1,False,,,,,,0,0,0,0,0,0,0
29,2070262528,Murad,2025-07-01,5.0,5,1,1,True,,,,,,0,0,0,0,0,0,0
30,2070262528,Murad,2025-05-01,5.0,150,35,1,False,neutral,False,True,True,False,1,0,0,0,0,0,0
31,2070262528,Murad,2025-04-01,5.0,48,11,1,False,neutral,False,False,False,False,1,0,0,0,0,0,0
32,2070262528,Murad,2025-04-01,5.0,107,24,1,False,neutral,False,False,False,False,1,0,0,0,0,0,0
33,2070262528,Murad,2025-04-01,5.0,47,10,2,False,,,,,,0,0,0,0,0,0,0
34,2070262528,Murad,2025-04-01,5.0,12,3,1,False,,,,,,0,0,0,0,0,0,0
35,2070262528,Murad,2025-04-01,5.0,233,52,1,False,positive,False,True,True,False,1,0,0,0,1,0,0
36,2070262528,Murad,2025-03-01,5.0,128,31,1,False,neutral,False,False,False,False,1,0,0,0,0,0,0
37,2070262528,Murad,2025-03-01,5.0,81,17,1,False,negative,True,False,False,True,1,0,0,0,0,0,0
38,2070262528,Murad,2025-01-01,5.0,182,43,1,False,positive,False,True,True,False,1,0,0,0,1,0,0
39,2070262528,Murad,2025-01-01,5.0,358,80,1,False,positive,False,True,True,False,1,0,0,0,0,0,0
40,2070262528,Murad,2024-12-01,5.0,160,35,1,False,positive,False,True,True,False,1,0,0,0,0,0,0
41,2070262528,Murad,2024-12-01,5.0,49,11,1,False,positive,False,True,False,False,1,1,0,0,0,0,0
42,2070262528,Murad,2024-12-01,5.0,77,18,1,False,neutral,False,False,False,False,1,0,0,0,0,0,0
43,2070262528,Murad,2024-12-01,5.0,39,10,1,False,positive,False,True,False,False,1,0,0,0,1,0,0
44,2070262528,Murad,2024-12-01,5.0,87,19,1,False,positive,False,True,True,False,1,0,0,0,0,0,0
45,2070262528,Murad,2024-11-01,5.0,151,34,1,False,positive,False,True,True,False,1,0,0,0,0,0,0
46,2070262528,Murad,2024-10-01,5.0,68,15,1,False,positive,False,True,False,False,1,0,0,0,0,0,0
47,2070262528,Murad,2024-09-01,5.0,74,18,1,False,positive,False,True,False,False,1,0,0,0,0,0,0
48,2070262528,Murad,2024-09-01,5.0,102,22,1,False,positive,False,True,False,False,1,0,0,0,0,0,0
49,2070262528,Murad,2024-09-01,5.0,79,20,1,False,positive,False,True,True,False,1,0,0,0,1,0,0
50,2070262528,Murad,2024-08-01,5.0,97,23,1,False,positive,False,True,True,False,1,0,0,0,0,0,0
51,2070262528,Murad,2024-07-01,5.0,168,38,1,False,positive,False,True,True,False,1,0,0,0,0,0,0
52,2070262528,Murad,2024-07-01,5.0,82,18,1,False,neutral,False,True,True,False,1,0,0,0,0,0,0
53,2070262528,Murad,2024-06-01,5.0,64,14,1,False,,,,,,0,0,0,0,0,0,0
54,2070262528,Murad,2024-06-01,5.0,53,12,1,False,positive,False,True,False,False,0,1,0,0,0,0,0
55,2070262528,Murad,2024-06-01,5.0,119,27,1,False,positive,False,True,False,False,1,0,0,0,0,0,0
56,2070262528,Murad,2024-06-01,5.0,39,9,1,False,negative,True,False,False,True,0,0,1,0,0,0,0
57,2070262528,Murad,2024-05-01,5.0,149,33,1,False,positive,False,True,True,False,1,0,0,0,0,0,0
58,2070262528,Murad,2024-05-01,5.0,140,28,1,False,,,,,,0,0,0,0,0,0,0
59,2070262528,Murad,2024-05-01,5.0,158,35,1,False,neutral,False,True,True,False,1,0,0,0,0,0,0
60,2070262528,Murad,2024-05-01,5.0,72,16,1,False,neutral,False,False,False,False,1,0,0,0,0,0,0
61,2070262528,Murad,2024-05-01,5.0,114,26,1,False,positive,False,True,False,False,1,0,0,0,0,0,0
62,2070262528,Murad,2024-03-01,5.0,108,25,1,False,neutral,False,False,False,False,1,0,0,0,0,0,0
63,2070262528,Murad,2023-12-01,5.0,121,26,1,False,positive,False,True,False,False,1,0,0,0,0,0,0
64,2070262528,Murad,2023-11-01,5.0,116,28,1,False,neutral,False,False,False,False,1,0,1,0,0,0,0
65,2070262528,Murad,2023-11-01,5.0,132,28,1,False,neutral,False,True,True,False,0,1,1,1,0,0,0
66,2070262528,Murad,2023-11-01,5.0,132,30,1,False,positive,False,True,True,False,1,0,0,0,1,0,0
67,2070262528,Murad,2023-10-01,5.0,165,39,1,False,positive,False,True,True,False,1,0,0,0,0,0,1
68,2070262528,Murad,2023-09-01,5.0,107,21,1,False,positive,False,True,False,False,1,0,1,0,1,0,0
69,2070262528,Murad,2023-08-01,5.0,33,6,1,False,positive,False,True,False,False,1,0,1,0,1,0,0
70,2070262528,Murad,2023-08-01,5.0,101,23,1,False,positive,False,True,False,False,0,0,1,0,0,0,0
71,2070262528,Murad,2023-08-01,5.0,122,28,1,False,positive,False,True,False,False,1,0,1,0,0,0,0
72,2070262528,Murad,2023-08-01,5.0,106,27,1,False,,,,,,0,0,0,0,0,0,0
73,2070262528,Murad,2023-07-01,5.0,125,27,1,False,neutral,True,False,True,True,1,1,0,0,0,0,0
74,2070262528,Murad,2023-07-01,5.0,173,40,1,False,neutral,False,True,True,False,1,0,0,0,0,0,0
75,2070262528,Murad,2023-07-01,5.0,71,16,1,False,neutral,False,False,False,False,0,0,0,0,0,1,0
76,2070262528,Murad,2023-07-01,5.0,151,34,1,False,positive,False,True,True,False,1,1,0,0,1,0,0
77,2070262528,Murad,2023-07-01,5.0,95,21,1,False,,,,,,0,0,0,0,0,0,0
78,2070262528,Murad,2023-07-01,5.0,78,17,1,False,positive,False,True,False,False,0,0,1,0,0,0,0
79,2070262528,Murad,2023-07-01,5.0,44,11,1,False,positive,False,True,False,False,1,0,0,0,0,0,0
80,2070262528,Murad,2023-06-01,5.0,432,102,1,False,neutral,False,False,False,False,0,1,1,0,0,0,0
81,2070262528,Murad,2023-06-01,5.0,186,47,1,False,neutral,False,True,True,False,1,0,0,0,0,0,1
82,2070262528,Murad,2023-06-01,5.0,117,26,1,False,neutral,False,True,True,False,0,0,1,1,0,0,0
83,2070262528,Murad,2023-05-01,5.0,7,2,1,True,,,,,,0,0,0,0,0,0,0
84,2070262528,Murad,2023-05-01,5.0,88,19,1,False,neutral,True,False,True,True,0,0,1,1,0,0,0
85,2070262528,Murad,2023-05-01,5.0,63,11,1,False,positive,False,True,True,False,0,0,1,0,0,0,1
86,2070262528,Murad,2023-04-01,5.0,63,14,1,False,positive,False,True,False,False,1,0,0,0,0,0,0
87,2070262528,Murad,2023-03-01,5.0,30,8,1,False,,,,,,0,0,0,0,0,0,0
88,2070262528,Murad,2023-03-01,5.0,24,6,1,False,,,,,,0,0,0,0,0,0,0
89,2070262528,Murad,2023-03-01,5.0,62,15,1,False,neutral,False,False,False,False,0,0,0,1,0,0,1
90,2070262528,Murad,2023-03-01,5.0,19,4,1,False,,,,,,0,0,0,0,0,0,0
91,1999474295,Murad,2024-10-01,1.0,22,5,1,False,,,,,,0,0,0,0,0,0,0
92,1999474295,Murad,2022-09-01,1.0,144,31,1,False,negative,True,False,False,False,0,0,1,0,0,0,0
93,1999474295,Murad,2025-09-01,2.0,159,32,1,False,neutral,False,False,False,False,0,1,0,0,0,0,0
94,1999474295,Murad,2024-06-01,3.0,21,5,1,False,negative,True,False,False,False,0,0,1,0,0,0,0
95,1999474295,Murad,2023-02-01,3.0,130,32,1,False,negative,True,False,True,False,1,0,0,0,0,0,0
96,1999474295,Murad,2026-03-01,5.0,21,4,1,False,neutral,False,False,False,False,1,0,0,0,0,0,0
97,1999474295,Murad,2026-03-01,5.0,162,36,1,False,positive,False,True,False,False,1,1,0,0,0,0,0
98,1999474295,Murad,2026-03-01,5.0,153,33,1,False,positive,False,True,False,False,1,0,0,0,0,0,0
99,1999474295,Murad,2026-01-01,5.0,85,20,1,False,positive,False,True,False,False,1,0,0,0,0,0,0
100,1999474295,Murad,2026-01-01,5.0,121,28,1,False,neutral,False,False,False,False,1,0,0,0,0,0,0
101,1999474295,Murad,2025-12-01,5.0,70,17,1,False,positive,False,True,False,False,1,0,0,0,0,0,0
102,1999474295,Murad,2025-12-01,5.0,46,11,1,False,positive,False,True,False,False,1,0,0,0,0,0,0
103,1999474295,Murad,2025-11-01,5.0,71,14,1,False,neutral,False,False,False,False,1,0,0,0,0,1,0
104,1999474295,Murad,2025-10-01,5.0,60,14,1,False,,,,,,0,0,0,0,0,0,0
105,1999474295,Murad,2025-10-01,5.0,3,1,23,True,,,,,,0,0,0,0,0,0,0
106,1999474295,Murad,2025-09-01,5.0,83,16,1,False,positive,False,True,True,False,1,0,0,0,0,1,0
107,1999474295,Murad,2025-09-01,5.0,193,47,1,False,positive,False,True,True,False,1,1,1,0,0,0,1
108,1999474295,Murad,2025-08-01,5.0,102,22,1,False,neutral,False,True,True,False,1,0,0,0,0,0,0
109,1999474295,Murad,2025-05-01,5.0,45,10,1,False,neutral,False,False,False,False,1,0,0,0,0,0,0
110,1999474295,Murad,2025-03-01,5.0,63,15,1,False,positive,False,True,True,False,1,0,0,0,0,0,0
111,1999474295,Murad,2024-11-01,5.0,104,20,1,False,positive,False,True,False,False,1,1,0,0,0,1,0
112,1999474295,Murad,2024-10-01,5.0,81,19,1,False,,,,,,0,0,0,0,0,0,0
113,1999474295,Murad,2024-10-01,5.0,191,43,1,False,neutral,False,False,False,False,1,0,0,0,0,0,0
114,1999474295,Murad,2024-09-01,5.0,77,16,1,False,neutral,False,True,True,False,1,0,0,0,0,0,0
115,1999474295,Murad,2024-09-01,5.0,141,33,1,False,positive,False,True,True,False,1,0,0,0,0,0,0
116,1999474295,Murad,2024-09-01,5.0,115,25,1,False,,,,,,0,0,0,0,0,0,0
117,1999474295,Murad,2024-09-01,5.0,97,22,1,False,positive,False,True,True,False,1,0,0,0,0,0,0
118,1999474295,Murad,2024-08-01,5.0,413,95,1,False,positive,False,True,True,False,0,0,1,0,1,0,0
119,1999474295,Murad,2024-07-01,5.0,85,19,1,False,neutral,True,False,True,True,1,0,0,1,0,0,0
120,1999474295,Murad,2024-06-01,5.0,63,14,1,False,neutral,False,False,False,False,1,0,0,0,0,0,0
121,1999474295,Murad,2024-06-01,5.0,70,14,2,False,neutral,False,False,False,False,0,0,0,1,0,0,0
122,1999474295,Murad,2024-05-01,5.0,311,72,1,False,positive,False,True,True,False,1,0,0,0,0,0,0
123,1999474295,Murad,2024-04-01,5.0,134,28,1,False,positive,False,True,False,False,1,0,1,0,0,0,0
124,1999474295,Murad,2024-02-01,5.0,71,13,1,False,positive,False,True,False,False,1,0,1,0,1,0,0
125,1999474295,Murad,2024-01-01,5.0,82,19,1,False,,,,,,0,0,0,0,0,0,0
126,1999474295,Murad,2024-01-01,5.0,101,23,1,False,neutral,False,True,True,False,1,0,0,0,0,0,0
127,1999474295,Murad,2024-01-01,5.0,27,6,1,False,negative,True,False,False,True,1,0,0,0,0,0,0
128,1999474295,Murad,2024-01-01,5.0,15,3,2,False,positive,False,True,False,False,0,0,1,0,0,0,0
129,1999474295,Murad,2023-12-01,5.0,71,16,1,False,positive,False,True,False,False,1,0,0,0,0,0,0
130,1999474295,Murad,2023-11-01,5.0,121,27,1,False,neutral,False,True,True,False,0,1,1,1,0,0,0
131,1999474295,Murad,2023-11-01,5.0,22,5,3,False,positive,False,True,False,False,1,0,0,0,0,0,0
132,1999474295,Murad,2023-11-01,5.0,73,16,1,False,positive,False,True,False,False,0,1,1,0,0,0,0
133,1999474295,Murad,2023-11-01,5.0,118,25,1,False,neutral,False,False,False,False,0,0,0,1,0,0,1
134,1999474295,Murad,2023-11-01,5.0,110,23,1,False,neutral,False,True,True,False,0,0,1,1,0,0,0
135,1999474295,Murad,2023-11-01,5.0,133,31,1,False,neutral,False,False,False,False,0,1,0,0,0,0,0
136,1999474295,Murad,2023-10-01,5.0,68,16,1,False,neutral,False,False,False,False,0,1,0,0,0,0,0
137,1999474295,Murad,2023-10-01,5.0,22,5,3,False,positive,False,True,False,False,1,0,0,0,0,0,0
138,1999474295,Murad,2023-09-01,5.0,30,6,19,True,positive,False,True,False,False,1,0,1,0,1,0,0
139,1999474295,Murad,2023-09-01,5.0,74,13,1,False,positive,False,True,False,False,1,0,1,1,1,0,0
140,1999474295,Murad,2023-09-01,5.0,105,20,1,False,positive,False,True,False,False,1,0,1,0,1,0,0
141,1999474295,Murad,2023-08-01,5.0,29,7,1,False,,,,,,0,0,0,0,0,0,0
142,1999474295,Murad,2023-08-01,5.0,255,57,1,False,positive,False,True,True,False,1,0,0,0,0,0,0
143,1999474295,Murad,2023-08-01,5.0,91,19,1,False,neutral,False,True,True,False,1,0,1,1,0,0,0
144,1999474295,Murad,2023-08-01,5.0,129,30,1,False,positive,False,True,False,False,1,0,1,0,1,0,0
145,1999474295,Murad,2023-07-01,5.0,62,12,1,False,positive,False,True,True,False,0,0,0,1,0,0,1
146,1999474295,Murad,2023-07-01,5.0,92,22,1,False,neutral,False,False,False,False,0,1,0,0,0,0,0
147,1999474295,Murad,2023-07-01,5.0,100,23,1,False,neutral,False,False,False,False,1,0,0,0,0,0,0
148,1999474295,Murad,2023-07-01,5.0,95,22,1,False,neutral,False,False,False,False,1,1,0,0,0,0,0
149,1999474295,Murad,2023-07-01,5.0,72,15,1,False,neutral,False,True,True,False,0,0,1,1,0,0,1
150,1999474295,Murad,2023-07-01,5.0,31,7,1,False,neutral,False,False,False,False,0,0,0,1,0,0,0
151,1999474295,Murad,2023-07-01,5.0,77,16,1,False,positive,False,True,False,False,0,0,1,0,0,0,0
152,1999474295,Murad,2023-06-01,5.0,103,24,2,False,positive,False,True,False,False,1,0,0,0,0,0,0
153,1999474295,Murad,2023-05-01,5.0,80,19,1,False,positive,False,True,False,False,1,0,0,0,0,0,0
154,1999474295,Murad,2023-05-01,5.0,11,2,4,False,positive,False,True,False,False,0,0,1,0,0,0,0
155,1999474295,Murad,2023-05-01,5.0,82,17,1,False,,,,,,0,0,0,0,0,0,0
156,1999474295,Murad,2023-05-01,5.0,75,18,1,False,,,,,,0,0,0,0,0,0,0
157,1999474295,Murad,2023-05-01,5.0,128,27,1,False,neutral,False,False,False,False,1,0,0,1,1,0,0
158,1999474295,Murad,2023-04-01,5.0,63,14,1,False,positive,False,True,False,False,0,0,1,0,0,0,0
159,1999474295,Murad,2023-04-01,5.0,226,51,1,False,positive,False,True,False,False,1,0,0,1,0,0,1
160,1999474295,Murad,2023-04-01,5.0,69,16,1,False,neutral,False,False,False,False,1,0,0,0,0,0,0
161,1999474295,Murad,2023-04-01,5.0,19,4,1,False,,,,,,0,0,0,0,0,0,0
162,1999474295,Murad,2023-03-01,5.0,80,19,1,False,positive,True,True,True,True,1,1,0,0,0,0,0
163,1999474295,Murad,2023-03-01,5.0,223,52,1,False,positive,False,True,True,False,1,0,1,1,0,0,0
164,1999474295,Murad,2023-03-01,5.0,65,14,1,False,neutral,False,True,True,False,0,1,1,1,0,0,0
165,1999474295,Murad,2023-03-01,5.0,91,19,1,False,positive,False,True,False,False,0,0,1,0,0,0,0
166,1999474295,Murad,2023-03-01,5.0,42,9,1,False,positive,False,True,False,False,0,0,1,0,0,0,0
167,1999474295,Murad,2023-03-01,5.0,24,4,1,False,positive,False,True,False,False,1,0,1,0,0,0,0
168,1999474295,Murad,2023-02-01,5.0,72,17,1,False,neutral,False,False,False,False,0,0,1,0,0,0,0
169,1999474295,Murad,2023-02-01,5.0,22,5,1,False,,,,,,0,0,0,0,0,0,0
170,1999474295,Murad,2023-02-01,5.0,82,21,1,False,neutral,False,False,False,False,1,1,0,0,0,0,0
171,1999474295,Murad,2023-01-01,5.0,100,23,1,False,neutral,False,True,True,False,1,1,0,0,0,0,0
172,1999474295,Murad,2023-01-01,5.0,88,16,1,False,neutral,False,False,False,False,0,0,1,1,0,0,0
173,1999474295,Murad,2022-11-01,5.0,32,9,1,False,,,,,,0,0,0,0,0,0,0
174,1999474295,Murad,2022-11-01,5.0,201,49,1,False,,,,,,0,0,0,0,0,0,0
175,1999474295,Murad,2022-11-01,5.0,149,34,1,False,neutral,False,False,False,False,0,0,0,1,0,0,0
176,1999474295,Murad,2022-10-01,5.0,18,4,1,False,positive,False,True,False,False,0,0,1,0,0,0,0
177,1999474295,Murad,2022-09-01,5.0,234,56,1,False,positive,False,True,True,False,1,0,1,0,0,0,0
178,1999474295,Murad,2022-09-01,5.0,162,36,1,False,,,,,,0,0,0,0,0,0,0
179,1999474295,Murad,2022-09-01,5.0,74,16,1,False,,,,,,0,0,0,0,0,0,0
180,1999468969,Murad,2025-12-01,5.0,3,1,23,True,,,,,,0,0,0,0,0,0,0
181,1999468969,Murad,2023-05-01,5.0,97,23,1,False,positive,False,True,True,False,1,1,0,0,0,0,0
182,1999468969,Murad,2023-03-01,5.0,64,15,1,False,neutral,False,True,True,False,1,0,0,0,1,0,0
183,1999570180,Murad,2024-12-01,1.0,221,52,1,False,neutral,False,False,False,False,0,1,1,0,0,0,0
184,1999570180,Murad,2024-03-01,1.0,115,26,1,False,negative,True,False,False,False,1,0,0,0,0,0,0
185,1999570180,Murad,2026-03-01,3.0,61,14,1,False,,,,,,0,0,0,0,0,0,0
186,1999570180,Murad,2026-04-01,5.0,129,31,1,False,neutral,False,True,True,False,1,1,0,0,0,0,0
187,1999570180,Murad,2026-03-01,5.0,89,20,1,False,neutral,False,False,False,False,1,0,0,0,1,0,0
188,1999570180,Murad,2025-12-01,5.0,123,27,1,False,neutral,False,True,True,False,1,0,0,0,0,0,0
189,1999570180,Murad,2025-10-01,5.0,309,64,1,False,,,,,,0,0,0,0,0,0,0
190,1999570180,Murad,2025-09-01,5.0,150,35,1,False,positive,False,True,False,False,1,1,0,0,1,0,0
191,1999570180,Murad,2025-09-01,5.0,105,23,1,False,neutral,False,True,True,False,1,1,0,0,0,0,0
192,1999570180,Murad,2025-07-01,5.0,58,14,1,False,neutral,False,False,False,False,1,0,0,0,0,0,0
193,1999570180,Murad,2024-12-01,5.0,29,7,1,False,,,,,,0,0,0,0,0,0,0
194,1999570180,Murad,2024-11-01,5.0,89,21,1,False,positive,False,True,False,False,1,0,0,0,0,0,0
195,1999570180,Murad,2024-10-01,5.0,129,28,1,False,neutral,False,False,False,False,0,0,0,0,1,0,0
196,1999570180,Murad,2024-06-01,5.0,67,17,1,False,positive,False,True,False,False,1,0,0,0,1,0,0
197,1999570180,Murad,2024-06-01,5.0,39,9,1,False,neutral,False,False,False,False,0,0,0,0,0,1,0
198,1999570180,Murad,2024-05-01,5.0,66,16,1,False,positive,False,True,False,False,1,1,0,0,0,0,0
199,1999570180,Murad,2024-04-01,5.0,63,14,1,False,neutral,False,False,False,False,0,1,0,0,0,0,0
200,1999570180,Murad,2024-03-01,5.0,315,73,1,False,,,,,,0,0,0,0,0,0,0
201,1999570180,Murad,2024-02-01,5.0,31,8,1,False,,,,,,0,0,0,0,0,0,0
202,1999570180,Murad,2024-01-01,5.0,87,20,1,False,neutral,False,True,True,False,1,0,0,0,0,0,0
203,1999570180,Murad,2023-12-01,5.0,54,3,1,False,,,,,,0,0,0,0,0,0,0
204,1999570180,Murad,2023-11-01,5.0,77,18,1,False,neutral,False,False,False,False,0,0,1,0,0,0,0
205,1999570180,Murad,2023-09-01,5.0,111,27,1,False,neutral,False,False,False,False,0,1,0,0,0,0,0
206,1999570180,Murad,2023-08-01,5.0,95,19,1,False,,,,,,0,0,0,0,0,0,0
207,1999570180,Murad,2023-08-01,5.0,31,6,1,False,,,,,,0,0,0,0,0,0,0
208,1999570180,Murad,2023-08-01,5.0,31,6,1,False,positive,False,True,False,False,0,0,1,0,0,0,0
209,1999570180,Murad,2023-07-01,5.0,241,50,1,False,,,,,,0,0,0,0,0,0,0
210,1999570180,Murad,2023-04-01,5.0,135,32,1,False,neutral,False,False,False,False,0,1,0,0,0,0,0
211,1999570180,Murad,2023-03-01,5.0,82,17,1,False,neutral,False,True,True,False,0,0,0,0,1,0,0
212,1999570180,Murad,2023-02-01,5.0,32,8,1,False,,,,,,0,0,0,0,0,0,0
213,1999570180,Murad,2022-09-01,5.0,12,3,10,True,,,,,,0,0,0,0,0,0,0
214,1999512677,Murad,2022-10-01,3.0,197,50,1,False,positive,False,True,False,False,0,0,1,0,0,0,0
215,1999512677,Murad,2026-04-01,5.0,172,41,1,False,,,,,,0,0,0,0,0,0,0
216,1999512677,Murad,2025-11-01,5.0,157,35,1,False,neutral,False,False,False,False,1,0,0,0,0,0,0
217,1999512677,Murad,2025-02-01,5.0,30,7,1,False,neutral,False,False,False,False,0,1,0,0,0,0,0
218,1999512677,Murad,2024-11-01,5.0,14,3,1,False,positive,False,True,False,False,0,0,1,0,0,0,0
219,1999512677,Murad,2024-11-01,5.0,111,25,1,False,neutral,False,True,True,False,1,1,0,0,0,0,1
220,1999512677,Murad,2024-09-01,5.0,14,3,1,False,positive,False,True,False,False,1,0,0,0,0,0,0
221,1999512677,Murad,2024-08-01,5.0,158,35,1,False,negative,True,True,True,True,0,0,1,1,0,0,0
222,1999512677,Murad,2023-09-01,5.0,115,24,1,False,positive,False,True,True,False,1,0,1,0,1,0,0
223,1999512677,Murad,2023-06-01,5.0,118,26,1,False,neutral,False,True,True,False,0,0,1,1,0,0,0
224,1999512677,Murad,2023-05-01,5.0,64,14,1,False,,,,,,0,0,0,0,0,0,0
225,1999512677,Murad,2023-04-01,5.0,120,27,1,False,neutral,False,True,True,False,0,1,0,0,0,0,0
226,1999512677,Murad,2023-03-01,5.0,177,40,1,False,,,,,,0,0,0,0,0,0,0
227,1999512677,Murad,2022-11-01,5.0,214,45,1,False,neutral,False,False,False,False,0,0,0,0,0,0,1
228,1999428938,Murad,2022-10-01,4.0,52,13,1,False,,,,,,0,0,0,0,0,0,0
229,1999428938,Murad,2024-07-01,5.0,150,30,1,False,neutral,False,True,True,False,1,0,0,0,1,0,0
230,1999428938,Murad,2024-04-01,5.0,189,43,1,False,positive,False,True,True,False,1,0,0,0,1,0,0
231,1999428938,Murad,2023-11-01,5.0,130,32,1,False,neutral,False,False,False,False,0,1,0,0,0,0,0
232,1999428938,Murad,2023-09-01,5.0,8,2,1,False,,,,,,0,0,0,0,0,0,0
233,1999428938,Murad,2023-08-01,5.0,102,21,1,False,neutral,False,False,False,False,1,0,0,0,0,0,0
234,1999428938,Murad,2023-08-01,5.0,7,2,4,True,,,,,,0,0,0,0,0,0,0
235,1999428938,Murad,2023-06-01,5.0,103,24,2,False,positive,False,True,False,False,1,0,0,0,0,0,0
236,1999428938,Murad,2023-04-01,5.0,249,56,1,False,neutral,False,False,False,False,0,0,1,0,0,0,0
237,1999567409,Murad,2024-07-01,1.0,181,42,1,False,neutral,True,False,True,False,0,1,1,0,0,0,0
238,1999567409,Murad,2023-05-01,3.0,140,30,1,False,neutral,False,False,False,False,0,0,1,0,0,0,0
239,1999567409,Murad,2024-07-01,4.0,124,30,1,False,negative,True,False,False,True,1,0,0,0,0,0,0
240,1999567409,Murad,2024-11-01,5.0,78,19,1,False,neutral,False,True,True,False,1,1,0,0,0,0,0
241,1999567409,Murad,2024-10-01,5.0,114,22,1,False,neutral,False,True,True,False,0,1,1,1,0,0,0
242,1999567409,Murad,2024-09-01,5.0,99,22,1,False,neutral,False,False,False,False,1,0,0,0,0,0,0
243,1999567409,Murad,2024-08-01,5.0,118,27,1,False,positive,False,True,False,False,1,0,0,0,1,0,0
244,1999567409,Murad,2024-06-01,5.0,82,18,1,False,positive,False,True,False,False,1,0,0,0,0,0,0
245,1999567409,Murad,2024-03-01,5.0,167,38,1,False,positive,False,True,True,False,1,1,1,0,1,0,0
246,1999567409,Murad,2023-11-01,5.0,64,4,1,False,positive,False,True,False,False,0,0,1,0,0,0,0
247,1999567409,Murad,2023-07-01,5.0,49,9,1,False,positive,False,True,False,False,0,0,1,0,0,0,1
248,1999567409,Murad,2023-05-01,5.0,119,27,1,False,positive,True,True,True,True,1,0,0,0,0,0,0
249,1999567409,Murad,2023-05-01,5.0,139,30,1,False,neutral,False,True,True,False,1,0,0,1,0,0,0
250,1999567409,Murad,2023-03-01,5.0,111,30,1,False,,,,,,0,0,0,0,0,0,0
251,1999567409,Murad,2023-03-01,5.0,11,2,3,False,positive,False,True,False,False,0,0,1,0,0,0,0
252,1999567409,Murad,2023-03-01,5.0,149,30,1,False,positive,False,True,True,False,1,0,1,1,0,0,0
253,1999567409,Murad,2023-02-01,5.0,9,2,1,False,positive,False,True,False,False,1,0,0,0,0,0,0
254,1999567409,Murad,2022-12-01,5.0,87,13,1,False,,,,,,0,0,0,0,0,0,0
255,1999567409,Murad,2022-10-01,5.0,123,27,1,False,positive,False,True,False,False,1,0,1,0,0,0,1
256,3172657876,Murad,2025-12-01,5.0,109,24,1,False,positive,False,True,False,False,1,0,0,0,0,0,0
257,2870025876,Murad,2025-12-01,5.0,3,1,1,True,,,,,,0,0,0,0,0,0,0
258,2612411027,Murad,2025-12-01,5.0,29,7,1,False,,,,,,0,0,0,0,0,0,0
259,2612411027,Murad,2025-11-01,5.0,90,21,1,False,neutral,False,True,True,False,1,0,0,0,1,0,0
260,2612411027,Murad,2025-11-01,5.0,103,21,1,False,positive,False,True,False,False,1,1,0,0,0,0,0
261,2612411027,Murad,2025-11-01,5.0,122,26,1,False,neutral,False,True,True,False,0,0,1,1,0,0,0
262,2612411027,Murad,2025-09-01,5.0,86,17,1,False,positive,False,True,False,False,1,0,1,0,0,1,0
263,2612411027,Murad,2025-09-01,5.0,91,21,1,False,positive,False,True,True,False,1,1,0,0,0,0,0
264,2612411027,Murad,2024-05-01,5.0,103,21,1,False,positive,False,True,False,False,1,0,1,0,1,0,0
265,3001185622,Murad,2025-12-01,5.0,252,58,1,False,positive,True,True,True,True,1,1,0,0,0,0,0
266,3001185622,Murad,2025-08-01,5.0,12,3,1,False,,,,,,0,0,0,0,0,0,0
267,3001185622,Murad,2025-03-01,5.0,282,64,1,False,neutral,False,False,False,False,0,0,0,0,0,1,1
268,3001185622,Murad,2025-03-01,5.0,43,10,1,False,positive,False,True,False,False,1,1,0,0,0,0,0
269,3001185622,Murad,2025-03-01,5.0,24,6,1,False,,,,,,0,0,0,0,0,0,0
270,3061281641,Obagi,2025-09-01,5.0,67,14,1,False,neutral,False,False,False,False,0,0,1,1,0,0,0
271,3061281641,Obagi,2025-08-01,5.0,125,27,1,False,positive,False,True,True,False,1,0,1,0,0,1,0
272,3064161529,Obagi,2026-03-01,5.0,71,16,1,False,positive,False,True,False,False,1,0,0,0,0,0,0
273,2995389616,Obagi,2025-11-01,5.0,215,50,1,False,neutral,False,True,True,False,1,0,0,0,0,0,0
274,3001271404,Obagi,2026-04-01,5.0,106,24,1,False,,,,,,0,0,0,0,0,0,0
275,3001271404,Obagi,2025-11-01,5.0,99,20,1,False,,,,,,0,0,0,0,0,0,0
276,3001271404,Obagi,2025-11-01,5.0,66,14,1,False,positive,False,True,False,False,1,0,1,0,0,0,0
277,3001271404,Obagi,2025-11-01,5.0,90,14,1,False,positive,False,True,False,False,1,1,1,0,0,0,0
278,3001271404,Obagi,2025-11-01,5.0,66,13,1,False,positive,False,True,False,False,0,0,1,0,0,0,0
279,3001271404,Obagi,2025-11-01,5.0,92,22,1,False,positive,False,True,False,False,1,0,0,0,0,0,0
280,3001271404,Obagi,2025-10-01,5.0,86,18,1,False,neutral,False,False,False,False,0,0,0,1,0,0,0
281,3001271404,Obagi,2025-09-01,5.0,94,21,1,False,neutral,False,True,True,False,0,1,0,0,0,1,0
282,3001271404,Obagi,2025-09-01,5.0,100,21,1,False,positive,False,True,False,False,1,1,1,0,0,0,0
283,3001271404,Obagi,2025-09-01,5.0,312,76,1,False,negative,True,False,False,True,0,1,0,0,0,0,0
284,3001271404,Obagi,2025-08-01,5.0,97,22,1,False,positive,False,True,False,False,0,0,1,0,1,0,0
285,3001271404,Obagi,2025-08-01,5.0,129,34,1,False,neutral,False,False,False,False,0,1,0,0,0,0,0
286,3001271404,Obagi,2025-08-01,5.0,141,37,1,False,positive,False,True,False,False,0,1,0,0,0,0,0
287,3001271404,Obagi,2025-08-01,5.0,152,35,1,False,positive,False,True,True,False,1,1,1,0,0,0,0
288,3001271404,Obagi,2025-07-01,5.0,7,2,1,True,,,,,,0,0,0,0,0,0,0
289,3001271404,Obagi,2025-07-01,5.0,103,23,1,False,positive,False,True,False,False,0,1,1,0,0,0,0
290,3001271404,Obagi,2025-07-01,5.0,122,27,1,False,positive,False,True,False,False,1,1,1,0,0,0,0
291,3001271404,Obagi,2025-06-01,5.0,123,26,1,False,positive,False,True,True,False,0,1,1,1,0,0,0
292,3001271404,Obagi,2025-06-01,5.0,109,25,1,False,positive,False,True,False,False,1,1,0,0,0,0,0
293,3001271404,Obagi,2025-06-01,5.0,135,29,1,False,positive,False,True,False,False,0,1,1,0,0,0,0
294,3001271404,Obagi,2025-04-01,5.0,67,15,1,False,positive,False,True,False,False,1,0,1,0,0,0,0
295,3001271404,Obagi,2025-04-01,5.0,3,1,23,True,,,,,,0,0,0,0,0,0,0
296,3001271404,Obagi,2025-04-01,5.0,108,23,1,False,neutral,False,True,True,False,0,1,0,1,0,0,0
297,3001271404,Obagi,2025-04-01,5.0,101,22,1,False,positive,False,True,False,False,0,1,1,1,0,0,0
298,3001271404,Obagi,2025-03-01,5.0,256,58,1,False,neutral,True,True,True,True,0,0,1,1,0,0,1
299,2965410910,Obagi,2025-09-01,3.0,174,40,1,False,neutral,False,False,False,False,0,0,1,0,0,0,0
300,2965410910,Obagi,2025-10-01,4.0,75,15,1,False,,,,,,0,0,0,0,0,0,0
301,2965410910,Obagi,2026-03-01,5.0,238,56,1,False,positive,False,True,False,False,1,1,0,0,0,0,1
302,2965410910,Obagi,2026-03-01,5.0,142,30,1,False,neutral,False,True,True,False,1,0,0,0,0,0,0
303,2965410910,Obagi,2026-03-01,5.0,58,13,1,False,neutral,False,False,False,False,0,0,0,1,0,0,0
304,2965410910,Obagi,2026-01-01,5.0,140,28,1,False,neutral,False,True,True,False,1,0,0,0,0,0,0
305,2965410910,Obagi,2026-01-01,5.0,215,44,1,False,neutral,False,True,True,False,1,0,1,1,0,0,1
306,2965410910,Obagi,2025-12-01,5.0,60,13,1,False,positive,False,True,False,False,0,0,0,0,1,0,0
307,2965410910,Obagi,2025-10-01,5.0,75,17,1,False,positive,False,True,False,False,1,0,0,0,0,0,0
308,2965410910,Obagi,2025-10-01,5.0,120,25,1,False,neutral,False,True,True,False,1,0,0,0,1,0,0
309,2965410910,Obagi,2025-10-01,5.0,194,40,1,False,neutral,False,False,False,False,1,0,0,0,0,0,0
310,2965410910,Obagi,2025-09-01,5.0,114,23,1,False,,,,,,0,0,0,0,0,0,0
311,2965410910,Obagi,2025-09-01,5.0,119,25,1,False,neutral,False,True,True,False,1,0,0,0,1,0,0
312,2965410910,Obagi,2025-09-01,5.0,109,22,1,False,,,,,,0,0,0,0,0,0,0
313,2965410910,Obagi,2025-09-01,5.0,78,16,1,False,,,,,,0,0,0,0,0,0,0
314,2965410910,Obagi,2025-08-01,5.0,123,28,1,False,positive,False,True,False,False,1,0,0,0,1,0,0
315,2965410910,Obagi,2025-08-01,5.0,142,32,1,False,neutral,False,False,False,False,0,1,0,0,0,0,1
316,2965410910,Obagi,2025-06-01,5.0,124,28,1,False,positive,False,True,True,False,1,1,1,0,0,0,0
317,2965410910,Obagi,2025-06-01,5.0,103,23,1,False,positive,False,True,True,False,1,1,1,1,0,0,0
318,2965410910,Obagi,2025-05-01,5.0,165,38,1,False,positive,False,True,True,False,1,1,0,0,0,0,0
319,2965410910,Obagi,2025-04-01,5.0,58,1,1,False,,,,,,0,0,0,0,0,0,0
320,2965410910,Obagi,2025-04-01,5.0,104,24,1,False,positive,False,True,False,False,0,0,1,1,0,0,1
321,2965410910,Obagi,2025-04-01,5.0,417,104,1,False,negative,True,True,True,True,1,1,0,0,0,0,1
322,2965410910,Obagi,2025-04-01,5.0,57,11,1,False,positive,False,True,False,False,1,1,0,0,0,1,0
323,2965410910,Obagi,2025-04-01,5.0,117,26,1,False,positive,False,True,False,False,0,1,1,0,0,0,1
324,2965410910,Obagi,2025-04-01,5.0,132,32,1,False,neutral,False,False,False,False,0,1,0,0,0,0,0
325,2965410910,Obagi,2025-03-01,5.0,132,30,1,False,negative,True,False,False,True,1,1,1,0,0,0,0
326,2965410910,Obagi,2025-02-01,5.0,143,31,1,False,neutral,False,False,False,False,0,1,1,0,0,0,0
327,2965410910,Obagi,2025-01-01,5.0,47,10,1,False,,,,,,0,0,0,0,0,0,0
328,2397779456,Obagi,2025-12-01,1.0,190,44,1,False,negative,True,False,False,False,0,0,1,0,0,0,1
329,2397779456,Obagi,2024-03-01,1.0,282,69,1,False,neutral,False,False,False,False,0,1,0,1,0,0,1
330,2397779456,Obagi,2025-09-01,2.0,149,32,1,False,,,,,,0,0,0,0,0,0,0
331,2397779456,Obagi,2026-03-01,5.0,136,32,1,False,positive,False,True,True,False,0,1,1,0,0,0,0
332,2397779456,Obagi,2025-12-01,5.0,112,25,1,False,positive,False,True,False,False,1,0,0,0,0,0,0
333,2397779456,Obagi,2025-08-01,5.0,52,8,1,False,positive,False,True,False,False,1,0,0,0,0,0,0
334,2397779456,Obagi,2025-07-01,5.0,176,40,1,False,positive,False,True,False,False,1,0,0,0,0,0,0
335,2397779456,Obagi,2025-07-01,5.0,112,24,1,False,neutral,False,True,True,False,0,0,0,0,0,0,1
336,2397779456,Obagi,2025-06-01,5.0,501,113,1,False,positive,False,True,False,False,1,0,0,0,0,0,0
337,2397779456,Obagi,2025-05-01,5.0,103,25,1,False,neutral,False,False,False,False,1,0,0,0,0,0,0
338,2397779456,Obagi,2025-04-01,5.0,64,12,1,False,positive,False,True,True,False,0,0,1,1,0,0,1
339,2397779456,Obagi,2025-04-01,5.0,342,73,1,False,positive,False,True,True,False,1,1,0,0,0,1,0
340,2397779456,Obagi,2025-03-01,5.0,116,24,1,False,positive,False,True,True,False,1,0,0,0,0,1,0
341,2397779456,Obagi,2025-02-01,5.0,106,23,1,False,positive,False,True,False,False,1,0,0,0,0,0,0
342,2397779456,Obagi,2025-02-01,5.0,42,11,1,False,,,,,,0,0,0,0,0,0,0
343,2397779456,Obagi,2025-01-01,5.0,69,18,1,False,positive,False,True,False,False,1,1,0,0,0,0,0
344,2397779456,Obagi,2025-01-01,5.0,76,18,1,False,positive,False,True,False,False,0,0,0,0,1,0,0
345,2397779456,Obagi,2024-12-01,5.0,92,21,1,False,positive,False,True,False,False,1,0,0,0,0,0,0
346,2397779456,Obagi,2024-11-01,5.0,73,13,1,False,positive,False,True,False,False,1,0,0,0,0,0,0
347,2397779456,Obagi,2024-09-01,5.0,61,14,1,False,neutral,False,False,False,False,0,0,0,0,0,0,1
348,2397779456,Obagi,2024-08-01,5.0,84,18,1,False,positive,False,True,True,False,0,0,1,1,0,0,1
349,2397779456,Obagi,2024-08-01,5.0,296,62,1,False,positive,False,True,True,False,1,0,0,0,0,0,0
350,2397779456,Obagi,2024-07-01,5.0,40,10,1,False,,,,,,0,0,0,0,0,0,0
351,2397779456,Obagi,2024-06-01,5.0,133,26,1,False,,,,,,0,0,0,0,0,0,0
352,2397779456,Obagi,2024-05-01,5.0,161,37,1,False,positive,True,True,True,True,1,0,0,0,0,0,0
353,2397779456,Obagi,2024-05-01,5.0,104,27,1,False,positive,False,True,False,False,1,0,0,0,0,0,0
354,2397779456,Obagi,2024-05-01,5.0,71,15,1,False,,,,,,0,0,0,0,0,0,0
355,2397779456,Obagi,2024-04-01,5.0,66,15,1,False,,,,,,0,0,0,0,0,0,0
356,2397779456,Obagi,2024-04-01,5.0,60,13,1,False,positive,False,True,False,False,1,0,1,0,1,0,0
357,2397779456,Obagi,2024-03-01,5.0,98,22,1,False,positive,False,True,False,False,1,0,0,0,0,0,0
358,2397779456,Obagi,2024-03-01,5.0,104,23,1,False,positive,False,True,False,False,1,0,1,0,1,0,0
359,2397779456,Obagi,2024-03-01,5.0,87,20,1,False,positive,False,True,False,False,0,0,1,0,0,0,0
360,2397779456,Obagi,2024-03-01,5.0,154,33,1,False,neutral,False,False,False,False,1,0,0,0,0,0,0
361,2397779456,Obagi,2024-03-01,5.0,135,29,1,False,positive,False,True,False,False,1,0,1,0,0,0,1
362,2397779456,Obagi,2024-03-01,5.0,75,18,1,False,,,,,,0,0,0,0,0,0,0
363,2397779456,Obagi,2024-03-01,5.0,112,26,1,False,positive,False,True,False,False,1,0,0,0,0,0,0
364,2397779456,Obagi,2024-02-01,5.0,121,27,1,False,neutral,False,False,False,False,0,0,0,0,1,0,0
365,2397779456,Obagi,2024-02-01,5.0,98,21,1,False,positive,False,True,False,False,1,0,1,0,1,0,0
366,2397779456,Obagi,2024-02-01,5.0,64,15,1,False,positive,False,True,False,False,1,0,0,0,0,0,0
367,2397779456,Obagi,2024-01-01,5.0,71,17,1,False,neutral,False,False,False,False,0,0,0,0,1,0,0
368,2397779456,Obagi,2024-01-01,5.0,66,13,1,False,neutral,False,True,True,False,0,0,1,1,0,0,0
369,2397779456,Obagi,2024-01-01,5.0,33,6,1,False,positive,False,True,False,False,1,0,0,0,0,0,0
370,2397779456,Obagi,2024-01-01,5.0,73,16,1,False,neutral,False,False,False,False,0,0,1,0,0,0,0
371,2397779456,Obagi,2024-01-01,5.0,81,20,1,False,,,,,,0,0,0,0,0,0,0
372,2397779456,Obagi,2024-01-01,5.0,64,14,1,False,positive,False,True,False,False,0,0,1,0,0,0,0
373,2397779456,Obagi,2024-01-01,5.0,55,15,1,False,,,,,,0,0,0,0,0,0,0
374,2397779456,Obagi,2024-01-01,5.0,71,16,1,False,positive,False,True,False,False,1,0,0,0,0,0,0
375,2397779456,Obagi,2023-12-01,5.0,142,30,1,False,neutral,False,True,True,False,0,0,1,1,0,0,1
376,2397779456,Obagi,2023-12-01,5.0,57,11,1,False,positive,False,True,False,False,1,0,0,0,1,0,0
377,2397779456,Obagi,2023-12-01,5.0,577,125,1,False,,,,,,0,0,0,0,0,0,0
378,2397779456,Obagi,2023-12-01,5.0,80,19,1,False,neutral,False,False,False,False,0,0,0,0,0,0,1
379,2397779456,Obagi,2023-12-01,5.0,66,13,1,False,positive,False,True,False,False,0,0,1,0,0,0,0
380,2397779456,Obagi,2023-12-01,5.0,55,12,1,False,,,,,,0,0,0,0,0,0,0
381,2397779456,Obagi,2023-11-01,5.0,123,28,1,False,positive,False,True,False,False,0,0,1,0,0,0,0
382,2397779456,Obagi,2023-11-01,5.0,79,18,1,False,neutral,False,False,False,False,1,0,0,1,0,0,0
383,2397779456,Obagi,2023-11-01,5.0,34,7,1,False,neutral,False,False,False,False,0,0,1,1,0,0,0
384,2397779456,Obagi,2023-11-01,5.0,11,2,4,False,positive,False,True,False,False,0,0,1,0,0,0,0
385,2397779456,Obagi,2023-11-01,5.0,161,36,1,False,neutral,False,False,False,False,0,0,0,0,1,0,0
386,2397779456,Obagi,2023-11-01,5.0,143,32,1,False,,,,,,0,0,0,0,0,0,0
387,2397779456,Obagi,2023-11-01,5.0,41,9,1,False,positive,False,True,False,False,1,0,0,0,0,0,0
388,2397779456,Obagi,2023-10-01,5.0,67,13,1,False,,,,,,0,0,0,0,0,0,0
389,2397779456,Obagi,2023-10-01,5.0,194,42,1,False,positive,False,True,False,False,1,0,0,0,0,0,0
390,2397779456,Obagi,2023-09-01,5.0,73,16,1,False,positive,False,True,False,False,1,0,1,0,1,0,0
391,2392971001,Obagi,2024-11-01,3.0,173,41,1,False,neutral,True,False,True,False,1,1,1,1,0,0,1
392,2392971001,Obagi,2025-12-01,4.0,118,19,1,False,neutral,False,True,True,False,1,1,0,0,1,0,0
393,2392971001,Obagi,2024-08-01,4.0,31,9,1,False,,,,,,0,0,0,0,0,0,0
394,2392971001,Obagi,2026-02-01,5.0,39,9,1,False,negative,True,False,False,True,1,0,0,0,0,0,0
395,2392971001,Obagi,2025-09-01,5.0,104,24,1,False,neutral,False,True,True,False,0,1,1,0,0,0,0
396,2392971001,Obagi,2025-08-01,5.0,15,4,1,False,neutral,False,False,False,False,1,0,0,0,0,0,0
397,2392971001,Obagi,2025-08-01,5.0,93,23,1,False,,,,,,0,0,0,0,0,0,0
398,2392971001,Obagi,2025-06-01,5.0,116,29,1,False,neutral,False,False,False,False,1,1,0,0,0,0,0
399,2392971001,Obagi,2025-06-01,5.0,84,20,1,False,neutral,False,True,True,False,1,1,0,0,1,0,0
400,2392971001,Obagi,2025-06-01,5.0,110,27,1,False,neutral,False,True,True,False,1,0,0,0,0,0,0
401,2392971001,Obagi,2025-06-01,5.0,69,17,1,False,neutral,False,False,False,False,0,1,0,0,1,0,0
402,2392971001,Obagi,2025-05-01,5.0,184,43,1,False,positive,False,True,True,False,1,1,0,0,1,0,0
403,2392971001,Obagi,2024-12-01,5.0,76,15,1,False,positive,False,True,False,False,1,1,0,0,0,1,0
404,2392971001,Obagi,2024-11-01,5.0,213,41,1,False,,,,,,0,0,0,0,0,0,0
405,2392971001,Obagi,2024-10-01,5.0,104,26,1,False,neutral,False,False,False,False,0,0,0,0,0,0,1
406,2392971001,Obagi,2024-06-01,5.0,241,55,1,False,,,,,,0,0,0,0,0,0,0
407,2392971001,Obagi,2024-06-01,5.0,115,27,1,False,neutral,False,True,True,False,1,1,0,0,1,0,0
408,2392971001,Obagi,2024-06-01,5.0,104,24,1,False,positive,False,True,True,False,1,1,0,0,1,0,0
409,2392971001,Obagi,2023-12-01,5.0,116,26,1,False,positive,False,True,False,False,0,0,0,0,1,0,0
410,2392971001,Obagi,2023-11-01,5.0,60,10,1,False,neutral,False,False,False,False,0,1,0,0,0,0,0
411,2397873395,Obagi,2023-10-01,1.0,209,49,1,False,neutral,True,False,True,False,1,1,1,0,0,0,0
412,2397873395,Obagi,2023-09-01,1.0,243,56,1,False,neutral,True,False,True,False,1,0,1,0,0,0,1
413,2397873395,Obagi,2025-07-01,2.0,26,6,1,False,,,,,,0,0,0,0,0,0,0
414,2397873395,Obagi,2024-04-01,4.0,131,29,1,False,neutral,False,False,False,False,0,0,0,0,0,0,1
415,2397873395,Obagi,2024-01-01,4.0,77,17,1,False,neutral,False,False,False,False,1,0,0,1,0,0,0
416,2397873395,Obagi,2023-12-01,4.0,66,15,1,False,negative,True,False,False,True,0,0,1,0,0,0,0
417,2397873395,Obagi,2026-03-01,5.0,115,26,1,False,neutral,False,True,True,False,1,0,0,0,0,0,0
418,2397873395,Obagi,2026-03-01,5.0,84,19,1,False,positive,False,True,False,False,0,0,1,0,0,0,0
419,2397873395,Obagi,2026-03-01,5.0,78,18,1,False,neutral,False,False,False,False,1,0,0,0,0,0,0
420,2397873395,Obagi,2026-03-01,5.0,96,20,1,False,neutral,False,True,True,False,1,0,1,0,0,0,0
421,2397873395,Obagi,2026-03-01,5.0,125,30,1,False,positive,False,True,True,False,1,0,0,0,1,0,0
422,2397873395,Obagi,2025-12-01,5.0,87,19,1,False,positive,False,True,True,False,1,0,0,0,1,0,0
423,2397873395,Obagi,2025-12-01,5.0,42,9,1,False,,,,,,0,0,0,0,0,0,0
424,2397873395,Obagi,2025-12-01,5.0,63,14,1,False,positive,False,True,False,False,1,1,1,0,0,0,0
425,2397873395,Obagi,2025-12-01,5.0,49,12,1,False,,,,,,0,0,0,0,0,0,0
426,2397873395,Obagi,2025-11-01,5.0,155,36,1,False,positive,False,True,False,False,0,1,0,0,0,0,0
427,2397873395,Obagi,2025-11-01,5.0,103,23,1,False,neutral,False,True,True,False,0,0,1,1,0,0,0
428,2397873395,Obagi,2025-11-01,5.0,73,17,1,False,neutral,False,False,False,False,0,1,0,0,0,0,0
429,2397873395,Obagi,2025-10-01,5.0,70,15,10,True,positive,False,True,True,False,0,0,1,0,0,0,0
430,2397873395,Obagi,2025-10-01,5.0,65,12,1,False,,,,,,0,0,0,0,0,0,0
431,2397873395,Obagi,2025-10-01,5.0,172,38,1,False,positive,False,True,False,False,1,1,0,0,0,0,0
432,2397873395,Obagi,2025-10-01,5.0,99,22,1,False,positive,False,True,False,False,1,1,0,0,0,0,0
433,2397873395,Obagi,2025-10-01,5.0,65,15,1,False,positive,False,True,True,False,1,0,0,0,0,0,0
434,2397873395,Obagi,2025-10-01,5.0,77,16,1,False,neutral,False,False,False,False,0,0,0,0,0,0,1
435,2397873395,Obagi,2025-09-01,5.0,83,18,1,False,positive,False,True,False,False,0,1,0,0,0,0,0
436,2397873395,Obagi,2025-09-01,5.0,99,25,1,False,neutral,False,False,False,False,0,1,0,0,0,0,0
437,2397873395,Obagi,2025-09-01,5.0,42,6,1,False,positive,False,True,False,False,1,1,0,0,0,1,0
438,2397873395,Obagi,2025-09-01,5.0,70,15,10,True,positive,False,True,True,False,0,0,1,0,0,0,0
439,2397873395,Obagi,2025-08-01,5.0,33,8,1,False,positive,False,True,False,False,1,0,0,0,1,0,0
440,2397873395,Obagi,2025-07-01,5.0,97,23,1,False,positive,False,True,False,False,1,0,0,0,0,0,0
441,2397873395,Obagi,2025-06-01,5.0,121,27,1,False,neutral,False,False,False,False,1,0,0,0,0,0,0
442,2397873395,Obagi,2025-06-01,5.0,300,64,1,False,positive,False,True,False,False,1,0,0,0,0,0,0
443,2397873395,Obagi,2025-06-01,5.0,130,30,1,False,neutral,False,False,False,False,1,0,0,0,0,0,0
444,2397873395,Obagi,2025-06-01,5.0,99,23,1,False,positive,False,True,True,False,1,1,0,0,1,0,0
445,2397873395,Obagi,2025-05-01,5.0,63,15,1,False,,,,,,0,0,0,0,0,0,0
446,2397873395,Obagi,2025-05-01,5.0,132,31,1,False,positive,False,True,False,False,1,1,1,0,1,0,0
447,2397873395,Obagi,2025-04-01,5.0,51,11,1,False,positive,False,True,False,False,1,0,0,0,0,0,0
448,2397873395,Obagi,2025-04-01,5.0,74,17,1,False,neutral,False,False,False,False,1,0,0,0,0,0,0
449,2397873395,Obagi,2025-03-01,5.0,64,16,1,False,positive,False,True,False,False,1,1,0,0,0,0,0
450,2397873395,Obagi,2025-03-01,5.0,62,14,1,False,,,,,,0,0,0,0,0,0,0
451,2397873395,Obagi,2025-03-01,5.0,174,39,1,False,positive,False,True,True,False,1,0,0,0,0,0,0
452,2397873395,Obagi,2025-03-01,5.0,326,74,1,False,positive,False,True,False,False,1,0,1,0,0,0,0
453,2397873395,Obagi,2025-01-01,5.0,24,5,1,False,,,,,,0,0,0,0,0,0,0
454,2397873395,Obagi,2024-12-01,5.0,168,38,1,False,positive,False,True,False,False,1,1,1,0,1,0,0
455,2397873395,Obagi,2024-12-01,5.0,72,17,1,False,positive,False,True,False,False,1,0,0,0,0,0,0
456,2397873395,Obagi,2024-12-01,5.0,125,30,1,False,positive,False,True,True,False,1,0,0,0,1,0,0
457,2397873395,Obagi,2024-12-01,5.0,130,29,1,False,positive,False,True,False,False,1,0,1,0,0,0,0
458,2397873395,Obagi,2024-12-01,5.0,76,18,1,False,positive,False,True,False,False,1,0,0,0,1,0,0
459,2397873395,Obagi,2024-11-01,5.0,13,3,6,True,positive,False,True,False,False,1,0,0,0,0,0,0
460,2397873395,Obagi,2024-11-01,5.0,98,20,1,False,positive,False,True,True,False,1,0,0,0,0,1,0
461,2397873395,Obagi,2024-11-01,5.0,94,21,1,False,positive,False,True,True,False,1,0,0,0,0,0,0
462,2397873395,Obagi,2024-11-01,5.0,96,22,1,False,positive,False,True,False,False,1,0,1,0,0,0,0
463,2397873395,Obagi,2024-11-01,5.0,46,13,1,False,negative,True,False,False,True,0,0,1,0,0,0,0
464,2397873395,Obagi,2024-11-01,5.0,327,61,1,False,neutral,False,True,True,False,1,0,1,0,0,0,0
465,2397873395,Obagi,2024-11-01,5.0,119,26,1,False,neutral,False,True,True,False,1,1,0,0,0,0,0
466,2397873395,Obagi,2024-09-01,5.0,241,54,1,False,positive,False,True,True,False,1,0,0,0,0,0,0
467,2397873395,Obagi,2024-09-01,5.0,85,18,1,False,positive,False,True,False,False,0,0,1,0,0,0,0
468,2397873395,Obagi,2024-09-01,5.0,137,32,1,False,positive,False,True,False,False,0,0,1,0,0,0,0
469,2397873395,Obagi,2024-09-01,5.0,35,9,1,False,,,,,,0,0,0,0,0,0,0
470,2397873395,Obagi,2024-08-01,5.0,6,2,1,True,,,,,,0,0,0,0,0,0,0
471,2397873395,Obagi,2024-08-01,5.0,9,2,4,False,,,,,,0,0,0,0,0,0,0
472,2397873395,Obagi,2024-08-01,5.0,45,10,1,False,,,,,,0,0,0,0,0,0,0
473,2397873395,Obagi,2024-07-01,5.0,88,20,1,False,positive,False,True,False,False,1,0,1,0,0,0,0
474,2397873395,Obagi,2024-07-01,5.0,85,18,1,False,positive,False,True,True,False,1,1,0,0,0,0,0
475,2397873395,Obagi,2024-07-01,5.0,54,4,1,False,,,,,,0,0,0,0,0,0,0
476,2397873395,Obagi,2024-07-01,5.0,279,63,1,False,positive,False,True,True,False,1,1,0,0,0,0,0
477,2397873395,Obagi,2024-07-01,5.0,68,16,1,False,positive,False,True,False,False,1,0,0,0,0,0,0
478,2397873395,Obagi,2024-07-01,5.0,203,48,1,False,neutral,False,False,False,False,1,0,0,0,0,0,1
479,2397873395,Obagi,2024-06-01,5.0,83,19,1,False,,,,,,0,0,0,0,0,0,0
480,2397873395,Obagi,2024-06-01,5.0,51,11,1,False,,,,,,0,0,0,0,0,0,0
481,2397873395,Obagi,2024-06-01,5.0,75,18,1,False,neutral,False,False,False,False,1,0,0,0,0,0,0
482,2397873395,Obagi,2024-06-01,5.0,124,29,1,False,positive,False,True,True,False,1,1,0,0,0,0,0
483,2397873395,Obagi,2024-06-01,5.0,78,20,1,False,neutral,False,False,False,False,1,0,0,0,0,0,0
484,2397873395,Obagi,2024-06-01,5.0,57,13,1,False,positive,False,True,False,False,1,0,0,0,0,0,0
485,2397873395,Obagi,2024-06-01,5.0,64,16,1,False,,,,,,0,0,0,0,0,0,0
486,2397873395,Obagi,2024-06-01,5.0,35,9,1,False,neutral,False,False,False,False,0,1,0,0,0,0,0
487,2397873395,Obagi,2024-05-01,5.0,274,63,1,False,positive,False,True,True,False,1,1,1,0,0,0,0
488,2397873395,Obagi,2024-05-01,5.0,128,30,1,False,,,,,,0,0,0,0,0,0,0
489,2397873395,Obagi,2024-05-01,5.0,94,21,1,False,positive,False,True,False,False,0,0,0,0,0,0,1
490,2397873395,Obagi,2024-05-01,5.0,131,31,1,False,neutral,False,False,False,False,1,0,0,1,0,0,0
491,2397873395,Obagi,2024-05-01,5.0,92,20,1,False,positive,False,True,False,False,0,0,1,0,0,0,0
492,2397873395,Obagi,2024-05-01,5.0,76,20,1,False,positive,False,True,False,False,1,0,0,0,0,0,0
493,2397873395,Obagi,2024-05-01,5.0,77,17,1,False,positive,False,True,False,False,0,1,1,0,0,0,0
494,2397873395,Obagi,2024-05-01,5.0,75,13,1,False,neutral,False,False,False,False,0,0,0,0,1,0,0
495,2397873395,Obagi,2024-05-01,5.0,113,27,1,False,positive,False,True,True,False,1,0,0,0,0,0,0
496,2397873395,Obagi,2024-04-01,5.0,81,18,1,False,,,,,,0,0,0,0,0,0,0
497,2397873395,Obagi,2024-04-01,5.0,51,13,1,False,neutral,False,False,False,False,1,0,0,0,0,0,0
498,2397873395,Obagi,2024-04-01,5.0,80,18,1,False,neutral,False,False,False,False,1,0,0,0,0,0,0
499,2397873395,Obagi,2024-04-01,5.0,64,15,1,False,neutral,False,False,False,False,0,1,0,0,0,0,0
500,2397873395,Obagi,2024-04-01,5.0,54,12,1,False,positive,False,True,False,False,1,0,1,0,1,0,0
501,2397873395,Obagi,2024-03-01,5.0,84,19,1,False,neutral,False,False,False,False,1,0,0,0,0,0,0
502,2397873395,Obagi,2024-03-01,5.0,65,15,1,False,positive,False,True,False,False,1,0,0,0,0,0,0
503,2397873395,Obagi,2024-03-01,5.0,78,20,1,False,neutral,False,False,False,False,1,0,0,0,0,0,0
504,2397873395,Obagi,2024-03-01,5.0,70,15,1,False,neutral,False,False,False,False,0,0,0,1,0,0,0
505,2397873395,Obagi,2024-03-01,5.0,26,7,1,False,,,,,,0,0,0,0,0,0,0
506,2397873395,Obagi,2024-03-01,5.0,103,23,1,False,positive,False,True,False,False,1,0,0,0,0,0,0
507,2397873395,Obagi,2024-03-01,5.0,72,18,1,False,,,,,,0,0,0,0,0,0,0
508,2397873395,Obagi,2024-03-01,5.0,135,30,1,False,positive,False,True,True,False,1,1,0,0,0,0,0
509,2397873395,Obagi,2024-03-01,5.0,64,15,1,False,positive,False,True,False,False,0,1,1,0,0,0,0
510,3072875468,Obagi,2025-08-01,5.0,97,16,1,False,,,,,,0,0,0,0,0,0,0
511,2997446023,Obagi,2025-08-01,3.0,84,21,1,False,negative,True,False,True,False,0,0,1,0,0,0,0
512,2997446023,Obagi,2026-03-01,5.0,109,24,1,False,neutral,True,False,True,True,0,0,1,0,0,1,1
513,2997446023,Obagi,2025-10-01,5.0,106,26,1,False,neutral,False,False,False,False,0,1,0,0,0,0,0
514,2997446023,Obagi,2025-10-01,5.0,112,24,1,False,positive,False,True,False,False,0,0,1,0,0,0,0
515,2997446023,Obagi,2025-10-01,5.0,96,22,1,False,negative,True,False,True,True,0,0,1,1,0,0,0
516,2997446023,Obagi,2025-09-01,5.0,182,41,1,False,positive,False,True,False,False,1,1,1,0,0,0,0
517,2997446023,Obagi,2025-09-01,5.0,66,14,1,False,,,,,,0,0,0,0,0,0,0
518,2997446023,Obagi,2025-09-01,5.0,152,37,1,False,positive,False,True,True,False,0,0,1,1,0,0,1
519,2997446023,Obagi,2025-09-01,5.0,123,27,1,False,neutral,False,True,True,False,0,1,1,0,1,0,0
520,2997446023,Obagi,2025-08-01,5.0,133,33,1,False,,,,,,0,0,0,0,0,0,0
521,2997446023,Obagi,2025-06-01,5.0,290,70,1,False,positive,False,True,True,False,1,1,1,0,0,0,0
522,2997446023,Obagi,2025-06-01,5.0,93,17,1,False,positive,False,True,False,False,0,1,1,0,0,0,0
523,3135559245,Obagi,2026-03-01,5.0,99,23,1,False,neutral,False,False,False,False,0,1,1,0,0,0,0
524,3135559245,Obagi,2026-03-01,5.0,67,15,1,False,,,,,,0,0,0,0,0,0,0
525,3135559245,Obagi,2026-02-01,5.0,117,26,1,False,positive,False,True,True,False,0,0,0,0,1,1,0
526,3135559245,Obagi,2026-02-01,5.0,67,15,1,False,,,,,,0,0,0,0,0,0,0
527,3135559245,Obagi,2026-02-01,5.0,57,12,1,False,neutral,False,False,False,False,0,0,0,1,0,0,0
528,3135559245,Obagi,2025-12-01,5.0,136,32,1,False,positive,False,True,True,False,1,0,0,0,1,1,0
529,3135559245,Obagi,2025-12-01,5.0,174,34,1,False,positive,False,True,True,False,1,1,0,0,1,1,0
530,3135559245,Obagi,2025-12-01,5.0,51,12,1,False,,,,,,0,0,0,0,0,0,0
531,3135559245,Obagi,2025-12-01,5.0,112,24,1,False,,,,,,0,0,0,0,0,0,0
532,3135559245,Obagi,2025-12-01,5.0,204,47,1,False,neutral,False,True,True,False,0,0,0,0,1,0,0
533,3135559245,Obagi,2025-12-01,5.0,143,31,1,False,positive,False,True,False,False,1,0,0,0,1,0,0
534,3135559245,Obagi,2025-11-01,5.0,126,28,1,False,positive,False,True,False,False,0,1,1,0,0,0,0
535,3135559245,Obagi,2025-11-01,5.0,457,100,1,False,positive,True,True,True,True,1,0,0,0,1,1,0
536,3135559245,Obagi,2025-11-01,5.0,85,19,1,False,positive,False,True,False,False,1,0,0,0,0,0,0
537,2397924237,Obagi,2024-07-01,3.0,33,9,1,False,,,,,,0,0,0,0,0,0,0
538,2397924237,Obagi,2024-03-01,3.0,23,5,1,False,neutral,False,False,False,False,0,1,0,0,0,0,0
539,2397924237,Obagi,2023-12-01,3.0,28,7,1,False,,,,,,0,0,0,0,0,0,0
540,2397924237,Obagi,2025-08-01,4.0,67,14,1,False,positive,True,True,True,True,0,0,1,0,0,0,0
541,2397924237,Obagi,2024-06-01,4.0,106,22,1,False,neutral,False,False,False,False,0,0,0,1,0,0,1
542,2397924237,Obagi,2023-12-01,4.0,78,16,1,False,positive,False,True,False,False,0,0,1,0,0,0,0
543,2397924237,Obagi,2023-11-01,4.0,151,35,1,False,positive,False,True,False,False,1,0,1,0,0,0,1
544,2397924237,Obagi,2023-09-01,4.0,594,131,1,False,neutral,False,True,True,False,0,0,1,1,0,0,0
545,2397924237,Obagi,2025-12-01,5.0,78,18,1,False,positive,False,True,False,False,0,0,1,0,0,0,0
546,2397924237,Obagi,2025-09-01,5.0,20,5,1,False,positive,False,True,False,False,1,0,0,0,0,0,0
547,2397924237,Obagi,2025-08-01,5.0,59,15,1,False,negative,True,False,True,True,1,0,0,0,0,0,0
548,2397924237,Obagi,2025-08-01,5.0,137,32,1,False,positive,False,True,False,False,1,0,0,0,0,0,0
549,2397924237,Obagi,2025-07-01,5.0,67,17,1,False,positive,False,True,False,False,1,0,0,0,0,0,0
550,2397924237,Obagi,2025-07-01,5.0,85,19,1,False,positive,False,True,False,False,1,0,0,0,0,0,0
551,2397924237,Obagi,2025-06-01,5.0,90,19,1,False,positive,False,True,False,False,1,0,0,0,0,0,0
552,2397924237,Obagi,2025-06-01,5.0,73,17,1,False,positive,False,True,False,False,1,0,0,0,0,0,0
553,2397924237,Obagi,2025-06-01,5.0,84,18,1,False,,,,,,0,0,0,0,0,0,0
554,2397924237,Obagi,2025-06-01,5.0,163,38,1,False,positive,False,True,True,False,1,0,0,0,0,0,0
555,2397924237,Obagi,2025-06-01,5.0,80,19,1,False,positive,False,True,True,False,1,0,0,0,0,0,0
556,2397924237,Obagi,2025-05-01,5.0,186,45,1,False,negative,True,False,False,True,1,0,0,0,0,0,0
557,2397924237,Obagi,2025-04-01,5.0,99,24,1,False,,,,,,0,0,0,0,0,0,0
558,2397924237,Obagi,2025-03-01,5.0,48,11,1,False,neutral,False,False,False,False,0,1,0,0,0,0,0
559,2397924237,Obagi,2025-03-01,5.0,121,25,1,False,positive,False,True,False,False,1,0,0,0,0,0,0
560,2397924237,Obagi,2025-03-01,5.0,98,22,1,False,neutral,False,True,True,False,1,0,0,0,0,0,1
561,2397924237,Obagi,2024-12-01,5.0,57,14,1,False,positive,False,True,False,False,1,0,0,0,0,0,0
562,2397924237,Obagi,2024-12-01,5.0,90,21,1,False,negative,True,False,False,True,1,0,0,0,0,0,0
563,2397924237,Obagi,2024-12-01,5.0,110,25,1,False,neutral,False,False,False,False,1,0,0,0,0,0,0
564,2397924237,Obagi,2024-11-01,5.0,105,22,1,False,,,,,,0,0,0,0,0,0,0
565,2397924237,Obagi,2024-11-01,5.0,106,22,1,False,positive,False,True,False,False,1,0,0,0,1,0,0
566,2397924237,Obagi,2024-11-01,5.0,116,28,1,False,neutral,False,False,False,False,0,1,0,0,0,0,0
567,2397924237,Obagi,2024-11-01,5.0,135,31,1,False,neutral,False,True,True,False,1,0,0,0,0,0,0
568,2397924237,Obagi,2024-11-01,5.0,80,19,1,False,positive,False,True,False,False,1,0,0,0,0,0,0
569,2397924237,Obagi,2024-09-01,5.0,103,23,1,False,,,,,,0,0,0,0,0,0,0
570,2397924237,Obagi,2024-09-01,5.0,189,43,1,False,neutral,False,True,True,False,0,1,0,0,0,0,0
571,2397924237,Obagi,2024-09-01,5.0,349,78,1,False,positive,False,True,False,False,1,1,0,0,0,0,0
572,2397924237,Obagi,2024-08-01,5.0,174,36,1,False,positive,False,True,False,False,0,0,1,0,0,0,0
573,2397924237,Obagi,2024-07-01,5.0,274,64,1,False,neutral,False,False,False,False,0,1,0,0,0,0,0
574,2397924237,Obagi,2024-07-01,5.0,130,27,1,False,,,,,,0,0,0,0,0,0,0
575,2397924237,Obagi,2024-07-01,5.0,277,58,1,False,positive,False,True,False,False,1,0,0,0,0,0,0
576,2397924237,Obagi,2024-07-01,5.0,28,7,1,False,,,,,,0,0,0,0,0,0,0
577,2397924237,Obagi,2024-07-01,5.0,126,29,1,False,neutral,False,False,False,False,1,0,0,0,0,0,0
578,2397924237,Obagi,2024-07-01,5.0,224,49,1,False,positive,False,True,True,False,1,0,0,0,1,0,0
579,2397924237,Obagi,2024-06-01,5.0,129,26,1,False,,,,,,0,0,0,0,0,0,0
580,2397924237,Obagi,2024-06-01,5.0,130,30,1,False,positive,False,True,True,False,1,0,0,0,1,0,0
581,2397924237,Obagi,2024-06-01,5.0,29,7,1,False,positive,False,True,False,False,1,0,0,0,0,0,0
582,2397924237,Obagi,2024-06-01,5.0,67,15,1,False,neutral,False,False,False,False,1,0,0,0,0,0,0
583,2397924237,Obagi,2024-06-01,5.0,158,38,1,False,positive,False,True,True,False,1,0,0,0,1,0,0
584,2397924237,Obagi,2024-06-01,5.0,191,43,1,False,neutral,False,False,False,False,1,1,0,0,0,0,0
585,2397924237,Obagi,2024-05-01,5.0,49,12,1,False,neutral,False,False,False,False,1,0,0,0,0,0,0
586,2397924237,Obagi,2024-05-01,5.0,29,8,1,False,neutral,False,False,False,False,0,1,0,0,0,0,0
587,2397924237,Obagi,2024-05-01,5.0,72,16,1,False,neutral,True,False,True,True,1,0,0,1,0,0,0
588,2397924237,Obagi,2024-05-01,5.0,159,32,1,False,,,,,,0,0,0,0,0,0,0
589,2397924237,Obagi,2024-05-01,5.0,47,11,1,False,negative,True,True,True,True,0,0,1,1,0,0,0
590,2397924237,Obagi,2024-05-01,5.0,116,25,1,False,positive,False,True,False,False,1,0,0,0,0,0,0
591,2397924237,Obagi,2024-05-01,5.0,110,23,1,False,,,,,,0,0,0,0,0,0,0
592,2397924237,Obagi,2024-04-01,5.0,43,10,1,False,,,,,,0,0,0,0,0,0,0
593,2397924237,Obagi,2024-04-01,5.0,90,20,1,False,positive,False,True,True,False,0,0,1,0,0,0,1
594,2397924237,Obagi,2024-04-01,5.0,87,21,1,False,,,,,,0,0,0,0,0,0,0
595,2397924237,Obagi,2024-04-01,5.0,67,14,1,False,negative,True,True,True,True,1,0,0,0,0,0,0
596,2397924237,Obagi,2024-04-01,5.0,64,15,1,False,neutral,False,False,False,False,0,1,0,0,0,0,0
597,2397924237,Obagi,2024-04-01,5.0,160,35,1,False,neutral,False,True,True,False,1,0,1,1,0,0,0
598,2397924237,Obagi,2024-04-01,5.0,118,28,1,False,neutral,False,False,False,False,0,0,1,0,0,0,0
599,2397924237,Obagi,2024-03-01,5.0,62,13,1,False,neutral,False,True,True,False,0,0,1,1,0,0,0
600,2397924237,Obagi,2024-03-01,5.0,132,29,1,False,positive,False,True,False,False,1,0,0,0,0,0,0
601,2397924237,Obagi,2024-03-01,5.0,62,13,1,False,positive,False,True,True,False,0,1,0,1,0,0,0
602,2397924237,Obagi,2024-03-01,5.0,79,18,1,False,positive,False,True,False,False,1,0,0,0,0,0,0
603,2397924237,Obagi,2024-03-01,5.0,178,41,1,False,positive,False,True,False,False,1,0,0,0,1,0,0
604,2397924237,Obagi,2024-03-01,5.0,25,6,1,False,neutral,False,False,False,False,0,0,0,0,0,0,1
605,2397924237,Obagi,2024-03-01,5.0,134,28,1,False,neutral,False,False,False,False,0,1,0,1,0,0,0
606,2397924237,Obagi,2024-03-01,5.0,67,15,1,False,positive,False,True,False,False,1,0,0,0,0,0,0
607,2397924237,Obagi,2024-03-01,5.0,142,33,1,False,neutral,False,False,False,False,0,0,1,0,0,0,0
608,2397924237,Obagi,2024-03-01,5.0,63,13,1,False,,,,,,0,0,0,0,0,0,0
609,2397924237,Obagi,2024-02-01,5.0,113,25,1,False,,,,,,0,0,0,0,0,0,0
610,2397924237,Obagi,2024-02-01,5.0,75,18,1,False,positive,False,True,False,False,1,0,0,0,0,0,0
611,2397924237,Obagi,2024-02-01,5.0,83,16,1,False,,,,,,0,0,0,0,0,0,0
612,2397924237,Obagi,2024-01-01,5.0,173,40,1,False,positive,False,True,False,False,0,0,0,0,0,0,1
613,2397924237,Obagi,2024-01-01,5.0,84,10,1,False,positive,False,True,False,False,1,0,1,0,1,0,0
614,2397924237,Obagi,2024-01-01,5.0,142,32,1,False,positive,False,True,False,False,1,0,0,0,1,0,0
615,2397924237,Obagi,2024-01-01,5.0,14,3,1,False,,,,,,0,0,0,0,0,0,0
616,2397924237,Obagi,2024-01-01,5.0,77,16,1,False,neutral,False,True,True,False,0,1,1,1,0,0,0
617,2397924237,Obagi,2024-01-01,5.0,87,20,1,False,neutral,False,False,False,False,1,0,0,0,0,0,0
618,2397924237,Obagi,2024-01-01,5.0,59,10,1,False,positive,False,True,False,False,1,0,1,0,1,0,0
619,2397924237,Obagi,2024-01-01,5.0,76,19,1,False,,,,,,0,0,0,0,0,0,0
620,2397924237,Obagi,2024-01-01,5.0,44,8,1,False,,,,,,0,0,0,0,0,0,0
621,2397924237,Obagi,2023-12-01,5.0,69,16,1,False,positive,False,True,False,False,1,0,0,0,0,0,0
622,2397924237,Obagi,2023-12-01,5.0,17,4,1,False,,,,,,0,0,0,0,0,0,0
623,2397924237,Obagi,2023-12-01,5.0,211,47,1,False,positive,False,True,False,False,1,0,1,0,0,0,1
624,2397924237,Obagi,2023-12-01,5.0,124,27,1,False,neutral,True,False,True,True,0,1,1,0,0,0,0
625,2397924237,Obagi,2023-12-01,5.0,154,34,1,False,neutral,False,True,True,False,0,0,0,1,0,0,1
626,2397924237,Obagi,2023-12-01,5.0,186,43,1,False,positive,False,True,False,False,0,0,1,0,1,0,0
627,2397924237,Obagi,2023-12-01,5.0,137,32,1,False,neutral,False,False,False,False,0,0,0,0,0,0,1
628,2397924237,Obagi,2023-12-01,5.0,28,7,1,False,positive,False,True,False,False,1,0,0,0,0,0,0
629,2397924237,Obagi,2023-12-01,5.0,26,6,1,False,neutral,False,False,False,False,1,0,0,0,0,0,0
630,2397924237,Obagi,2023-12-01,5.0,95,21,1,False,positive,False,True,True,False,0,0,0,1,1,0,0
631,2397924237,Obagi,2023-12-01,5.0,174,41,1,False,neutral,False,True,True,False,0,1,0,0,0,0,1
632,2397924237,Obagi,2023-12-01,5.0,114,29,1,False,positive,False,True,True,False,0,1,1,0,0,0,0
633,2397924237,Obagi,2023-12-01,5.0,91,19,1,False,negative,True,False,False,True,0,0,1,0,0,0,0
634,2397924237,Obagi,2023-12-01,5.0,81,18,1,False,neutral,False,False,False,False,0,1,0,0,0,0,0
635,2397924237,Obagi,2023-12-01,5.0,122,27,1,False,neutral,False,True,True,False,0,1,1,1,0,0,0
636,2397924237,Obagi,2023-12-01,5.0,39,9,1,False,positive,False,True,False,False,0,0,1,0,0,0,0
637,2397924237,Obagi,2023-12-01,5.0,76,18,1,False,,,,,,0,0,0,0,0,0,0
638,2392814305,Obagi,2026-03-01,5.0,69,14,1,False,,,,,,0,0,0,0,0,0,0
639,2392814305,Obagi,2025-06-01,5.0,104,22,1,False,neutral,True,False,True,True,1,1,1,0,0,0,0
640,2392814305,Obagi,2024-03-01,5.0,126,28,1,False,neutral,False,True,True,False,1,0,1,1,0,0,1
641,2392814305,Obagi,2024-01-01,5.0,91,21,1,False,negative,True,True,True,True,1,0,0,0,1,0,0
642,2392814305,Obagi,2023-11-01,5.0,61,15,1,False,neutral,False,False,False,False,0,1,0,0,0,0,0
643,2392814305,Obagi,2023-11-01,5.0,59,14,1,False,,,,,,0,0,0,0,0,0,0
644,2997347425,Obagi,2026-02-01,5.0,76,17,1,False,,,,,,0,0,0,0,0,0,0
645,3135483484,Obagi,2025-07-01,1.0,33,8,1,False,,,,,,0,0,0,0,0,0,0
646,2997466004,Obagi,2026-02-01,5.0,138,30,1,False,positive,False,True,False,False,0,0,0,0,1,0,0
647,2997466004,Obagi,2026-02-01,5.0,84,20,1,False,positive,False,True,True,False,1,1,0,0,0,1,0
648,2997466004,Obagi,2025-11-01,5.0,287,67,1,False,positive,False,True,True,False,1,0,0,0,0,0,0
649,2997466004,Obagi,2025-10-01,5.0,95,23,1,False,positive,False,True,False,False,1,0,0,0,0,0,0
650,2997466004,Obagi,2025-09-01,5.0,132,30,1,False,positive,False,True,False,False,1,0,0,0,0,0,0
651,2997466004,Obagi,2025-09-01,5.0,57,15,1,False,,,,,,0,0,0,0,0,0,0
652,2997466004,Obagi,2025-08-01,5.0,72,18,1,False,positive,False,True,False,False,0,0,1,0,0,0,0
653,2880693154,Obagi,2025-11-01,5.0,10,2,1,False,,,,,,0,0,0,0,0,0,0
654,2880693154,Obagi,2025-10-01,5.0,125,26,1,False,,,,,,0,0,0,0,0,0,0
655,2880693154,Obagi,2025-09-01,5.0,138,29,1,False,positive,False,True,False,False,1,0,0,0,0,0,0
656,2880693154,Obagi,2025-09-01,5.0,119,27,1,False,positive,False,True,False,False,1,0,0,0,0,0,0
657,3064046678,Obagi,2025-10-01,5.0,13,3,6,True,positive,False,True,False,False,1,0,0,0,0,0,0
658,3064046678,Obagi,2025-10-01,5.0,82,19,1,False,positive,False,True,False,False,0,1,0,0,0,0,0
659,3064046678,Obagi,2025-08-01,5.0,83,19,1,False,neutral,False,False,False,False,1,0,0,0,1,0,0
660,2997467026,Obagi,2025-11-01,5.0,164,33,1,False,neutral,False,True,True,False,0,0,1,1,0,0,0
661,2997467026,Obagi,2025-10-01,5.0,88,20,1,False,negative,True,False,True,True,1,1,0,0,0,0,0
662,2997467026,Obagi,2025-09-01,5.0,90,21,1,False,negative,True,False,False,True,1,0,0,0,0,0,0
663,2997467026,Obagi,2025-06-01,5.0,120,26,1,False,positive,False,True,False,False,1,1,0,0,0,1,0
664,2997467026,Obagi,2025-06-01,5.0,140,32,1,False,neutral,False,True,True,False,0,1,0,1,0,0,1
665,2997467026,Obagi,2025-05-01,5.0,443,102,1,False,positive,False,True,True,False,1,1,1,0,0,1,1
666,2997467026,Obagi,2025-05-01,5.0,139,32,1,False,neutral,False,False,False,False,0,1,0,0,0,0,0
667,2855649419,Obagi,2025-11-01,5.0,193,42,1,False,positive,False,True,True,False,1,1,0,1,1,0,0
668,2855649419,Obagi,2025-10-01,5.0,117,26,1,False,neutral,False,False,False,False,1,0,1,0,0,0,0
669,2855649419,Obagi,2025-09-01,5.0,321,75,1,False,neutral,True,True,True,True,0,0,1,1,0,0,1
670,2855649419,Obagi,2025-09-01,5.0,108,21,1,False,positive,False,True,False,False,1,1,0,0,0,1,0
671,2855649419,Obagi,2025-07-01,5.0,33,7,1,False,positive,False,True,False,False,1,0,0,0,0,0,0
672,2413489553,Obagi,2025-11-01,5.0,96,21,1,False,positive,False,True,False,False,1,0,0,0,0,1,0
673,2413489553,Obagi,2025-09-01,5.0,59,14,1,False,positive,False,True,False,False,1,0,0,0,0,0,0
674,2413489553,Obagi,2025-09-01,5.0,104,24,1,False,neutral,True,False,True,True,1,1,0,0,0,0,0
675,2413489553,Obagi,2025-08-01,5.0,67,14,1,False,,,,,,0,0,0,0,0,0,0
676,2413489553,Obagi,2025-07-01,5.0,44,10,1,False,neutral,False,False,False,False,0,1,0,0,0,0,0
677,2413489553,Obagi,2025-06-01,5.0,109,25,1,False,positive,False,True,False,False,1,0,0,0,0,0,0
678,2413489553,Obagi,2025-06-01,5.0,147,31,1,False,positive,False,True,True,False,1,1,1,1,0,0,0
679,2413489553,Obagi,2025-05-01,5.0,138,31,1,False,positive,False,True,False,False,1,0,0,0,0,0,0
680,2413489553,Obagi,2025-05-01,5.0,92,21,1,False,positive,False,True,False,False,1,0,1,0,0,0,0
681,3135461843,Obagi,2025-07-01,1.0,32,8,1,False,,,,,,0,0,0,0,0,0,0
682,3135461843,Obagi,2025-08-01,5.0,11,3,1,False,,,,,,0,0,0,0,0,0,0
683,2424351193,Obagi,2025-09-01,2.0,523,130,1,False,positive,False,True,True,False,1,1,1,0,0,0,1
684,2424351193,Obagi,2025-12-01,5.0,4,1,6,True,,,,,,0,0,0,0,0,0,0
685,2424351193,Obagi,2025-11-01,5.0,46,11,1,False,neutral,False,True,True,False,1,0,0,0,0,0,0
686,2424351193,Obagi,2025-10-01,5.0,35,7,1,False,,,,,,0,0,0,0,0,0,0
687,2424351193,Obagi,2025-09-01,5.0,116,23,1,False,neutral,False,False,False,False,1,0,0,0,0,0,0
688,2424351193,Obagi,2025-08-01,5.0,162,37,1,False,positive,False,True,False,False,1,0,0,0,0,0,0
689,2424351193,Obagi,2025-08-01,5.0,18,3,1,False,positive,False,True,False,False,1,0,0,0,0,0,0
690,2424351193,Obagi,2025-06-01,5.0,109,20,1,False,neutral,False,False,False,False,0,1,0,0,0,0,0
691,2424351193,Obagi,2025-06-01,5.0,100,20,1,False,positive,False,True,True,False,1,0,0,0,0,0,0
692,2424351193,Obagi,2025-06-01,5.0,188,32,1,False,neutral,False,False,False,False,0,0,0,0,0,1,0
693,2424351193,Obagi,2024-05-01,5.0,79,23,1,False,,,,,,0,0,0,0,0,0,0
694,2397901251,Obagi,2024-06-01,2.0,441,102,1,False,neutral,True,False,True,False,0,0,0,0,0,0,1
695,2397901251,Obagi,2025-04-01,3.0,128,30,1,False,neutral,False,False,False,False,0,0,0,0,0,0,1
696,2397901251,Obagi,2025-09-01,5.0,106,23,1,False,neutral,False,True,True,False,0,1,1,1,0,0,0
697,2397901251,Obagi,2025-09-01,5.0,201,46,1,False,,,,,,0,0,0,0,0,0,0
698,2397901251,Obagi,2025-09-01,5.0,63,14,1,False,positive,False,True,False,False,0,1,0,0,0,0,0
699,2397901251,Obagi,2025-08-01,5.0,47,10,1,False,neutral,False,True,True,False,1,0,1,0,0,0,1
700,2397901251,Obagi,2024-12-01,5.0,133,30,1,False,positive,False,True,True,False,1,0,0,0,1,0,0
701,2397901251,Obagi,2024-11-01,5.0,126,27,1,False,positive,False,True,False,False,1,0,0,0,1,0,0
702,2397901251,Obagi,2024-11-01,5.0,78,18,1,False,positive,False,True,True,False,1,0,0,0,1,0,0
703,2397901251,Obagi,2024-01-01,5.0,107,24,1,False,,,,,,0,0,0,0,0,0,0
704,2397901251,Obagi,2024-01-01,5.0,4,1,6,True,,,,,,0,0,0,0,0,0,0
705,2397901251,Obagi,2023-12-01,5.0,65,16,1,False,neutral,False,False,False,False,0,0,1,0,0,0,0
706,2397901251,Obagi,2023-12-01,5.0,99,25,1,False,neutral,False,False,False,False,0,0,0,0,0,0,1
707,2397901251,Obagi,2023-12-01,5.0,19,5,1,False,,,,,,0,0,0,0,0,0,0
708,2397901251,Obagi,2023-11-01,5.0,264,61,1,False,neutral,False,False,False,False,0,1,0,0,0,0,1
709,2759394043,Obagi,2024-11-01,5.0,13,4,1,False,,,,,,0,0,0,0,0,0,0
710,2759394043,Obagi,2024-11-01,5.0,25,6,1,False,,,,,,0,0,0,0,0,0,0
711,3072813842,Obagi,2025-09-01,5.0,97,24,1,False,positive,False,True,False,False,0,0,1,0,0,0,0
712,3072813842,Obagi,2025-09-01,5.0,70,15,10,True,positive,False,True,True,False,0,0,1,0,0,0,0
713,3052307780,Obagi,2026-04-01,1.0,77,17,1,False,,,,,,0,0,0,0,0,0,0
714,3052307780,Obagi,2025-11-01,1.0,91,22,1,False,negative,True,False,False,False,0,0,1,0,0,0,0
715,3052307780,Obagi,2026-01-01,2.0,278,65,1,False,,,,,,0,0,0,0,0,0,0
716,3052307780,Obagi,2026-03-01,3.0,63,14,1,False,,,,,,0,0,0,0,0,0,0
717,3052307780,Obagi,2025-12-01,3.0,34,7,1,False,neutral,False,False,False,False,0,0,1,0,0,0,0
718,3052307780,Obagi,2026-03-01,4.0,53,12,1,False,neutral,False,True,True,False,1,0,0,0,0,0,1
719,3052307780,Obagi,2026-04-01,5.0,55,13,1,False,positive,False,True,False,False,1,0,0,0,0,0,0
720,3052307780,Obagi,2026-04-01,5.0,78,17,1,False,positive,False,True,False,False,1,0,0,0,0,0,0
721,3052307780,Obagi,2026-04-01,5.0,21,5,1,False,,,,,,0,0,0,0,0,0,0
722,3052307780,Obagi,2026-04-01,5.0,107,24,1,False,positive,False,True,False,False,1,0,0,0,1,0,0
723,3052307780,Obagi,2026-04-01,5.0,26,5,1,False,neutral,False,False,False,False,0,0,0,0,1,0,0
724,3052307780,Obagi,2026-03-01,5.0,155,36,1,False,,,,,,0,0,0,0,0,0,0
725,3052307780,Obagi,2026-03-01,5.0,107,24,1,False,neutral,False,True,True,False,1,0,0,0,1,0,0
726,3052307780,Obagi,2026-03-01,5.0,58,15,1,False,neutral,False,False,False,False,0,0,1,0,0,0,0
727,3052307780,Obagi,2026-03-01,5.0,71,17,1,False,,,,,,0,0,0,0,0,0,0
728,3052307780,Obagi,2026-03-01,5.0,67,15,1,False,positive,False,True,False,False,1,0,0,0,0,0,0
729,3052307780,Obagi,2026-03-01,5.0,87,17,1,False,positive,False,True,True,False,1,0,0,0,1,0,0
730,3052307780,Obagi,2026-02-01,5.0,90,22,1,False,positive,False,True,False,False,0,0,1,0,0,0,0
731,3052307780,Obagi,2026-01-01,5.0,98,22,1,False,positive,False,True,True,False,0,0,0,1,1,0,0
732,3052307780,Obagi,2026-01-01,5.0,72,16,1,False,positive,False,True,False,False,0,0,0,0,1,0,0
733,3052307780,Obagi,2026-01-01,5.0,196,42,1,False,neutral,False,True,True,False,1,0,1,0,0,0,1
734,3052307780,Obagi,2025-12-01,5.0,98,23,1,False,positive,False,True,False,False,1,0,0,0,0,0,0
735,3052307780,Obagi,2025-12-01,5.0,80,19,1,False,positive,False,True,False,False,1,0,0,0,1,0,0
736,3052307780,Obagi,2025-12-01,5.0,66,15,1,False,neutral,False,False,False,False,0,1,0,1,0,0,0
737,3052307780,Obagi,2025-12-01,5.0,71,16,1,False,positive,False,True,True,False,1,0,0,1,1,0,0
738,3052307780,Obagi,2025-12-01,5.0,93,21,1,False,positive,False,True,False,False,1,0,0,0,0,0,0
739,3052307780,Obagi,2025-12-01,5.0,83,18,1,False,positive,False,True,False,False,1,0,0,0,0,0,0
740,3052307780,Obagi,2025-12-01,5.0,104,23,1,False,positive,False,True,True,False,1,1,0,0,0,0,0
741,3052307780,Obagi,2025-12-01,5.0,215,48,1,False,neutral,False,True,True,False,0,0,0,1,0,0,1
742,3052307780,Obagi,2025-12-01,5.0,266,61,1,False,neutral,False,True,True,False,0,0,0,1,0,0,1
743,3052307780,Obagi,2025-12-01,5.0,109,28,1,False,neutral,False,False,False,False,1,1,0,0,0,0,0
744,3052307780,Obagi,2025-12-01,5.0,88,19,1,False,positive,False,True,True,False,1,0,0,0,0,1,0
745,3052307780,Obagi,2025-12-01,5.0,98,23,1,False,positive,False,True,False,False,1,0,0,0,1,0,0
746,3052307780,Obagi,2025-12-01,5.0,115,27,1,False,positive,False,True,False,False,1,0,0,0,1,0,0
747,3052307780,Obagi,2025-12-01,5.0,120,28,1,False,positive,False,True,False,False,1,0,0,0,0,0,0
748,3052307780,Obagi,2025-12-01,5.0,114,26,1,False,neutral,True,False,True,True,1,0,1,0,0,0,0
749,3052307780,Obagi,2025-12-01,5.0,113,24,1,False,positive,False,True,True,False,0,1,1,1,0,0,1
750,3052307780,Obagi,2025-12-01,5.0,111,25,1,False,positive,False,True,False,False,0,0,0,0,1,0,0
751,3052307780,Obagi,2025-12-01,5.0,264,59,1,False,negative,True,False,False,True,0,0,1,0,0,0,0
752,3052307780,Obagi,2025-12-01,5.0,89,21,1,False,neutral,False,False,False,False,0,1,1,0,0,0,0
753,3052307780,Obagi,2025-12-01,5.0,71,18,1,False,neutral,False,False,False,False,0,0,1,0,0,0,1
754,3052307780,Obagi,2025-12-01,5.0,137,28,1,False,positive,False,True,True,False,0,1,1,0,0,0,0
755,3052307780,Obagi,2025-12-01,5.0,149,33,1,False,positive,False,True,True,False,1,0,0,0,1,0,0
756,3052307780,Obagi,2025-12-01,5.0,119,27,1,False,positive,False,True,False,False,1,0,0,0,1,0,0
757,3052307780,Obagi,2025-12-01,5.0,105,25,1,False,neutral,False,False,False,False,0,0,0,0,1,0,0
758,3052307780,Obagi,2025-12-01,5.0,72,17,1,False,positive,False,True,True,False,0,1,0,0,1,0,0
759,3052307780,Obagi,2025-12-01,5.0,127,29,1,False,positive,False,True,True,False,1,0,0,0,1,0,0
760,3052307780,Obagi,2025-12-01,5.0,130,28,1,False,positive,False,True,True,False,1,0,0,0,1,0,0
761,3052307780,Obagi,2025-12-01,5.0,103,22,1,False,neutral,False,False,False,False,0,0,0,1,0,0,1
762,3052307780,Obagi,2025-12-01,5.0,93,21,1,False,positive,False,True,False,False,1,0,0,0,1,0,0
763,3052307780,Obagi,2025-12-01,5.0,116,24,1,False,neutral,False,True,True,False,1,0,0,0,1,1,0
764,3052307780,Obagi,2025-12-01,5.0,186,42,1,False,positive,False,True,True,False,0,1,1,0,1,0,0
765,3052307780,Obagi,2025-12-01,5.0,97,21,1,False,positive,False,True,False,False,1,1,0,0,0,1,0
766,3052307780,Obagi,2025-12-01,5.0,82,19,1,False,neutral,False,False,False,False,0,1,0,0,0,0,0
767,3052307780,Obagi,2025-11-01,5.0,16,4,1,False,,,,,,0,0,0,0,0,0,0
768,3052307780,Obagi,2025-11-01,5.0,83,18,1,False,positive,False,True,False,False,1,0,0,0,0,0,0
769,3052307780,Obagi,2025-11-01,5.0,91,20,1,False,neutral,False,False,False,False,0,1,0,0,0,0,0
770,3052307780,Obagi,2025-11-01,5.0,80,17,1,False,,,,,,0,0,0,0,0,0,0
771,3052307780,Obagi,2025-11-01,5.0,76,17,1,False,positive,False,True,False,False,1,0,0,0,0,0,0
772,3052307780,Obagi,2025-11-01,5.0,134,31,1,False,positive,False,True,False,False,1,0,0,0,0,0,0
773,3052307780,Obagi,2025-11-01,5.0,143,33,1,False,positive,False,True,False,False,1,1,0,0,0,0,0
774,3052307780,Obagi,2025-11-01,5.0,81,20,1,False,positive,False,True,False,False,1,0,0,0,0,0,0
775,3052307780,Obagi,2025-11-01,5.0,157,37,1,False,positive,False,True,False,False,1,0,0,0,0,0,0
776,3052307780,Obagi,2025-11-01,5.0,99,22,1,False,positive,False,True,False,False,1,0,0,0,0,0,0
777,3052307780,Obagi,2025-11-01,5.0,67,16,1,False,neutral,False,False,False,False,1,0,0,0,0,0,0
778,3052307780,Obagi,2025-11-01,5.0,74,18,1,False,positive,False,True,False,False,0,1,0,1,0,0,1
779,3052307780,Obagi,2025-11-01,5.0,64,14,1,False,positive,False,True,False,False,1,0,0,0,0,0,0
780,3052307780,Obagi,2025-11-01,5.0,73,17,1,False,positive,False,True,False,False,1,0,0,0,1,0,0
781,3052307780,Obagi,2025-11-01,5.0,123,27,1,False,,,,,,0,0,0,0,0,0,0
782,3052307780,Obagi,2025-11-01,5.0,75,18,1,False,positive,False,True,False,False,0,1,0,0,0,0,0
783,3052307780,Obagi,2025-11-01,5.0,60,13,1,False,positive,False,True,False,False,1,0,0,0,0,0,0
784,3052307780,Obagi,2025-11-01,5.0,88,20,1,False,positive,False,True,False,False,1,0,0,0,1,0,0
785,3052307780,Obagi,2025-11-01,5.0,95,22,1,False,positive,False,True,False,False,1,0,0,0,0,0,0
786,3052307780,Obagi,2025-11-01,5.0,67,15,1,False,positive,False,True,True,False,0,0,1,0,0,0,1
787,3052307780,Obagi,2025-11-01,5.0,120,26,1,False,positive,False,True,True,False,1,0,0,0,1,0,0
788,3052307780,Obagi,2025-11-01,5.0,94,20,1,False,positive,False,True,False,False,1,0,0,0,1,0,0
789,3052307780,Obagi,2025-11-01,5.0,109,25,1,False,positive,False,True,False,False,1,0,0,0,1,0,0
790,3052307780,Obagi,2025-11-01,5.0,103,24,1,False,neutral,False,False,False,False,0,1,0,0,0,0,0
791,3052307780,Obagi,2025-11-01,5.0,83,18,1,False,positive,False,True,False,False,1,0,0,0,0,0,0
792,3052307780,Obagi,2025-11-01,5.0,215,51,1,False,positive,False,True,False,False,1,0,0,0,0,0,0
793,3052307780,Obagi,2025-11-01,5.0,24,6,1,False,neutral,False,True,True,False,0,1,0,0,0,0,0
794,3052307780,Obagi,2025-11-01,5.0,177,41,1,False,positive,False,True,False,False,0,1,0,0,0,0,0
795,3052307780,Obagi,2025-10-01,5.0,114,26,1,False,positive,False,True,False,False,1,0,0,0,0,0,0
796,3052307780,Obagi,2025-10-01,5.0,102,23,1,False,positive,False,True,False,False,1,0,0,0,1,0,0
797,3052307780,Obagi,2025-09-01,5.0,74,16,1,False,neutral,False,False,False,False,0,1,0,0,0,0,0
798,3052307780,Obagi,2025-09-01,5.0,29,7,1,False,neutral,False,False,False,False,0,0,1,0,0,0,0
799,3052307780,Obagi,2025-09-01,5.0,159,36,1,False,neutral,False,True,True,False,1,0,0,0,0,0,1
800,3052307780,Obagi,2025-09-01,5.0,115,27,1,False,positive,False,True,False,False,1,0,0,0,0,0,0
801,3052307780,Obagi,2025-08-01,5.0,121,28,1,False,positive,False,True,True,False,1,0,0,1,0,0,0
802,3052307780,Obagi,2025-07-01,5.0,175,41,1,False,neutral,False,False,False,False,0,0,0,0,0,0,1
803,3052307780,Obagi,2025-07-01,5.0,152,34,1,False,neutral,False,True,True,False,1,1,0,0,0,0,0
804,3052307780,Obagi,2025-06-01,5.0,110,25,1,False,neutral,True,True,True,True,1,1,1,0,0,0,1
805,3052307780,Obagi,2025-06-01,5.0,90,19,1,False,neutral,False,False,False,False,1,0,0,0,0,0,0
806,3052307780,Obagi,2025-06-01,5.0,82,16,1,False,positive,False,True,False,False,1,1,0,0,0,1,0
807,3052307780,Obagi,2025-06-01,5.0,166,38,1,False,positive,False,True,False,False,1,1,0,0,0,1,0
808,3052307780,Obagi,2025-06-01,5.0,127,31,1,False,,,,,,0,0,0,0,0,0,0
809,3052307780,Obagi,2025-06-01,5.0,287,68,1,False,,,,,,0,0,0,0,0,0,0
810,3052307780,Obagi,2025-06-01,5.0,70,16,1,False,positive,False,True,False,False,1,1,0,0,0,0,0
811,3052307780,Obagi,2025-06-01,5.0,59,14,1,False,positive,False,True,False,False,1,0,0,0,0,0,0
812,3052307780,Obagi,2025-06-01,5.0,184,40,1,False,neutral,False,False,False,False,1,1,0,0,0,0,0
813,3052307780,Obagi,2025-05-01,5.0,85,11,1,False,positive,False,True,False,False,1,1,0,0,0,1,0
814,3052307780,Obagi,2025-05-01,5.0,113,27,1,False,,,,,,0,0,0,0,0,0,0
815,3052307780,Obagi,2025-05-01,5.0,80,16,1,False,positive,False,True,True,False,0,0,1,1,0,0,1
816,2965505412,Obagi,2025-10-01,4.0,117,26,1,False,negative,True,True,True,True,0,1,1,1,0,0,0
817,2965505412,Obagi,2026-04-01,5.0,108,23,1,False,positive,False,True,False,False,0,0,1,0,0,0,1
818,2965505412,Obagi,2026-03-01,5.0,106,24,1,False,neutral,False,False,False,False,0,1,0,0,0,1,0
819,2965505412,Obagi,2026-03-01,5.0,102,22,1,False,positive,False,True,True,False,1,0,0,0,1,0,0
820,2965505412,Obagi,2026-02-01,5.0,62,13,1,False,positive,False,True,True,False,1,0,1,1,0,0,0
821,2965505412,Obagi,2026-02-01,5.0,87,19,1,False,neutral,False,False,False,False,1,0,0,0,0,0,0
822,2965505412,Obagi,2025-12-01,5.0,3,1,23,True,,,,,,0,0,0,0,0,0,0
823,2965505412,Obagi,2025-12-01,5.0,69,15,1,False,neutral,False,False,False,False,0,0,0,1,0,0,0
824,2965505412,Obagi,2025-12-01,5.0,95,20,1,False,,,,,,0,0,0,0,0,0,0
825,2965505412,Obagi,2025-12-01,5.0,81,18,1,False,positive,False,True,False,False,1,0,0,0,1,0,0
826,2965505412,Obagi,2025-12-01,5.0,61,12,1,False,neutral,False,True,True,False,1,0,0,0,1,0,0
827,2965505412,Obagi,2025-12-01,5.0,72,15,1,False,,,,,,0,0,0,0,0,0,0
828,2965505412,Obagi,2025-11-01,5.0,110,25,1,False,,,,,,0,0,0,0,0,0,0
829,2965505412,Obagi,2025-11-01,5.0,63,14,1,False,neutral,False,False,False,False,1,0,0,0,0,0,0
830,2965505412,Obagi,2025-11-01,5.0,92,19,1,False,neutral,False,True,True,False,1,0,0,0,1,0,0
831,2965505412,Obagi,2025-11-01,5.0,97,21,1,False,positive,False,True,False,False,1,0,0,0,1,0,0
832,2965505412,Obagi,2025-11-01,5.0,62,15,1,False,positive,False,True,True,False,1,1,0,0,1,0,0
833,2965505412,Obagi,2025-11-01,5.0,139,31,1,False,neutral,False,True,True,False,0,1,0,1,0,0,1
834,2965505412,Obagi,2025-11-01,5.0,148,29,1,False,neutral,False,True,True,False,1,0,0,0,0,1,0
835,2965505412,Obagi,2025-11-01,5.0,126,24,1,False,positive,False,True,True,False,1,0,0,0,0,1,0
836,2965505412,Obagi,2025-11-01,5.0,22,5,1,False,,,,,,0,0,0,0,0,0,0
837,2965505412,Obagi,2025-11-01,5.0,137,30,1,False,positive,False,True,False,False,0,0,1,0,0,0,0
838,2965505412,Obagi,2025-11-01,5.0,10,2,1,False,neutral,False,False,False,False,0,1,0,0,0,0,0
839,2965505412,Obagi,2025-11-01,5.0,159,34,1,False,positive,False,True,False,False,0,1,0,0,0,0,1
840,2965505412,Obagi,2025-10-01,5.0,104,23,1,False,positive,False,True,True,False,1,1,0,0,0,0,0
841,2965505412,Obagi,2025-10-01,5.0,88,19,1,False,positive,False,True,False,False,1,0,0,0,1,1,0
842,2965505412,Obagi,2025-10-01,5.0,93,19,1,False,neutral,False,True,True,False,1,1,0,0,0,0,0
843,2965505412,Obagi,2025-09-01,5.0,102,23,1,False,,,,,,0,0,0,0,0,0,0
844,2965505412,Obagi,2025-09-01,5.0,64,12,1,False,neutral,False,False,False,False,1,0,0,0,0,0,0
845,2965505412,Obagi,2025-08-01,5.0,20,4,1,False,positive,False,True,False,False,0,0,1,0,0,0,0
846,2965505412,Obagi,2025-07-01,5.0,113,23,1,False,neutral,False,False,False,False,0,1,0,0,0,0,0
847,2965505412,Obagi,2025-07-01,5.0,62,11,1,False,positive,False,True,True,False,0,0,1,0,0,0,1
848,2965505412,Obagi,2025-06-01,5.0,98,23,1,False,negative,True,False,False,True,1,1,0,0,0,0,0
849,2965505412,Obagi,2025-04-01,5.0,114,25,1,False,positive,False,True,False,False,0,1,0,0,0,0,0
850,2965505412,Obagi,2025-04-01,5.0,292,65,1,False,positive,False,True,True,False,0,1,0,1,0,0,1
851,2965505412,Obagi,2025-03-01,5.0,103,21,1,False,positive,False,True,True,False,1,1,1,0,0,0,0
852,2965505412,Obagi,2025-03-01,5.0,40,6,1,False,,,,,,0,0,0,0,0,0,0
853,2965505412,Obagi,2025-03-01,5.0,102,23,1,False,positive,False,True,False,False,1,1,0,0,0,1,0
854,2965505412,Obagi,2025-02-01,5.0,14,3,1,False,,,,,,0,0,0,0,0,0,0
855,2965505412,Obagi,2025-02-01,5.0,25,4,1,False,positive,False,True,False,False,1,0,0,0,0,1,0
856,2965505412,Obagi,2025-01-01,5.0,22,6,1,False,negative,True,False,False,True,1,0,0,0,0,0,0
857,2995156939,Obagi,2026-02-01,1.0,34,7,1,False,,,,,,0,0,0,0,0,0,0
858,2995156939,Obagi,2026-03-01,2.0,159,37,1,False,positive,False,True,False,False,1,1,0,0,0,0,0
859,2995156939,Obagi,2026-04-01,4.0,165,41,1,False,neutral,False,False,False,False,0,1,1,0,0,0,0
860,2995156939,Obagi,2026-04-01,5.0,205,45,1,False,positive,False,True,False,False,1,0,1,0,1,1,0
861,2995156939,Obagi,2026-04-01,5.0,117,25,1,False,positive,False,True,False,False,1,0,0,0,0,0,0
862,2995156939,Obagi,2026-03-01,5.0,160,34,1,False,positive,False,True,False,False,1,0,0,0,1,0,0
863,2995156939,Obagi,2026-03-01,5.0,63,12,1,False,positive,False,True,False,False,1,0,0,0,0,0,0
864,2995156939,Obagi,2026-03-01,5.0,136,29,1,False,positive,False,True,False,False,1,0,1,0,0,1,0
865,2995156939,Obagi,2026-03-01,5.0,58,13,1,False,positive,False,True,False,False,0,0,1,0,0,1,0
866,2995156939,Obagi,2026-01-01,5.0,171,39,1,False,,,,,,0,0,0,0,0,0,0
867,2995156939,Obagi,2025-12-01,5.0,140,30,1,False,positive,False,True,False,False,1,0,0,0,0,0,0
868,2995156939,Obagi,2025-12-01,5.0,65,15,1,False,positive,False,True,True,False,1,0,0,0,0,0,1
869,2995156939,Obagi,2025-12-01,5.0,149,34,1,False,positive,False,True,True,False,1,1,0,0,1,0,0
870,2995156939,Obagi,2025-12-01,5.0,120,25,1,False,positive,False,True,True,False,1,1,0,0,1,1,0
871,2995156939,Obagi,2025-12-01,5.0,64,15,1,False,positive,False,True,True,False,0,0,1,1,0,0,1
872,2995156939,Obagi,2025-12-01,5.0,113,27,1,False,neutral,False,True,True,False,0,1,1,1,0,0,0
873,2995156939,Obagi,2025-12-01,5.0,90,23,1,False,neutral,False,False,False,False,0,1,0,0,0,0,0
874,2995156939,Obagi,2025-12-01,5.0,102,23,1,False,positive,False,True,False,False,0,0,1,1,0,0,1
875,2995156939,Obagi,2025-12-01,5.0,159,37,1,False,positive,False,True,False,False,0,1,1,0,0,0,0
876,2995156939,Obagi,2025-11-01,5.0,224,51,1,False,positive,False,True,False,False,1,0,0,0,1,0,0
877,2995156939,Obagi,2025-11-01,5.0,83,22,1,False,positive,False,True,False,False,0,1,1,0,0,0,0
878,2995156939,Obagi,2025-09-01,5.0,16,3,1,False,positive,False,True,False,False,0,0,0,0,0,1,0
879,2995156939,Obagi,2025-09-01,5.0,59,13,1,False,positive,False,True,False,False,1,0,1,0,0,1,0
880,2995156939,Obagi,2025-09-01,5.0,57,12,1,False,positive,False,True,False,False,1,0,0,0,1,0,0
881,2995156939,Obagi,2025-09-01,5.0,41,8,1,False,neutral,False,False,False,False,0,1,0,0,0,0,0
882,2995156939,Obagi,2025-08-01,5.0,223,54,1,False,,,,,,0,0,0,0,0,0,0
883,2995156939,Obagi,2025-08-01,5.0,316,75,1,False,neutral,False,False,False,False,0,0,0,0,1,0,0
884,2995156939,Obagi,2025-07-01,5.0,270,60,1,False,,,,,,0,0,0,0,0,0,0
885,2995156939,Obagi,2025-07-01,5.0,133,30,1,False,positive,False,True,False,False,1,0,1,0,0,0,0
886,2995156939,Obagi,2025-07-01,5.0,27,5,1,False,positive,False,True,False,False,1,1,0,0,0,0,0
887,2995156939,Obagi,2025-07-01,5.0,14,4,1,False,positive,False,True,False,False,0,1,0,0,0,0,0
888,2995156939,Obagi,2025-06-01,5.0,84,19,1,False,neutral,False,False,False,False,0,1,1,1,0,0,1
889,2995156939,Obagi,2025-06-01,5.0,129,28,1,False,neutral,False,True,True,False,0,1,0,0,0,0,1
890,2995156939,Obagi,2025-06-01,5.0,110,17,1,False,positive,False,True,False,False,1,1,0,0,0,1,0
891,2995156939,Obagi,2025-06-01,5.0,96,18,1,False,positive,False,True,False,False,1,1,0,0,0,1,0
892,2995156939,Obagi,2025-06-01,5.0,191,47,1,False,neutral,False,False,False,False,0,1,0,0,1,0,0
893,2995156939,Obagi,2025-05-01,5.0,294,66,1,False,positive,False,True,False,False,1,0,1,0,0,0,0
894,2995156939,Obagi,2025-05-01,5.0,83,9,1,False,positive,False,True,False,False,1,1,0,0,0,1,0
895,2995156939,Obagi,2025-05-01,5.0,89,21,1,False,,,,,,0,0,0,0,0,0,0
896,2995156939,Obagi,2025-05-01,5.0,149,30,1,False,positive,False,True,False,False,1,1,0,0,0,1,0
897,2995156939,Obagi,2025-05-01,5.0,155,37,1,False,positive,False,True,False,False,1,0,0,0,0,1,0
898,2995156939,Obagi,2025-04-01,5.0,43,11,1,False,neutral,False,False,False,False,1,0,0,0,0,0,0
899,2995156939,Obagi,2025-04-01,5.0,129,29,1,False,neutral,False,False,False,False,0,1,0,0,0,0,0
900,2995156939,Obagi,2025-04-01,5.0,108,23,1,False,positive,False,True,False,False,1,0,0,0,0,0,0
901,2995156939,Obagi,2025-04-01,5.0,76,13,1,False,positive,False,True,False,False,1,1,0,0,0,1,0
902,2995156939,Obagi,2025-03-01,5.0,208,50,1,False,positive,False,True,False,False,0,1,0,0,0,0,0
903,2995156939,Obagi,2025-03-01,5.0,100,22,1,False,neutral,False,False,False,False,0,1,0,0,0,1,0
904,2995156939,Obagi,2025-03-01,5.0,65,14,1,False,positive,False,True,False,False,0,1,1,0,0,0,0
905,2995156939,Obagi,2025-03-01,5.0,238,56,1,False,neutral,False,True,True,False,1,1,0,0,0,0,0
906,2995156939,Obagi,2025-03-01,5.0,203,46,1,False,neutral,False,False,False,False,1,1,0,1,0,0,1
907,2995156939,Obagi,2025-03-01,5.0,104,21,1,False,positive,False,True,False,False,1,1,0,1,0,1,1
908,2995156939,Obagi,2025-03-01,5.0,135,31,1,False,,,,,,0,0,0,0,0,0,0
909,2995156939,Obagi,2025-03-01,5.0,50,12,1,False,,,,,,0,0,0,0,0,0,0
910,2398069022,Obagi,2025-04-01,1.0,195,46,1,False,negative,True,False,False,False,0,1,0,0,0,0,0
911,2398069022,Obagi,2024-04-01,1.0,207,46,1,False,neutral,False,False,False,False,0,0,0,0,0,0,1
912,2398069022,Obagi,2024-05-01,4.0,131,32,1,False,positive,False,True,True,False,1,0,0,0,0,1,0
913,2398069022,Obagi,2026-03-01,5.0,91,22,1,False,positive,False,True,True,False,1,0,1,0,0,0,0
914,2398069022,Obagi,2025-11-01,5.0,140,31,1,False,neutral,False,True,True,False,0,1,0,0,1,0,1
915,2398069022,Obagi,2025-11-01,5.0,68,15,1,False,,,,,,0,0,0,0,0,0,0
916,2398069022,Obagi,2025-09-01,5.0,12,3,10,True,,,,,,0,0,0,0,0,0,0
917,2398069022,Obagi,2025-08-01,5.0,188,42,1,False,positive,False,True,True,False,1,1,0,0,0,1,0
918,2398069022,Obagi,2025-08-01,5.0,73,17,1,False,positive,False,True,False,False,1,0,0,0,0,0,0
919,2398069022,Obagi,2025-05-01,5.0,81,19,1,False,neutral,False,True,True,False,1,0,0,0,0,0,0
920,2398069022,Obagi,2025-04-01,5.0,87,21,1,False,neutral,False,False,False,False,1,0,0,0,0,0,0
921,2398069022,Obagi,2025-03-01,5.0,139,31,1,False,neutral,False,False,False,False,1,1,0,0,0,0,0
922,2398069022,Obagi,2025-03-01,5.0,131,31,1,False,neutral,False,False,False,False,1,0,0,0,0,0,0
923,2398069022,Obagi,2024-12-01,5.0,99,23,1,False,neutral,False,True,True,False,1,0,0,0,0,0,0
924,2398069022,Obagi,2024-11-01,5.0,93,23,1,False,positive,False,True,False,False,0,1,0,0,0,0,0
925,2398069022,Obagi,2024-11-01,5.0,324,72,1,False,positive,False,True,False,False,1,0,1,0,0,0,1
926,2398069022,Obagi,2024-10-01,5.0,155,38,1,False,positive,False,True,True,False,1,1,0,0,0,1,0
927,2398069022,Obagi,2024-09-01,5.0,100,22,1,False,neutral,False,False,False,False,0,1,0,0,0,0,0
928,2398069022,Obagi,2024-08-01,5.0,125,30,1,False,neutral,False,False,False,False,1,0,0,0,0,0,0
929,2398069022,Obagi,2024-08-01,5.0,93,22,1,False,positive,False,True,False,False,1,1,0,0,0,0,0
930,2398069022,Obagi,2024-08-01,5.0,113,26,1,False,positive,False,True,True,False,1,0,0,0,0,0,0
931,2398069022,Obagi,2024-08-01,5.0,205,49,1,False,neutral,False,True,True,False,1,0,0,0,0,1,0
932,2398069022,Obagi,2024-07-01,5.0,84,18,1,False,neutral,False,True,True,False,0,1,1,0,0,0,0
933,2398069022,Obagi,2024-07-01,5.0,77,19,1,False,,,,,,0,0,0,0,0,0,0
934,2398069022,Obagi,2024-07-01,5.0,102,23,1,False,neutral,False,True,True,False,1,0,0,1,0,0,0
935,2398069022,Obagi,2024-07-01,5.0,34,8,1,False,,,,,,0,0,0,0,0,0,0
936,2398069022,Obagi,2024-06-01,5.0,102,24,1,False,positive,False,True,False,False,1,0,0,0,0,0,0
937,2398069022,Obagi,2024-06-01,5.0,52,12,1,False,positive,False,True,False,False,0,0,1,0,0,0,0
938,2398069022,Obagi,2024-06-01,5.0,82,20,1,False,positive,False,True,True,False,1,0,0,0,1,0,0
939,2398069022,Obagi,2024-06-01,5.0,38,8,1,False,positive,False,True,False,False,0,0,0,0,1,0,0
940,2398069022,Obagi,2024-05-01,5.0,79,18,1,False,neutral,False,False,False,False,1,0,0,0,0,0,0
941,2398069022,Obagi,2024-05-01,5.0,48,11,1,False,positive,False,True,False,False,1,0,0,0,0,0,0
942,2398069022,Obagi,2024-05-01,5.0,96,23,1,False,neutral,False,True,True,False,1,0,0,0,0,1,0
943,2398069022,Obagi,2024-05-01,5.0,70,17,1,False,positive,False,True,False,False,1,0,0,0,1,0,0
944,2398069022,Obagi,2024-04-01,5.0,79,18,1,False,neutral,False,False,False,False,1,0,0,0,0,0,0
945,2398069022,Obagi,2024-03-01,5.0,130,31,1,False,positive,False,True,False,False,1,0,0,0,0,0,0
946,2398069022,Obagi,2024-03-01,5.0,132,32,1,False,positive,False,True,True,False,1,0,0,0,1,0,0
947,2398069022,Obagi,2024-03-01,5.0,61,14,1,False,neutral,False,False,False,False,0,0,0,0,0,1,0
948,2398069022,Obagi,2024-03-01,5.0,156,33,1,False,neutral,False,True,True,False,0,0,1,1,0,0,1
949,2398069022,Obagi,2024-03-01,5.0,142,32,1,False,positive,False,True,True,False,1,0,1,1,0,0,0
950,2398069022,Obagi,2024-02-01,5.0,12,3,10,True,,,,,,0,0,0,0,0,0,0
951,2398069022,Obagi,2024-01-01,5.0,103,24,1,False,positive,False,True,True,False,1,0,0,0,1,0,0
952,2398069022,Obagi,2024-01-01,5.0,108,25,1,False,positive,False,True,True,False,1,1,0,0,0,0,0
953,2398069022,Obagi,2023-12-01,5.0,114,27,1,False,positive,False,True,False,False,1,0,0,0,1,0,0
954,2398069022,Obagi,2023-12-01,5.0,47,11,1,False,,,,,,0,0,0,0,0,0,0
955,2398069022,Obagi,2023-12-01,5.0,34,7,1,False,positive,False,True,False,False,0,0,1,0,0,0,0
956,2398069022,Obagi,2023-12-01,5.0,67,16,1,False,negative,True,False,False,True,1,0,0,0,0,0,0
957,2398069022,Obagi,2023-12-01,5.0,122,28,1,False,neutral,False,True,True,False,1,1,0,1,0,0,1
958,2398069022,Obagi,2023-12-01,5.0,239,55,1,False,positive,False,True,True,False,1,1,0,0,0,0,0
959,2398069022,Obagi,2023-12-01,5.0,117,23,1,False,positive,True,True,True,True,1,0,1,0,1,0,0
960,2398069022,Obagi,2023-12-01,5.0,165,32,1,False,positive,False,True,True,False,1,0,1,0,1,0,0
961,2398069022,Obagi,2023-11-01,5.0,86,19,1,False,positive,False,True,False,False,1,0,0,0,0,0,0
962,2398069022,Obagi,2023-11-01,5.0,64,13,1,False,positive,False,True,True,False,0,1,1,0,0,0,0
963,2398069022,Obagi,2023-10-01,5.0,38,10,1,False,,,,,,0,0,0,0,0,0,0
964,2398069022,Obagi,2023-10-01,5.0,122,31,1,False,positive,False,True,False,False,1,0,0,0,0,0,0
965,2398069022,Obagi,2023-09-01,5.0,91,21,1,False,positive,False,True,False,False,1,0,1,0,1,0,0
966,2398069022,Obagi,2023-09-01,5.0,120,25,1,False,positive,False,True,False,False,1,1,1,0,1,0,0
967,2398069022,Obagi,2023-08-01,5.0,37,8,1,False,,,,,,0,0,0,0,0,0,0
968,973822970,URIAGE,2022-12-01,5.0,12,3,1,False,,,,,,0,0,0,0,0,0,0
969,3058098805,URIAGE,2026-03-01,5.0,245,52,1,False,neutral,False,True,True,False,1,1,0,0,0,1,0
970,1843807592,URIAGE,2023-12-01,3.0,281,61,1,False,positive,False,True,True,False,0,1,1,0,1,0,0
971,1843807592,URIAGE,2023-08-01,4.0,100,22,1,False,negative,True,False,False,True,1,0,0,0,0,0,0
972,1843807592,URIAGE,2025-01-01,5.0,102,22,1,False,positive,False,True,False,False,0,0,0,0,1,0,0
973,1843807592,URIAGE,2024-12-01,5.0,74,17,1,False,positive,False,True,False,False,1,0,0,0,0,0,0
974,1843807592,URIAGE,2024-12-01,5.0,128,24,1,False,neutral,False,True,True,False,1,1,0,0,0,1,1
975,1843807592,URIAGE,2024-09-01,5.0,258,58,1,False,positive,False,True,True,False,1,0,1,0,0,0,0
976,1843807592,URIAGE,2024-08-01,5.0,120,29,1,False,positive,False,True,True,False,1,0,0,0,0,0,0
977,1843807592,URIAGE,2024-08-01,5.0,14,3,4,False,positive,False,True,False,False,0,0,1,0,0,0,0
978,1843807592,URIAGE,2024-07-01,5.0,192,44,1,False,negative,True,False,True,True,0,0,1,0,0,0,0
979,1843807592,URIAGE,2024-06-01,5.0,254,60,1,False,neutral,False,False,False,False,1,0,0,0,0,0,0
980,1843807592,URIAGE,2024-06-01,5.0,128,31,1,False,neutral,False,False,False,False,1,0,0,0,0,0,0
981,1843807592,URIAGE,2024-05-01,5.0,130,30,1,False,neutral,False,False,False,False,1,0,0,0,1,0,0
982,1843807592,URIAGE,2024-05-01,5.0,89,20,1,False,neutral,False,False,False,False,0,1,0,0,0,0,0
983,1843807592,URIAGE,2024-05-01,5.0,19,4,1,False,,,,,,0,0,0,0,0,0,0
984,1843807592,URIAGE,2024-05-01,5.0,124,28,1,False,positive,False,True,True,False,1,1,0,0,1,0,0
985,1843807592,URIAGE,2024-05-01,5.0,126,31,1,False,positive,False,True,True,False,1,0,0,0,0,0,0
986,1843807592,URIAGE,2024-04-01,5.0,131,30,1,False,neutral,False,True,True,False,1,0,0,0,1,0,0
987,1843807592,URIAGE,2024-04-01,5.0,6,2,1,True,,,,,,0,0,0,0,0,0,0
988,1843807592,URIAGE,2024-04-01,5.0,114,26,1,False,positive,False,True,False,False,1,0,1,0,1,0,0
989,1843807592,URIAGE,2024-04-01,5.0,153,34,1,False,positive,False,True,False,False,1,0,0,0,0,0,0
990,1843807592,URIAGE,2024-04-01,5.0,70,16,1,False,positive,False,True,True,False,1,0,0,0,1,0,0
991,1843807592,URIAGE,2024-04-01,5.0,85,19,1,False,positive,False,True,False,False,0,0,0,0,1,0,0
992,1843807592,URIAGE,2024-04-01,5.0,108,24,1,False,positive,False,True,False,False,1,0,0,0,1,0,0
993,1843807592,URIAGE,2024-03-01,5.0,37,8,1,False,neutral,False,False,False,False,0,0,0,0,1,0,0
994,1843807592,URIAGE,2024-03-01,5.0,110,21,1,False,positive,False,True,True,False,0,0,1,0,1,0,0
995,1843807592,URIAGE,2024-03-01,5.0,73,16,4,False,neutral,False,True,True,False,1,1,0,1,0,0,0
996,1843807592,URIAGE,2024-03-01,5.0,105,24,1,False,,,,,,0,0,0,0,0,0,0
997,1843807592,URIAGE,2024-03-01,5.0,104,22,1,False,positive,False,True,False,False,1,0,0,0,0,0,0
998,1843807592,URIAGE,2024-03-01,5.0,52,10,1,False,positive,False,True,False,False,1,0,1,0,1,0,0
999,1843807592,URIAGE,2024-02-01,5.0,73,16,4,False,neutral,False,True,True,False,1,1,0,1,0,0,0
1000,1843807592,URIAGE,2024-02-01,5.0,186,41,1,False,positive,False,True,False,False,1,0,0,0,1,0,0
1001,1843807592,URIAGE,2024-01-01,5.0,26,6,1,False,,,,,,0,0,0,0,0,0,0
1002,1843807592,URIAGE,2023-12-01,5.0,85,19,1,False,neutral,False,False,False,False,0,0,0,1,0,0,0
1003,1843807592,URIAGE,2023-12-01,5.0,128,29,1,False,neutral,False,True,True,False,0,0,1,0,0,0,1
1004,1843807592,URIAGE,2023-11-01,5.0,88,21,1,False,,,,,,0,0,0,0,0,0,0
1005,1843807592,URIAGE,2023-10-01,5.0,39,8,1,False,positive,False,True,False,False,1,0,0,0,0,0,0
1006,1843807592,URIAGE,2023-08-01,5.0,128,30,1,False,neutral,False,True,True,False,0,1,0,0,0,0,1
1007,1843807592,URIAGE,2023-07-01,5.0,27,6,1,False,,,,,,0,0,0,0,0,0,0
1008,1843807592,URIAGE,2023-05-01,5.0,180,36,1,False,,,,,,0,0,0,0,0,0,0
1009,1843807592,URIAGE,2023-03-01,5.0,101,24,1,False,positive,True,True,True,True,0,1,0,0,1,0,0
1010,1843807592,URIAGE,2023-02-01,5.0,243,57,1,False,positive,False,True,True,False,1,0,0,1,1,0,0
1011,1843807592,URIAGE,2023-01-01,5.0,61,14,1,False,positive,False,True,False,False,0,0,0,0,1,0,0
1012,1843807592,URIAGE,2023-01-01,5.0,17,4,1,False,,,,,,0,0,0,0,0,0,0
1013,1843807592,URIAGE,2022-12-01,5.0,98,22,1,False,positive,False,True,False,False,1,0,0,0,1,0,0
1014,1843807592,URIAGE,2022-12-01,5.0,147,34,1,False,neutral,False,True,True,False,1,1,0,0,0,0,0
1015,1843807592,URIAGE,2022-11-01,5.0,182,42,1,False,,,,,,0,0,0,0,0,0,0
1016,1843807592,URIAGE,2022-10-01,5.0,98,22,1,False,neutral,False,False,False,False,1,0,0,0,0,0,0
1017,1843807592,URIAGE,2022-09-01,5.0,34,8,1,False,,,,,,0,0,0,0,0,0,0
1018,222158026,URIAGE,2024-12-01,5.0,69,17,1,False,,,,,,0,0,0,0,0,0,0
1019,222158026,URIAGE,2024-09-01,5.0,121,28,1,False,positive,False,True,False,False,1,1,0,0,0,0,0
1020,222158026,URIAGE,2024-09-01,5.0,137,32,1,False,,,,,,0,0,0,0,0,0,0
1021,222158026,URIAGE,2024-03-01,5.0,68,14,1,False,positive,False,True,False,False,1,0,0,0,0,0,0
1022,222158026,URIAGE,2023-06-01,5.0,35,8,1,False,,,,,,0,0,0,0,0,0,0
1023,222158026,URIAGE,2022-07-01,5.0,88,19,1,False,,,,,,0,0,0,0,0,0,0
1024,222158001,URIAGE,2023-12-01,5.0,110,25,1,False,neutral,False,False,False,False,0,0,0,0,1,0,0
1025,222158001,URIAGE,2023-03-01,5.0,74,17,1,False,positive,False,True,False,False,0,0,1,1,0,0,0
1026,222158001,URIAGE,2022-12-01,5.0,66,17,1,False,neutral,False,False,False,False,0,0,0,0,0,0,1
1027,222158001,URIAGE,2022-08-01,5.0,347,74,1,False,neutral,True,False,True,True,1,0,1,1,1,0,0
1028,222158001,URIAGE,2022-06-01,5.0,47,10,1,False,,,,,,0,0,0,0,0,0,0
1029,222158001,URIAGE,2022-06-01,5.0,29,7,1,False,,,,,,0,0,0,0,0,0,0
1030,222158001,URIAGE,2022-05-01,5.0,18,5,1,False,,,,,,0,0,0,0,0,0,0
1031,222158001,URIAGE,2022-05-01,5.0,105,23,1,False,neutral,False,True,True,False,0,1,1,0,0,0,1
1032,973858332,URIAGE,2025-08-01,5.0,148,35,1,False,positive,True,True,True,True,1,0,0,0,1,0,0
1033,973858332,URIAGE,2024-01-01,5.0,106,25,1,False,positive,False,True,False,False,1,0,0,0,1,0,0
1034,973858332,URIAGE,2023-07-01,5.0,82,18,1,False,neutral,False,False,False,False,0,0,0,0,0,0,1
1035,973858332,URIAGE,2023-07-01,5.0,90,23,1,False,neutral,False,True,True,False,1,1,0,0,0,0,0
1036,973858332,URIAGE,2022-03-01,5.0,194,44,1,False,positive,False,True,True,False,1,0,1,1,1,1,1
1037,973858332,URIAGE,2022-03-01,5.0,245,53,1,False,neutral,False,True,True,False,1,0,1,1,1,0,1
1038,2455918956,URIAGE,2024-11-01,5.0,91,20,1,False,positive,False,True,False,False,0,0,1,0,0,0,0
1039,2455918956,URIAGE,2024-07-01,5.0,116,27,1,False,positive,False,True,False,False,1,0,1,0,0,0,0
1040,2455918956,URIAGE,2024-04-01,5.0,42,10,1,False,,,,,,0,0,0,0,0,0,0
1041,222146988,URIAGE,2025-03-01,5.0,95,20,1,False,positive,False,True,True,False,1,0,0,0,1,0,0
1042,222146988,URIAGE,2024-01-01,5.0,19,4,1,False,positive,False,True,False,False,0,0,0,0,1,0,0
1043,222146988,URIAGE,2024-01-01,5.0,51,12,1,False,negative,True,False,True,True,0,0,1,0,0,0,0
1044,222146988,URIAGE,2023-07-01,5.0,7,2,2,True,,,,,,0,0,0,0,0,0,0
1045,222146988,URIAGE,2023-07-01,5.0,64,15,1,False,,,,,,0,0,0,0,0,0,0
1046,222146988,URIAGE,2023-05-01,5.0,12,3,10,True,,,,,,0,0,0,0,0,0,0
1047,222146988,URIAGE,2023-03-01,5.0,11,3,1,False,,,,,,0,0,0,0,0,0,0
1048,222146988,URIAGE,2023-03-01,5.0,69,16,1,False,positive,False,True,False,False,1,0,0,0,0,0,0
1049,222146988,URIAGE,2022-12-01,5.0,174,40,1,False,positive,False,True,True,False,0,1,1,0,0,0,0
1050,222146988,URIAGE,2022-10-01,5.0,96,21,1,False,positive,True,True,True,True,1,0,1,1,0,0,0
1051,222146988,URIAGE,2022-01-01,5.0,53,11,1,False,neutral,False,False,False,False,0,1,0,1,0,0,0
1052,222146988,URIAGE,2020-12-01,5.0,100,6,1,False,positive,False,True,False,False,1,0,0,0,0,0,0
1053,222158022,URIAGE,2023-01-01,1.0,92,22,1,False,,,,,,0,0,0,0,0,0,0
1054,222158022,URIAGE,2022-05-01,1.0,99,24,1,False,neutral,False,False,False,False,0,0,1,0,0,0,0
1055,222158022,URIAGE,2021-07-01,4.0,13,3,1,False,neutral,False,False,False,False,0,0,0,1,0,0,0
1056,222158022,URIAGE,2024-04-01,5.0,95,22,1,False,,,,,,0,0,0,0,0,0,0
1057,222158022,URIAGE,2022-06-01,5.0,24,6,1,False,,,,,,0,0,0,0,0,0,0
1058,938538927,URIAGE,2022-11-01,1.0,141,35,1,False,negative,True,False,False,False,1,0,0,0,0,0,0
1059,938538927,URIAGE,2023-07-01,3.0,109,23,1,False,negative,True,False,False,False,1,0,1,0,0,0,0
1060,938538927,URIAGE,2024-06-01,4.0,63,14,1,False,,,,,,0,0,0,0,0,0,0
1061,938538927,URIAGE,2025-06-01,5.0,71,17,1,False,positive,False,True,False,False,1,0,0,0,1,0,0
1062,938538927,URIAGE,2024-11-01,5.0,136,32,1,False,neutral,False,False,False,False,0,0,0,0,0,1,0
1063,938538927,URIAGE,2024-11-01,5.0,90,21,1,False,positive,False,True,True,False,0,0,0,0,1,1,0
1064,938538927,URIAGE,2024-11-01,5.0,100,23,1,False,neutral,False,False,False,False,0,0,0,0,1,0,0
1065,938538927,URIAGE,2024-10-01,5.0,357,66,1,False,negative,True,False,True,True,1,1,0,0,0,0,1
1066,938538927,URIAGE,2024-07-01,5.0,130,30,1,False,positive,False,True,False,False,1,0,0,0,0,0,0
1067,938538927,URIAGE,2024-06-01,5.0,119,26,1,False,neutral,False,False,False,False,1,0,0,0,0,1,0
1068,938538927,URIAGE,2024-06-01,5.0,54,13,1,False,,,,,,0,0,0,0,0,0,0
1069,938538927,URIAGE,2024-06-01,5.0,96,22,2,False,neutral,False,False,False,False,0,0,0,1,0,0,1
1070,938538927,URIAGE,2024-04-01,5.0,47,10,1,False,positive,False,True,False,False,0,0,1,0,0,0,1
1071,938538927,URIAGE,2024-03-01,5.0,90,21,1,False,positive,False,True,False,False,0,0,1,0,0,0,0
1072,938538927,URIAGE,2024-03-01,5.0,63,13,1,False,positive,False,True,False,False,1,0,1,0,1,0,0
1073,938538927,URIAGE,2024-03-01,5.0,127,29,1,False,neutral,False,True,True,False,1,0,0,0,1,0,0
1074,938538927,URIAGE,2024-03-01,5.0,144,32,1,False,positive,False,True,False,False,1,0,0,0,0,0,0
1075,938538927,URIAGE,2024-02-01,5.0,52,12,1,False,,,,,,0,0,0,0,0,0,0
1076,938538927,URIAGE,2024-02-01,5.0,62,13,1,False,neutral,False,False,False,False,0,0,0,1,0,0,0
1077,938538927,URIAGE,2024-01-01,5.0,76,18,1,False,negative,True,False,False,True,1,0,0,0,0,0,0
1078,938538927,URIAGE,2023-12-01,5.0,95,22,1,False,neutral,False,False,False,False,0,0,0,0,0,1,0
1079,938538927,URIAGE,2023-11-01,5.0,32,8,1,False,,,,,,0,0,0,0,0,0,0
1080,938538927,URIAGE,2023-10-01,5.0,65,14,1,False,neutral,False,True,True,False,0,0,0,0,1,1,0
1081,938538927,URIAGE,2023-10-01,5.0,65,12,1,False,positive,False,True,False,False,1,0,1,0,1,0,0
1082,938538927,URIAGE,2023-10-01,5.0,21,5,1,False,positive,False,True,False,False,0,0,0,0,1,0,0
1083,938538927,URIAGE,2023-09-01,5.0,79,19,1,False,neutral,False,False,False,False,0,1,1,0,0,0,0
1084,938538927,URIAGE,2023-03-01,5.0,67,13,1,False,neutral,False,False,False,False,0,0,1,1,0,0,1
1085,938538927,URIAGE,2023-03-01,5.0,65,16,1,False,positive,False,True,False,False,1,0,0,0,0,0,0
1086,938538927,URIAGE,2023-03-01,5.0,84,19,1,False,neutral,False,True,True,False,0,0,0,0,1,0,0
1087,938538927,URIAGE,2023-03-01,5.0,94,19,1,False,positive,False,True,True,False,1,1,1,0,1,0,0
1088,938538927,URIAGE,2023-03-01,5.0,38,10,1,False,positive,False,True,False,False,1,0,0,0,0,0,0
1089,938538927,URIAGE,2023-02-01,5.0,21,6,1,False,,,,,,0,0,0,0,0,0,0
1090,938538927,URIAGE,2023-02-01,5.0,246,55,1,False,positive,False,True,True,False,1,1,0,0,1,0,0
1091,938538927,URIAGE,2022-12-01,5.0,99,23,1,False,neutral,False,False,False,False,1,0,0,0,0,0,0
1092,938538927,URIAGE,2022-11-01,5.0,100,22,1,False,neutral,False,False,False,False,0,0,0,0,1,0,0
1093,938538927,URIAGE,2022-11-01,5.0,85,11,1,False,neutral,False,False,False,False,0,0,0,1,0,0,0
1094,938538927,URIAGE,2022-09-01,5.0,115,29,1,False,neutral,False,False,False,False,1,0,0,0,0,0,0
1095,938538927,URIAGE,2022-09-01,5.0,24,6,1,False,,,,,,0,0,0,0,0,0,0
1096,938538927,URIAGE,2022-09-01,5.0,179,41,1,False,neutral,False,True,True,False,0,1,1,0,0,0,1
1097,938538927,URIAGE,2022-07-01,5.0,85,20,1,False,positive,False,True,False,False,1,0,0,0,0,0,0
1098,938538927,URIAGE,2022-06-01,5.0,104,26,1,False,neutral,False,False,False,False,1,0,0,0,0,0,0
1099,938538927,URIAGE,2022-06-01,5.0,85,18,1,False,positive,False,True,True,False,0,1,0,1,0,0,1
1100,938538927,URIAGE,2022-05-01,5.0,96,22,2,False,neutral,False,False,False,False,0,0,0,1,0,0,1
1101,938538927,URIAGE,2022-04-01,5.0,103,26,1,False,negative,True,False,False,True,1,0,0,1,0,0,0
1102,938538927,URIAGE,2022-03-01,5.0,131,29,1,False,neutral,False,True,True,False,0,1,1,0,0,0,1
1103,938538927,URIAGE,2022-03-01,5.0,97,22,1,False,neutral,False,False,False,False,0,1,1,1,0,0,0
1104,938538927,URIAGE,2022-01-01,5.0,79,19,1,False,neutral,False,False,False,False,0,1,0,1,1,0,0
1105,938538927,URIAGE,2021-12-01,5.0,125,27,1,False,positive,False,True,False,False,1,0,0,0,0,0,0
1106,222158002,URIAGE,2021-03-01,1.0,142,32,1,False,neutral,False,False,False,False,0,0,0,1,0,0,0
1107,222158002,URIAGE,2024-10-01,5.0,114,26,1,False,positive,False,True,False,False,1,0,0,0,1,0,0
1108,222158002,URIAGE,2024-06-01,5.0,73,18,1,False,,,,,,0,0,0,0,0,0,0
1109,222158002,URIAGE,2024-01-01,5.0,34,7,1,False,,,,,,0,0,0,0,0,0,0
1110,222158002,URIAGE,2023-08-01,5.0,38,9,2,False,neutral,False,False,False,False,0,0,1,0,0,0,0
1111,222158002,URIAGE,2023-07-01,5.0,86,21,1,False,neutral,False,False,False,False,0,0,0,0,0,0,1
1112,222158002,URIAGE,2023-06-01,5.0,62,13,1,False,neutral,False,False,False,False,0,0,1,0,0,0,0
1113,222158002,URIAGE,2020-10-01,5.0,52,11,1,False,neutral,False,False,False,False,0,0,0,0,0,0,1
1114,1843880173,URIAGE,2023-04-01,1.0,76,20,1,False,negative,True,False,False,False,1,0,0,0,0,0,0
1115,1843880173,URIAGE,2024-05-01,2.0,144,34,1,False,positive,True,True,True,False,1,0,1,0,0,0,0
1116,1843880173,URIAGE,2023-11-01,4.0,15,4,1,False,neutral,False,False,False,False,0,0,1,0,0,0,0
1117,1843880173,URIAGE,2025-06-01,5.0,63,14,1,False,positive,False,True,False,False,1,0,0,0,1,0,0
1118,1843880173,URIAGE,2024-12-01,5.0,78,18,1,False,positive,False,True,False,False,1,1,0,0,0,0,0
1119,1843880173,URIAGE,2024-05-01,5.0,115,27,1,False,positive,False,True,False,False,1,0,0,0,0,0,0
1120,1843880173,URIAGE,2024-05-01,5.0,63,14,1,False,negative,True,False,False,True,0,0,1,0,0,0,0
1121,1843880173,URIAGE,2024-02-01,5.0,73,16,4,False,neutral,False,True,True,False,1,1,0,1,0,0,0
1122,1843880173,URIAGE,2023-12-01,5.0,135,32,1,False,neutral,False,False,False,False,1,0,0,0,0,0,0
1123,1843880173,URIAGE,2023-11-01,5.0,114,17,1,False,neutral,False,False,False,False,0,0,0,1,0,0,1
1124,1843880173,URIAGE,2023-09-01,5.0,50,11,1,False,neutral,False,False,False,False,0,0,0,0,0,0,1
1125,1843880173,URIAGE,2023-08-01,5.0,1298,299,1,False,positive,False,True,False,False,1,1,0,0,0,0,1
1126,1843880173,URIAGE,2023-07-01,5.0,94,21,1,False,negative,True,False,False,True,1,0,0,0,0,0,0
1127,1843880173,URIAGE,2023-07-01,5.0,90,12,1,False,neutral,False,False,False,False,0,1,0,0,0,0,0
1128,1843880173,URIAGE,2023-06-01,5.0,102,21,1,False,positive,False,True,True,False,0,1,1,0,0,0,0
1129,1843880173,URIAGE,2023-04-01,5.0,137,32,1,False,neutral,False,True,True,False,0,0,1,0,1,0,0
1130,1843880173,URIAGE,2023-04-01,5.0,56,13,1,False,,,,,,0,0,0,0,0,0,0
1131,1843880173,URIAGE,2023-04-01,5.0,67,17,1,False,positive,False,True,False,False,1,0,0,0,0,0,0
1132,973870179,URIAGE,2025-06-01,5.0,24,2,1,False,,,,,,0,0,0,0,0,0,0
1133,973870179,URIAGE,2025-06-01,5.0,43,8,1,False,positive,False,True,False,False,1,0,0,0,0,0,0
1134,222146970,URIAGE,2021-10-01,3.0,61,12,1,False,,,,,,0,0,0,0,0,0,0
1135,222146970,URIAGE,2024-04-01,5.0,81,16,1,False,positive,False,True,False,False,1,0,1,0,1,0,0
1136,222146970,URIAGE,2023-11-01,5.0,243,52,1,False,positive,False,True,True,False,1,0,1,0,1,0,0
1137,222146970,URIAGE,2023-04-01,5.0,129,24,1,False,,,,,,0,0,0,0,0,0,0
1138,2324328530,URIAGE,2024-08-01,5.0,26,6,1,False,,,,,,0,0,0,0,0,0,0
1139,2324328530,URIAGE,2024-06-01,5.0,75,18,1,False,,,,,,0,0,0,0,0,0,0
1140,2324328530,URIAGE,2024-06-01,5.0,97,23,1,False,neutral,False,False,False,False,0,0,0,1,0,0,0
1141,2324328530,URIAGE,2024-05-01,5.0,37,8,1,False,,,,,,0,0,0,0,0,0,0
1142,2324328530,URIAGE,2023-12-01,5.0,114,26,1,False,neutral,False,False,False,False,1,1,0,0,1,0,0
1143,2324328530,URIAGE,2023-09-01,5.0,30,7,1,False,neutral,False,False,False,False,0,0,0,0,1,0,0
1144,2324328530,URIAGE,2023-07-01,5.0,78,20,1,False,neutral,False,False,False,False,0,0,0,0,0,1,0
1145,259452687,URIAGE,2023-03-01,2.0,71,17,1,False,neutral,False,False,False,False,0,0,1,0,0,0,0
1146,259452687,URIAGE,2022-08-01,3.0,197,44,1,False,neutral,False,True,True,False,0,1,1,0,0,0,0
1147,259452687,URIAGE,2025-11-01,5.0,20,5,1,False,,,,,,0,0,0,0,0,0,0
1148,259452687,URIAGE,2024-09-01,5.0,55,13,1,False,,,,,,0,0,0,0,0,0,0
1149,259452687,URIAGE,2024-06-01,5.0,66,16,1,False,positive,False,True,False,False,0,0,1,0,0,0,0
1150,259452687,URIAGE,2024-05-01,5.0,74,17,1,False,,,,,,0,0,0,0,0,0,0
1151,259452687,URIAGE,2023-11-01,5.0,66,15,3,False,positive,False,True,False,False,0,0,1,0,0,0,0
1152,259452687,URIAGE,2023-11-01,5.0,83,19,1,False,positive,False,True,False,False,1,0,0,1,0,0,0
1153,259452687,URIAGE,2023-10-01,5.0,106,21,1,False,positive,False,True,False,False,1,0,1,0,1,0,0
1154,259452687,URIAGE,2023-09-01,5.0,72,17,2,False,,,,,,0,0,0,0,0,0,0
1155,259452687,URIAGE,2023-09-01,5.0,30,6,19,True,positive,False,True,False,False,1,0,1,0,1,0,0
1156,259452687,URIAGE,2023-08-01,5.0,70,14,1,False,positive,False,True,False,False,1,0,1,0,1,0,0
1157,259452687,URIAGE,2023-08-01,5.0,124,25,1,False,positive,False,True,False,False,0,0,1,0,1,0,0
1158,259452687,URIAGE,2023-07-01,5.0,79,19,1,False,positive,False,True,True,False,1,0,0,0,0,0,1
1159,259452687,URIAGE,2023-03-01,5.0,24,6,1,False,,,,,,0,0,0,0,0,0,0
1160,259452687,URIAGE,2023-03-01,5.0,63,13,1,False,,,,,,0,0,0,0,0,0,0
1161,259452687,URIAGE,2023-03-01,5.0,58,9,1,False,neutral,False,False,False,False,0,0,0,0,0,0,1
1162,259452687,URIAGE,2023-02-01,5.0,68,15,1,False,,,,,,0,0,0,0,0,0,0
1163,259452687,URIAGE,2023-01-01,5.0,121,16,1,False,,,,,,0,0,0,0,0,0,0
1164,259452687,URIAGE,2022-11-01,5.0,78,2,1,False,,,,,,0,0,0,0,0,0,0
1165,259452687,URIAGE,2022-08-01,5.0,72,15,1,False,neutral,False,False,False,False,0,1,0,0,0,0,0
1166,259452687,URIAGE,2022-07-01,5.0,122,24,1,False,positive,False,True,True,False,0,0,1,1,0,0,0
1167,259452687,URIAGE,2022-07-01,5.0,91,17,1,False,positive,False,True,False,False,0,0,1,1,0,0,0
1168,259452687,URIAGE,2022-07-01,5.0,19,5,1,False,neutral,False,False,False,False,1,0,0,0,0,0,0
1169,259452687,URIAGE,2022-07-01,5.0,154,35,2,False,positive,False,True,False,False,0,0,1,0,0,0,0
1170,259452687,URIAGE,2022-07-01,5.0,106,23,1,False,neutral,False,False,False,False,0,0,0,1,0,0,0
1171,259452687,URIAGE,2022-07-01,5.0,57,4,1,False,,,,,,0,0,0,0,0,0,0
1172,259452687,URIAGE,2022-06-01,5.0,62,14,1,False,neutral,False,False,False,False,0,0,0,0,0,0,1
1173,259452687,URIAGE,2022-06-01,5.0,102,22,1,False,neutral,False,False,False,False,1,0,0,0,0,0,1
1174,259452687,URIAGE,2022-06-01,5.0,127,29,1,False,positive,False,True,True,False,0,1,1,0,0,0,0
1175,259452687,URIAGE,2022-06-01,5.0,56,5,1,False,,,,,,0,0,0,0,0,0,0
1176,259452687,URIAGE,2022-06-01,5.0,99,23,1,False,neutral,False,False,False,False,0,0,0,0,0,0,1
1177,259452687,URIAGE,2022-05-01,5.0,108,23,1,False,positive,False,True,False,False,1,0,1,0,0,0,0
1178,259452687,URIAGE,2022-05-01,5.0,101,23,1,False,,,,,,0,0,0,0,0,0,0
1179,259452687,URIAGE,2022-05-01,5.0,37,9,1,False,,,,,,0,0,0,0,0,0,0
1180,259452687,URIAGE,2022-05-01,5.0,131,30,1,False,,,,,,0,0,0,0,0,0,0
1181,259452687,URIAGE,2022-05-01,5.0,80,19,1,False,,,,,,0,0,0,0,0,0,0
1182,259452687,URIAGE,2022-05-01,5.0,7,2,1,True,,,,,,0,0,0,0,0,0,0
1183,259452687,URIAGE,2022-04-01,5.0,46,11,1,False,,,,,,0,0,0,0,0,0,0
1184,259452687,URIAGE,2022-04-01,5.0,127,29,1,False,,,,,,0,0,0,0,0,0,0
1185,259452687,URIAGE,2022-03-01,5.0,116,30,1,False,neutral,False,False,False,False,1,0,0,0,0,0,0
1186,2390783756,URIAGE,2024-04-01,4.0,186,44,1,False,positive,False,True,False,False,1,0,0,0,0,0,0
1187,2390783756,URIAGE,2024-11-01,5.0,75,17,1,False,positive,False,True,False,False,1,0,0,0,0,0,0
1188,2390783756,URIAGE,2024-10-01,5.0,212,50,1,False,neutral,False,True,True,False,1,0,0,0,1,1,0
1189,2390783756,URIAGE,2024-08-01,5.0,14,3,4,False,positive,False,True,False,False,0,0,1,0,0,0,0
1190,2390783756,URIAGE,2024-01-01,5.0,65,16,1,False,neutral,False,False,False,False,1,0,0,0,0,0,0
1191,2390783756,URIAGE,2024-01-01,5.0,105,21,1,False,positive,False,True,False,False,1,0,1,0,1,0,0
1192,2390783756,URIAGE,2023-12-01,5.0,53,11,1,False,,,,,,0,0,0,0,0,0,0
1193,2390783756,URIAGE,2023-11-01,5.0,66,15,3,False,positive,False,True,False,False,0,0,1,0,0,0,0
1194,222146995,URIAGE,2019-12-01,2.0,56,14,1,False,,,,,,0,0,0,0,0,0,0
1195,222146995,URIAGE,2022-06-01,3.0,292,71,1,False,neutral,True,True,True,False,1,0,1,0,0,0,1
1196,222146995,URIAGE,2024-01-01,4.0,184,42,1,False,,,,,,0,0,0,0,0,0,0
1197,222146995,URIAGE,2023-11-01,4.0,134,31,1,False,positive,False,True,False,False,1,0,1,0,0,0,1
1198,222146995,URIAGE,2023-03-01,4.0,39,7,1,False,neutral,False,False,False,False,0,0,0,1,0,0,0
1199,222146995,URIAGE,2022-07-01,4.0,139,33,1,False,neutral,False,False,False,False,0,0,0,0,1,0,0
1200,222146995,URIAGE,2022-03-01,4.0,202,49,1,False,positive,False,True,False,False,1,0,0,0,0,0,0
1201,222146995,URIAGE,2021-11-01,4.0,128,29,1,False,neutral,False,False,False,False,0,1,0,1,0,0,1
1202,222146995,URIAGE,2025-06-01,5.0,91,21,1,False,positive,False,True,False,False,0,0,0,0,1,0,0
1203,222146995,URIAGE,2024-08-01,5.0,3,1,23,True,,,,,,0,0,0,0,0,0,0
1204,222146995,URIAGE,2024-06-01,5.0,69,16,1,False,neutral,False,False,False,False,1,0,0,0,0,0,0
1205,222146995,URIAGE,2024-05-01,5.0,24,6,1,False,,,,,,0,0,0,0,0,0,0
1206,222146995,URIAGE,2024-05-01,5.0,82,19,1,False,positive,False,True,False,False,0,0,0,0,1,0,0
1207,222146995,URIAGE,2023-11-01,5.0,15,5,1,False,,,,,,0,0,0,0,0,0,0
1208,222146995,URIAGE,2023-10-01,5.0,76,15,1,False,positive,False,True,False,False,0,0,1,0,0,0,0
1209,222146995,URIAGE,2023-09-01,5.0,72,17,2,False,,,,,,0,0,0,0,0,0,0
1210,222146995,URIAGE,2023-09-01,5.0,30,6,19,True,positive,False,True,False,False,1,0,1,0,1,0,0
1211,222146995,URIAGE,2023-08-01,5.0,85,18,1,False,positive,False,True,False,False,1,0,1,0,0,0,0
1212,222146995,URIAGE,2023-07-01,5.0,89,19,1,False,positive,False,True,False,False,1,0,0,0,0,0,0
1213,222146995,URIAGE,2023-07-01,5.0,281,64,1,False,neutral,False,False,False,False,0,1,0,0,0,0,0
1214,222146995,URIAGE,2023-07-01,5.0,126,30,1,False,,,,,,0,0,0,0,0,0,0
1215,222146995,URIAGE,2023-06-01,5.0,59,15,1,False,,,,,,0,0,0,0,0,0,0
1216,222146995,URIAGE,2023-05-01,5.0,39,8,1,False,positive,True,True,True,True,1,0,1,0,0,0,0
1217,222146995,URIAGE,2023-03-01,5.0,242,52,1,False,,,,,,0,0,0,0,0,0,0
1218,222146995,URIAGE,2023-01-01,5.0,43,12,1,False,,,,,,0,0,0,0,0,0,0
1219,222146995,URIAGE,2022-12-01,5.0,93,19,1,False,neutral,False,True,True,False,0,0,0,1,0,0,1
1220,222146995,URIAGE,2022-12-01,5.0,306,65,1,False,neutral,False,False,False,False,0,1,1,1,0,0,0
1221,222146995,URIAGE,2022-11-01,5.0,97,21,1,False,positive,False,True,False,False,0,1,1,0,0,0,1
1222,222146995,URIAGE,2022-09-01,5.0,171,38,1,False,neutral,False,False,False,False,0,0,0,0,1,0,0
1223,222146995,URIAGE,2022-09-01,5.0,36,9,1,False,,,,,,0,0,0,0,0,0,0
1224,222146995,URIAGE,2022-09-01,5.0,95,20,1,False,,,,,,0,0,0,0,0,0,0
1225,222146995,URIAGE,2022-08-01,5.0,12,3,10,True,,,,,,0,0,0,0,0,0,0
1226,222146995,URIAGE,2022-07-01,5.0,31,8,1,False,neutral,False,False,False,False,0,0,1,0,0,0,1
1227,222146995,URIAGE,2022-06-01,5.0,53,14,1,False,neutral,False,False,False,False,0,1,0,0,0,0,0
1228,222146995,URIAGE,2022-06-01,5.0,115,26,1,False,,,,,,0,0,0,0,0,0,0
1229,222146995,URIAGE,2022-06-01,5.0,111,25,1,False,positive,False,True,True,False,1,1,1,0,0,0,0
1230,222146995,URIAGE,2022-05-01,5.0,98,23,1,False,positive,False,True,False,False,0,0,0,1,0,0,0
1231,222146995,URIAGE,2022-03-01,5.0,83,18,1,False,neutral,False,False,False,False,0,1,1,0,0,0,0
1232,222146995,URIAGE,2022-03-01,5.0,100,24,1,False,neutral,False,False,False,False,0,1,0,1,0,0,0
1233,222146995,URIAGE,2022-03-01,5.0,155,33,1,False,positive,False,True,False,False,0,1,1,1,0,0,1
1234,222146995,URIAGE,2022-03-01,5.0,98,21,1,False,positive,False,True,True,False,0,0,0,1,0,0,1
1235,222146995,URIAGE,2022-01-01,5.0,106,24,1,False,neutral,False,True,True,False,0,1,0,1,0,0,1
1236,222146995,URIAGE,2022-01-01,5.0,109,15,1,False,,,,,,0,0,0,0,0,0,0
1237,222146995,URIAGE,2021-12-01,5.0,70,16,1,False,neutral,False,False,False,False,0,0,1,0,0,0,1
1238,222146995,URIAGE,2021-12-01,5.0,154,35,1,False,neutral,False,True,True,False,1,1,1,1,0,0,1
1239,222146995,URIAGE,2021-11-01,5.0,105,24,1,False,,,,,,0,0,0,0,0,0,0
1240,222146995,URIAGE,2021-11-01,5.0,45,10,1,False,,,,,,0,0,0,0,0,0,0
1241,222146995,URIAGE,2021-11-01,5.0,83,19,1,False,neutral,False,False,False,False,0,1,0,0,0,0,0
1242,222146993,URIAGE,2022-07-01,1.0,213,51,1,False,negative,True,False,True,False,0,0,1,0,0,0,0
1243,222146993,URIAGE,2022-06-01,3.0,156,37,1,False,neutral,False,True,True,False,0,1,0,1,0,0,1
1244,222146993,URIAGE,2024-06-01,5.0,301,66,1,False,neutral,False,False,False,False,1,1,0,1,0,0,1
1245,222146993,URIAGE,2022-07-01,5.0,114,26,1,False,positive,False,True,False,False,0,1,1,0,0,0,1
1246,222146993,URIAGE,2022-07-01,5.0,145,32,1,False,positive,False,True,True,False,1,1,0,0,0,1,0
1247,222146993,URIAGE,2022-07-01,5.0,132,31,1,False,neutral,False,False,False,False,0,0,0,0,0,0,1
1248,222146993,URIAGE,2022-07-01,5.0,147,34,1,False,positive,False,True,False,False,0,1,0,0,0,0,0
1249,222146993,URIAGE,2022-07-01,5.0,58,14,1,False,neutral,False,False,False,False,0,1,0,0,0,0,0
1250,222146993,URIAGE,2022-07-01,5.0,158,33,1,False,,,,,,0,0,0,0,0,0,0
1251,222146993,URIAGE,2022-07-01,5.0,9,3,1,False,,,,,,0,0,0,0,0,0,0
1252,222146993,URIAGE,2022-07-01,5.0,146,33,1,False,neutral,False,True,True,False,0,0,1,0,0,0,1
1253,222146993,URIAGE,2022-06-01,5.0,141,33,1,False,neutral,False,True,True,False,0,1,1,0,0,0,0
1254,222146993,URIAGE,2022-06-01,5.0,133,31,1,False,positive,False,True,False,False,0,1,0,0,0,0,0
1255,222146993,URIAGE,2022-03-01,5.0,180,43,1,False,neutral,False,False,False,False,0,1,0,0,0,0,0
1256,222146993,URIAGE,2021-06-01,5.0,9,2,1,False,,,,,,0,0,0,0,0,0,0
1257,2920650549,URIAGE,2024-12-01,4.0,138,32,1,False,negative,True,False,True,True,1,1,1,0,0,0,0
1258,2920650549,URIAGE,2024-12-01,5.0,72,16,1,False,neutral,False,False,False,False,0,1,0,0,0,0,0
1259,2920650549,URIAGE,2024-12-01,5.0,62,12,1,False,neutral,False,False,False,False,0,0,0,1,0,0,1
1260,222146998,URIAGE,2025-01-01,5.0,428,98,1,False,neutral,True,False,True,True,1,0,1,0,0,0,1
1261,222146998,URIAGE,2024-10-01,5.0,210,52,1,False,,,,,,0,0,0,0,0,0,0
1262,222146998,URIAGE,2024-09-01,5.0,165,37,1,False,positive,False,True,False,False,1,0,0,0,1,0,0
1263,222146998,URIAGE,2024-08-01,5.0,14,3,4,False,positive,False,True,False,False,0,0,1,0,0,0,0
1264,222146998,URIAGE,2024-07-01,5.0,28,7,1,False,,,,,,0,0,0,0,0,0,0
1265,222146998,URIAGE,2024-06-01,5.0,64,13,1,False,,,,,,0,0,0,0,0,0,0
1266,222146998,URIAGE,2024-03-01,5.0,84,18,1,False,positive,False,True,True,False,0,1,1,0,0,0,0
1267,222146998,URIAGE,2024-02-01,5.0,79,19,1,False,,,,,,0,0,0,0,0,0,0
1268,222146998,URIAGE,2024-01-01,5.0,132,29,1,False,,,,,,0,0,0,0,0,0,0
1269,222146998,URIAGE,2023-09-01,5.0,30,6,19,True,positive,False,True,False,False,1,0,1,0,1,0,0
1270,222146998,URIAGE,2023-07-01,5.0,139,35,1,False,,,,,,0,0,0,0,0,0,0
1271,222146998,URIAGE,2023-07-01,5.0,161,39,1,False,neutral,False,False,False,False,0,1,0,0,0,0,1
1272,222146998,URIAGE,2023-02-01,5.0,270,62,1,False,positive,False,True,False,False,1,0,0,0,0,0,0
1273,222146998,URIAGE,2022-12-01,5.0,169,39,1,False,positive,False,True,False,False,1,0,0,0,0,0,0
1274,222146998,URIAGE,2022-07-01,5.0,140,31,1,False,neutral,True,False,True,True,1,0,1,0,0,0,0
1275,222146998,URIAGE,2021-03-01,5.0,37,9,1,False,negative,True,False,False,True,1,0,0,0,0,0,0
1276,222158013,URIAGE,2024-05-01,2.0,71,16,1,False,positive,False,True,True,False,1,0,1,0,0,0,0
1277,222158013,URIAGE,2024-12-01,5.0,71,16,1,False,positive,False,True,False,False,0,0,0,0,1,0,0
1278,222158013,URIAGE,2024-12-01,5.0,79,19,1,False,positive,False,True,True,False,1,1,0,0,0,0,0
1279,222158013,URIAGE,2024-12-01,5.0,147,33,1,False,positive,False,True,False,False,1,1,0,0,0,0,0
1280,222158013,URIAGE,2024-12-01,5.0,219,49,1,False,positive,False,True,True,False,1,1,0,0,0,0,0
1281,222158013,URIAGE,2024-11-01,5.0,70,17,1,False,positive,False,True,False,False,1,0,0,0,0,0,0
1282,222158013,URIAGE,2024-08-01,5.0,62,15,1,False,positive,False,True,False,False,1,1,0,0,0,0,0
1283,222158013,URIAGE,2024-08-01,5.0,85,19,1,False,positive,False,True,False,False,1,0,0,0,1,0,0
1284,222158013,URIAGE,2024-06-01,5.0,84,18,1,False,positive,False,True,True,False,1,0,0,0,0,0,0
1285,222158013,URIAGE,2024-05-01,5.0,80,18,1,False,neutral,False,True,True,False,0,1,1,1,0,0,0
1286,222158013,URIAGE,2024-04-01,5.0,86,21,1,False,,,,,,0,0,0,0,0,0,0
1287,222158013,URIAGE,2024-04-01,5.0,177,42,1,False,,,,,,0,0,0,0,0,0,0
1288,222158013,URIAGE,2024-03-01,5.0,137,30,1,False,positive,False,True,False,False,1,0,0,0,1,0,0
1289,222158013,URIAGE,2024-02-01,5.0,76,17,1,False,neutral,False,False,False,False,0,1,1,0,0,0,0
1290,222158013,URIAGE,2024-01-01,5.0,127,28,1,False,positive,False,True,False,False,0,0,1,1,0,0,1
1291,222158013,URIAGE,2023-12-01,5.0,77,16,1,False,positive,False,True,False,False,1,0,0,0,0,0,0
1292,222158013,URIAGE,2023-12-01,5.0,14,3,1,False,,,,,,0,0,0,0,0,0,0
1293,222158013,URIAGE,2023-11-01,5.0,66,15,3,False,positive,False,True,False,False,0,0,1,0,0,0,0
1294,222158013,URIAGE,2023-11-01,5.0,57,14,1,False,,,,,,0,0,0,0,0,0,0
1295,222158013,URIAGE,2023-10-01,5.0,103,22,1,False,,,,,,0,0,0,0,0,0,0
1296,222158013,URIAGE,2023-09-01,5.0,7,2,4,True,,,,,,0,0,0,0,0,0,0
1297,222158013,URIAGE,2023-08-01,5.0,38,9,2,False,neutral,False,False,False,False,0,0,1,0,0,0,0
1298,222158013,URIAGE,2023-07-01,5.0,64,15,1,False,neutral,False,False,False,False,1,0,0,0,0,0,0
1299,222158013,URIAGE,2023-07-01,5.0,33,9,1,False,,,,,,0,0,0,0,0,0,0
1300,222158013,URIAGE,2023-07-01,5.0,61,8,2,False,,,,,,0,0,0,0,0,0,0
1301,222158013,URIAGE,2023-06-01,5.0,36,8,2,False,positive,False,True,False,False,0,0,1,0,0,0,0
1302,222158013,URIAGE,2023-06-01,5.0,123,30,1,False,neutral,False,False,False,False,0,0,1,0,0,1,1
1303,222158013,URIAGE,2023-05-01,5.0,112,27,1,False,,,,,,0,0,0,0,0,0,0
1304,222158013,URIAGE,2023-05-01,5.0,151,35,1,False,neutral,False,True,True,False,1,1,0,0,0,0,0
1305,222158013,URIAGE,2023-04-01,5.0,265,60,1,False,positive,False,True,False,False,0,1,0,0,0,0,0
1306,222158013,URIAGE,2023-04-01,5.0,65,13,1,False,positive,False,True,False,False,0,0,0,1,0,0,0
1307,222158013,URIAGE,2023-04-01,5.0,44,8,1,False,positive,False,True,False,False,0,0,1,0,0,0,0
1308,222158013,URIAGE,2023-03-01,5.0,71,16,1,False,neutral,False,False,False,False,1,0,0,0,0,0,0
1309,222158013,URIAGE,2022-12-01,5.0,191,42,1,False,positive,False,True,False,False,1,0,1,0,1,0,0
1310,222158013,URIAGE,2022-10-01,5.0,54,9,1,False,neutral,False,False,False,False,0,0,0,1,0,0,0
1311,222158013,URIAGE,2022-09-01,5.0,85,10,1,False,neutral,False,False,False,False,0,0,0,1,0,0,0
1312,222158013,URIAGE,2022-07-01,5.0,154,35,2,False,positive,False,True,False,False,0,0,1,0,0,0,0
1313,222158013,URIAGE,2022-07-01,5.0,46,12,1,False,,,,,,0,0,0,0,0,0,0
1314,222158013,URIAGE,2022-05-01,5.0,155,33,1,False,neutral,False,False,False,False,0,1,0,1,0,0,0
1315,222158013,URIAGE,2022-01-01,5.0,150,34,1,False,,,,,,0,0,0,0,0,0,0
1316,222158013,URIAGE,2021-12-01,5.0,58,13,1,False,positive,False,True,False,False,0,0,0,0,0,0,1
1317,222158013,URIAGE,2021-11-01,5.0,39,8,1,False,neutral,False,False,False,False,0,0,0,1,0,0,0
1318,222158013,URIAGE,2021-11-01,5.0,130,31,1,False,neutral,False,False,False,False,0,1,0,0,0,0,0
1319,222158013,URIAGE,2021-11-01,5.0,42,9,1,False,positive,False,True,True,False,0,1,0,1,0,0,0
1320,222158013,URIAGE,2019-11-01,5.0,9,2,4,False,,,,,,0,0,0,0,0,0,0
1321,222158014,URIAGE,2024-06-01,5.0,76,17,1,False,,,,,,0,0,0,0,0,0,0
1322,222158014,URIAGE,2024-06-01,5.0,104,23,1,False,,,,,,0,0,0,0,0,0,0
1323,222158014,URIAGE,2024-05-01,5.0,71,15,2,False,positive,False,True,False,False,0,0,1,0,0,0,1
1324,222158014,URIAGE,2024-03-01,5.0,79,19,1,False,positive,False,True,False,False,1,0,0,0,1,0,0
1325,222158014,URIAGE,2024-02-01,5.0,91,21,1,False,neutral,False,True,True,False,1,0,0,0,0,0,0
1326,222158014,URIAGE,2023-09-01,5.0,55,14,1,False,,,,,,0,0,0,0,0,0,0
1327,222158014,URIAGE,2023-05-01,5.0,220,52,1,False,,,,,,0,0,0,0,0,0,0
1328,222158014,URIAGE,2023-05-01,5.0,12,3,10,True,,,,,,0,0,0,0,0,0,0
1329,222158014,URIAGE,2023-03-01,5.0,116,28,1,False,neutral,False,False,False,False,0,0,0,1,0,0,0
1330,222158014,URIAGE,2023-03-01,5.0,73,14,1,False,positive,False,True,False,False,0,0,1,1,0,0,0
1331,222158014,URIAGE,2023-03-01,5.0,69,14,1,False,positive,False,True,False,False,1,0,1,0,1,0,0
1332,222158014,URIAGE,2022-07-01,5.0,92,18,1,False,neutral,False,True,True,False,0,0,1,0,0,0,1
1333,222158014,URIAGE,2022-01-01,5.0,145,32,1,False,positive,False,True,True,False,1,0,1,1,0,0,1
1334,973872245,URIAGE,2025-04-01,5.0,140,32,1,False,positive,False,True,False,False,1,0,0,0,0,0,0
1335,973872245,URIAGE,2022-06-01,5.0,115,26,1,False,positive,False,True,False,False,0,0,1,0,0,0,0
1336,973872245,URIAGE,2022-01-01,5.0,104,23,1,False,positive,False,True,False,False,0,0,1,0,0,0,0
1337,222158010,URIAGE,2026-02-01,5.0,56,13,1,False,,,,,,0,0,0,0,0,0,0
1338,222158010,URIAGE,2024-04-01,5.0,74,17,1,False,,,,,,0,0,0,0,0,0,0
1339,222158010,URIAGE,2024-03-01,5.0,95,22,1,False,positive,False,True,False,False,1,0,0,0,0,0,0
1340,222158010,URIAGE,2024-02-01,5.0,77,18,1,False,positive,False,True,False,False,1,0,0,0,0,0,0
1341,222158010,URIAGE,2024-02-01,5.0,99,21,1,False,neutral,True,False,True,True,0,0,1,0,0,0,1
1342,222158010,URIAGE,2024-01-01,5.0,58,14,1,False,,,,,,0,0,0,0,0,0,0
1343,222158010,URIAGE,2024-01-01,5.0,111,19,1,False,positive,False,True,True,False,0,1,1,1,1,0,0
1344,222158010,URIAGE,2023-12-01,5.0,91,20,1,False,,,,,,0,0,0,0,0,0,0
1345,222158010,URIAGE,2023-12-01,5.0,189,43,1,False,neutral,False,True,True,False,0,0,1,0,0,0,0
1346,222158010,URIAGE,2023-11-01,5.0,116,26,1,False,neutral,False,True,True,False,1,0,0,0,0,0,0
1347,222158010,URIAGE,2023-07-01,5.0,78,18,1,False,,,,,,0,0,0,0,0,0,0
1348,222158010,URIAGE,2023-05-01,5.0,11,2,3,False,positive,False,True,False,False,0,0,1,0,0,0,0
1349,222158010,URIAGE,2023-05-01,5.0,78,18,1,False,,,,,,0,0,0,0,0,0,0
1350,222158010,URIAGE,2023-04-01,5.0,98,20,1,False,positive,False,True,False,False,1,0,1,0,0,0,0
1351,222158010,URIAGE,2022-11-01,5.0,42,10,1,False,,,,,,0,0,0,0,0,0,0
1352,222158010,URIAGE,2022-07-01,5.0,113,25,1,False,neutral,False,False,False,False,0,0,0,0,1,0,0
1353,222158010,URIAGE,2022-05-01,5.0,217,50,1,False,positive,False,True,False,False,1,0,1,0,1,0,0
1354,222158010,URIAGE,2022-03-01,5.0,143,30,1,False,neutral,False,True,True,False,0,0,1,1,0,1,1
1355,222158010,URIAGE,2022-01-01,5.0,96,21,1,False,positive,False,True,False,False,0,0,1,0,0,0,0
1356,222158010,URIAGE,2021-12-01,5.0,115,25,1,False,positive,False,True,True,False,0,1,1,0,0,0,1
1357,222158010,URIAGE,2021-11-01,5.0,74,16,1,False,neutral,False,False,False,False,0,0,1,1,0,0,0
1358,222158010,URIAGE,2021-11-01,5.0,18,5,1,False,,,,,,0,0,0,0,0,0,0
1359,222158010,URIAGE,2021-11-01,5.0,181,41,1,False,neutral,False,False,False,False,0,0,0,1,0,0,0
1360,222158010,URIAGE,2021-07-01,5.0,141,34,1,False,,,,,,0,0,0,0,0,0,0
1361,222146999,URIAGE,2022-08-01,3.0,145,32,1,False,neutral,False,False,False,False,0,0,1,0,0,0,0
1362,222146999,URIAGE,2023-07-01,4.0,113,24,1,False,neutral,False,True,True,False,1,0,0,1,0,0,0
1363,222146999,URIAGE,2024-12-01,5.0,111,25,1,False,positive,False,True,False,False,0,0,0,0,1,0,0
1364,222146999,URIAGE,2024-09-01,5.0,119,26,1,False,positive,False,True,False,False,0,0,1,0,0,0,1
1365,222146999,URIAGE,2024-08-01,5.0,70,16,1,False,positive,False,True,False,False,1,0,0,0,0,0,0
1366,222146999,URIAGE,2024-07-01,5.0,33,7,1,False,,,,,,0,0,0,0,0,0,0
1367,222146999,URIAGE,2024-06-01,5.0,76,18,1,False,neutral,False,False,False,False,0,0,0,0,1,0,0
1368,222146999,URIAGE,2024-06-01,5.0,70,19,1,False,negative,True,False,False,True,1,0,0,0,0,0,0
1369,222146999,URIAGE,2024-05-01,5.0,145,33,1,False,neutral,False,True,True,False,1,0,0,0,1,0,0
1370,222146999,URIAGE,2024-01-01,5.0,73,17,1,False,,,,,,0,0,0,0,0,0,0
1371,222146999,URIAGE,2023-10-01,5.0,164,38,1,False,positive,False,True,True,False,1,0,0,0,1,0,0
1372,222146999,URIAGE,2023-06-01,5.0,232,48,1,False,,,,,,0,0,0,0,0,0,0
1373,222146999,URIAGE,2023-04-01,5.0,42,10,1,False,positive,False,True,False,False,0,0,1,0,0,0,1
1374,222146999,URIAGE,2023-03-01,5.0,77,18,1,False,,,,,,0,0,0,0,0,0,0
1375,222146999,URIAGE,2023-03-01,5.0,71,18,1,False,,,,,,0,0,0,0,0,0,0
1376,222146999,URIAGE,2023-03-01,5.0,36,8,1,False,positive,False,True,False,False,1,0,0,0,0,0,0
1377,222146999,URIAGE,2023-02-01,5.0,309,69,1,False,positive,False,True,False,False,1,0,1,0,1,0,0
1378,222146999,URIAGE,2022-12-01,5.0,156,36,1,False,,,,,,0,0,0,0,0,0,0
1379,222146999,URIAGE,2022-11-01,5.0,53,13,1,False,positive,False,True,False,False,0,0,0,0,1,0,0
1380,222146999,URIAGE,2022-11-01,5.0,558,123,2,False,neutral,False,False,False,False,0,1,0,0,0,0,0
1381,222146999,URIAGE,2022-11-01,5.0,57,12,1,False,,,,,,0,0,0,0,0,0,0
1382,222146999,URIAGE,2022-10-01,5.0,153,34,1,False,positive,False,True,False,False,1,0,0,0,0,0,0
1383,222146999,URIAGE,2022-10-01,5.0,277,63,1,False,positive,False,True,False,False,0,0,1,0,0,0,0
1384,222146999,URIAGE,2022-09-01,5.0,113,26,1,False,neutral,True,True,True,True,1,0,0,1,1,0,1
1385,222146999,URIAGE,2022-08-01,5.0,115,27,1,False,,,,,,0,0,0,0,0,0,0
1386,222146999,URIAGE,2022-08-01,5.0,193,42,1,False,,,,,,0,0,0,0,0,0,0
1387,222146999,URIAGE,2022-06-01,5.0,65,14,1,False,positive,False,True,True,False,1,0,1,0,0,0,0
1388,222146999,URIAGE,2022-05-01,5.0,101,24,1,False,positive,False,True,False,False,1,0,0,0,0,0,0
1389,222146999,URIAGE,2022-01-01,5.0,233,50,1,False,positive,False,True,False,False,1,0,0,0,0,0,0
1390,222146999,URIAGE,2021-12-01,5.0,192,47,1,False,,,,,,0,0,0,0,0,0,0
1391,222146999,URIAGE,2021-11-01,5.0,86,20,1,False,positive,False,True,False,False,0,0,1,0,0,0,0
1392,973842697,URIAGE,2024-05-01,5.0,248,54,1,False,positive,True,True,True,True,1,0,0,0,1,0,0
1393,973842697,URIAGE,2024-01-01,5.0,98,23,1,False,neutral,False,False,False,False,1,0,0,0,0,0,0
1394,973842697,URIAGE,2023-09-01,5.0,197,46,1,False,positive,False,True,True,False,1,1,1,0,1,0,0
1395,973842697,URIAGE,2023-08-01,5.0,30,6,19,True,positive,False,True,False,False,1,0,1,0,1,0,0
1396,973842697,URIAGE,2022-07-01,5.0,101,22,1,False,positive,False,True,False,False,0,0,1,1,0,0,1
1397,973842697,URIAGE,2021-11-01,5.0,26,7,1,False,,,,,,0,0,0,0,0,0,0
1398,1454114566,URIAGE,2022-12-01,5.0,168,38,1,False,,,,,,0,0,0,0,0,0,0
1399,1454114566,URIAGE,2022-11-01,5.0,97,21,1,False,negative,True,False,True,True,0,1,1,1,0,0,0
1400,1454114566,URIAGE,2022-11-01,5.0,12,3,2,False,,,,,,0,0,0,0,0,0,0
1401,1454114566,URIAGE,2022-11-01,5.0,558,123,2,False,neutral,False,False,False,False,0,1,0,0,0,0,0
1402,1454114566,URIAGE,2021-10-01,5.0,97,23,1,False,positive,False,True,False,False,0,0,1,0,1,0,0
1403,1454114566,URIAGE,2021-10-01,5.0,84,6,1,False,,,,,,0,0,0,0,0,0,0
1404,1454114566,URIAGE,2021-09-01,5.0,99,22,1,False,negative,True,False,True,True,0,1,1,0,0,0,1
1405,1454114566,URIAGE,2021-09-01,5.0,94,20,1,False,neutral,False,False,False,False,1,0,0,1,0,0,1
1406,1454114566,URIAGE,2021-09-01,5.0,167,35,1,False,positive,True,True,True,True,0,0,1,0,0,0,0
1407,1454114566,URIAGE,2021-09-01,5.0,100,24,1,False,positive,False,True,False,False,0,0,0,0,1,0,0
1408,953152482,URIAGE,2025-03-01,5.0,23,6,1,False,neutral,False,False,False,False,1,0,0,0,0,0,0
1409,953152482,URIAGE,2024-12-01,5.0,70,16,1,False,negative,True,False,False,True,1,0,0,0,0,0,0
1410,953152482,URIAGE,2024-12-01,5.0,61,15,1,False,neutral,False,False,False,False,1,0,0,0,0,0,0
1411,953152482,URIAGE,2024-12-01,5.0,40,9,1,False,neutral,False,True,True,False,1,0,0,0,1,0,0
1412,953152482,URIAGE,2024-11-01,5.0,26,7,1,False,,,,,,0,0,0,0,0,0,0
1413,953152482,URIAGE,2024-11-01,5.0,216,52,1,False,neutral,False,True,True,False,1,0,0,0,1,0,0
1414,953152482,URIAGE,2024-11-01,5.0,80,19,1,False,positive,False,True,True,False,1,0,0,0,0,0,0
1415,953152482,URIAGE,2024-11-01,5.0,85,20,1,False,positive,False,True,False,False,0,0,0,0,1,0,0
1416,953152482,URIAGE,2024-10-01,5.0,70,16,1,False,neutral,False,True,True,False,1,0,0,0,1,0,0
1417,953152482,URIAGE,2024-05-01,5.0,73,17,1,False,neutral,False,False,False,False,1,0,0,0,0,0,0
1418,953152482,URIAGE,2024-05-01,5.0,109,27,1,False,neutral,False,True,True,False,1,0,0,0,0,1,0
1419,953152482,URIAGE,2024-05-01,5.0,65,14,1,False,negative,True,False,False,True,0,0,1,0,0,0,0
1420,953152482,URIAGE,2024-05-01,5.0,168,40,1,False,neutral,False,True,True,False,1,0,0,0,1,1,0
1421,953152482,URIAGE,2024-05-01,5.0,71,15,2,False,positive,False,True,False,False,0,0,1,0,0,0,1
1422,953152482,URIAGE,2024-05-01,5.0,73,17,1,False,positive,False,True,False,False,0,0,0,0,1,0,0
1423,953152482,URIAGE,2024-05-01,5.0,101,24,1,False,,,,,,0,0,0,0,0,0,0
1424,953152482,URIAGE,2024-04-01,5.0,115,23,1,False,positive,False,True,True,False,1,0,1,0,1,0,0
1425,953152482,URIAGE,2024-03-01,5.0,16,4,1,False,,,,,,0,0,0,0,0,0,0
1426,953152482,URIAGE,2024-03-01,5.0,71,16,1,False,neutral,False,False,False,False,0,0,0,0,1,0,0
1427,953152482,URIAGE,2024-03-01,5.0,76,18,1,False,positive,False,True,False,False,1,0,0,0,1,0,0
1428,953152482,URIAGE,2024-03-01,5.0,73,16,4,False,neutral,False,True,True,False,1,1,0,1,0,0,0
1429,953152482,URIAGE,2024-03-01,5.0,116,28,1,False,neutral,False,False,False,False,1,0,0,0,0,1,0
1430,953152482,URIAGE,2024-03-01,5.0,80,19,1,False,positive,False,True,False,False,0,0,0,0,1,0,0
1431,953152482,URIAGE,2024-03-01,5.0,72,17,1,False,,,,,,0,0,0,0,0,0,0
1432,953152482,URIAGE,2024-01-01,5.0,96,22,1,False,,,,,,0,0,0,0,0,0,0
1433,953152482,URIAGE,2024-01-01,5.0,100,23,1,False,neutral,False,False,False,False,1,0,0,0,0,0,0
1434,953152482,URIAGE,2024-01-01,5.0,48,13,1,False,,,,,,0,0,0,0,0,0,0
1435,953152482,URIAGE,2024-01-01,5.0,73,18,1,False,,,,,,0,0,0,0,0,0,0
1436,953152482,URIAGE,2024-01-01,5.0,4,1,6,True,,,,,,0,0,0,0,0,0,0
1437,953152482,URIAGE,2023-12-01,5.0,154,35,1,False,positive,False,True,False,False,1,0,0,0,1,0,0
1438,953152482,URIAGE,2023-11-01,5.0,44,12,1,False,neutral,False,False,False,False,0,0,1,0,0,0,0
1439,953152482,URIAGE,2023-07-01,5.0,74,17,1,False,positive,False,True,False,False,0,0,0,0,1,0,0
1440,953152482,URIAGE,2023-07-01,5.0,19,4,1,False,,,,,,0,0,0,0,0,0,0
1441,953152482,URIAGE,2023-07-01,5.0,61,8,2,False,,,,,,0,0,0,0,0,0,0
1442,953152482,URIAGE,2023-07-01,5.0,35,4,1,False,,,,,,0,0,0,0,0,0,0
1443,953152482,URIAGE,2023-06-01,5.0,36,8,2,False,positive,False,True,False,False,0,0,1,0,0,0,0
1444,953152482,URIAGE,2023-05-01,5.0,69,15,1,False,positive,False,True,False,False,0,1,1,0,0,0,0
1445,953152482,URIAGE,2023-05-01,5.0,62,2,1,False,positive,False,True,False,False,0,0,1,0,0,0,0
1446,953152482,URIAGE,2023-05-01,5.0,81,17,1,False,positive,False,True,True,False,0,1,1,1,0,0,0
1447,953152482,URIAGE,2022-09-01,5.0,119,28,1,False,,,,,,0,0,0,0,0,0,0
1448,953152482,URIAGE,2022-05-01,5.0,88,19,1,False,neutral,False,False,False,False,0,0,0,0,1,0,0
1449,953152482,URIAGE,2022-05-01,5.0,25,6,1,False,neutral,False,False,False,False,0,1,0,0,0,0,0
1450,3206293687,Eucerin,2025-11-01,3.0,29,7,1,False,,,,,,0,0,0,0,0,0,0
1451,3206293687,Eucerin,2026-04-01,5.0,105,23,1,False,positive,True,True,True,True,1,0,1,0,1,1,0
1452,3206293687,Eucerin,2026-04-01,5.0,20,5,4,False,,,,,,0,0,0,0,0,0,0
1453,3206293687,Eucerin,2026-04-01,5.0,114,25,1,False,neutral,False,False,False,False,0,0,1,0,1,0,0
1454,3206293687,Eucerin,2026-04-01,5.0,119,27,1,False,neutral,False,False,False,False,0,0,0,0,0,0,1
1455,3206293687,Eucerin,2026-04-01,5.0,30,7,1,False,positive,False,True,False,False,1,0,0,0,0,0,0
1456,3206293687,Eucerin,2026-03-01,5.0,81,19,1,False,positive,True,True,True,True,1,0,0,0,1,1,0
1457,3206293687,Eucerin,2026-03-01,5.0,61,13,1,False,neutral,False,False,False,False,0,0,0,0,0,0,1
1458,3206293687,Eucerin,2026-03-01,5.0,133,31,1,False,positive,True,True,True,True,1,0,0,0,0,0,0
1459,3206293687,Eucerin,2026-03-01,5.0,20,4,1,False,neutral,False,False,False,False,1,0,0,0,0,0,0
1460,3206293687,Eucerin,2026-03-01,5.0,161,36,1,False,neutral,False,False,False,False,0,1,0,0,0,0,0
1461,3206293687,Eucerin,2026-01-01,5.0,74,17,1,False,,,,,,0,0,0,0,0,0,0
1462,3206293687,Eucerin,2026-01-01,5.0,173,41,1,False,positive,False,True,False,False,0,0,0,0,0,0,1
1463,3206293687,Eucerin,2025-12-01,5.0,23,5,1,False,positive,False,True,False,False,0,0,1,0,0,0,0
1464,3206293687,Eucerin,2025-12-01,5.0,123,29,1,False,neutral,False,True,True,False,1,0,0,0,0,0,0
1465,3206293687,Eucerin,2025-12-01,5.0,65,15,1,False,,,,,,0,0,0,0,0,0,0
1466,3206293687,Eucerin,2025-11-01,5.0,351,78,1,False,positive,False,True,False,False,0,1,0,0,0,0,0
1467,3206293687,Eucerin,2025-11-01,5.0,87,19,1,False,negative,True,False,False,True,1,0,0,0,0,0,0
1468,3206293687,Eucerin,2025-11-01,5.0,26,6,1,False,,,,,,0,0,0,0,0,0,0
1469,3205201458,Eucerin,2025-12-01,5.0,98,17,1,False,,,,,,0,0,0,0,0,0,0
1470,2967065515,Eucerin,2025-12-01,5.0,76,19,1,False,,,,,,0,0,0,0,0,0,0
1471,2967065515,Eucerin,2025-09-01,5.0,238,54,1,False,positive,False,True,True,False,1,0,0,0,0,0,0
1472,2967065515,Eucerin,2025-06-01,5.0,85,21,1,False,neutral,False,False,False,False,0,1,0,0,0,0,0
1473,2967065515,Eucerin,2025-04-01,5.0,114,26,2,False,positive,False,True,True,False,1,0,0,0,1,0,0
1474,2967065515,Eucerin,2025-04-01,5.0,35,6,2,False,positive,False,True,False,False,1,1,0,0,0,1,0
1475,2967065515,Eucerin,2025-04-01,5.0,118,26,1,False,positive,False,True,True,False,0,0,1,1,0,0,0
1476,2967065515,Eucerin,2025-04-01,5.0,98,19,1,False,neutral,False,True,True,False,0,1,1,0,0,0,0
1477,2967065515,Eucerin,2025-03-01,5.0,18,3,1,False,positive,False,True,False,False,1,0,0,0,0,0,0
1478,2967065515,Eucerin,2025-03-01,5.0,111,24,1,False,neutral,False,False,False,False,1,0,0,0,0,0,0
1479,2967065515,Eucerin,2025-03-01,5.0,156,36,1,False,positive,False,True,True,False,0,1,1,0,0,0,0
1480,2967065515,Eucerin,2025-03-01,5.0,128,28,1,False,neutral,False,True,True,False,1,1,1,0,0,0,1
1481,2967065515,Eucerin,2025-03-01,5.0,115,28,1,False,positive,False,True,False,False,1,1,0,0,0,0,0
1482,2120330631,Eucerin,2023-09-01,1.0,96,22,1,False,positive,False,True,False,False,0,0,0,0,0,0,1
1483,2120330631,Eucerin,2024-10-01,4.0,121,28,1,False,positive,False,True,False,False,1,0,0,0,0,0,0
1484,2120330631,Eucerin,2022-10-01,4.0,200,50,1,False,,,,,,0,0,0,0,0,0,0
1485,2120330631,Eucerin,2022-09-01,4.0,48,12,1,False,,,,,,0,0,0,0,0,0,0
1486,2120330631,Eucerin,2025-11-01,5.0,111,25,1,False,,,,,,0,0,0,0,0,0,0
1487,2120330631,Eucerin,2025-09-01,5.0,126,29,1,False,positive,False,True,True,False,1,0,1,0,0,0,0
1488,2120330631,Eucerin,2025-08-01,5.0,50,12,1,False,,,,,,0,0,0,0,0,0,0
1489,2120330631,Eucerin,2025-08-01,5.0,129,30,1,False,positive,False,True,False,False,1,0,0,0,0,0,0
1490,2120330631,Eucerin,2025-06-01,5.0,183,42,1,False,neutral,False,False,False,False,0,1,0,0,0,0,0
1491,2120330631,Eucerin,2025-05-01,5.0,121,29,1,False,,,,,,0,0,0,0,0,0,0
1492,2120330631,Eucerin,2025-05-01,5.0,87,21,1,False,,,,,,0,0,0,0,0,0,0
1493,2120330631,Eucerin,2025-05-01,5.0,134,33,1,False,positive,False,True,False,False,1,1,0,0,1,0,0
1494,2120330631,Eucerin,2025-05-01,5.0,125,30,1,False,positive,False,True,False,False,1,1,0,0,1,0,0
1495,2120330631,Eucerin,2025-04-01,5.0,99,23,1,False,positive,False,True,False,False,1,0,0,0,0,0,0
1496,2120330631,Eucerin,2025-04-01,5.0,78,17,1,False,neutral,False,False,False,False,0,1,0,0,0,0,0
1497,2120330631,Eucerin,2025-04-01,5.0,72,17,1,False,positive,False,True,False,False,1,0,0,0,0,0,0
1498,2120330631,Eucerin,2025-04-01,5.0,86,20,1,False,,,,,,0,0,0,0,0,0,0
1499,2120330631,Eucerin,2025-04-01,5.0,114,27,1,False,positive,False,True,True,False,0,1,0,0,1,0,0
1500,2120330631,Eucerin,2025-04-01,5.0,91,21,1,False,,,,,,0,0,0,0,0,0,0
1501,2120330631,Eucerin,2025-04-01,5.0,106,25,1,False,positive,False,True,False,False,0,1,0,0,0,1,0
1502,2120330631,Eucerin,2025-03-01,5.0,9,3,1,False,,,,,,0,0,0,0,0,0,0
1503,2120330631,Eucerin,2025-03-01,5.0,96,23,1,False,positive,False,True,False,False,0,1,0,0,1,0,0
1504,2120330631,Eucerin,2025-02-01,5.0,85,18,1,False,positive,False,True,True,False,1,1,0,0,1,1,0
1505,2120330631,Eucerin,2025-02-01,5.0,93,22,1,False,positive,False,True,False,False,1,0,0,0,1,0,0
1506,2120330631,Eucerin,2025-02-01,5.0,73,17,1,False,neutral,False,False,False,False,0,1,0,0,0,0,0
1507,2120330631,Eucerin,2025-02-01,5.0,37,9,1,False,,,,,,0,0,0,0,0,0,0
1508,2120330631,Eucerin,2025-02-01,5.0,101,24,1,False,,,,,,0,0,0,0,0,0,0
1509,2120330631,Eucerin,2025-01-01,5.0,137,31,1,False,neutral,False,True,True,False,1,1,0,0,0,0,0
1510,2120330631,Eucerin,2025-01-01,5.0,121,29,1,False,positive,False,True,False,False,1,0,0,0,1,0,0
1511,2120330631,Eucerin,2025-01-01,5.0,30,8,1,False,,,,,,0,0,0,0,0,0,0
1512,2120330631,Eucerin,2025-01-01,5.0,133,32,1,False,positive,False,True,False,False,0,1,0,0,1,0,0
1513,2120330631,Eucerin,2024-12-01,5.0,79,16,1,False,neutral,False,False,False,False,0,1,0,0,0,0,0
1514,2120330631,Eucerin,2024-12-01,5.0,45,11,1,False,,,,,,0,0,0,0,0,0,0
1515,2120330631,Eucerin,2024-12-01,5.0,104,24,1,False,,,,,,0,0,0,0,0,0,0
1516,2120330631,Eucerin,2024-12-01,5.0,284,65,1,False,neutral,False,False,False,False,1,1,0,0,0,0,0
1517,2120330631,Eucerin,2024-12-01,5.0,120,28,1,False,,,,,,0,0,0,0,0,0,0
1518,2120330631,Eucerin,2024-12-01,5.0,101,24,1,False,positive,False,True,False,False,1,0,0,0,0,0,0
1519,2120330631,Eucerin,2024-11-01,5.0,34,8,1,False,,,,,,0,0,0,0,0,0,0
1520,2120330631,Eucerin,2024-11-01,5.0,151,35,1,False,neutral,False,False,False,False,1,1,0,0,0,0,0
1521,2120330631,Eucerin,2024-11-01,5.0,67,16,1,False,,,,,,0,0,0,0,0,0,0
1522,2120330631,Eucerin,2024-11-01,5.0,99,23,1,False,,,,,,0,0,0,0,0,0,0
1523,2120330631,Eucerin,2024-10-01,5.0,82,18,1,False,,,,,,0,0,0,0,0,0,0
1524,2120330631,Eucerin,2024-10-01,5.0,141,32,1,False,neutral,False,False,False,False,0,1,0,0,0,0,0
1525,2120330631,Eucerin,2024-10-01,5.0,73,17,1,False,,,,,,0,0,0,0,0,0,0
1526,2120330631,Eucerin,2024-10-01,5.0,66,14,1,False,neutral,False,False,False,False,0,0,0,1,0,0,0
1527,2120330631,Eucerin,2024-10-01,5.0,83,20,1,False,,,,,,0,0,0,0,0,0,0
1528,2120330631,Eucerin,2024-09-01,5.0,113,27,1,False,positive,False,True,False,False,1,0,0,0,1,0,0
1529,2120330631,Eucerin,2024-09-01,5.0,69,16,1,False,neutral,False,False,False,False,1,0,0,0,0,0,0
1530,2120330631,Eucerin,2024-09-01,5.0,74,18,1,False,,,,,,0,0,0,0,0,0,0
1531,2120330631,Eucerin,2024-09-01,5.0,49,12,1,False,positive,False,True,False,False,1,0,0,0,1,0,0
1532,2120330631,Eucerin,2024-09-01,5.0,144,33,1,False,,,,,,0,0,0,0,0,0,0
1533,2120330631,Eucerin,2024-08-01,5.0,98,23,1,False,,,,,,0,0,0,0,0,0,0
1534,2120330631,Eucerin,2024-08-01,5.0,103,24,1,False,neutral,False,True,True,False,1,1,0,0,0,0,0
1535,2120330631,Eucerin,2024-07-01,5.0,110,24,1,False,positive,False,True,False,False,1,0,0,0,0,0,0
1536,2120330631,Eucerin,2024-06-01,5.0,131,31,1,False,positive,False,True,False,False,0,0,0,0,1,0,0
1537,2120330631,Eucerin,2024-06-01,5.0,95,23,1,False,positive,False,True,False,False,0,0,1,0,0,0,0
1538,2120330631,Eucerin,2024-06-01,5.0,89,25,1,False,neutral,False,False,False,False,0,1,0,0,0,0,1
1539,2120330631,Eucerin,2024-06-01,5.0,66,15,1,False,neutral,False,False,False,False,0,1,0,0,0,0,0
1540,2120330631,Eucerin,2024-06-01,5.0,93,21,1,False,positive,False,True,False,False,0,0,0,0,1,0,0
1541,2120330631,Eucerin,2024-05-01,5.0,111,27,1,False,positive,False,True,False,False,0,0,0,0,1,0,0
1542,2120330631,Eucerin,2024-05-01,5.0,86,21,1,False,,,,,,0,0,0,0,0,0,0
1543,2120330631,Eucerin,2024-04-01,5.0,65,14,1,False,negative,True,False,False,True,1,0,0,0,0,0,0
1544,2120330631,Eucerin,2024-03-01,5.0,59,10,1,False,positive,False,True,False,False,1,0,1,0,1,0,0
1545,2120330631,Eucerin,2024-03-01,5.0,60,10,1,False,positive,False,True,True,False,0,0,1,1,0,0,0
1546,2120330631,Eucerin,2024-03-01,5.0,103,24,1,False,positive,False,True,True,False,1,1,0,0,0,0,0
1547,2120330631,Eucerin,2024-03-01,5.0,140,33,1,False,positive,False,True,True,False,0,1,0,0,1,0,0
1548,2120330631,Eucerin,2024-03-01,5.0,122,26,1,False,positive,False,True,True,False,1,0,1,0,1,0,0
1549,2120330631,Eucerin,2024-03-01,5.0,109,25,1,False,,,,,,0,0,0,0,0,0,0
1550,2120330631,Eucerin,2024-03-01,5.0,90,22,1,False,,,,,,0,0,0,0,0,0,0
1551,2120330631,Eucerin,2024-03-01,5.0,124,30,1,False,positive,False,True,False,False,1,0,0,0,0,0,0
1552,2120330631,Eucerin,2024-03-01,5.0,68,13,1,False,,,,,,0,0,0,0,0,0,0
1553,2120330631,Eucerin,2024-03-01,5.0,203,46,1,False,positive,False,True,False,False,0,0,1,0,1,0,0
1554,2120330631,Eucerin,2024-03-01,5.0,731,166,1,False,neutral,True,False,True,True,0,0,1,0,0,0,0
1555,2120330631,Eucerin,2024-03-01,5.0,100,22,1,False,neutral,False,False,False,False,0,1,0,0,0,0,0
1556,2120330631,Eucerin,2024-03-01,5.0,120,29,1,False,,,,,,0,0,0,0,0,0,0
1557,2120330631,Eucerin,2024-03-01,5.0,69,16,1,False,neutral,False,False,False,False,0,0,0,1,0,0,0
1558,2120330631,Eucerin,2024-03-01,5.0,60,11,1,False,positive,False,True,False,False,0,0,1,0,0,0,0
1559,2120330631,Eucerin,2024-03-01,5.0,92,19,1,False,positive,False,True,True,False,1,1,1,0,1,0,0
1560,2120330631,Eucerin,2024-03-01,5.0,108,26,1,False,positive,False,True,True,False,1,0,0,0,1,0,0
1561,2120330631,Eucerin,2024-03-01,5.0,84,19,1,False,,,,,,0,0,0,0,0,0,0
1562,2120330631,Eucerin,2024-03-01,5.0,88,21,1,False,,,,,,0,0,0,0,0,0,0
1563,2120330631,Eucerin,2024-03-01,5.0,62,10,1,False,positive,False,True,False,False,1,0,1,0,1,0,0
1564,2120330631,Eucerin,2024-03-01,5.0,12,3,2,False,positive,False,True,False,False,1,0,0,0,0,0,0
1565,2120330631,Eucerin,2024-03-01,5.0,50,12,1,False,positive,False,True,False,False,0,0,1,0,0,0,0
1566,2120330631,Eucerin,2024-02-01,5.0,67,16,1,False,,,,,,0,0,0,0,0,0,0
1567,2120330631,Eucerin,2024-02-01,5.0,102,23,1,False,neutral,False,False,False,False,0,1,0,0,0,0,0
1568,2120330631,Eucerin,2024-02-01,5.0,179,43,1,False,neutral,False,False,False,False,0,0,1,0,0,0,0
1569,2120330631,Eucerin,2024-02-01,5.0,105,22,1,False,neutral,False,False,False,False,1,0,0,0,0,0,0
1570,2120320632,Eucerin,2021-01-01,1.0,16,3,1,False,,,,,,0,0,0,0,0,0,0
1571,2120320632,Eucerin,2020-12-01,1.0,126,29,1,False,,,,,,0,0,0,0,0,0,0
1572,2120320632,Eucerin,2020-12-01,1.0,51,12,1,False,negative,True,False,False,False,1,0,0,0,0,0,0
1573,2120320632,Eucerin,2021-06-01,2.0,196,44,1,False,neutral,False,False,False,False,0,0,0,0,0,0,1
1574,2120320632,Eucerin,2026-03-01,5.0,141,31,1,False,neutral,False,True,True,False,0,0,1,1,1,0,0
1575,2120320632,Eucerin,2023-04-01,5.0,14,2,2,False,positive,False,True,False,False,0,0,1,0,0,0,0
1576,2120320632,Eucerin,2023-04-01,5.0,70,14,1,False,negative,True,False,False,True,0,0,0,0,1,0,0
1577,2120320632,Eucerin,2023-03-01,5.0,72,15,1,False,neutral,False,False,False,False,0,0,1,1,0,0,0
1578,2120320632,Eucerin,2023-03-01,5.0,52,13,1,False,neutral,False,False,False,False,0,0,0,1,0,0,1
1579,2120320632,Eucerin,2023-03-01,5.0,106,28,1,False,neutral,False,False,False,False,0,0,0,0,0,0,1
1580,2120320632,Eucerin,2023-03-01,5.0,74,19,1,False,neutral,False,False,False,False,0,1,0,0,0,0,0
1581,2120320632,Eucerin,2023-03-01,5.0,97,25,1,False,neutral,False,False,False,False,0,1,0,0,0,0,0
1582,2120320632,Eucerin,2023-03-01,5.0,24,6,1,False,,,,,,0,0,0,0,0,0,0
1583,2120320632,Eucerin,2023-03-01,5.0,72,18,1,False,neutral,False,True,True,False,0,0,1,0,0,0,1
1584,2120320632,Eucerin,2023-02-01,5.0,105,24,1,False,neutral,True,False,True,True,0,0,1,0,0,0,1
1585,2120320632,Eucerin,2023-02-01,5.0,20,5,1,False,positive,False,True,False,False,0,0,0,0,1,0,0
1586,2120320632,Eucerin,2023-02-01,5.0,62,16,1,False,neutral,False,False,False,False,0,1,0,0,0,0,0
1587,2120320632,Eucerin,2023-02-01,5.0,8,2,1,False,,,,,,0,0,0,0,0,0,0
1588,2120320632,Eucerin,2022-11-01,5.0,52,11,1,False,neutral,False,False,False,False,0,0,0,1,0,0,1
1589,2120320632,Eucerin,2022-10-01,5.0,77,16,1,False,positive,False,True,False,False,0,1,1,0,0,0,0
1590,2120320632,Eucerin,2022-08-01,5.0,49,11,1,False,neutral,False,False,False,False,0,0,1,0,0,0,0
1591,2120320632,Eucerin,2022-05-01,5.0,63,14,1,False,positive,False,True,False,False,0,0,1,0,0,0,0
1592,2120320632,Eucerin,2022-05-01,5.0,99,24,1,False,positive,False,True,False,False,0,0,0,0,1,0,0
1593,2120320632,Eucerin,2022-04-01,5.0,91,20,1,False,positive,False,True,False,False,0,0,0,1,1,0,0
1594,2120320632,Eucerin,2022-04-01,5.0,19,4,1,False,neutral,False,False,False,False,0,0,0,1,0,0,0
1595,2120320632,Eucerin,2022-03-01,5.0,35,8,1,False,,,,,,0,0,0,0,0,0,0
1596,2120320632,Eucerin,2022-01-01,5.0,248,60,1,False,positive,False,True,False,False,1,0,0,1,1,0,0
1597,2120320632,Eucerin,2022-01-01,5.0,103,16,1,False,,,,,,0,0,0,0,0,0,0
1598,2120320632,Eucerin,2022-01-01,5.0,30,7,1,False,positive,False,True,False,False,0,0,0,0,1,0,0
1599,2120320632,Eucerin,2022-01-01,5.0,12,3,1,False,positive,False,True,False,False,0,0,0,0,1,0,0
1600,2120320632,Eucerin,2022-01-01,5.0,60,10,1,False,neutral,False,False,False,False,0,0,0,0,0,0,1
1601,2120320632,Eucerin,2022-01-01,5.0,29,7,1,False,positive,False,True,False,False,0,0,1,0,0,0,0
1602,2120320632,Eucerin,2021-12-01,5.0,33,7,1,False,positive,False,True,False,False,0,0,0,0,1,0,0
1603,2120320632,Eucerin,2021-12-01,5.0,72,18,1,False,neutral,False,True,True,False,1,0,0,0,1,0,0
1604,2120320632,Eucerin,2021-12-01,5.0,149,33,1,False,neutral,False,True,True,False,0,0,1,0,1,0,0
1605,2120320632,Eucerin,2021-12-01,5.0,36,8,1,False,positive,False,True,False,False,0,0,1,0,0,0,0
1606,2120320632,Eucerin,2021-11-01,5.0,167,40,1,False,,,,,,0,0,0,0,0,0,0
1607,2120320632,Eucerin,2021-09-01,5.0,45,11,1,False,positive,False,True,False,False,0,0,0,0,1,0,0
1608,2120320632,Eucerin,2021-04-01,5.0,62,14,1,False,,,,,,0,0,0,0,0,0,0
1609,2120320632,Eucerin,2020-10-01,5.0,7,2,1,True,,,,,,0,0,0,0,0,0,0
1610,2967183326,Eucerin,2026-04-01,5.0,139,32,1,False,positive,False,True,False,False,0,1,0,0,0,0,0
1611,2967183326,Eucerin,2025-12-01,5.0,276,62,1,False,positive,False,True,True,False,1,1,0,0,0,0,1
1612,2967183326,Eucerin,2025-11-01,5.0,107,23,1,False,positive,False,True,False,False,1,1,0,0,0,0,0
1613,2967183326,Eucerin,2025-09-01,5.0,110,24,1,False,positive,False,True,False,False,1,1,0,0,0,0,0
1614,2967183326,Eucerin,2025-05-01,5.0,74,14,1,False,positive,False,True,False,False,1,1,0,0,0,1,0
1615,2967183326,Eucerin,2025-05-01,5.0,69,16,3,False,positive,False,True,False,False,0,0,1,0,0,0,0
1616,2967183326,Eucerin,2025-04-01,5.0,155,34,1,False,neutral,False,False,False,False,0,1,0,0,0,0,0
1617,2967183326,Eucerin,2025-04-01,5.0,216,42,1,False,,,,,,0,0,0,0,0,0,0
1618,2967183326,Eucerin,2025-04-01,5.0,102,23,1,False,neutral,False,False,False,False,0,1,1,1,0,0,1
1619,2967183326,Eucerin,2025-04-01,5.0,61,12,1,False,positive,False,True,False,False,1,1,0,0,0,1,0
1620,2967183326,Eucerin,2025-04-01,5.0,52,12,1,False,neutral,False,False,False,False,0,1,0,1,0,0,1
1621,2967183326,Eucerin,2025-04-01,5.0,144,34,1,False,positive,False,True,False,False,0,0,0,0,1,0,0
1622,2967183326,Eucerin,2025-04-01,5.0,64,14,1,False,neutral,False,True,True,False,0,0,1,1,0,0,1
1623,2967183326,Eucerin,2025-03-01,5.0,69,13,1,False,positive,False,True,False,False,1,1,0,0,0,1,0
1624,2967183326,Eucerin,2025-03-01,5.0,85,11,1,False,positive,False,True,False,False,1,1,0,0,0,1,0
1625,2967183326,Eucerin,2025-03-01,5.0,167,38,1,False,neutral,True,False,True,True,1,1,0,0,0,0,0
1626,2967183326,Eucerin,2025-03-01,5.0,77,17,1,False,,,,,,0,0,0,0,0,0,0
1627,2967183326,Eucerin,2025-03-01,5.0,76,15,1,False,positive,False,True,False,False,1,1,0,0,1,1,0
1628,2967183326,Eucerin,2025-03-01,5.0,176,40,1,False,positive,False,True,True,False,1,0,1,0,1,0,0
1629,2967183326,Eucerin,2025-03-01,5.0,81,16,1,False,neutral,False,True,True,False,0,1,0,0,1,0,0
1630,2967183326,Eucerin,2025-03-01,5.0,147,31,1,False,positive,False,True,True,False,1,1,1,0,0,1,1
1631,2967183326,Eucerin,2025-03-01,5.0,126,32,1,False,neutral,False,False,False,False,0,1,1,1,0,0,0
1632,2967183326,Eucerin,2025-03-01,5.0,142,35,1,False,negative,True,False,True,True,1,1,0,0,0,0,1
1633,2967183326,Eucerin,2025-02-01,5.0,266,60,1,False,neutral,False,False,False,False,0,0,1,0,0,0,1
1634,2120398073,Eucerin,2026-04-01,5.0,27,6,1,False,positive,False,True,False,False,0,0,0,0,1,0,0
1635,2120398073,Eucerin,2023-03-01,5.0,74,18,1,False,,,,,,0,0,0,0,0,0,0
1636,2120398073,Eucerin,2023-02-01,5.0,81,18,1,False,neutral,False,False,False,False,1,0,0,0,0,0,0
1637,2120398073,Eucerin,2023-01-01,5.0,65,13,1,False,positive,False,True,False,False,1,0,1,0,1,0,0
1638,2120398073,Eucerin,2023-01-01,5.0,3,1,23,True,,,,,,0,0,0,0,0,0,0
1639,2120398073,Eucerin,2022-11-01,5.0,154,35,1,False,neutral,False,False,False,False,1,1,0,0,0,0,0
1640,2120398073,Eucerin,2022-11-01,5.0,185,41,1,False,neutral,True,True,True,True,1,1,1,0,0,0,0
1641,2120398073,Eucerin,2022-10-01,5.0,113,23,1,False,neutral,False,False,False,False,0,0,0,1,0,0,0
1642,2120398073,Eucerin,2022-10-01,5.0,100,20,1,False,positive,False,True,False,False,0,0,1,1,0,0,0
1643,2120398073,Eucerin,2022-10-01,5.0,166,40,1,False,,,,,,0,0,0,0,0,0,0
1644,2120398073,Eucerin,2022-10-01,5.0,39,8,1,False,,,,,,0,0,0,0,0,0,0
1645,2120398073,Eucerin,2022-09-01,5.0,47,11,1,False,,,,,,0,0,0,0,0,0,0
1646,2120398073,Eucerin,2022-08-01,5.0,96,20,1,False,neutral,False,False,False,False,0,1,0,1,0,0,0
1647,2120398073,Eucerin,2022-08-01,5.0,117,28,1,False,,,,,,0,0,0,0,0,0,0
1648,2120398073,Eucerin,2022-08-01,5.0,362,77,1,False,neutral,True,False,True,True,1,1,1,1,0,0,0
1649,2120398073,Eucerin,2022-02-01,5.0,263,55,1,False,neutral,False,True,True,False,0,0,1,0,0,0,1
1650,2120398073,Eucerin,2021-09-01,5.0,87,20,1,False,,,,,,0,0,0,0,0,0,0
1651,2120398073,Eucerin,2021-09-01,5.0,118,28,1,False,,,,,,0,0,0,0,0,0,0
1652,2120398073,Eucerin,2021-06-01,5.0,22,5,1,False,positive,False,True,False,False,0,0,0,0,1,0,0
1653,2181040964,Eucerin,2026-04-01,5.0,29,6,1,False,,,,,,0,0,0,0,0,0,0
1654,2181040964,Eucerin,2025-06-01,5.0,168,34,1,False,positive,False,True,False,False,1,1,0,0,1,0,0
1655,2181040964,Eucerin,2025-05-01,5.0,117,27,1,False,positive,False,True,False,False,1,0,0,0,0,0,0
1656,2181040964,Eucerin,2025-04-01,5.0,245,57,1,False,positive,False,True,True,False,1,0,0,0,0,0,0
1657,2181040964,Eucerin,2025-03-01,5.0,200,46,1,False,positive,False,True,True,False,1,0,0,0,0,0,0
1658,2181040964,Eucerin,2025-03-01,5.0,158,37,1,False,positive,False,True,True,False,1,1,0,0,0,0,0
1659,2181040964,Eucerin,2025-03-01,5.0,175,42,1,False,positive,False,True,True,False,1,1,0,0,0,0,1
1660,2181040964,Eucerin,2025-03-01,5.0,112,27,1,False,positive,False,True,True,False,1,1,0,0,0,0,0
1661,2181040964,Eucerin,2025-03-01,5.0,3,1,23,True,,,,,,0,0,0,0,0,0,0
1662,2181040964,Eucerin,2025-02-01,5.0,108,24,1,False,positive,False,True,False,False,1,0,0,0,1,0,0
1663,2181040964,Eucerin,2025-02-01,5.0,128,33,1,False,,,,,,0,0,0,0,0,0,0
1664,2181040964,Eucerin,2025-02-01,5.0,117,24,1,False,neutral,False,True,True,False,1,0,1,0,1,0,1
1665,2181040964,Eucerin,2025-02-01,5.0,70,16,2,False,positive,False,True,True,False,0,0,1,0,0,0,1
1666,2181040964,Eucerin,2025-01-01,5.0,79,19,1,False,neutral,False,False,False,False,1,0,0,0,0,0,0
1667,2181040964,Eucerin,2025-01-01,5.0,72,18,1,False,,,,,,0,0,0,0,0,0,0
1668,2181040964,Eucerin,2025-01-01,5.0,20,5,1,False,neutral,False,False,False,False,0,0,0,0,1,0,0
1669,2181040964,Eucerin,2024-12-01,5.0,103,23,1,False,positive,False,True,False,False,1,1,0,0,0,0,0
1670,2181040964,Eucerin,2024-11-01,5.0,136,28,1,False,positive,False,True,False,False,1,0,0,0,1,0,0
1671,2181040964,Eucerin,2024-11-01,5.0,77,17,1,False,positive,False,True,False,False,0,0,0,1,0,0,1
1672,2181040964,Eucerin,2024-10-01,5.0,73,15,1,False,neutral,True,True,True,True,0,0,1,1,0,0,0
1673,2181040964,Eucerin,2024-10-01,5.0,72,16,1,False,neutral,False,False,False,False,0,0,0,0,0,0,1
1674,2181040964,Eucerin,2024-09-01,5.0,102,26,1,False,neutral,False,True,True,False,1,1,0,0,0,0,0
1675,2181040964,Eucerin,2024-09-01,5.0,7,2,4,True,,,,,,0,0,0,0,0,0,0
1676,2181040964,Eucerin,2024-09-01,5.0,139,31,1,False,positive,False,True,True,False,1,0,0,0,0,0,0
1677,2181040964,Eucerin,2024-09-01,5.0,114,25,1,False,positive,False,True,True,False,1,0,1,0,1,0,0
1678,2181040964,Eucerin,2024-09-01,5.0,125,31,1,False,neutral,False,False,False,False,1,0,0,0,0,0,0
1679,2181040964,Eucerin,2024-09-01,5.0,78,19,2,False,positive,False,True,False,False,0,0,0,0,1,0,0
1680,2181040964,Eucerin,2024-09-01,5.0,88,21,1,False,positive,False,True,False,False,1,1,0,0,0,0,0
1681,2181040964,Eucerin,2024-08-01,5.0,147,36,1,False,neutral,False,True,True,False,1,1,0,0,0,0,0
1682,2181040964,Eucerin,2024-08-01,5.0,48,11,1,False,positive,False,True,False,False,0,0,1,0,0,0,0
1683,2181040964,Eucerin,2024-07-01,5.0,61,16,1,False,neutral,False,False,False,False,1,0,0,0,1,0,0
1684,2181040964,Eucerin,2024-06-01,5.0,124,27,1,False,neutral,False,True,True,False,1,0,0,0,0,0,0
1685,2181040964,Eucerin,2024-06-01,5.0,63,14,1,False,,,,,,0,0,0,0,0,0,0
1686,2181040964,Eucerin,2024-06-01,5.0,93,20,1,False,neutral,False,True,True,False,0,1,1,1,0,0,0
1687,2181040964,Eucerin,2024-06-01,5.0,110,25,1,False,positive,False,True,True,False,0,1,1,0,0,0,1
1688,2181040964,Eucerin,2024-05-01,5.0,102,26,1,False,positive,False,True,False,False,1,0,0,0,0,0,0
1689,2181040964,Eucerin,2024-05-01,5.0,76,19,1,False,neutral,False,False,False,False,0,0,0,1,0,0,0
1690,2181040964,Eucerin,2024-05-01,5.0,97,21,1,False,positive,False,True,False,False,1,0,0,0,1,0,0
1691,2181040964,Eucerin,2024-05-01,5.0,107,26,1,False,positive,False,True,False,False,0,0,0,0,1,0,0
1692,2181040964,Eucerin,2024-04-01,5.0,134,32,1,False,neutral,False,False,False,False,0,0,1,1,0,0,0
1693,2181040964,Eucerin,2024-04-01,5.0,81,17,1,False,positive,False,True,False,False,1,0,0,1,0,0,0
1694,2181040964,Eucerin,2024-04-01,5.0,108,25,1,False,neutral,False,False,False,False,1,0,0,0,0,0,0
1695,2181040964,Eucerin,2024-03-01,5.0,225,53,1,False,positive,False,True,True,False,1,0,1,1,1,0,1
1696,2181040964,Eucerin,2024-03-01,5.0,98,24,1,False,positive,False,True,False,False,1,1,0,0,1,0,0
1697,2181040964,Eucerin,2024-03-01,5.0,126,28,1,False,neutral,False,True,True,False,0,1,1,0,0,0,1
1698,2181040964,Eucerin,2024-03-01,5.0,72,18,1,False,,,,,,0,0,0,0,0,0,0
1699,2181040964,Eucerin,2024-03-01,5.0,90,23,1,False,positive,False,True,False,False,0,0,0,0,1,0,0
1700,2181040964,Eucerin,2024-03-01,5.0,65,15,1,False,positive,False,True,False,False,1,0,1,0,0,0,1
1701,2181040964,Eucerin,2024-03-01,5.0,283,54,1,False,positive,False,True,False,False,1,0,1,0,1,0,0
1702,2181040964,Eucerin,2024-03-01,5.0,110,27,1,False,positive,False,True,False,False,0,0,0,0,1,0,0
1703,2181040964,Eucerin,2024-03-01,5.0,53,12,1,False,positive,False,True,False,False,1,0,1,0,1,0,0
1704,2181040964,Eucerin,2024-03-01,5.0,92,22,1,False,neutral,False,True,True,False,1,0,0,0,1,0,0
1705,2181040964,Eucerin,2024-03-01,5.0,125,28,1,False,positive,False,True,False,False,1,0,0,0,0,0,0
1706,2181040964,Eucerin,2024-03-01,5.0,97,22,1,False,positive,False,True,False,False,1,0,1,0,1,0,0
1707,2181040964,Eucerin,2024-02-01,5.0,162,38,1,False,positive,False,True,True,False,1,0,0,0,1,0,0
1708,2181040964,Eucerin,2024-02-01,5.0,121,30,1,False,neutral,False,True,True,False,1,0,0,0,0,0,0
1709,2181040964,Eucerin,2024-01-01,5.0,139,31,1,False,positive,False,True,False,False,0,0,1,1,1,0,0
1710,2181040964,Eucerin,2023-12-01,5.0,151,36,1,False,,,,,,0,0,0,0,0,0,0
1711,2181040964,Eucerin,2023-11-01,5.0,135,34,1,False,positive,False,True,True,False,0,0,1,1,1,0,0
1712,2181040964,Eucerin,2023-10-01,5.0,10,3,1,False,,,,,,0,0,0,0,0,0,0
1713,2181040964,Eucerin,2023-10-01,5.0,65,15,1,False,positive,False,True,False,False,1,0,0,0,0,0,0
1714,2181040964,Eucerin,2023-09-01,5.0,64,15,1,False,,,,,,0,0,0,0,0,0,0
1715,2181040964,Eucerin,2023-09-01,5.0,29,8,1,False,positive,False,True,False,False,0,0,0,0,1,0,0
1716,2181040964,Eucerin,2023-09-01,5.0,30,6,19,True,positive,False,True,False,False,1,0,1,0,1,0,0
1717,2181040964,Eucerin,2023-09-01,5.0,54,13,1,False,positive,False,True,False,False,0,0,1,0,0,0,0
1718,2181040964,Eucerin,2023-09-01,5.0,92,18,1,False,positive,True,True,True,True,1,0,1,0,1,0,0
1719,2181040964,Eucerin,2023-08-01,5.0,12,4,1,False,,,,,,0,0,0,0,0,0,0
1720,2181040964,Eucerin,2023-08-01,5.0,11,2,4,False,positive,False,True,False,False,0,0,1,0,0,0,0
1721,2181040964,Eucerin,2023-07-01,5.0,14,4,1,False,,,,,,0,0,0,0,0,0,0
1722,2181040964,Eucerin,2023-07-01,5.0,186,43,1,False,negative,True,True,True,True,1,0,0,0,0,0,0
1723,2181040964,Eucerin,2023-07-01,5.0,61,12,1,False,neutral,False,True,True,False,0,0,1,1,0,0,0
1724,2181040964,Eucerin,2023-07-01,5.0,138,32,1,False,negative,True,False,True,True,1,0,0,0,1,0,0
1725,2181040964,Eucerin,2023-07-01,5.0,83,19,1,False,positive,False,True,False,False,0,0,0,0,1,0,0
1726,2181040964,Eucerin,2023-07-01,5.0,97,23,1,False,,,,,,0,0,0,0,0,0,0
1727,2181040964,Eucerin,2023-05-01,5.0,50,12,1,False,positive,False,True,False,False,0,0,0,0,0,0,1
1728,2181040964,Eucerin,2023-05-01,5.0,40,6,1,False,positive,False,True,False,False,1,0,0,0,0,0,0
1729,2181040964,Eucerin,2023-05-01,5.0,180,42,1,False,positive,False,True,False,False,0,1,1,0,1,0,0
1730,2181040964,Eucerin,2023-05-01,5.0,74,15,1,False,positive,False,True,True,False,0,0,1,1,0,0,0
1731,2181040964,Eucerin,2023-05-01,5.0,37,10,1,False,positive,False,True,False,False,0,1,0,0,0,0,0
1732,2181040964,Eucerin,2023-04-01,5.0,135,31,1,False,positive,True,True,True,True,0,1,0,0,1,0,0
1733,2181040964,Eucerin,2023-04-01,5.0,98,25,1,False,positive,False,True,False,False,0,0,0,0,1,0,0
1734,2181040964,Eucerin,2023-03-01,5.0,18,4,1,False,positive,False,True,False,False,0,0,1,0,0,0,0
1735,2120282735,Eucerin,2022-07-01,1.0,19,5,1,False,,,,,,0,0,0,0,0,0,0
1736,2120282735,Eucerin,2021-04-01,1.0,162,36,1,False,neutral,False,False,False,False,0,0,0,1,0,0,0
1737,2120282735,Eucerin,2025-08-01,4.0,113,25,1,False,neutral,False,False,False,False,1,0,0,0,0,0,0
1738,2120282735,Eucerin,2022-04-01,4.0,96,21,1,False,neutral,False,True,True,False,0,0,1,1,0,0,0
1739,2120282735,Eucerin,2021-11-01,4.0,39,9,1,False,neutral,False,False,False,False,0,0,0,1,0,0,0
1740,2120282735,Eucerin,2021-07-01,4.0,82,8,1,False,positive,False,True,False,False,0,0,1,0,0,0,0
1741,2120282735,Eucerin,2025-10-01,5.0,91,20,1,False,positive,False,True,False,False,1,0,0,0,0,0,0
1742,2120282735,Eucerin,2025-05-01,5.0,66,15,1,False,positive,False,True,True,False,1,0,0,0,0,0,0
1743,2120282735,Eucerin,2025-04-01,5.0,102,24,1,False,negative,True,False,False,True,0,0,1,0,0,0,0
1744,2120282735,Eucerin,2025-04-01,5.0,65,15,1,False,,,,,,0,0,0,0,0,0,0
1745,2120282735,Eucerin,2025-03-01,5.0,83,19,1,False,neutral,False,False,False,False,0,1,0,0,0,0,0
1746,2120282735,Eucerin,2025-03-01,5.0,117,25,1,False,,,,,,0,0,0,0,0,0,0
1747,2120282735,Eucerin,2025-02-01,5.0,70,16,1,False,positive,False,True,False,False,0,0,0,0,1,0,0
1748,2120282735,Eucerin,2025-01-01,5.0,63,14,1,False,neutral,False,False,False,False,1,0,0,0,0,0,0
1749,2120282735,Eucerin,2025-01-01,5.0,156,35,1,False,positive,False,True,True,False,1,0,0,0,0,0,0
1750,2120282735,Eucerin,2025-01-01,5.0,65,15,1,False,positive,False,True,True,False,0,1,0,0,1,0,0
1751,2120282735,Eucerin,2025-01-01,5.0,66,17,1,False,,,,,,0,0,0,0,0,0,0
1752,2120282735,Eucerin,2025-01-01,5.0,147,32,1,False,positive,False,True,False,False,1,0,0,0,0,0,0
1753,2120282735,Eucerin,2025-01-01,5.0,15,4,1,False,,,,,,0,0,0,0,0,0,0
1754,2120282735,Eucerin,2024-12-01,5.0,117,25,1,False,positive,False,True,True,False,1,0,0,0,0,0,0
1755,2120282735,Eucerin,2024-12-01,5.0,80,18,1,False,neutral,False,False,False,False,1,0,0,0,0,0,0
1756,2120282735,Eucerin,2024-12-01,5.0,63,14,1,False,neutral,False,False,False,False,1,0,0,0,0,0,0
1757,2120282735,Eucerin,2024-10-01,5.0,40,10,1,False,,,,,,0,0,0,0,0,0,0
1758,2120282735,Eucerin,2024-10-01,5.0,109,24,1,False,positive,False,True,True,False,1,0,0,0,1,0,0
1759,2120282735,Eucerin,2024-10-01,5.0,67,15,1,False,,,,,,0,0,0,0,0,0,0
1760,2120282735,Eucerin,2024-10-01,5.0,155,36,1,False,positive,False,True,True,False,1,1,0,0,0,0,0
1761,2120282735,Eucerin,2024-09-01,5.0,66,16,1,False,positive,False,True,False,False,0,1,1,1,0,0,0
1762,2120282735,Eucerin,2024-09-01,5.0,98,23,1,False,positive,False,True,False,False,1,0,0,0,1,0,0
1763,2120282735,Eucerin,2024-08-01,5.0,82,18,1,False,neutral,False,True,True,False,0,0,1,1,0,0,0
1764,2120282735,Eucerin,2024-08-01,5.0,63,15,1,False,,,,,,0,0,0,0,0,0,0
1765,2120282735,Eucerin,2024-08-01,5.0,105,24,1,False,,,,,,0,0,0,0,0,0,0
1766,2120282735,Eucerin,2024-07-01,5.0,81,19,1,False,positive,False,True,False,False,1,0,0,0,1,0,0
1767,2120282735,Eucerin,2024-07-01,5.0,83,19,1,False,neutral,False,True,True,False,1,1,0,0,0,0,0
1768,2120282735,Eucerin,2024-07-01,5.0,88,20,1,False,positive,False,True,False,False,1,0,0,0,1,0,0
1769,2120282735,Eucerin,2024-06-01,5.0,104,25,1,False,positive,False,True,False,False,0,1,0,0,0,0,0
1770,2120282735,Eucerin,2024-06-01,5.0,128,29,1,False,neutral,False,False,False,False,1,1,0,0,0,0,0
1771,2120282735,Eucerin,2024-06-01,5.0,111,24,1,False,neutral,False,False,False,False,0,0,0,0,1,0,0
1772,2120282735,Eucerin,2024-06-01,5.0,109,22,1,False,,,,,,0,0,0,0,0,0,0
1773,2120282735,Eucerin,2024-06-01,5.0,30,7,1,False,neutral,False,False,False,False,0,1,0,0,0,0,0
1774,2120282735,Eucerin,2024-06-01,5.0,63,13,1,False,neutral,False,False,False,False,0,1,0,0,0,0,0
1775,2120282735,Eucerin,2024-05-01,5.0,68,16,1,False,,,,,,0,0,0,0,0,0,0
1776,2120282735,Eucerin,2024-04-01,5.0,65,15,1,False,neutral,False,False,False,False,0,0,0,1,0,0,0
1777,2120282735,Eucerin,2024-04-01,5.0,65,16,1,False,,,,,,0,0,0,0,0,0,0
1778,2120282735,Eucerin,2024-04-01,5.0,69,16,1,False,positive,False,True,False,False,1,0,0,0,1,0,0
1779,2120282735,Eucerin,2024-04-01,5.0,46,10,1,False,positive,False,True,False,False,0,0,1,0,0,0,0
1780,2120282735,Eucerin,2024-03-01,5.0,89,21,1,False,positive,False,True,False,False,0,0,1,0,0,0,0
1781,2120282735,Eucerin,2024-03-01,5.0,75,19,1,False,positive,False,True,False,False,1,0,0,0,1,0,0
1782,2120282735,Eucerin,2024-02-01,5.0,69,16,1,False,,,,,,0,0,0,0,0,0,0
1783,2120282735,Eucerin,2024-02-01,5.0,139,31,1,False,neutral,False,False,False,False,0,1,0,0,1,0,0
1784,2120282735,Eucerin,2024-01-01,5.0,59,5,1,False,,,,,,0,0,0,0,0,0,0
1785,2120282735,Eucerin,2023-12-01,5.0,57,6,1,False,positive,False,True,False,False,1,0,1,0,1,0,0
1786,2120282735,Eucerin,2023-11-01,5.0,23,5,1,False,positive,False,True,False,False,0,0,1,0,0,0,0
1787,2120282735,Eucerin,2023-11-01,5.0,36,6,1,False,positive,False,True,False,False,1,0,1,0,1,0,0
1788,2120282735,Eucerin,2023-10-01,5.0,84,19,1,False,,,,,,0,0,0,0,0,0,0
1789,2120282735,Eucerin,2023-10-01,5.0,81,15,1,False,positive,False,True,False,False,0,0,1,0,0,0,0
1790,2120282735,Eucerin,2023-10-01,5.0,128,32,1,False,neutral,False,False,False,False,0,0,0,1,0,1,0
1791,2120282735,Eucerin,2023-10-01,5.0,116,26,1,False,neutral,False,False,False,False,0,1,0,0,0,0,0
1792,2120282735,Eucerin,2023-10-01,5.0,66,14,1,False,positive,False,True,True,False,0,1,1,1,1,0,0
1793,2120282735,Eucerin,2023-10-01,5.0,93,21,1,False,neutral,False,False,False,False,0,0,0,0,1,0,0
1794,2120282735,Eucerin,2023-10-01,5.0,74,17,1,False,,,,,,0,0,0,0,0,0,0
1795,2120282735,Eucerin,2023-10-01,5.0,130,30,1,False,neutral,False,False,False,False,0,1,0,0,0,0,0
1796,2120282735,Eucerin,2023-10-01,5.0,76,17,1,False,,,,,,0,0,0,0,0,0,0
1797,2120282735,Eucerin,2023-10-01,5.0,22,5,1,False,positive,False,True,False,False,1,0,0,0,0,0,0
1798,2120282735,Eucerin,2023-10-01,5.0,70,16,1,False,,,,,,0,0,0,0,0,0,0
1799,2120282735,Eucerin,2023-10-01,5.0,194,42,1,False,positive,False,True,True,False,1,0,1,1,0,0,0
1800,2120282735,Eucerin,2023-10-01,5.0,81,18,1,False,positive,False,True,False,False,0,0,1,1,0,0,1
1801,2120282735,Eucerin,2023-10-01,5.0,29,7,1,False,,,,,,0,0,0,0,0,0,0
1802,2120282735,Eucerin,2023-10-01,5.0,65,15,1,False,neutral,False,False,False,False,0,0,0,0,1,0,0
1803,2120282735,Eucerin,2023-10-01,5.0,12,3,1,False,neutral,False,False,False,False,0,0,0,0,1,0,0
1804,2120282735,Eucerin,2023-10-01,5.0,87,20,1,False,,,,,,0,0,0,0,0,0,0
1805,2120282735,Eucerin,2023-10-01,5.0,102,23,1,False,positive,False,True,False,False,0,0,1,0,0,0,0
1806,2120282735,Eucerin,2023-10-01,5.0,157,37,1,False,,,,,,0,0,0,0,0,0,0
1807,2120282735,Eucerin,2023-10-01,5.0,76,17,1,False,neutral,False,False,False,False,0,1,0,0,0,0,0
1808,2120282735,Eucerin,2023-10-01,5.0,72,15,1,False,neutral,False,True,True,False,0,0,1,1,0,1,0
1809,2120282735,Eucerin,2023-10-01,5.0,94,20,1,False,neutral,False,False,False,False,0,0,1,1,0,0,0
1810,2120282735,Eucerin,2023-10-01,5.0,69,18,1,False,,,,,,0,0,0,0,0,0,0
1811,2120282735,Eucerin,2023-09-01,5.0,70,16,1,False,neutral,False,False,False,False,0,0,1,1,0,0,1
1812,2120282735,Eucerin,2023-09-01,5.0,67,15,1,False,neutral,False,False,False,False,0,1,0,0,0,0,0
1813,2120282735,Eucerin,2023-09-01,5.0,67,16,1,False,,,,,,0,0,0,0,0,0,0
1814,2120282735,Eucerin,2023-09-01,5.0,34,7,1,False,positive,False,True,False,False,1,0,1,0,1,0,0
1815,2120282735,Eucerin,2023-09-01,5.0,100,22,1,False,positive,False,True,False,False,1,1,1,0,1,0,0
1816,2120282735,Eucerin,2023-09-01,5.0,98,21,1,False,neutral,False,False,False,False,0,0,0,1,0,0,0
1817,2120282735,Eucerin,2023-09-01,5.0,95,19,1,False,neutral,False,False,False,False,0,0,1,1,0,0,0
1818,2120282735,Eucerin,2023-09-01,5.0,135,27,1,False,positive,True,True,True,True,1,0,1,0,0,0,0
1819,2120282735,Eucerin,2023-09-01,5.0,98,21,1,False,negative,True,True,True,True,1,0,0,0,0,0,0
1820,2120282735,Eucerin,2023-09-01,5.0,30,6,19,True,positive,False,True,False,False,1,0,1,0,1,0,0
1821,2120282735,Eucerin,2023-09-01,5.0,66,12,1,False,positive,False,True,False,False,1,0,1,0,1,0,0
1822,2120282735,Eucerin,2023-09-01,5.0,80,17,1,False,positive,False,True,False,False,1,1,1,0,1,0,0
1823,2120282735,Eucerin,2023-09-01,5.0,67,16,1,False,,,,,,0,0,0,0,0,0,0
1824,2120282735,Eucerin,2023-08-01,5.0,72,16,1,False,neutral,False,False,False,False,0,1,1,0,0,0,0
1825,2120282735,Eucerin,2023-08-01,5.0,70,17,1,False,,,,,,0,0,0,0,0,0,0
1826,2120282735,Eucerin,2023-08-01,5.0,62,11,1,False,neutral,False,False,False,False,0,0,0,1,0,0,0
1827,2120282735,Eucerin,2023-08-01,5.0,74,18,4,False,positive,False,True,False,False,0,0,0,0,0,0,1
1828,2120282735,Eucerin,2023-08-01,5.0,123,28,1,False,,,,,,0,0,0,0,0,0,0
1829,2120282735,Eucerin,2023-08-01,5.0,30,6,19,True,positive,False,True,False,False,1,0,1,0,1,0,0
1830,2120283754,Eucerin,2025-05-01,1.0,38,8,1,False,,,,,,0,0,0,0,0,0,0
1831,2120283754,Eucerin,2025-04-01,1.0,233,53,1,False,neutral,True,False,True,False,0,0,1,0,0,0,0
1832,2120283754,Eucerin,2024-03-01,1.0,411,88,1,False,neutral,False,False,False,False,1,0,1,0,1,0,1
1833,2120283754,Eucerin,2022-04-01,1.0,15,3,1,False,,,,,,0,0,0,0,0,0,0
1834,2120283754,Eucerin,2022-04-01,1.0,95,21,1,False,neutral,False,False,False,False,0,0,0,1,0,0,1
1835,2120283754,Eucerin,2025-06-01,3.0,16,4,1,False,positive,False,True,False,False,1,0,0,0,0,0,0
1836,2120283754,Eucerin,2024-02-01,3.0,72,16,1,False,,,,,,0,0,0,0,0,0,0
1837,2120283754,Eucerin,2023-03-01,3.0,157,35,1,False,neutral,False,False,False,False,0,0,0,1,0,0,1
1838,2120283754,Eucerin,2023-02-01,3.0,76,20,1,False,,,,,,0,0,0,0,0,0,0
1839,2120283754,Eucerin,2024-01-01,4.0,177,43,1,False,,,,,,0,0,0,0,0,0,0
1840,2120283754,Eucerin,2023-09-01,4.0,102,24,2,False,positive,False,True,True,False,0,1,1,1,0,0,0
1841,2120283754,Eucerin,2022-10-01,4.0,138,31,1,False,,,,,,0,0,0,0,0,0,0
1842,2120283754,Eucerin,2022-01-01,4.0,83,20,1,False,neutral,False,False,False,False,0,0,0,0,1,0,0
1843,2120283754,Eucerin,2025-12-01,5.0,204,43,1,False,positive,False,True,True,False,1,1,1,1,1,0,0
1844,2120283754,Eucerin,2025-12-01,5.0,112,28,1,False,neutral,False,False,False,False,1,0,0,0,0,0,0
1845,2120283754,Eucerin,2025-11-01,5.0,146,33,1,False,positive,False,True,True,False,1,0,0,0,0,0,0
1846,2120283754,Eucerin,2025-11-01,5.0,76,17,1,False,neutral,False,False,False,False,0,0,0,0,1,0,0
1847,2120283754,Eucerin,2025-11-01,5.0,66,16,1,False,neutral,False,True,True,False,1,0,0,0,0,0,0
1848,2120283754,Eucerin,2025-10-01,5.0,80,18,1,False,neutral,False,False,False,False,0,0,0,1,0,0,0
1849,2120283754,Eucerin,2025-10-01,5.0,416,112,1,False,positive,False,True,True,False,1,0,0,0,1,0,1
1850,2120283754,Eucerin,2025-09-01,5.0,48,8,1,False,neutral,False,False,False,False,0,0,1,1,0,0,1
1851,2120283754,Eucerin,2025-09-01,5.0,116,26,1,False,positive,False,True,False,False,1,0,0,0,1,0,0
1852,2120283754,Eucerin,2025-09-01,5.0,67,16,1,False,,,,,,0,0,0,0,0,0,0
1853,2120283754,Eucerin,2025-09-01,5.0,44,10,1,False,neutral,False,True,True,False,1,1,0,0,0,0,0
1854,2120283754,Eucerin,2025-09-01,5.0,53,12,1,False,positive,False,True,True,False,1,1,0,0,0,0,0
1855,2120283754,Eucerin,2025-09-01,5.0,73,17,1,False,neutral,False,False,False,False,1,0,0,0,0,0,0
1856,2120283754,Eucerin,2025-09-01,5.0,64,12,1,False,positive,False,True,False,False,0,0,0,0,1,1,0
1857,2120283754,Eucerin,2025-09-01,5.0,27,7,1,False,,,,,,0,0,0,0,0,0,0
1858,2120283754,Eucerin,2025-08-01,5.0,160,36,1,False,positive,False,True,False,False,1,0,0,0,1,0,0
1859,2120283754,Eucerin,2025-08-01,5.0,80,17,1,False,negative,True,False,False,True,0,0,1,0,0,0,0
1860,2120283754,Eucerin,2025-08-01,5.0,98,22,1,False,neutral,False,False,False,False,1,0,0,0,0,0,0
1861,2120283754,Eucerin,2025-08-01,5.0,83,18,1,False,positive,False,True,False,False,1,0,0,0,0,0,0
1862,2120283754,Eucerin,2025-08-01,5.0,189,45,1,False,neutral,False,True,True,False,1,0,0,0,0,0,1
1863,2120283754,Eucerin,2025-08-01,5.0,53,12,1,False,positive,False,True,False,False,0,0,0,0,1,0,0
1864,2120283754,Eucerin,2025-08-01,5.0,97,20,1,False,positive,False,True,False,False,1,0,1,0,0,0,1
1865,2120283754,Eucerin,2025-07-01,5.0,49,11,1,False,neutral,False,False,False,False,0,0,0,0,1,0,0
1866,2120283754,Eucerin,2025-06-01,5.0,287,61,1,False,positive,False,True,True,False,1,1,0,1,1,0,0
1867,2120283754,Eucerin,2025-06-01,5.0,107,25,1,False,neutral,False,False,False,False,1,0,0,0,0,0,0
1868,2120283754,Eucerin,2025-06-01,5.0,37,9,2,False,positive,False,True,False,False,1,0,0,0,0,0,0
1869,2120283754,Eucerin,2025-06-01,5.0,118,26,1,False,positive,False,True,False,False,0,0,0,0,1,0,0
1870,2120283754,Eucerin,2025-06-01,5.0,83,16,1,False,,,,,,0,0,0,0,0,0,0
1871,2120283754,Eucerin,2025-06-01,5.0,122,29,1,False,negative,True,True,True,True,1,0,0,0,0,0,0
1872,2120283754,Eucerin,2025-06-01,5.0,64,14,1,False,positive,False,True,False,False,0,0,1,0,0,0,1
1873,2120283754,Eucerin,2025-06-01,5.0,110,23,2,False,positive,False,True,True,False,1,1,0,1,0,1,0
1874,2120283754,Eucerin,2025-06-01,5.0,17,5,1,False,,,,,,0,0,0,0,0,0,0
1875,2120283754,Eucerin,2025-05-01,5.0,92,21,1,False,,,,,,0,0,0,0,0,0,0
1876,2120283754,Eucerin,2025-05-01,5.0,80,18,1,False,positive,False,True,False,False,1,0,0,0,0,0,0
1877,2120283754,Eucerin,2025-05-01,5.0,82,17,1,False,neutral,False,False,False,False,0,0,0,0,1,0,0
1878,2120283754,Eucerin,2025-05-01,5.0,73,16,1,False,neutral,False,True,True,False,1,0,0,0,1,0,0
1879,2120283754,Eucerin,2025-05-01,5.0,41,10,1,False,neutral,False,False,False,False,1,0,0,0,0,0,0
1880,2120283754,Eucerin,2025-05-01,5.0,23,6,1,False,neutral,False,False,False,False,1,0,0,0,0,0,0
1881,2120283754,Eucerin,2025-05-01,5.0,107,24,1,False,neutral,False,True,True,False,1,0,0,0,0,0,0
1882,2120283754,Eucerin,2025-05-01,5.0,29,8,1,False,,,,,,0,0,0,0,0,0,0
1883,2120283754,Eucerin,2025-05-01,5.0,127,29,1,False,negative,True,True,True,True,1,1,0,0,0,0,0
1884,2120283754,Eucerin,2025-05-01,5.0,117,27,1,False,neutral,False,False,False,False,1,0,0,0,0,0,0
1885,2120283754,Eucerin,2025-05-01,5.0,51,12,1,False,positive,False,True,False,False,0,0,0,0,1,0,0
1886,2120283754,Eucerin,2025-04-01,5.0,114,26,2,False,positive,False,True,True,False,1,0,0,0,1,0,0
1887,2120283754,Eucerin,2025-04-01,5.0,153,32,1,False,neutral,False,True,True,False,0,1,1,1,0,0,0
1888,2120283754,Eucerin,2025-04-01,5.0,74,17,1,False,positive,False,True,False,False,1,0,0,0,0,0,0
1889,2120283754,Eucerin,2025-04-01,5.0,190,42,1,False,neutral,False,True,True,False,1,0,0,0,0,0,0
1890,2120283754,Eucerin,2025-04-01,5.0,133,30,1,False,positive,False,True,True,False,1,0,0,0,1,0,0
1891,2120283754,Eucerin,2025-04-01,5.0,160,38,1,False,positive,False,True,True,False,1,0,0,0,1,0,0
1892,2120283754,Eucerin,2025-04-01,5.0,152,35,1,False,neutral,False,True,True,False,1,0,0,0,1,0,0
1893,2120283754,Eucerin,2025-04-01,5.0,103,25,1,False,positive,False,True,True,False,1,0,0,0,0,0,0
1894,2120283754,Eucerin,2025-04-01,5.0,96,23,1,False,positive,False,True,False,False,1,1,0,0,0,0,0
1895,2120283754,Eucerin,2025-04-01,5.0,138,31,1,False,positive,False,True,True,False,1,0,0,0,0,0,0
1896,2120283754,Eucerin,2025-03-01,5.0,60,13,1,False,positive,False,True,False,False,1,1,0,0,1,0,0
1897,2120283754,Eucerin,2025-03-01,5.0,53,12,1,False,positive,False,True,False,False,0,0,0,0,1,0,0
1898,2120283754,Eucerin,2025-03-01,5.0,353,81,1,False,positive,False,True,True,False,1,0,0,0,1,0,0
1899,2120283754,Eucerin,2025-03-01,5.0,89,21,1,False,neutral,True,False,True,True,0,0,1,0,0,0,0
1900,2120283754,Eucerin,2025-03-01,5.0,91,22,1,False,neutral,False,False,False,False,1,0,0,0,0,0,0
1901,2120283754,Eucerin,2025-03-01,5.0,297,74,1,False,positive,False,True,False,False,1,0,0,0,1,0,0
1902,2120283754,Eucerin,2025-03-01,5.0,37,9,2,False,positive,False,True,False,False,1,0,0,0,0,0,0
1903,2120283754,Eucerin,2025-03-01,5.0,382,85,1,False,positive,False,True,True,False,1,1,0,0,1,1,0
1904,2120283754,Eucerin,2025-03-01,5.0,148,32,1,False,neutral,False,False,False,False,0,1,0,0,0,0,0
1905,2120283754,Eucerin,2025-03-01,5.0,87,16,1,False,positive,False,True,False,False,1,1,0,0,0,1,0
1906,2120283754,Eucerin,2025-03-01,5.0,98,22,1,False,neutral,False,False,False,False,0,0,1,1,0,0,0
1907,2120283754,Eucerin,2025-03-01,5.0,90,21,1,False,neutral,False,False,False,False,0,0,0,0,1,0,0
1908,2120283754,Eucerin,2025-03-01,5.0,162,36,1,False,positive,False,True,False,False,1,0,0,0,0,0,0
1909,2120283754,Eucerin,2025-03-01,5.0,9,2,4,False,,,,,,0,0,0,0,0,0,0
1910,2120283754,Eucerin,2025-03-01,5.0,123,28,1,False,positive,False,True,True,False,1,0,0,0,1,0,0
1911,2120283754,Eucerin,2025-03-01,5.0,120,27,1,False,neutral,False,False,False,False,1,0,0,0,1,0,0
1912,2120283754,Eucerin,2025-02-01,5.0,99,23,1,False,neutral,False,True,True,False,1,0,0,0,1,0,0
1913,2120283754,Eucerin,2025-01-01,5.0,71,17,1,False,positive,False,True,False,False,0,1,1,0,0,0,0
1914,2120283754,Eucerin,2025-01-01,5.0,93,20,1,False,positive,False,True,False,False,0,0,0,0,1,0,0
1915,2120283754,Eucerin,2025-01-01,5.0,109,25,1,False,neutral,False,False,False,False,1,0,0,0,1,0,0
1916,2120283754,Eucerin,2025-01-01,5.0,92,23,1,False,positive,False,True,False,False,1,0,0,0,0,0,0
1917,2120283754,Eucerin,2025-01-01,5.0,68,15,1,False,,,,,,0,0,0,0,0,0,0
1918,2120283754,Eucerin,2025-01-01,5.0,138,29,1,False,neutral,False,True,True,False,1,0,0,0,1,0,0
1919,2120283754,Eucerin,2025-01-01,5.0,124,27,1,False,neutral,False,True,True,False,1,0,0,0,1,0,0
1920,2120283754,Eucerin,2025-01-01,5.0,82,18,1,False,neutral,False,False,False,False,1,0,0,0,0,0,0
1921,2120283754,Eucerin,2024-12-01,5.0,175,42,1,False,positive,False,True,False,False,1,0,0,0,1,0,0
1922,2120283754,Eucerin,2024-12-01,5.0,67,15,1,False,neutral,False,True,True,False,1,0,0,0,1,0,0
1923,2120283754,Eucerin,2024-12-01,5.0,65,15,1,False,positive,False,True,False,False,1,0,0,0,0,0,0
1924,2120283754,Eucerin,2024-12-01,5.0,117,28,1,False,positive,False,True,True,False,1,0,0,0,1,0,0
1925,2120283754,Eucerin,2024-12-01,5.0,165,38,1,False,neutral,False,True,True,False,1,1,0,0,1,0,0
1926,2120283754,Eucerin,2024-12-01,5.0,113,23,1,False,positive,False,True,True,False,1,1,0,0,0,1,0
1927,2120283754,Eucerin,2024-12-01,5.0,69,16,1,False,neutral,False,False,False,False,1,0,0,0,0,0,0
1928,2120283754,Eucerin,2024-12-01,5.0,86,20,1,False,neutral,False,False,False,False,1,0,0,0,0,0,0
1929,2120283754,Eucerin,2024-12-01,5.0,78,18,1,False,positive,False,True,False,False,1,0,0,0,0,0,0
1930,2120283754,Eucerin,2024-12-01,5.0,66,16,1,False,neutral,False,True,True,False,1,0,0,0,0,0,0
1931,2120233905,Eucerin,2025-04-01,1.0,139,32,1,False,neutral,False,False,False,False,0,1,1,0,0,0,0
1932,2120233905,Eucerin,2024-10-01,1.0,447,99,1,False,neutral,True,False,True,False,0,0,1,0,0,0,0
1933,2120233905,Eucerin,2022-04-01,1.0,123,32,1,False,neutral,False,False,False,False,0,0,0,0,0,0,1
1934,2120233905,Eucerin,2022-10-01,2.0,36,8,1,False,,,,,,0,0,0,0,0,0,0
1935,2120233905,Eucerin,2023-09-01,3.0,93,19,1,False,positive,False,True,True,False,1,0,0,0,0,0,0
1936,2120233905,Eucerin,2023-05-01,3.0,56,14,1,False,,,,,,0,0,0,0,0,0,0
1937,2120233905,Eucerin,2023-02-01,3.0,99,25,1,False,,,,,,0,0,0,0,0,0,0
1938,2120233905,Eucerin,2023-02-01,3.0,42,10,1,False,,,,,,0,0,0,0,0,0,0
1939,2120233905,Eucerin,2022-06-01,3.0,34,7,1,False,,,,,,0,0,0,0,0,0,0
1940,2120233905,Eucerin,2021-10-01,3.0,34,8,1,False,,,,,,0,0,0,0,0,0,0
1941,2120233905,Eucerin,2022-12-01,4.0,137,31,1,False,neutral,False,False,False,False,0,1,0,0,0,0,0
1942,2120233905,Eucerin,2021-10-01,4.0,125,29,1,False,neutral,False,False,False,False,0,1,1,0,0,0,0
1943,2120233905,Eucerin,2025-08-01,5.0,96,21,1,False,positive,False,True,False,False,1,0,0,0,0,0,0
1944,2120233905,Eucerin,2025-08-01,5.0,83,18,1,False,,,,,,0,0,0,0,0,0,0
1945,2120233905,Eucerin,2025-08-01,5.0,75,18,1,False,neutral,False,False,False,False,1,0,0,0,0,0,0
1946,2120233905,Eucerin,2025-07-01,5.0,100,23,2,False,positive,False,True,False,False,0,0,1,1,0,0,0
1947,2120233905,Eucerin,2025-06-01,5.0,297,65,1,False,positive,False,True,True,False,1,1,0,0,1,1,0
1948,2120233905,Eucerin,2025-05-01,5.0,167,42,1,False,,,,,,0,0,0,0,0,0,0
1949,2120233905,Eucerin,2025-05-01,5.0,108,26,1,False,neutral,False,False,False,False,0,0,1,0,0,0,0
1950,2120233905,Eucerin,2025-05-01,5.0,162,38,1,False,,,,,,0,0,0,0,0,0,0
1951,2120233905,Eucerin,2025-04-01,5.0,44,10,1,False,neutral,False,False,False,False,1,0,0,0,0,0,0
1952,2120233905,Eucerin,2025-04-01,5.0,66,14,1,False,neutral,False,False,False,False,1,0,0,0,0,0,0
1953,2120233905,Eucerin,2025-03-01,5.0,66,16,1,False,neutral,False,False,False,False,1,0,0,0,0,0,0
1954,2120233905,Eucerin,2025-03-01,5.0,87,19,1,False,neutral,False,False,False,False,0,1,0,0,0,0,0
1955,2120233905,Eucerin,2025-02-01,5.0,34,8,1,False,,,,,,0,0,0,0,0,0,0
1956,2120233905,Eucerin,2025-02-01,5.0,85,21,1,False,,,,,,0,0,0,0,0,0,0
1957,2120233905,Eucerin,2025-02-01,5.0,69,15,1,False,neutral,False,False,False,False,0,1,0,0,0,0,0
1958,2120233905,Eucerin,2025-02-01,5.0,151,29,1,False,neutral,False,False,False,False,1,0,0,0,0,0,0
1959,2120233905,Eucerin,2025-01-01,5.0,110,25,1,False,positive,False,True,False,False,1,1,0,0,1,0,0
1960,2120233905,Eucerin,2024-12-01,5.0,18,5,1,False,,,,,,0,0,0,0,0,0,0
1961,2120233905,Eucerin,2024-12-01,5.0,169,40,1,False,negative,True,False,False,True,0,1,0,0,0,0,1
1962,2120233905,Eucerin,2024-12-01,5.0,121,27,1,False,positive,False,True,False,False,1,0,0,0,0,0,0
1963,2120233905,Eucerin,2024-12-01,5.0,89,20,1,False,positive,False,True,False,False,1,0,0,0,0,0,0
1964,2120233905,Eucerin,2024-10-01,5.0,128,27,1,False,positive,False,True,True,False,1,0,0,0,0,0,0
1965,2120233905,Eucerin,2024-10-01,5.0,73,16,1,False,neutral,False,False,False,False,1,0,0,0,0,0,0
1966,2120233905,Eucerin,2024-09-01,5.0,120,25,1,False,positive,False,True,False,False,1,1,0,0,1,0,0
1967,2120233905,Eucerin,2024-09-01,5.0,115,26,1,False,positive,False,True,False,False,0,1,0,0,1,0,0
1968,2120233905,Eucerin,2024-09-01,5.0,95,21,1,False,neutral,False,False,False,False,1,0,0,0,0,0,0
1969,2120233905,Eucerin,2024-09-01,5.0,55,11,1,False,neutral,False,False,False,False,1,0,0,0,0,0,0
1970,2120233905,Eucerin,2024-06-01,5.0,78,19,1,False,,,,,,0,0,0,0,0,0,0
1971,2120233905,Eucerin,2024-05-01,5.0,79,18,1,False,positive,False,True,True,False,1,0,0,0,0,0,0
1972,2120233905,Eucerin,2024-04-01,5.0,88,20,3,False,positive,False,True,False,False,0,0,1,0,0,0,0
1973,2120233905,Eucerin,2024-04-01,5.0,122,27,1,False,neutral,False,True,True,False,0,1,1,0,0,0,0
1974,2120233905,Eucerin,2024-03-01,5.0,130,29,1,False,positive,False,True,False,False,1,0,0,0,0,0,0
1975,2120233905,Eucerin,2024-03-01,5.0,26,6,1,False,,,,,,0,0,0,0,0,0,0
1976,2120233905,Eucerin,2024-03-01,5.0,119,28,1,False,neutral,False,True,True,False,1,0,0,0,0,0,0
1977,2120233905,Eucerin,2024-02-01,5.0,146,35,1,False,positive,False,True,False,False,1,0,0,0,0,0,0
1978,2120233905,Eucerin,2024-02-01,5.0,93,19,1,False,neutral,False,False,False,False,0,0,0,1,0,0,1
1979,2120233905,Eucerin,2024-02-01,5.0,5,2,1,True,,,,,,0,0,0,0,0,0,0
1980,2120233905,Eucerin,2024-02-01,5.0,80,18,1,False,positive,False,True,True,False,1,0,0,0,0,0,0
1981,2120233905,Eucerin,2024-01-01,5.0,73,16,1,False,,,,,,0,0,0,0,0,0,0
1982,2120233905,Eucerin,2023-11-01,5.0,69,14,1,False,neutral,False,False,False,False,0,1,0,1,0,0,0
1983,2120233905,Eucerin,2023-10-01,5.0,109,22,1,False,,,,,,0,0,0,0,0,0,0
1984,2120233905,Eucerin,2023-10-01,5.0,77,18,1,False,neutral,False,False,False,False,1,0,0,0,0,0,0
1985,2120233905,Eucerin,2023-10-01,5.0,72,16,1,False,neutral,False,False,False,False,1,0,0,0,0,0,0
1986,2120233905,Eucerin,2023-09-01,5.0,56,5,1,False,positive,False,True,False,False,0,0,1,0,0,0,0
1987,2120233905,Eucerin,2023-09-01,5.0,157,35,1,False,positive,False,True,False,False,1,1,1,0,1,0,0
1988,2120233905,Eucerin,2023-09-01,5.0,66,13,1,False,neutral,False,False,False,False,0,1,0,1,0,0,0
1989,2120233905,Eucerin,2023-09-01,5.0,100,22,1,False,positive,False,True,False,False,1,0,1,0,1,0,0
1990,2120233905,Eucerin,2023-09-01,5.0,61,11,1,False,positive,False,True,True,False,1,0,1,0,1,0,0
1991,2120233905,Eucerin,2023-08-01,5.0,64,14,1,False,positive,False,True,False,False,1,0,0,0,0,0,0
1992,2120233905,Eucerin,2023-08-01,5.0,30,6,19,True,positive,False,True,False,False,1,0,1,0,1,0,0
1993,2120233905,Eucerin,2023-08-01,5.0,69,18,1,False,positive,False,True,False,False,1,0,0,0,0,0,0
1994,2120233905,Eucerin,2023-08-01,5.0,27,5,1,False,positive,False,True,False,False,0,0,1,0,0,0,0
1995,2120233905,Eucerin,2023-07-01,5.0,71,17,1,False,neutral,False,False,False,False,0,1,0,0,0,0,0
1996,2120233905,Eucerin,2023-06-01,5.0,127,25,1,False,positive,False,True,True,False,1,0,1,0,1,0,0
1997,2120233905,Eucerin,2023-05-01,5.0,131,29,1,False,positive,False,True,False,False,0,0,1,1,0,0,0
1998,2120233905,Eucerin,2023-03-01,5.0,143,34,1,False,neutral,False,False,False,False,0,0,0,0,0,0,1
1999,2120233905,Eucerin,2023-03-01,5.0,78,16,1,False,neutral,False,False,False,False,0,0,0,1,0,0,0
2000,2120233905,Eucerin,2022-12-01,5.0,101,22,1,False,positive,False,True,False,False,0,0,0,0,1,0,0
2001,2120233905,Eucerin,2022-11-01,5.0,130,27,1,False,neutral,False,False,False,False,0,1,0,0,0,0,1
2002,2120233905,Eucerin,2022-11-01,5.0,140,32,1,False,negative,True,False,False,True,1,0,0,0,0,0,0
2003,2120233905,Eucerin,2022-11-01,5.0,186,42,1,False,positive,False,True,False,False,0,1,1,0,0,0,0
2004,2120233905,Eucerin,2022-11-01,5.0,103,23,1,False,neutral,False,False,False,False,1,0,0,0,0,0,0
2005,2120233905,Eucerin,2022-10-01,5.0,132,30,1,False,positive,False,True,False,False,1,0,0,0,0,0,0
2006,2120233905,Eucerin,2022-10-01,5.0,98,22,1,False,positive,False,True,False,False,1,0,0,0,1,0,0
2007,2120233905,Eucerin,2022-10-01,5.0,99,21,1,False,neutral,True,False,True,True,1,0,0,1,0,0,0
2008,2120233905,Eucerin,2022-10-01,5.0,104,24,1,False,positive,False,True,False,False,0,0,1,0,0,0,1
2009,2120233905,Eucerin,2022-10-01,5.0,206,47,1,False,neutral,False,True,True,False,1,0,0,0,1,0,1
2010,2120233905,Eucerin,2022-10-01,5.0,86,21,1,False,neutral,False,False,False,False,0,1,0,0,0,0,0
2011,2120233905,Eucerin,2022-10-01,5.0,86,7,1,False,positive,False,True,False,False,0,0,1,0,0,0,1
2012,2120233905,Eucerin,2022-09-01,5.0,27,7,1,False,,,,,,0,0,0,0,0,0,0
2013,2120233905,Eucerin,2022-09-01,5.0,44,10,1,False,positive,False,True,False,False,1,0,0,0,0,0,0
2014,2120233905,Eucerin,2022-09-01,5.0,106,24,1,False,neutral,True,False,True,True,0,1,1,0,0,0,1
2015,2120233905,Eucerin,2022-08-01,5.0,31,7,1,False,,,,,,0,0,0,0,0,0,0
2016,2120233905,Eucerin,2022-07-01,5.0,128,29,2,False,positive,False,True,True,False,0,0,1,0,0,0,1
2017,2120233905,Eucerin,2022-07-01,5.0,130,28,1,False,neutral,True,False,True,True,1,1,0,1,0,0,1
2018,2120233905,Eucerin,2022-05-01,5.0,97,22,1,False,neutral,False,False,False,False,1,0,0,0,0,0,0
2019,2120233905,Eucerin,2022-04-01,5.0,108,25,1,False,,,,,,0,0,0,0,0,0,0
2020,2120233905,Eucerin,2022-03-01,5.0,145,32,1,False,neutral,False,False,False,False,1,0,0,1,0,0,0
2021,2120233905,Eucerin,2022-03-01,5.0,157,33,1,False,positive,False,True,False,False,1,1,1,0,0,0,0
2022,2120233905,Eucerin,2022-01-01,5.0,39,10,1,False,,,,,,0,0,0,0,0,0,0
2023,2120233905,Eucerin,2021-12-01,5.0,80,16,1,False,neutral,False,True,True,False,0,0,1,1,0,0,0
2024,2120233905,Eucerin,2021-12-01,5.0,28,6,1,False,,,,,,0,0,0,0,0,0,0
2025,2120233905,Eucerin,2021-09-01,5.0,126,29,1,False,positive,False,True,False,False,0,1,0,1,0,0,0
2026,2120233905,Eucerin,2021-06-01,5.0,102,22,1,False,neutral,False,False,False,False,0,0,0,1,0,0,0
2027,2120233905,Eucerin,2020-07-01,5.0,66,15,1,False,,,,,,0,0,0,0,0,0,0
2028,2280116314,Eucerin,2024-10-01,5.0,121,28,1,False,neutral,False,False,False,False,1,0,0,0,0,0,0
2029,2280116314,Eucerin,2024-08-01,5.0,108,26,1,False,positive,False,True,False,False,1,0,0,0,0,0,0
2030,2280116314,Eucerin,2024-08-01,5.0,90,21,1,False,positive,False,True,False,False,0,0,0,0,1,0,0
2031,2280116314,Eucerin,2024-08-01,5.0,30,6,1,False,neutral,False,False,False,False,0,0,0,0,1,0,0
2032,2280116314,Eucerin,2024-08-01,5.0,56,12,1,False,positive,False,True,False,False,1,0,1,0,1,0,0
2033,2280116314,Eucerin,2024-03-01,5.0,167,36,1,False,positive,False,True,True,False,1,1,1,0,0,0,0
2034,2280116314,Eucerin,2024-03-01,5.0,64,16,1,False,positive,False,True,False,False,1,0,0,0,0,0,0
2035,2280116314,Eucerin,2024-03-01,5.0,62,13,1,False,positive,False,True,True,False,0,0,1,1,0,0,0
2036,2280116314,Eucerin,2024-03-01,5.0,89,19,1,False,neutral,True,False,True,True,1,0,0,1,1,0,1
2037,2280116314,Eucerin,2024-03-01,5.0,85,21,1,False,neutral,False,False,False,False,1,0,0,0,0,0,0
2038,2280116314,Eucerin,2024-01-01,5.0,62,13,1,False,positive,False,True,False,False,1,0,1,0,1,0,0
2039,2120203981,Eucerin,2025-11-01,5.0,108,24,1,False,positive,False,True,False,False,0,1,0,0,0,0,0
2040,2120203981,Eucerin,2025-10-01,5.0,86,20,1,False,positive,False,True,False,False,1,0,0,0,1,0,0
2041,2120203981,Eucerin,2025-09-01,5.0,68,16,1,False,positive,False,True,True,False,0,1,0,0,0,0,0
2042,2120203981,Eucerin,2025-09-01,5.0,120,29,1,False,positive,False,True,False,False,1,0,0,0,0,0,0
2043,2120203981,Eucerin,2025-08-01,5.0,155,34,1,False,neutral,False,True,True,False,1,1,1,1,0,0,1
2044,2120203981,Eucerin,2025-05-01,5.0,214,46,1,False,neutral,True,False,True,True,0,0,1,0,0,0,0
2045,2120203981,Eucerin,2025-03-01,5.0,70,16,1,False,,,,,,0,0,0,0,0,0,0
2046,2120203981,Eucerin,2025-03-01,5.0,60,13,1,False,positive,False,True,False,False,1,0,0,0,0,0,0
2047,2120203981,Eucerin,2025-02-01,5.0,194,44,1,False,positive,False,True,True,False,0,0,0,0,1,1,0
2048,2120203981,Eucerin,2024-11-01,5.0,97,22,1,False,positive,False,True,False,False,1,0,0,0,0,0,0
2049,2120203981,Eucerin,2024-11-01,5.0,80,18,1,False,,,,,,0,0,0,0,0,0,0
2050,2120203981,Eucerin,2024-10-01,5.0,68,15,1,False,negative,True,False,False,True,1,0,0,0,0,0,0
2051,2120203981,Eucerin,2024-10-01,5.0,243,57,1,False,positive,True,True,True,True,1,0,1,0,0,0,0
2052,2120203981,Eucerin,2024-10-01,5.0,123,29,1,False,positive,False,True,False,False,1,0,0,0,1,0,0
2053,2120203981,Eucerin,2024-09-01,5.0,104,27,1,False,positive,False,True,False,False,1,0,0,0,0,0,0
2054,2120203981,Eucerin,2024-09-01,5.0,105,23,1,False,positive,False,True,True,False,1,0,0,0,0,1,0
2055,2120203981,Eucerin,2024-09-01,5.0,116,27,1,False,neutral,False,True,True,False,1,0,0,0,1,0,0
2056,2120203981,Eucerin,2024-08-01,5.0,135,29,1,False,positive,False,True,True,False,1,0,0,0,1,0,0
2057,2120203981,Eucerin,2024-06-01,5.0,69,15,1,False,neutral,False,False,False,False,0,0,0,1,1,0,0
2058,2120203981,Eucerin,2024-06-01,5.0,81,19,1,False,negative,True,False,True,True,1,1,0,0,0,0,0
2059,2120203981,Eucerin,2024-06-01,5.0,184,42,1,False,positive,False,True,True,False,1,1,1,0,1,0,0
2060,2120203981,Eucerin,2024-05-01,5.0,194,46,1,False,,,,,,0,0,0,0,0,0,0
2061,2120203981,Eucerin,2024-05-01,5.0,96,22,1,False,neutral,False,True,True,False,1,0,0,0,1,0,0
2062,2120203981,Eucerin,2024-05-01,5.0,120,27,1,False,positive,False,True,True,False,1,0,0,0,1,0,0
2063,2120203981,Eucerin,2024-04-01,5.0,73,16,1,False,positive,False,True,False,False,0,1,0,0,0,0,0
2064,2120203981,Eucerin,2024-04-01,5.0,76,17,1,False,neutral,False,False,False,False,0,1,1,1,0,0,1
2065,2120203981,Eucerin,2024-03-01,5.0,80,19,1,False,positive,False,True,False,False,1,0,0,0,1,0,0
2066,2120203981,Eucerin,2024-03-01,5.0,77,17,1,False,positive,False,True,False,False,0,0,0,0,1,0,0
2067,2120203981,Eucerin,2024-03-01,5.0,105,26,1,False,neutral,False,False,False,False,0,1,0,0,0,0,0
2068,2120203981,Eucerin,2024-03-01,5.0,90,21,1,False,neutral,False,False,False,False,0,1,0,1,0,0,0
2069,2120203981,Eucerin,2024-03-01,5.0,48,10,1,False,neutral,False,False,False,False,0,0,0,0,1,0,0
2070,2120203981,Eucerin,2024-03-01,5.0,65,15,1,False,positive,False,True,False,False,1,0,1,0,0,0,0
2071,2120203981,Eucerin,2024-03-01,5.0,63,13,1,False,neutral,False,True,True,False,0,0,1,1,0,0,0
2072,2120203981,Eucerin,2024-03-01,5.0,84,19,1,False,positive,False,True,True,False,1,0,0,0,1,0,0
2073,2120203981,Eucerin,2024-03-01,5.0,83,19,1,False,positive,False,True,False,False,1,0,0,0,1,0,0
2074,2120203981,Eucerin,2024-03-01,5.0,124,30,1,False,neutral,False,True,True,False,1,0,0,0,0,1,0
2075,2120203981,Eucerin,2024-03-01,5.0,97,22,1,False,positive,False,True,True,False,1,0,0,0,1,0,0
2076,2120203981,Eucerin,2024-03-01,5.0,65,15,1,False,,,,,,0,0,0,0,0,0,0
2077,2120203981,Eucerin,2024-03-01,5.0,108,25,1,False,neutral,False,False,False,False,0,0,0,0,1,0,0
2078,2120203981,Eucerin,2024-02-01,5.0,160,39,1,False,negative,True,False,False,True,0,1,0,0,0,0,0
2079,2120203981,Eucerin,2024-02-01,5.0,165,38,1,False,neutral,False,True,True,False,1,0,0,0,1,0,0
2080,2120203981,Eucerin,2024-02-01,5.0,23,6,3,False,,,,,,0,0,0,0,0,0,0
2081,2120203981,Eucerin,2024-02-01,5.0,63,14,1,False,,,,,,0,0,0,0,0,0,0
2082,2120203981,Eucerin,2024-01-01,5.0,68,15,1,False,positive,False,True,True,False,1,0,0,0,1,0,0
2083,2120203981,Eucerin,2024-01-01,5.0,112,26,1,False,positive,False,True,False,False,1,0,0,0,0,0,0
2084,2120203981,Eucerin,2024-01-01,5.0,80,19,1,False,neutral,False,True,True,False,1,1,0,0,0,0,0
2085,2120203981,Eucerin,2023-12-01,5.0,89,19,1,False,neutral,False,False,False,False,1,0,0,1,0,0,0
2086,2120203981,Eucerin,2023-11-01,5.0,71,18,1,False,neutral,False,False,False,False,0,1,0,0,0,0,1
2087,2120203981,Eucerin,2023-11-01,5.0,52,12,1,False,positive,False,True,False,False,1,0,0,0,1,0,0
2088,2120203981,Eucerin,2023-11-01,5.0,70,17,1,False,neutral,False,False,False,False,0,0,0,0,1,0,0
2089,2120203981,Eucerin,2023-11-01,5.0,309,70,1,False,positive,False,True,True,False,1,0,0,0,0,0,0
2090,2120203981,Eucerin,2023-11-01,5.0,42,9,1,False,positive,False,True,False,False,0,0,1,0,0,0,1
2091,2120203981,Eucerin,2023-11-01,5.0,134,35,1,False,positive,False,True,False,False,0,0,0,0,1,0,0
2092,2120203981,Eucerin,2023-09-01,5.0,50,11,1,False,positive,False,True,False,False,1,0,1,0,1,0,0
2093,2120203981,Eucerin,2023-09-01,5.0,30,6,19,True,positive,False,True,False,False,1,0,1,0,1,0,0
2094,2120203981,Eucerin,2023-08-01,5.0,102,23,1,False,neutral,False,True,True,False,0,0,1,1,0,0,1
2095,2120203981,Eucerin,2023-08-01,5.0,30,6,19,True,positive,False,True,False,False,1,0,1,0,1,0,0
2096,2120203981,Eucerin,2023-08-01,5.0,106,25,1,False,positive,False,True,False,False,0,1,0,0,0,0,0
2097,2120203981,Eucerin,2023-07-01,5.0,117,29,1,False,,,,,,0,0,0,0,0,0,0
2098,2120203981,Eucerin,2023-07-01,5.0,106,23,1,False,neutral,False,False,False,False,0,0,0,1,0,0,0
2099,2120203981,Eucerin,2023-07-01,5.0,19,5,1,False,,,,,,0,0,0,0,0,0,0
2100,2120203981,Eucerin,2023-07-01,5.0,71,17,1,False,,,,,,0,0,0,0,0,0,0
2101,2120203981,Eucerin,2023-06-01,5.0,73,18,1,False,positive,False,True,True,False,0,0,0,1,0,0,1
2102,2120203981,Eucerin,2023-06-01,5.0,25,6,1,False,,,,,,0,0,0,0,0,0,0
2103,2120203981,Eucerin,2023-06-01,5.0,81,18,1,False,neutral,False,False,False,False,1,0,0,0,0,0,0
2104,2120203981,Eucerin,2023-06-01,5.0,41,8,1,False,positive,False,True,False,False,0,0,1,0,0,0,0
2105,2120203981,Eucerin,2023-04-01,5.0,270,62,1,False,neutral,False,False,False,False,0,1,0,0,1,0,0
2106,2120203981,Eucerin,2023-03-01,5.0,125,26,1,False,positive,True,True,True,True,1,0,1,0,1,0,0
2107,2120203981,Eucerin,2023-03-01,5.0,29,5,1,False,positive,False,True,False,False,0,0,1,0,0,0,0
2108,2120203981,Eucerin,2023-03-01,5.0,69,14,1,False,neutral,False,False,False,False,0,1,0,1,0,0,0
2109,2120203981,Eucerin,2023-03-01,5.0,56,12,1,False,positive,False,True,False,False,1,0,1,0,0,0,0
2110,2120203981,Eucerin,2023-02-01,5.0,287,68,1,False,negative,True,False,False,True,1,0,0,0,0,0,0
2111,2120203981,Eucerin,2023-02-01,5.0,60,14,1,False,,,,,,0,0,0,0,0,0,0
2112,2120203981,Eucerin,2022-12-01,5.0,119,28,1,False,positive,False,True,True,False,0,1,1,0,0,0,1
2113,2120203981,Eucerin,2022-12-01,5.0,250,55,1,False,neutral,False,True,True,False,1,0,1,0,1,1,0
2114,2120203981,Eucerin,2022-11-01,5.0,96,21,1,False,,,,,,0,0,0,0,0,0,0
2115,2120203981,Eucerin,2022-09-01,5.0,108,23,1,False,neutral,False,False,False,False,0,0,1,1,0,0,0
2116,2120203981,Eucerin,2022-08-01,5.0,57,13,1,False,,,,,,0,0,0,0,0,0,0
2117,2120326607,Eucerin,2025-05-01,4.0,35,8,1,False,neutral,False,False,False,False,0,1,0,0,0,0,0
2118,2120326607,Eucerin,2023-09-01,4.0,12,3,10,True,,,,,,0,0,0,0,0,0,0
2119,2120326607,Eucerin,2021-10-01,4.0,172,42,1,False,neutral,False,False,False,False,1,1,0,0,0,0,0
2120,2120326607,Eucerin,2025-05-01,5.0,119,27,1,False,positive,False,True,True,False,1,0,0,0,1,0,0
2121,2120326607,Eucerin,2025-05-01,5.0,239,54,6,True,neutral,False,True,True,False,0,1,0,1,0,0,1
2122,2120326607,Eucerin,2025-04-01,5.0,104,24,1,False,neutral,False,False,False,False,0,1,0,0,0,0,0
2123,2120326607,Eucerin,2025-03-01,5.0,71,16,2,False,neutral,False,False,False,False,0,1,0,0,0,0,0
2124,2120326607,Eucerin,2025-03-01,5.0,80,18,1,False,,,,,,0,0,0,0,0,0,0
2125,2120326607,Eucerin,2025-03-01,5.0,102,24,1,False,positive,False,True,False,False,1,0,0,0,1,0,0
2126,2120326607,Eucerin,2024-12-01,5.0,74,17,1,False,neutral,False,False,False,False,1,0,0,0,0,0,0
2127,2120326607,Eucerin,2024-11-01,5.0,239,54,6,True,neutral,False,True,True,False,0,1,0,1,0,0,1
2128,2120326607,Eucerin,2024-10-01,5.0,268,60,1,False,positive,True,True,True,True,1,0,0,0,1,0,0
2129,2120326607,Eucerin,2024-10-01,5.0,182,40,1,False,positive,False,True,False,False,1,1,0,0,1,1,0
2130,2120326607,Eucerin,2024-09-01,5.0,98,23,1,False,positive,False,True,True,False,1,0,0,0,1,0,0
2131,2120326607,Eucerin,2024-09-01,5.0,221,51,1,False,positive,True,True,True,True,1,1,1,0,0,0,0
2132,2120326607,Eucerin,2024-08-01,5.0,94,22,1,False,neutral,False,False,False,False,0,1,0,0,0,0,0
2133,2120326607,Eucerin,2024-07-01,5.0,30,7,1,False,,,,,,0,0,0,0,0,0,0
2134,2120326607,Eucerin,2024-07-01,5.0,150,36,1,False,neutral,False,True,True,False,0,1,0,0,0,0,0
2135,2120326607,Eucerin,2024-06-01,5.0,130,30,1,False,neutral,True,False,True,True,1,0,0,0,1,0,0
2136,2120326607,Eucerin,2024-05-01,5.0,136,31,1,False,neutral,False,False,False,False,0,1,0,0,1,0,0
2137,2120326607,Eucerin,2024-04-01,5.0,151,36,1,False,neutral,False,False,False,False,1,1,0,0,1,0,0
2138,2120326607,Eucerin,2024-04-01,5.0,68,16,1,False,positive,False,True,False,False,0,0,0,0,1,0,0
2139,2120326607,Eucerin,2024-03-01,5.0,76,18,1,False,neutral,False,False,False,False,0,1,0,0,0,0,0
2140,2120326607,Eucerin,2024-03-01,5.0,72,15,1,False,neutral,False,False,False,False,0,0,0,1,0,0,1
2141,2120326607,Eucerin,2024-03-01,5.0,103,24,1,False,positive,False,True,False,False,0,0,1,0,0,0,0
2142,2120326607,Eucerin,2024-03-01,5.0,99,22,1,False,neutral,False,False,False,False,0,0,0,0,1,0,0
2143,2120326607,Eucerin,2024-03-01,5.0,181,42,1,False,neutral,False,True,True,False,1,1,0,0,1,0,0
2144,2120326607,Eucerin,2024-02-01,5.0,33,6,1,False,,,,,,0,0,0,0,0,0,0
2145,2120326607,Eucerin,2024-01-01,5.0,64,15,1,False,positive,False,True,True,False,1,0,1,0,1,0,0
2146,2120326607,Eucerin,2024-01-01,5.0,80,19,1,False,neutral,False,False,False,False,1,0,0,0,1,0,0
2147,2120326607,Eucerin,2024-01-01,5.0,93,21,3,False,positive,False,True,False,False,1,0,0,0,0,0,0
2148,2120326607,Eucerin,2023-12-01,5.0,45,10,1,False,,,,,,0,0,0,0,0,0,0
2149,2120326607,Eucerin,2023-11-01,5.0,70,17,1,False,neutral,False,True,True,False,0,0,1,0,0,0,0
2150,2120326607,Eucerin,2023-11-01,5.0,87,20,1,False,neutral,False,False,False,False,0,0,0,0,1,0,0
2151,2120326607,Eucerin,2023-11-01,5.0,79,18,1,False,,,,,,0,0,0,0,0,0,0
2152,2120326607,Eucerin,2023-10-01,5.0,90,18,1,False,,,,,,0,0,0,0,0,0,0
2153,2120326607,Eucerin,2023-10-01,5.0,111,24,1,False,neutral,False,True,True,False,0,1,1,1,0,0,1
2154,2120326607,Eucerin,2023-10-01,5.0,116,27,1,False,neutral,False,False,False,False,1,0,0,0,1,0,0
2155,2120326607,Eucerin,2023-10-01,5.0,128,28,1,False,neutral,True,True,True,True,1,1,1,1,0,0,0
2156,2120326607,Eucerin,2023-09-01,5.0,112,25,1,False,positive,False,True,False,False,1,1,0,0,0,0,0
2157,2120326607,Eucerin,2023-09-01,5.0,31,8,1,False,positive,False,True,False,False,0,0,0,0,1,0,0
2158,2120326607,Eucerin,2023-08-01,5.0,10,2,2,False,,,,,,0,0,0,0,0,0,0
2159,2120326607,Eucerin,2023-08-01,5.0,66,12,1,False,positive,False,True,False,False,1,0,1,0,1,0,0
2160,2120326607,Eucerin,2023-07-01,5.0,50,11,1,False,neutral,False,False,False,False,0,0,1,0,0,0,0
2161,2120326607,Eucerin,2023-06-01,5.0,74,19,1,False,,,,,,0,0,0,0,0,0,0
2162,2120326607,Eucerin,2023-06-01,5.0,69,19,1,False,neutral,False,False,False,False,1,0,0,0,0,0,0
2163,2120326607,Eucerin,2023-05-01,5.0,72,15,1,False,positive,False,True,False,False,0,0,1,1,0,0,0
2164,2120326607,Eucerin,2023-03-01,5.0,92,19,1,False,neutral,False,True,True,False,1,0,0,1,0,0,0
2165,2120326607,Eucerin,2023-03-01,5.0,96,23,1,False,positive,False,True,False,False,1,0,0,0,0,0,0
2166,2120326607,Eucerin,2023-03-01,5.0,59,10,1,False,neutral,False,False,False,False,0,0,0,0,0,0,1
2167,2120326607,Eucerin,2023-02-01,5.0,70,16,1,False,,,,,,0,0,0,0,0,0,0
2168,2120326607,Eucerin,2023-02-01,5.0,130,29,1,False,,,,,,0,0,0,0,0,0,0
2169,2120326607,Eucerin,2023-02-01,5.0,130,33,1,False,,,,,,0,0,0,0,0,0,0
2170,2120326607,Eucerin,2023-02-01,5.0,66,15,1,False,,,,,,0,0,0,0,0,0,0
2171,2120326607,Eucerin,2022-12-01,5.0,41,9,1,False,neutral,False,False,False,False,0,1,0,1,0,0,0
2172,2120326607,Eucerin,2022-12-01,5.0,37,9,1,False,,,,,,0,0,0,0,0,0,0
2173,2120326607,Eucerin,2022-11-01,5.0,195,43,1,False,neutral,False,False,False,False,0,1,0,0,0,0,0
2174,2120326607,Eucerin,2022-09-01,5.0,34,8,1,False,,,,,,0,0,0,0,0,0,0
2175,2120326607,Eucerin,2022-08-01,5.0,109,23,1,False,positive,False,True,False,False,0,0,1,0,0,0,0
2176,2120326607,Eucerin,2022-06-01,5.0,20,4,1,False,,,,,,0,0,0,0,0,0,0
2177,2120326607,Eucerin,2022-04-01,5.0,151,34,1,False,,,,,,0,0,0,0,0,0,0
2178,2120326607,Eucerin,2022-04-01,5.0,113,23,2,False,positive,False,True,True,False,0,0,1,1,0,0,1
2179,2120326607,Eucerin,2022-04-01,5.0,107,24,1,False,,,,,,0,0,0,0,0,0,0
2180,2120326607,Eucerin,2022-03-01,5.0,92,20,1,False,neutral,False,True,True,False,0,0,0,1,0,0,0
2181,2120326607,Eucerin,2021-11-01,5.0,100,16,1,False,,,,,,0,0,0,0,0,0,0
2182,2120326607,Eucerin,2021-11-01,5.0,96,19,1,False,,,,,,0,0,0,0,0,0,0
2183,2120326607,Eucerin,2021-06-01,5.0,49,13,1,False,positive,False,True,False,False,0,1,0,0,0,0,0
2184,2120326607,Eucerin,2021-01-01,5.0,98,24,1,False,negative,True,False,False,True,1,0,0,0,0,0,0
2185,2120274771,Eucerin,2024-09-01,1.0,301,76,1,False,negative,True,False,True,False,1,1,0,0,0,0,0
2186,2120274771,Eucerin,2023-07-01,3.0,209,47,1,False,neutral,False,False,False,False,1,0,0,0,0,0,0
2187,2120274771,Eucerin,2022-10-01,3.0,65,15,1,False,positive,False,True,False,False,1,0,0,0,0,0,0
2188,2120274771,Eucerin,2023-06-01,4.0,371,83,1,False,positive,False,True,True,False,1,1,1,0,1,0,0
2189,2120274771,Eucerin,2023-02-01,4.0,148,38,1,False,neutral,True,True,True,True,1,1,0,0,0,0,0
2190,2120274771,Eucerin,2025-12-01,5.0,63,16,1,False,positive,False,True,False,False,1,0,0,0,1,0,0
2191,2120274771,Eucerin,2025-11-01,5.0,82,18,1,False,neutral,False,True,True,False,1,0,0,0,1,0,0
2192,2120274771,Eucerin,2025-11-01,5.0,82,18,1,False,neutral,False,True,True,False,1,0,0,0,1,0,0
2193,2120274771,Eucerin,2025-11-01,5.0,64,15,1,False,positive,False,True,False,False,0,0,1,0,0,0,1
2194,2120274771,Eucerin,2025-11-01,5.0,78,18,1,False,positive,False,True,False,False,1,0,0,0,1,0,0
2195,2120274771,Eucerin,2025-09-01,5.0,170,36,1,False,positive,False,True,True,False,1,1,0,0,0,0,0
2196,2120274771,Eucerin,2025-08-01,5.0,84,19,1,False,positive,False,True,False,False,1,0,0,0,0,0,0
2197,2120274771,Eucerin,2025-07-01,5.0,131,29,1,False,positive,False,True,False,False,1,0,0,0,0,0,0
2198,2120274771,Eucerin,2025-07-01,5.0,158,38,1,False,positive,False,True,False,False,1,0,0,0,0,0,0
2199,2120274771,Eucerin,2025-06-01,5.0,81,19,1,False,positive,False,True,True,False,1,0,0,0,1,0,0
2200,2120274771,Eucerin,2025-06-01,5.0,136,31,1,False,neutral,False,False,False,False,1,0,0,0,1,0,0
2201,2120274771,Eucerin,2025-05-01,5.0,157,33,1,False,positive,False,True,True,False,1,1,0,0,0,1,0
2202,2120274771,Eucerin,2025-05-01,5.0,64,13,1,False,positive,False,True,False,False,1,0,0,0,0,0,0
2203,2120274771,Eucerin,2025-05-01,5.0,160,35,1,False,neutral,False,False,False,False,1,0,0,0,0,0,0
2204,2120274771,Eucerin,2025-05-01,5.0,68,16,1,False,neutral,False,False,False,False,1,1,0,0,0,0,0
2205,2120274771,Eucerin,2025-05-01,5.0,86,20,1,False,,,,,,0,0,0,0,0,0,0
2206,2120274771,Eucerin,2025-05-01,5.0,121,27,1,False,neutral,False,True,True,False,1,0,0,0,0,0,0
2207,2120274771,Eucerin,2025-05-01,5.0,120,27,1,False,neutral,False,True,True,False,1,0,0,0,1,0,0
2208,2120274771,Eucerin,2025-05-01,5.0,84,18,1,False,neutral,False,True,True,False,1,0,0,0,0,0,0
2209,2120274771,Eucerin,2025-05-01,5.0,88,18,1,False,neutral,False,True,True,False,1,0,0,0,1,0,0
2210,2120274771,Eucerin,2025-05-01,5.0,164,36,1,False,positive,False,True,True,False,1,0,0,0,1,0,0
2211,2120274771,Eucerin,2025-04-01,5.0,172,40,1,False,positive,False,True,False,False,1,0,0,0,1,0,0
2212,2120274771,Eucerin,2025-04-01,5.0,112,26,1,False,positive,False,True,True,False,1,0,0,0,1,0,0
2213,2120274771,Eucerin,2025-04-01,5.0,87,20,1,False,neutral,False,False,False,False,1,0,0,0,0,0,0
2214,2120274771,Eucerin,2025-04-01,5.0,82,19,1,False,positive,False,True,False,False,1,0,0,0,0,0,0
2215,2120274771,Eucerin,2025-04-01,5.0,281,60,1,False,positive,False,True,True,False,1,0,0,0,1,0,0
2216,2120274771,Eucerin,2025-04-01,5.0,77,17,1,False,neutral,False,True,True,False,1,0,0,0,0,0,0
2217,2120274771,Eucerin,2025-03-01,5.0,75,17,1,False,neutral,False,False,False,False,1,1,0,0,0,0,0
2218,2120274771,Eucerin,2025-03-01,5.0,232,54,1,False,,,,,,0,0,0,0,0,0,0
2219,2120274771,Eucerin,2025-03-01,5.0,116,28,1,False,neutral,False,False,False,False,1,0,0,0,0,0,0
2220,2120274771,Eucerin,2025-03-01,5.0,110,23,1,False,positive,False,True,True,False,1,0,0,0,1,0,0
2221,2120274771,Eucerin,2025-03-01,5.0,125,29,1,False,positive,False,True,True,False,1,0,0,0,0,0,0
2222,2120274771,Eucerin,2025-03-01,5.0,150,34,1,False,positive,False,True,False,False,1,0,0,0,1,0,0
2223,2120274771,Eucerin,2025-03-01,5.0,83,19,1,False,,,,,,0,0,0,0,0,0,0
2224,2120274771,Eucerin,2025-03-01,5.0,128,30,1,False,positive,False,True,False,False,1,0,0,0,1,0,0
2225,2120274771,Eucerin,2025-03-01,5.0,97,21,1,False,positive,False,True,True,False,1,0,0,0,0,0,0
2226,2120274771,Eucerin,2025-03-01,5.0,103,24,1,False,neutral,False,True,True,False,1,1,0,0,0,0,0
2227,2120274771,Eucerin,2025-03-01,5.0,77,17,1,False,neutral,False,False,False,False,0,0,0,1,0,0,0
2228,2120274771,Eucerin,2025-03-01,5.0,83,18,1,False,neutral,False,False,False,False,1,0,0,0,0,0,0
2229,2120274771,Eucerin,2025-03-01,5.0,82,19,2,False,positive,False,True,False,False,1,0,0,0,1,0,0
2230,2120274771,Eucerin,2025-03-01,5.0,73,16,1,False,positive,False,True,False,False,1,0,0,0,0,0,0
2231,2120274771,Eucerin,2025-02-01,5.0,115,25,1,False,neutral,False,False,False,False,1,0,0,0,1,0,0
2232,2120274771,Eucerin,2025-02-01,5.0,135,31,1,False,positive,False,True,True,False,1,0,0,0,1,0,0
2233,2120274771,Eucerin,2025-02-01,5.0,94,22,1,False,positive,False,True,False,False,1,0,0,0,0,0,0
2234,2120274771,Eucerin,2025-01-01,5.0,229,50,1,False,positive,False,True,True,False,1,0,0,1,1,0,0
2235,2120274771,Eucerin,2025-01-01,5.0,65,16,1,False,positive,False,True,False,False,1,0,0,0,0,0,0
2236,2120274771,Eucerin,2025-01-01,5.0,119,28,1,False,neutral,False,True,True,False,1,0,0,0,1,0,0
2237,2120274771,Eucerin,2024-12-01,5.0,275,62,1,False,positive,False,True,True,False,1,0,0,0,1,0,0
2238,2120274771,Eucerin,2024-12-01,5.0,110,24,1,False,positive,False,True,False,False,1,0,0,0,1,0,0
2239,2120274771,Eucerin,2024-12-01,5.0,106,23,1,False,positive,False,True,True,False,1,0,0,0,1,0,0
2240,2120274771,Eucerin,2024-12-01,5.0,190,44,1,False,positive,False,True,False,False,1,0,0,0,1,0,0
2241,2120274771,Eucerin,2024-12-01,5.0,63,13,1,False,neutral,False,False,False,False,1,0,0,0,1,0,0
2242,2120274771,Eucerin,2024-12-01,5.0,112,24,1,False,neutral,False,False,False,False,1,0,0,0,1,0,0
2243,2120274771,Eucerin,2024-12-01,5.0,148,35,1,False,positive,False,True,False,False,1,1,0,0,0,0,0
2244,2120274771,Eucerin,2024-12-01,5.0,118,28,1,False,positive,False,True,False,False,1,0,0,0,0,0,0
2245,2120274771,Eucerin,2024-11-01,5.0,129,29,1,False,positive,False,True,True,False,1,0,0,0,1,0,0
2246,2120274771,Eucerin,2024-11-01,5.0,164,36,1,False,positive,False,True,True,False,1,0,0,0,1,0,0
2247,2120274771,Eucerin,2024-11-01,5.0,114,26,1,False,positive,False,True,False,False,1,1,0,0,1,1,0
2248,2120274771,Eucerin,2024-11-01,5.0,106,22,1,False,neutral,False,True,True,False,0,0,1,1,1,0,0
2249,2120274771,Eucerin,2024-11-01,5.0,61,11,1,False,neutral,False,True,True,False,0,0,1,1,0,0,0
2250,2120274771,Eucerin,2024-11-01,5.0,122,28,1,False,neutral,False,False,False,False,1,0,0,0,0,0,0
2251,2120274771,Eucerin,2024-11-01,5.0,74,17,1,False,positive,False,True,False,False,0,0,0,0,1,0,0
2252,2120274771,Eucerin,2024-11-01,5.0,64,15,1,False,neutral,False,True,True,False,0,0,1,1,0,0,0
2253,2120274771,Eucerin,2024-11-01,5.0,82,19,2,False,positive,False,True,False,False,1,0,0,0,1,0,0
2254,2120274771,Eucerin,2024-11-01,5.0,179,5,3,False,,,,,,0,0,0,0,0,0,0
2255,2120274771,Eucerin,2024-10-01,5.0,106,24,1,False,positive,False,True,False,False,0,0,0,0,1,0,0
2256,2120274771,Eucerin,2024-10-01,5.0,271,61,1,False,positive,False,True,True,False,1,0,0,0,1,0,0
2257,2120274771,Eucerin,2024-10-01,5.0,130,29,1,False,positive,False,True,False,False,1,0,0,0,1,0,0
2258,2120274771,Eucerin,2024-10-01,5.0,50,11,1,False,positive,False,True,False,False,0,0,0,0,1,0,0
2259,2120274771,Eucerin,2024-10-01,5.0,145,33,1,False,,,,,,0,0,0,0,0,0,0
2260,2120274771,Eucerin,2024-10-01,5.0,64,15,1,False,positive,False,True,False,False,1,0,0,0,0,0,0
2261,2120274771,Eucerin,2024-10-01,5.0,155,34,1,False,positive,False,True,True,False,1,0,0,0,1,0,0
2262,2120274771,Eucerin,2024-10-01,5.0,72,16,1,False,positive,False,True,False,False,1,0,0,0,0,0,0
2263,2120274771,Eucerin,2024-10-01,5.0,136,31,1,False,positive,False,True,True,False,1,0,0,0,1,0,0
2264,2120274771,Eucerin,2024-10-01,5.0,66,15,1,False,,,,,,0,0,0,0,0,0,0
2265,2120274771,Eucerin,2024-10-01,5.0,100,21,1,False,neutral,False,False,False,False,1,0,0,0,0,0,0
2266,2120274771,Eucerin,2024-10-01,5.0,84,18,1,False,positive,False,True,True,False,1,0,0,0,1,0,0
2267,2120274771,Eucerin,2024-10-01,5.0,149,35,1,False,neutral,False,True,True,False,1,0,0,0,1,0,0
2268,2120274771,Eucerin,2024-10-01,5.0,64,13,2,False,positive,False,True,False,False,0,0,1,1,0,0,0
2269,2120274771,Eucerin,2024-10-01,5.0,114,28,1,False,positive,False,True,True,False,1,0,0,0,1,1,0
2270,2120274771,Eucerin,2024-10-01,5.0,134,31,1,False,positive,False,True,False,False,1,0,0,0,1,0,0
2271,2120274771,Eucerin,2024-10-01,5.0,71,16,1,False,positive,False,True,True,False,0,0,0,0,1,0,0
2272,2120274771,Eucerin,2024-10-01,5.0,82,18,1,False,neutral,False,True,True,False,1,0,0,0,1,0,0
2273,2120274771,Eucerin,2024-09-01,5.0,102,23,1,False,neutral,False,True,True,False,1,0,0,0,0,0,0
2274,2120274771,Eucerin,2024-09-01,5.0,175,39,1,False,neutral,False,False,False,False,1,0,0,0,0,0,0
2275,2120274771,Eucerin,2024-08-01,5.0,78,18,1,False,positive,False,True,False,False,1,0,0,0,1,0,0
2276,2120274771,Eucerin,2024-07-01,5.0,81,19,1,False,positive,False,True,False,False,0,0,1,0,0,0,0
2277,2120274771,Eucerin,2024-07-01,5.0,88,21,1,False,neutral,False,False,False,False,0,0,0,1,0,0,0
2278,2120274771,Eucerin,2024-07-01,5.0,24,6,1,False,,,,,,0,0,0,0,0,0,0
2279,2120274771,Eucerin,2024-07-01,5.0,99,21,1,False,neutral,False,True,True,False,1,0,0,0,1,0,0
2280,2120274771,Eucerin,2024-07-01,5.0,64,15,1,False,,,,,,0,0,0,0,0,0,0
2281,2120274771,Eucerin,2024-07-01,5.0,83,20,1,False,positive,False,True,False,False,1,0,0,0,0,0,0
2282,2120274771,Eucerin,2024-07-01,5.0,75,17,1,False,positive,False,True,False,False,1,0,0,0,0,0,0
2283,2120274771,Eucerin,2024-06-01,5.0,161,36,1,False,positive,False,True,True,False,1,0,0,0,1,0,0
2284,2120274771,Eucerin,2024-06-01,5.0,97,21,1,False,neutral,False,True,True,False,1,0,0,0,0,0,0
2285,2967035879,Eucerin,2025-11-01,5.0,25,6,1,False,positive,False,True,False,False,1,1,0,0,0,0,0
2286,2967035879,Eucerin,2025-04-01,5.0,109,23,1,False,neutral,False,False,False,False,0,0,0,1,1,0,0
2287,2525163798,Eucerin,2026-04-01,5.0,29,7,3,False,,,,,,0,0,0,0,0,0,0
2288,2525163798,Eucerin,2026-04-01,5.0,135,26,1,False,neutral,False,True,True,False,1,1,0,0,0,1,0
2289,2525163798,Eucerin,2026-04-01,5.0,93,22,1,False,,,,,,0,0,0,0,0,0,0
2290,2525163798,Eucerin,2025-04-01,5.0,122,28,1,False,neutral,False,True,True,False,1,0,0,0,0,1,0
2291,2525163798,Eucerin,2025-04-01,5.0,86,20,1,False,,,,,,0,0,0,0,0,0,0
2292,2525163798,Eucerin,2025-04-01,5.0,142,31,1,False,neutral,False,False,False,False,0,1,0,0,0,0,0
2293,2525163798,Eucerin,2025-04-01,5.0,82,19,1,False,,,,,,0,0,0,0,0,0,0
2294,2525163798,Eucerin,2025-03-01,5.0,74,16,1,False,negative,True,False,False,True,0,0,1,0,0,0,0
2295,2525163798,Eucerin,2025-03-01,5.0,71,17,1,False,neutral,False,True,True,False,1,0,0,0,0,0,0
2296,2525163798,Eucerin,2025-03-01,5.0,70,16,1,False,positive,False,True,True,False,1,0,0,0,0,0,0
2297,2525163798,Eucerin,2025-03-01,5.0,83,18,1,False,positive,False,True,False,False,1,1,0,0,0,1,0
2298,2525163798,Eucerin,2025-03-01,5.0,20,5,1,False,,,,,,0,0,0,0,0,0,0
2299,2525163798,Eucerin,2025-03-01,5.0,46,9,1,False,,,,,,0,0,0,0,0,0,0
2300,2525163798,Eucerin,2025-03-01,5.0,121,28,1,False,,,,,,0,0,0,0,0,0,0
2301,2525163798,Eucerin,2025-03-01,5.0,60,14,1,False,neutral,False,False,False,False,1,0,0,0,0,0,0
2302,2525163798,Eucerin,2025-03-01,5.0,67,16,1,False,neutral,False,False,False,False,1,0,0,0,0,0,0
2303,2525163798,Eucerin,2025-02-01,5.0,3,1,1,True,,,,,,0,0,0,0,0,0,0
2304,2525163798,Eucerin,2025-02-01,5.0,137,30,1,False,negative,True,False,False,True,1,0,0,0,0,0,0
2305,2525163798,Eucerin,2024-11-01,5.0,44,11,1,False,,,,,,0,0,0,0,0,0,0
2306,2525163798,Eucerin,2024-10-01,5.0,66,16,1,False,,,,,,0,0,0,0,0,0,0
2307,2525163798,Eucerin,2024-10-01,5.0,94,22,1,False,neutral,False,False,False,False,1,0,0,0,0,0,0
2308,2525163798,Eucerin,2024-10-01,5.0,28,7,1,False,positive,False,True,False,False,1,1,0,0,0,0,0
2309,2525163798,Eucerin,2024-10-01,5.0,31,7,1,False,,,,,,0,0,0,0,0,0,0
2310,2525163798,Eucerin,2024-10-01,5.0,137,31,1,False,neutral,False,True,True,False,0,0,1,0,1,0,0
2311,2525163798,Eucerin,2024-10-01,5.0,64,15,1,False,neutral,False,False,False,False,1,0,0,0,0,0,0
2312,2525163798,Eucerin,2024-10-01,5.0,39,10,1,False,,,,,,0,0,0,0,0,0,0
2313,2525163798,Eucerin,2024-06-01,5.0,179,5,3,False,,,,,,0,0,0,0,0,0,0
2314,2525163798,Eucerin,2024-05-01,5.0,167,39,1,False,neutral,False,True,True,False,1,0,0,0,0,0,0
2315,2525163798,Eucerin,2024-05-01,5.0,200,40,1,False,positive,False,True,True,False,1,1,0,0,0,0,0
2316,2525163798,Eucerin,2024-05-01,5.0,126,28,1,False,positive,False,True,False,False,1,1,0,0,0,0,0
2317,2525163798,Eucerin,2024-05-01,5.0,84,19,1,False,positive,False,True,True,False,1,1,0,0,0,0,0
2318,2525163798,Eucerin,2024-05-01,5.0,81,20,1,False,positive,False,True,False,False,1,1,0,0,0,0,0
2319,2525163798,Eucerin,2024-05-01,5.0,79,15,1,False,positive,False,True,False,False,1,0,1,0,1,0,0
2320,2525163798,Eucerin,2024-05-01,5.0,63,12,1,False,positive,False,True,False,False,1,0,1,0,1,0,0
2321,2525163798,Eucerin,2024-04-01,5.0,61,12,1,False,positive,False,True,True,False,0,0,1,1,0,0,0
2322,2525163798,Eucerin,2024-04-01,5.0,80,19,1,False,positive,False,True,True,False,1,1,0,0,0,0,0
2323,2525163798,Eucerin,2024-04-01,5.0,187,45,1,False,positive,False,True,True,False,1,1,1,0,1,0,0
2324,2525163798,Eucerin,2024-04-01,5.0,12,3,10,True,,,,,,0,0,0,0,0,0,0
2325,2525163798,Eucerin,2024-04-01,5.0,12,3,2,False,positive,False,True,False,False,1,0,0,0,0,0,0
2326,2525163798,Eucerin,2024-03-01,5.0,66,17,1,False,positive,False,True,False,False,0,0,0,0,1,0,0
2327,2525163798,Eucerin,2024-03-01,5.0,108,26,1,False,neutral,False,False,False,False,1,0,0,0,0,0,0
2328,2525163798,Eucerin,2024-03-01,5.0,62,8,1,False,,,,,,0,0,0,0,0,0,0
2329,2525163798,Eucerin,2024-03-01,5.0,81,18,1,False,positive,False,True,False,False,1,0,0,0,0,0,0
2330,2525163798,Eucerin,2024-03-01,5.0,88,19,1,False,positive,True,True,True,True,1,0,0,0,1,0,0
2331,2525163798,Eucerin,2024-03-01,5.0,64,13,1,False,,,,,,0,0,0,0,0,0,0
2332,2525163798,Eucerin,2024-03-01,5.0,94,21,1,False,neutral,False,True,True,False,1,0,0,0,0,0,0
2333,2525163798,Eucerin,2024-03-01,5.0,226,52,1,False,positive,False,True,False,False,1,0,1,0,1,0,0
2334,2525163798,Eucerin,2024-03-01,5.0,103,24,1,False,positive,False,True,True,False,1,1,0,0,0,0,0
2335,2525163798,Eucerin,2024-03-01,5.0,88,19,1,False,positive,False,True,True,False,1,0,0,1,0,0,0
2336,2525163798,Eucerin,2024-03-01,5.0,36,8,1,False,,,,,,0,0,0,0,0,0,0
2337,2525163798,Eucerin,2024-03-01,5.0,102,23,1,False,positive,False,True,False,False,1,0,0,0,0,0,0
2338,2525163798,Eucerin,2024-03-01,5.0,120,27,1,False,positive,False,True,True,False,1,1,0,0,0,0,0
2339,2525163798,Eucerin,2024-03-01,5.0,40,10,1,False,neutral,False,False,False,False,0,1,0,0,0,0,0
2340,2525163798,Eucerin,2024-03-01,5.0,167,36,1,False,,,,,,0,0,0,0,0,0,0
2341,2525163798,Eucerin,2024-03-01,5.0,69,12,1,False,positive,False,True,False,False,1,0,1,0,1,0,0
2342,2525163798,Eucerin,2024-03-01,5.0,77,17,1,False,positive,False,True,False,False,1,0,0,0,0,0,0
2343,2525163798,Eucerin,2024-03-01,5.0,28,6,1,False,neutral,False,False,False,False,0,0,0,1,0,0,0
2344,2525163798,Eucerin,2024-03-01,5.0,107,25,1,False,neutral,False,False,False,False,1,0,0,0,0,0,0
2345,2525163798,Eucerin,2024-03-01,5.0,77,19,1,False,neutral,False,False,False,False,1,1,0,0,0,0,0
2346,2525163798,Eucerin,2024-03-01,5.0,202,43,1,False,neutral,False,True,True,False,1,0,0,0,1,0,0
2347,2525163798,Eucerin,2024-02-01,5.0,170,34,1,False,positive,False,True,False,False,1,0,1,0,0,0,0
2348,2525163798,Eucerin,2024-02-01,5.0,56,6,1,False,,,,,,0,0,0,0,0,0,0
2349,2525163798,Eucerin,2024-02-01,5.0,225,51,1,False,positive,False,True,False,False,1,1,0,0,0,0,0
2350,2525163798,Eucerin,2024-01-01,5.0,80,19,1,False,neutral,False,False,False,False,1,0,0,0,0,0,0
2351,2525163798,Eucerin,2024-01-01,5.0,77,17,1,False,positive,False,True,False,False,1,1,0,0,0,0,0
2352,2525163798,Eucerin,2024-01-01,5.0,15,4,1,False,,,,,,0,0,0,0,0,0,0
2353,2525163798,Eucerin,2024-01-01,5.0,124,30,1,False,,,,,,0,0,0,0,0,0,0
2354,2525163798,Eucerin,2024-01-01,5.0,80,18,1,False,positive,False,True,False,False,1,1,0,0,0,0,0
2355,2120223924,Eucerin,2022-12-01,3.0,130,32,1,False,neutral,False,False,False,False,0,1,0,0,0,0,0
2356,2120223924,Eucerin,2023-01-01,4.0,88,19,1,False,positive,False,True,False,False,1,0,1,0,0,0,0
2357,2120223924,Eucerin,2022-08-01,4.0,96,22,1,False,positive,False,True,False,False,0,0,0,1,0,0,0
2358,2120223924,Eucerin,2026-04-01,5.0,73,16,1,False,positive,False,True,False,False,1,0,0,0,0,0,0
2359,2120223924,Eucerin,2025-10-01,5.0,125,29,1,False,positive,False,True,False,False,1,0,0,0,0,0,0
2360,2120223924,Eucerin,2025-09-01,5.0,68,15,1,False,,,,,,0,0,0,0,0,0,0
2361,2120223924,Eucerin,2025-08-01,5.0,70,15,10,True,positive,False,True,True,False,0,0,1,0,0,0,0
2362,2120223924,Eucerin,2025-07-01,5.0,109,25,1,False,positive,False,True,False,False,1,1,0,0,0,0,0
2363,2120223924,Eucerin,2025-05-01,5.0,135,31,1,False,positive,False,True,True,False,1,1,0,0,0,0,0
2364,2120223924,Eucerin,2025-04-01,5.0,91,21,1,False,,,,,,0,0,0,0,0,0,0
2365,2120223924,Eucerin,2025-04-01,5.0,97,19,1,False,positive,False,True,True,False,1,0,0,0,1,0,0
2366,2120223924,Eucerin,2025-03-01,5.0,71,16,2,False,neutral,False,False,False,False,0,1,0,0,0,0,0
2367,2120223924,Eucerin,2025-03-01,5.0,70,15,10,True,positive,False,True,True,False,0,0,1,0,0,0,0
2368,2120223924,Eucerin,2025-02-01,5.0,92,18,1,False,positive,False,True,True,False,1,0,0,0,1,0,0
2369,2120223924,Eucerin,2025-02-01,5.0,70,17,1,False,,,,,,0,0,0,0,0,0,0
2370,2120223924,Eucerin,2025-02-01,5.0,71,17,1,False,positive,False,True,False,False,1,1,0,0,0,0,0
2371,2120223924,Eucerin,2025-01-01,5.0,121,27,1,False,positive,False,True,False,False,1,0,0,0,0,0,0
2372,2120223924,Eucerin,2025-01-01,5.0,146,33,1,False,,,,,,0,0,0,0,0,0,0
2373,2120223924,Eucerin,2025-01-01,5.0,136,33,1,False,positive,False,True,False,False,1,1,0,0,0,0,0
2374,2120223924,Eucerin,2025-01-01,5.0,267,58,1,False,positive,False,True,True,False,1,1,0,0,1,0,0
2375,2120223924,Eucerin,2025-01-01,5.0,30,7,4,False,,,,,,0,0,0,0,0,0,0
2376,2120223924,Eucerin,2025-01-01,5.0,68,15,1,False,neutral,False,False,False,False,0,0,1,0,0,0,0
2377,2120223924,Eucerin,2025-01-01,5.0,88,19,1,False,neutral,False,False,False,False,1,0,0,0,0,0,0
2378,2120223924,Eucerin,2024-12-01,5.0,87,21,1,False,neutral,False,False,False,False,0,1,0,0,0,0,0
2379,2120223924,Eucerin,2024-11-01,5.0,137,30,1,False,neutral,False,True,True,False,1,1,0,0,0,1,0
2380,2120223924,Eucerin,2024-10-01,5.0,4,1,1,True,,,,,,0,0,0,0,0,0,0
2381,2120223924,Eucerin,2024-10-01,5.0,64,13,2,False,positive,False,True,False,False,0,0,1,1,0,0,0
2382,2120223924,Eucerin,2024-09-01,5.0,70,15,1,False,positive,False,True,False,False,1,0,0,0,0,0,0
2383,2120223924,Eucerin,2024-09-01,5.0,79,17,1,False,positive,False,True,False,False,0,0,0,0,1,0,0
2384,2120223924,Eucerin,2024-09-01,5.0,106,23,1,False,positive,False,True,False,False,1,0,0,0,0,0,0
2385,2120223924,Eucerin,2024-08-01,5.0,129,31,1,False,neutral,False,False,False,False,0,1,0,0,0,0,0
2386,2120223924,Eucerin,2024-08-01,5.0,63,9,1,False,positive,False,True,False,False,1,0,1,0,1,0,0
2387,2120223924,Eucerin,2024-06-01,5.0,87,21,1,False,positive,False,True,False,False,0,0,0,0,1,0,0
2388,2120223924,Eucerin,2024-05-01,5.0,63,14,1,False,neutral,False,True,True,False,0,0,0,1,1,0,0
2389,2120223924,Eucerin,2024-05-01,5.0,74,18,1,False,,,,,,0,0,0,0,0,0,0
2390,2120223924,Eucerin,2024-05-01,5.0,83,20,1,False,neutral,False,False,False,False,0,0,0,0,1,0,0
2391,2120223924,Eucerin,2024-04-01,5.0,126,29,1,False,positive,False,True,False,False,0,0,0,0,1,0,0
2392,2120223924,Eucerin,2024-03-01,5.0,65,16,4,False,positive,False,True,False,False,0,0,0,1,0,0,1
2393,2120223924,Eucerin,2024-02-01,5.0,59,10,1,False,neutral,False,False,False,False,0,0,0,0,0,0,1
2394,2120223924,Eucerin,2024-02-01,5.0,66,16,1,False,positive,False,True,False,False,1,0,0,0,0,0,0
2395,2120223924,Eucerin,2024-01-01,5.0,73,16,1,False,neutral,False,False,False,False,1,0,0,0,0,0,0
2396,2120223924,Eucerin,2024-01-01,5.0,81,18,1,False,neutral,False,True,True,False,1,1,0,0,0,0,0
2397,2120223924,Eucerin,2024-01-01,5.0,114,26,1,False,neutral,False,False,False,False,1,0,0,0,0,0,0
2398,2120223924,Eucerin,2024-01-01,5.0,129,27,1,False,positive,False,True,True,False,1,0,0,0,1,0,0
2399,2120223924,Eucerin,2023-12-01,5.0,86,20,1,False,positive,False,True,False,False,0,0,0,0,1,0,0
2400,2120223924,Eucerin,2023-12-01,5.0,45,11,1,False,neutral,False,False,False,False,0,1,0,0,0,0,0
2401,2120223924,Eucerin,2023-12-01,5.0,78,18,1,False,neutral,False,False,False,False,0,0,1,1,0,0,0
2402,2120223924,Eucerin,2023-11-01,5.0,81,18,1,False,positive,False,True,False,False,1,0,0,0,0,0,0
2403,2120223924,Eucerin,2023-11-01,5.0,76,18,1,False,,,,,,0,0,0,0,0,0,0
2404,2120223924,Eucerin,2023-11-01,5.0,205,45,1,False,positive,False,True,False,False,0,1,1,1,0,0,0
2405,2120223924,Eucerin,2023-10-01,5.0,4,1,1,True,,,,,,0,0,0,0,0,0,0
2406,2120223924,Eucerin,2023-10-01,5.0,44,10,1,False,negative,True,False,False,True,0,1,1,0,0,0,0
2407,2120223924,Eucerin,2023-09-01,5.0,229,55,1,False,neutral,False,False,False,False,0,0,0,1,0,0,1
2408,2120223924,Eucerin,2023-09-01,5.0,77,16,1,False,,,,,,0,0,0,0,0,0,0
2409,2120223924,Eucerin,2023-09-01,5.0,45,10,1,False,neutral,False,False,False,False,0,0,0,1,0,0,0
2410,2120223924,Eucerin,2023-08-01,5.0,10,2,2,False,,,,,,0,0,0,0,0,0,0
2411,2120223924,Eucerin,2023-08-01,5.0,29,8,1,False,,,,,,0,0,0,0,0,0,0
2412,2120223924,Eucerin,2023-08-01,5.0,82,18,1,False,positive,False,True,False,False,0,0,1,0,0,0,0
2413,2120223924,Eucerin,2023-07-01,5.0,54,13,1,False,,,,,,0,0,0,0,0,0,0
2414,2120223924,Eucerin,2023-07-01,5.0,66,15,1,False,neutral,False,False,False,False,1,1,0,0,0,0,0
2415,2120223924,Eucerin,2023-07-01,5.0,73,18,1,False,,,,,,0,0,0,0,0,0,0
2416,2120223924,Eucerin,2023-07-01,5.0,75,17,1,False,,,,,,0,0,0,0,0,0,0
2417,2120223924,Eucerin,2023-07-01,5.0,258,56,1,False,neutral,False,False,False,False,0,0,0,1,0,0,0
2418,2120223924,Eucerin,2023-07-01,5.0,78,18,1,False,,,,,,0,0,0,0,0,0,0
2419,2120223924,Eucerin,2023-07-01,5.0,230,55,1,False,positive,False,True,True,False,0,0,1,0,1,0,0
2420,2120223924,Eucerin,2023-07-01,5.0,58,13,1,False,neutral,False,False,False,False,0,0,0,1,0,0,1
2421,2120223924,Eucerin,2023-06-01,5.0,63,13,1,False,,,,,,0,0,0,0,0,0,0
2422,2120223924,Eucerin,2023-06-01,5.0,22,4,1,False,,,,,,0,0,0,0,0,0,0
2423,2120223924,Eucerin,2023-05-01,5.0,139,33,1,False,neutral,False,False,False,False,0,0,0,0,1,1,0
2424,2120223924,Eucerin,2023-04-01,5.0,83,18,1,False,positive,False,True,False,False,0,0,0,0,0,0,1
2425,2120223924,Eucerin,2023-04-01,5.0,83,20,1,False,,,,,,0,0,0,0,0,0,0
2426,2120223924,Eucerin,2023-03-01,5.0,495,107,1,False,positive,False,True,False,False,1,0,0,0,0,0,0
2427,2120223924,Eucerin,2023-03-01,5.0,130,31,1,False,positive,False,True,False,False,0,0,0,0,1,0,0
2428,2120223924,Eucerin,2023-03-01,5.0,64,12,1,False,positive,False,True,False,False,1,0,1,0,1,0,0
2429,2120223924,Eucerin,2023-03-01,5.0,27,5,1,False,neutral,False,False,False,False,0,0,0,1,1,0,0
2430,2120223924,Eucerin,2023-03-01,5.0,68,15,1,False,neutral,False,False,False,False,0,0,1,1,0,0,0
2431,2120223924,Eucerin,2023-03-01,5.0,66,14,1,False,,,,,,0,0,0,0,0,0,0
2432,2120223924,Eucerin,2022-12-01,5.0,100,24,1,False,neutral,False,False,False,False,1,1,0,0,0,0,0
2433,2120223924,Eucerin,2022-12-01,5.0,96,19,1,False,positive,False,True,True,False,0,1,1,1,0,0,0
2434,2120223924,Eucerin,2022-12-01,5.0,144,33,1,False,,,,,,0,0,0,0,0,0,0
2435,2120223924,Eucerin,2022-12-01,5.0,101,23,1,False,neutral,False,False,False,False,0,1,0,0,0,0,0
2436,2120223924,Eucerin,2022-12-01,5.0,96,19,1,False,neutral,False,False,False,False,0,1,0,0,0,0,0
2437,2120223924,Eucerin,2022-12-01,5.0,98,23,1,False,neutral,False,False,False,False,0,1,0,0,0,0,0
2438,2120223924,Eucerin,2022-12-01,5.0,96,22,1,False,positive,False,True,True,False,0,0,1,1,0,0,1
2439,2120223924,Eucerin,2022-10-01,5.0,95,21,1,False,neutral,False,False,False,False,0,0,0,1,0,0,0
2440,2120223924,Eucerin,2022-08-01,5.0,214,51,1,False,neutral,False,True,True,False,0,1,0,1,0,0,0
2441,2120223924,Eucerin,2022-04-01,5.0,102,22,1,False,positive,False,True,True,False,0,1,1,1,0,0,0
2442,2120223924,Eucerin,2022-03-01,5.0,142,34,1,False,neutral,False,True,True,False,1,1,0,0,0,0,0
2443,2120223924,Eucerin,2021-12-01,5.0,59,11,1,False,positive,False,True,True,False,0,0,1,1,0,0,1
2444,2120223924,Eucerin,2021-11-01,5.0,98,21,1,False,neutral,False,True,True,False,0,0,1,1,0,0,0
2445,2120223924,Eucerin,2021-11-01,5.0,134,30,1,False,neutral,False,True,True,False,0,0,0,1,0,0,1
2446,2120223924,Eucerin,2021-10-01,5.0,56,13,1,False,positive,False,True,False,False,0,0,1,0,0,0,0
2447,2120223924,Eucerin,2021-10-01,5.0,107,27,1,False,neutral,False,True,True,False,0,0,0,1,0,0,1
2448,2120223924,Eucerin,2021-08-01,5.0,35,8,1,False,positive,False,True,False,False,0,0,1,0,0,0,0
2449,2120223924,Eucerin,2021-07-01,5.0,21,4,1,False,,,,,,0,0,0,0,0,0,0
2450,2120223924,Eucerin,2021-06-01,5.0,118,28,1,False,neutral,False,False,False,False,0,1,0,1,0,0,0
2451,2120223924,Eucerin,2021-04-01,5.0,97,23,1,False,neutral,False,True,True,False,0,0,1,0,1,0,1
2452,2120223924,Eucerin,2021-04-01,5.0,104,24,1,False,positive,False,True,False,False,0,0,0,1,0,0,1
2453,2128207469,Eucerin,2023-06-01,1.0,214,53,1,False,negative,True,False,False,False,1,1,0,0,0,0,0
2454,2128207469,Eucerin,2023-08-01,2.0,47,11,1,False,,,,,,0,0,0,0,0,0,0
2455,2128207469,Eucerin,2025-08-01,3.0,26,6,1,False,neutral,False,False,False,False,0,1,0,0,0,0,0
2456,2128207469,Eucerin,2024-05-01,3.0,164,39,1,False,,,,,,0,0,0,0,0,0,0
2457,2128207469,Eucerin,2023-03-01,3.0,16,4,1,False,neutral,False,False,False,False,1,0,0,0,0,0,0
2458,2128207469,Eucerin,2025-08-01,4.0,54,12,1,False,positive,False,True,False,False,0,0,0,0,1,0,0
2459,2128207469,Eucerin,2025-01-01,4.0,33,7,1,False,neutral,False,False,False,False,0,1,0,0,0,0,0
2460,2128207469,Eucerin,2023-08-01,4.0,23,4,1,False,,,,,,0,0,0,0,0,0,0
2461,2128207469,Eucerin,2023-06-01,4.0,119,28,1,False,,,,,,0,0,0,0,0,0,0
2462,2128207469,Eucerin,2023-06-01,4.0,105,25,1,False,neutral,False,False,False,False,1,1,0,0,0,0,0
2463,2128207469,Eucerin,2023-06-01,4.0,92,23,1,False,,,,,,0,0,0,0,0,0,0
2464,2128207469,Eucerin,2023-02-01,4.0,100,21,1,False,neutral,False,False,False,False,0,0,0,0,1,0,0
2465,2128207469,Eucerin,2023-02-01,4.0,10,3,1,False,,,,,,0,0,0,0,0,0,0
2466,2128207469,Eucerin,2023-02-01,4.0,9,2,1,False,,,,,,0,0,0,0,0,0,0
2467,2128207469,Eucerin,2023-02-01,4.0,29,7,1,False,,,,,,0,0,0,0,0,0,0
2468,2128207469,Eucerin,2025-12-01,5.0,240,52,1,False,positive,False,True,True,False,1,1,1,1,1,0,0
2469,2128207469,Eucerin,2025-11-01,5.0,72,15,1,False,neutral,False,True,True,False,1,0,0,0,0,0,1
2470,2128207469,Eucerin,2025-11-01,5.0,129,28,1,False,positive,False,True,True,False,1,0,0,0,1,0,0
2471,2128207469,Eucerin,2025-11-01,5.0,27,6,2,False,,,,,,0,0,0,0,0,0,0
2472,2128207469,Eucerin,2025-11-01,5.0,56,12,1,False,positive,False,True,True,False,1,0,0,0,1,0,0
2473,2128207469,Eucerin,2025-10-01,5.0,112,24,1,False,positive,False,True,False,False,1,0,0,0,1,0,0
2474,2128207469,Eucerin,2025-10-01,5.0,15,3,1,False,,,,,,0,0,0,0,0,0,0
2475,2128207469,Eucerin,2025-10-01,5.0,86,18,1,False,neutral,False,True,True,False,1,0,0,0,0,0,0
2476,2128207469,Eucerin,2025-10-01,5.0,108,23,1,False,positive,False,True,True,False,0,0,1,1,0,0,1
2477,2128207469,Eucerin,2025-10-01,5.0,120,28,1,False,negative,True,False,True,True,1,0,0,0,0,0,0
2478,2128207469,Eucerin,2025-10-01,5.0,34,8,1,False,,,,,,0,0,0,0,0,0,0
2479,2128207469,Eucerin,2025-10-01,5.0,114,26,1,False,neutral,False,False,False,False,1,0,0,0,0,0,0
2480,2128207469,Eucerin,2025-10-01,5.0,133,30,1,False,,,,,,0,0,0,0,0,0,0
2481,2128207469,Eucerin,2025-10-01,5.0,95,20,1,False,positive,False,True,True,False,1,0,0,0,1,0,0
2482,2128207469,Eucerin,2025-10-01,5.0,117,24,1,False,neutral,False,False,False,False,1,0,0,0,0,0,0
2483,2128207469,Eucerin,2025-10-01,5.0,97,21,1,False,,,,,,0,0,0,0,0,0,0
2484,2128207469,Eucerin,2025-10-01,5.0,30,7,2,False,positive,False,True,False,False,1,0,0,0,1,0,0
2485,2128207469,Eucerin,2025-09-01,5.0,15,4,1,False,,,,,,0,0,0,0,0,0,0
2486,2128207469,Eucerin,2025-09-01,5.0,92,15,1,False,positive,False,True,False,False,0,0,1,0,0,0,1
2487,2128207469,Eucerin,2025-09-01,5.0,51,12,1,False,neutral,False,False,False,False,1,0,0,0,0,0,0
2488,2128207469,Eucerin,2025-09-01,5.0,109,23,1,False,positive,False,True,False,False,1,0,0,0,1,0,0
2489,2128207469,Eucerin,2025-08-01,5.0,120,25,2,False,neutral,False,True,True,False,0,1,0,0,0,0,1
2490,2128207469,Eucerin,2025-08-01,5.0,73,17,1,False,neutral,False,True,True,False,1,0,0,0,0,0,0
2491,2128207469,Eucerin,2025-08-01,5.0,44,10,1,False,neutral,False,False,False,False,1,0,0,0,0,0,0
2492,2128207469,Eucerin,2025-08-01,5.0,91,20,1,False,positive,False,True,True,False,1,0,0,0,1,0,0
2493,2128207469,Eucerin,2025-08-01,5.0,92,20,1,False,positive,False,True,False,False,1,0,0,0,0,0,0
2494,2128207469,Eucerin,2025-08-01,5.0,3,1,1,True,,,,,,0,0,0,0,0,0,0
2495,2128207469,Eucerin,2025-08-01,5.0,112,21,2,False,neutral,False,False,False,False,0,0,0,0,0,0,1
2496,2128207469,Eucerin,2025-07-01,5.0,59,11,1,False,positive,False,True,False,False,0,0,0,0,0,0,1
2497,2128207469,Eucerin,2025-06-01,5.0,196,38,1,False,positive,False,True,True,False,1,0,0,0,1,0,0
2498,2128207469,Eucerin,2025-03-01,5.0,141,31,1,False,positive,False,True,True,False,1,0,0,0,1,0,0
2499,2128207469,Eucerin,2025-03-01,5.0,99,23,1,False,,,,,,0,0,0,0,0,0,0
2500,2128207469,Eucerin,2025-03-01,5.0,39,8,1,False,positive,False,True,False,False,0,0,0,0,1,0,0
2501,2128207469,Eucerin,2025-03-01,5.0,147,31,1,False,positive,False,True,False,False,1,0,0,0,0,0,0
2502,2128207469,Eucerin,2025-03-01,5.0,29,7,1,False,positive,False,True,False,False,0,0,0,0,1,0,0
2503,2128207469,Eucerin,2025-03-01,5.0,204,45,1,False,positive,False,True,True,False,1,0,0,0,1,0,0
2504,2128207469,Eucerin,2025-03-01,5.0,94,21,1,False,neutral,False,False,False,False,1,0,0,0,0,0,0
2505,2128207469,Eucerin,2025-03-01,5.0,3,1,1,True,,,,,,0,0,0,0,0,0,0
2506,2128207469,Eucerin,2025-03-01,5.0,72,16,1,False,neutral,False,True,True,False,0,0,1,1,0,0,1
2507,2128207469,Eucerin,2025-03-01,5.0,172,37,1,False,neutral,False,True,True,False,1,0,0,0,1,0,0
2508,2128207469,Eucerin,2025-03-01,5.0,78,17,1,False,positive,False,True,True,False,1,0,0,0,1,0,0
2509,2128207469,Eucerin,2025-02-01,5.0,67,15,1,False,,,,,,0,0,0,0,0,0,0
2510,2128207469,Eucerin,2025-02-01,5.0,40,9,1,False,,,,,,0,0,0,0,0,0,0
2511,2128207469,Eucerin,2025-02-01,5.0,111,23,1,False,positive,False,True,True,False,1,0,0,0,1,0,0
2512,2128207469,Eucerin,2025-02-01,5.0,189,40,1,False,neutral,False,False,False,False,1,0,0,0,0,0,0
2513,2128207469,Eucerin,2025-02-01,5.0,98,21,1,False,neutral,False,False,False,False,1,0,0,0,0,0,0
2514,2128207469,Eucerin,2025-02-01,5.0,101,23,1,False,,,,,,0,0,0,0,0,0,0
2515,2128207469,Eucerin,2025-02-01,5.0,46,11,1,False,neutral,False,True,True,False,1,0,0,0,0,0,0
2516,2128207469,Eucerin,2025-02-01,5.0,117,25,1,False,positive,False,True,False,False,1,0,0,0,1,0,0
2517,2128207469,Eucerin,2025-01-01,5.0,10,2,2,False,positive,False,True,False,False,1,0,0,0,0,0,0
2518,2128207469,Eucerin,2025-01-01,5.0,205,44,1,False,neutral,False,True,True,False,1,0,0,0,0,0,0
2519,2128207469,Eucerin,2025-01-01,5.0,129,28,1,False,neutral,False,True,True,False,1,0,0,1,0,0,0
2520,2128207469,Eucerin,2025-01-01,5.0,119,27,1,False,positive,False,True,True,False,1,0,0,0,1,0,0
2521,2128207469,Eucerin,2025-01-01,5.0,84,19,1,False,neutral,False,True,True,False,1,0,0,0,0,0,0
2522,2128207469,Eucerin,2025-01-01,5.0,104,22,1,False,neutral,False,True,True,False,1,0,0,0,1,0,0
2523,2128207469,Eucerin,2025-01-01,5.0,101,21,1,False,positive,False,True,True,False,1,0,0,0,1,0,0
2524,2128207469,Eucerin,2025-01-01,5.0,74,18,4,False,positive,False,True,False,False,0,0,0,0,0,0,1
2525,2128207469,Eucerin,2025-01-01,5.0,18,4,1,False,neutral,False,False,False,False,0,1,0,0,0,0,0
2526,2128207469,Eucerin,2025-01-01,5.0,32,7,1,False,,,,,,0,0,0,0,0,0,0
2527,2128207469,Eucerin,2025-01-01,5.0,222,51,5,True,neutral,False,True,True,False,0,0,0,1,0,0,1
2528,2128207469,Eucerin,2025-01-01,5.0,44,9,1,False,neutral,False,False,False,False,0,0,0,0,1,0,0
2529,2128207469,Eucerin,2025-01-01,5.0,204,44,1,False,,,,,,0,0,0,0,0,0,0
2530,2128207469,Eucerin,2025-01-01,5.0,11,2,1,False,positive,False,True,False,False,0,1,0,0,0,0,0
2531,2128207469,Eucerin,2025-01-01,5.0,77,17,1,False,neutral,False,False,False,False,1,0,0,0,0,0,0
2532,2128207469,Eucerin,2025-01-01,5.0,61,13,1,False,neutral,False,False,False,False,0,1,0,1,0,0,0
2533,2128207469,Eucerin,2025-01-01,5.0,30,7,2,False,positive,False,True,False,False,1,0,0,0,1,0,0
2534,2128207469,Eucerin,2025-01-01,5.0,137,29,1,False,positive,False,True,True,False,1,0,0,0,1,0,0
2535,2128207469,Eucerin,2025-01-01,5.0,53,13,1,False,positive,False,True,True,False,1,0,0,0,0,0,0
2536,2128207469,Eucerin,2025-01-01,5.0,84,20,1,False,neutral,False,True,True,False,1,0,0,0,0,0,0
2537,2128207469,Eucerin,2025-01-01,5.0,46,12,1,False,,,,,,0,0,0,0,0,0,0
2538,2128207469,Eucerin,2025-01-01,5.0,36,8,1,False,positive,False,True,False,False,1,0,0,0,0,0,0
2539,2128207469,Eucerin,2025-01-01,5.0,69,13,1,False,neutral,False,False,False,False,0,0,1,1,0,0,1
2540,2128207469,Eucerin,2025-01-01,5.0,91,20,1,False,neutral,False,False,False,False,0,1,0,0,1,0,0
2541,2128207469,Eucerin,2025-01-01,5.0,68,16,1,False,positive,False,True,False,False,1,0,0,0,0,0,0
2542,2128207469,Eucerin,2025-01-01,5.0,41,6,1,False,positive,False,True,False,False,1,1,0,0,0,1,0
2543,2128207469,Eucerin,2025-01-01,5.0,58,6,1,False,positive,False,True,False,False,1,1,0,0,0,0,0
2544,2128207469,Eucerin,2025-01-01,5.0,70,15,1,False,neutral,False,False,False,False,0,0,0,0,0,0,1
2545,2128207469,Eucerin,2025-01-01,5.0,78,17,1,False,negative,True,False,False,True,1,0,0,0,0,0,0
2546,2128207469,Eucerin,2024-12-01,5.0,23,6,1,False,,,,,,0,0,0,0,0,0,0
2547,2128207469,Eucerin,2024-12-01,5.0,11,2,1,False,,,,,,0,0,0,0,0,0,0
2548,2128207469,Eucerin,2024-12-01,5.0,131,28,1,False,neutral,False,True,True,False,1,0,0,0,1,0,0
2549,2128207469,Eucerin,2024-12-01,5.0,9,3,1,False,,,,,,0,0,0,0,0,0,0
2550,2128207469,Eucerin,2024-12-01,5.0,44,9,1,False,positive,False,True,False,False,1,1,0,0,0,1,0
2551,2128207469,Eucerin,2024-12-01,5.0,10,2,2,False,positive,False,True,False,False,1,0,0,0,0,0,0
2552,2128207469,Eucerin,2024-12-01,5.0,49,10,1,False,positive,False,True,False,False,0,0,0,0,1,0,0
2553,2128207469,Eucerin,2024-12-01,5.0,154,36,1,False,positive,False,True,False,False,1,0,0,0,0,0,0
2554,2128207469,Eucerin,2024-12-01,5.0,63,14,1,False,,,,,,0,0,0,0,0,0,0
2555,2128207469,Eucerin,2024-12-01,5.0,361,76,1,False,,,,,,0,0,0,0,0,0,0
2556,2128207469,Eucerin,2024-12-01,5.0,78,19,1,False,neutral,False,False,False,False,0,1,0,0,0,0,1
2557,2128207469,Eucerin,2024-12-01,5.0,70,9,1,False,neutral,False,False,False,False,1,0,0,0,0,0,0
2558,2120354581,Eucerin,2021-12-01,1.0,36,8,1,False,,,,,,0,0,0,0,0,0,0
2559,2120354581,Eucerin,2022-11-01,2.0,246,55,1,False,neutral,False,False,False,False,0,1,0,0,0,0,0
2560,2120354581,Eucerin,2022-01-01,3.0,34,8,1,False,neutral,False,False,False,False,0,0,0,0,1,0,0
2561,2120354581,Eucerin,2022-02-01,4.0,16,4,1,False,,,,,,0,0,0,0,0,0,0
2562,2120354581,Eucerin,2025-10-01,5.0,42,8,1,False,,,,,,0,0,0,0,0,0,0
2563,2120354581,Eucerin,2025-05-01,5.0,77,15,1,False,,,,,,0,0,0,0,0,0,0
2564,2120354581,Eucerin,2025-05-01,5.0,104,24,1,False,positive,False,True,False,False,1,0,0,0,0,0,0
2565,2120354581,Eucerin,2025-04-01,5.0,7,2,2,True,,,,,,0,0,0,0,0,0,0
2566,2120354581,Eucerin,2025-04-01,5.0,57,14,2,False,,,,,,0,0,0,0,0,0,0
2567,2120354581,Eucerin,2025-04-01,5.0,112,25,1,False,neutral,False,False,False,False,1,0,0,0,0,0,0
2568,2120354581,Eucerin,2025-03-01,5.0,84,20,1,False,positive,False,True,True,False,1,0,0,0,1,0,0
2569,2120354581,Eucerin,2024-12-01,5.0,98,23,1,False,positive,False,True,False,False,0,0,0,0,1,0,0
2570,2120354581,Eucerin,2024-12-01,5.0,71,16,1,False,neutral,False,False,False,False,1,0,0,0,0,0,0
2571,2120354581,Eucerin,2024-11-01,5.0,258,59,1,False,positive,False,True,True,False,1,1,0,0,0,0,0
2572,2120354581,Eucerin,2024-11-01,5.0,6,2,1,True,,,,,,0,0,0,0,0,0,0
2573,2120354581,Eucerin,2024-11-01,5.0,57,14,2,False,,,,,,0,0,0,0,0,0,0
2574,2120354581,Eucerin,2024-09-01,5.0,166,39,1,False,positive,False,True,False,False,1,0,1,0,0,0,0
2575,2120354581,Eucerin,2024-09-01,5.0,85,20,1,False,positive,False,True,False,False,1,0,0,0,1,0,0
2576,2120354581,Eucerin,2024-09-01,5.0,99,22,1,False,positive,False,True,False,False,1,0,0,0,0,0,0
2577,2120354581,Eucerin,2024-06-01,5.0,107,24,1,False,positive,False,True,True,False,1,0,1,0,0,0,0
2578,2120354581,Eucerin,2024-04-01,5.0,88,20,3,False,positive,False,True,False,False,0,0,1,0,0,0,0
2579,2120354581,Eucerin,2024-03-01,5.0,70,16,1,False,positive,False,True,False,False,1,1,0,0,0,0,0
2580,2120354581,Eucerin,2024-03-01,5.0,65,16,1,False,,,,,,0,0,0,0,0,0,0
2581,2120354581,Eucerin,2024-01-01,5.0,41,10,1,False,positive,False,True,False,False,0,0,1,0,0,0,0
2582,2120354581,Eucerin,2024-01-01,5.0,15,3,3,False,neutral,False,False,False,False,0,0,0,1,0,0,0
2583,2120354581,Eucerin,2023-11-01,5.0,135,29,1,False,positive,False,True,False,False,1,0,1,0,1,0,0
2584,2120354581,Eucerin,2023-10-01,5.0,111,26,1,False,neutral,False,False,False,False,1,0,0,0,1,0,0
2585,2120354581,Eucerin,2023-09-01,5.0,107,26,1,False,neutral,False,False,False,False,0,0,1,0,0,0,1
2586,2120354581,Eucerin,2023-09-01,5.0,90,22,1,False,neutral,False,True,True,False,1,1,1,0,0,0,0
2587,2120354581,Eucerin,2023-09-01,5.0,133,30,1,False,positive,False,True,True,False,0,1,0,0,0,0,1
2588,2120354581,Eucerin,2023-09-01,5.0,79,4,1,False,,,,,,0,0,0,0,0,0,0
2589,2120354581,Eucerin,2023-09-01,5.0,20,5,1,False,neutral,False,False,False,False,0,0,0,0,0,0,1
2590,2120354581,Eucerin,2023-05-01,5.0,281,62,1,False,positive,False,True,True,False,1,0,1,0,1,0,0
2591,2120354581,Eucerin,2023-05-01,5.0,63,12,1,False,positive,False,True,True,False,1,1,1,0,1,0,0
2592,2120354581,Eucerin,2023-03-01,5.0,67,14,1,False,neutral,False,True,True,False,1,0,0,0,1,0,0
2593,2120354581,Eucerin,2022-10-01,5.0,98,21,1,False,,,,,,0,0,0,0,0,0,0
2594,2120354581,Eucerin,2022-09-01,5.0,90,20,1,False,,,,,,0,0,0,0,0,0,0
2595,2120354581,Eucerin,2022-07-01,5.0,102,23,1,False,neutral,False,True,True,False,1,0,0,1,0,0,0
2596,2120354581,Eucerin,2022-04-01,5.0,7,2,4,True,,,,,,0,0,0,0,0,0,0
2597,2120354581,Eucerin,2022-04-01,5.0,118,27,1,False,negative,True,True,True,True,1,1,0,0,1,0,0
2598,2120354581,Eucerin,2022-03-01,5.0,109,27,1,False,positive,False,True,True,False,0,1,1,0,0,0,0
2599,2120354581,Eucerin,2022-03-01,5.0,172,37,1,False,neutral,False,False,False,False,0,0,0,0,0,0,1
2600,2120354581,Eucerin,2022-01-01,5.0,113,24,1,False,positive,False,True,False,False,0,1,0,0,0,0,0
2601,2120354581,Eucerin,2022-01-01,5.0,105,24,1,False,positive,False,True,True,False,0,0,1,1,0,0,0
2602,2120354581,Eucerin,2022-01-01,5.0,143,20,1,False,,,,,,0,0,0,0,0,0,0
2603,2120354581,Eucerin,2021-12-01,5.0,112,24,1,False,positive,False,True,True,False,0,1,1,0,0,0,0
2604,2120354581,Eucerin,2021-11-01,5.0,94,19,1,False,neutral,False,True,True,False,0,1,1,0,0,0,0
2605,2120354581,Eucerin,2021-10-01,5.0,18,3,1,False,,,,,,0,0,0,0,0,0,0
2606,2120330629,Eucerin,2022-10-01,2.0,80,17,1,False,neutral,False,False,False,False,1,0,0,0,0,0,0
2607,2120330629,Eucerin,2021-08-01,2.0,16,4,1,False,,,,,,0,0,0,0,0,0,0
2608,2120330629,Eucerin,2024-02-01,3.0,78,18,1,False,,,,,,0,0,0,0,0,0,0
2609,2120330629,Eucerin,2023-12-01,3.0,128,32,1,False,neutral,True,False,True,False,0,1,0,0,1,0,0
2610,2120330629,Eucerin,2022-12-01,3.0,58,13,1,False,neutral,False,False,False,False,0,1,0,0,0,0,1
2611,2120330629,Eucerin,2022-09-01,3.0,137,27,1,False,,,,,,0,0,0,0,0,0,0
2612,2120330629,Eucerin,2022-07-01,3.0,123,27,1,False,,,,,,0,0,0,0,0,0,0
2613,2120330629,Eucerin,2021-10-01,3.0,85,7,1,False,,,,,,0,0,0,0,0,0,0
2614,2120330629,Eucerin,2025-11-01,4.0,92,20,1,False,,,,,,0,0,0,0,0,0,0
2615,2120330629,Eucerin,2023-08-01,4.0,178,40,1,False,neutral,False,False,False,False,0,0,0,1,1,0,0
2616,2120330629,Eucerin,2022-08-01,4.0,69,18,1,False,,,,,,0,0,0,0,0,0,0
2617,2120330629,Eucerin,2026-04-01,5.0,239,51,1,False,positive,False,True,True,False,1,0,0,0,0,1,0
2618,2120330629,Eucerin,2025-11-01,5.0,65,15,1,False,,,,,,0,0,0,0,0,0,0
2619,2120330629,Eucerin,2025-08-01,5.0,43,10,1,False,neutral,False,False,False,False,1,0,0,0,0,0,0
2620,2120330629,Eucerin,2025-06-01,5.0,66,16,1,False,neutral,False,False,False,False,1,0,0,0,0,0,0
2621,2120330629,Eucerin,2025-06-01,5.0,62,15,1,False,positive,False,True,False,False,1,1,0,0,0,0,0
2622,2120330629,Eucerin,2025-05-01,5.0,109,24,1,False,positive,False,True,False,False,1,1,0,0,0,0,0
2623,2120330629,Eucerin,2024-04-01,5.0,499,110,1,False,neutral,False,False,False,False,0,1,0,0,0,0,0
2624,2120330629,Eucerin,2024-04-01,5.0,86,21,1,False,,,,,,0,0,0,0,0,0,0
2625,2120330629,Eucerin,2024-03-01,5.0,90,20,1,False,positive,False,True,False,False,1,0,0,0,0,0,0
2626,2120330629,Eucerin,2024-03-01,5.0,121,30,1,False,,,,,,0,0,0,0,0,0,0
2627,2120330629,Eucerin,2024-03-01,5.0,322,69,1,False,neutral,False,False,False,False,0,1,0,0,0,0,0
2628,2120330629,Eucerin,2024-03-01,5.0,114,25,1,False,positive,False,True,False,False,1,0,0,0,0,0,0
2629,2120330629,Eucerin,2024-03-01,5.0,76,17,1,False,neutral,False,False,False,False,1,0,0,0,1,0,0
2630,2120330629,Eucerin,2024-03-01,5.0,59,14,1,False,neutral,False,False,False,False,0,1,0,0,0,0,0
2631,2120330629,Eucerin,2024-03-01,5.0,134,32,1,False,positive,False,True,False,False,1,0,0,0,0,0,0
2632,2120330629,Eucerin,2024-02-01,5.0,73,15,1,False,positive,False,True,True,False,0,0,1,1,1,0,0
2633,2120330629,Eucerin,2024-02-01,5.0,89,22,1,False,,,,,,0,0,0,0,0,0,0
2634,2120330629,Eucerin,2024-02-01,5.0,83,19,1,False,,,,,,0,0,0,0,0,0,0
2635,2120330629,Eucerin,2024-02-01,5.0,68,15,2,False,positive,False,True,False,False,1,0,0,0,0,0,0
2636,2120330629,Eucerin,2024-01-01,5.0,85,18,1,False,neutral,False,True,True,False,0,0,1,1,0,0,0
2637,2120330629,Eucerin,2024-01-01,5.0,65,15,1,False,,,,,,0,0,0,0,0,0,0
2638,2120330629,Eucerin,2024-01-01,5.0,61,12,1,False,positive,False,True,False,False,0,0,1,0,0,0,0
2639,2120330629,Eucerin,2024-01-01,5.0,97,20,1,False,positive,False,True,True,False,1,0,1,1,1,0,0
2640,2120330629,Eucerin,2024-01-01,5.0,123,28,1,False,positive,False,True,False,False,1,0,1,0,0,0,0
2641,2120330629,Eucerin,2024-01-01,5.0,62,13,1,False,,,,,,0,0,0,0,0,0,0
2642,2120330629,Eucerin,2023-12-01,5.0,13,3,6,True,positive,False,True,False,False,1,0,0,0,0,0,0
2643,2120330629,Eucerin,2023-12-01,5.0,90,20,1,False,positive,False,True,False,False,1,0,0,0,0,0,0
2644,2120330629,Eucerin,2023-12-01,5.0,26,4,1,False,positive,False,True,False,False,0,0,1,0,1,0,0
2645,2120330629,Eucerin,2023-12-01,5.0,17,3,1,False,positive,False,True,False,False,0,0,1,0,0,0,0
2646,2120330629,Eucerin,2023-12-01,5.0,65,14,1,False,positive,False,True,False,False,1,0,1,0,1,0,0
2647,2120330629,Eucerin,2023-11-01,5.0,130,29,1,False,neutral,False,True,True,False,1,0,0,0,1,0,0
2648,2120330629,Eucerin,2023-11-01,5.0,74,18,1,False,,,,,,0,0,0,0,0,0,0
2649,2120330629,Eucerin,2023-11-01,5.0,32,8,1,False,,,,,,0,0,0,0,0,0,0
2650,2120330629,Eucerin,2023-11-01,5.0,18,4,1,False,,,,,,0,0,0,0,0,0,0
2651,2120330629,Eucerin,2023-10-01,5.0,90,22,1,False,positive,False,True,False,False,1,0,0,0,0,0,0
2652,2120330629,Eucerin,2023-10-01,5.0,93,16,1,False,positive,False,True,False,False,1,0,1,0,1,0,0
2653,2120330629,Eucerin,2023-10-01,5.0,142,30,1,False,negative,True,False,True,True,0,1,1,0,0,0,0
2654,2120330629,Eucerin,2023-08-01,5.0,72,17,1,False,neutral,False,False,False,False,0,0,1,1,0,0,0
2655,2120330629,Eucerin,2023-08-01,5.0,30,6,19,True,positive,False,True,False,False,1,0,1,0,1,0,0
2656,2120330629,Eucerin,2023-07-01,5.0,60,7,1,False,,,,,,0,0,0,0,0,0,0
2657,2120330629,Eucerin,2023-04-01,5.0,18,3,1,False,positive,False,True,False,False,0,0,1,0,0,0,0
2658,2120330629,Eucerin,2023-04-01,5.0,70,18,1,False,,,,,,0,0,0,0,0,0,0
2659,2120330629,Eucerin,2023-03-01,5.0,96,21,1,False,neutral,False,False,False,False,0,0,0,1,0,0,0
2660,2120330629,Eucerin,2023-02-01,5.0,247,53,1,False,positive,False,True,True,False,1,0,1,1,0,0,0
2661,2120330629,Eucerin,2023-01-01,5.0,78,17,1,False,negative,True,False,False,True,1,0,0,0,0,0,0
2662,2120330629,Eucerin,2022-12-01,5.0,94,20,1,False,neutral,False,True,True,False,0,0,1,1,0,0,1
2663,2120330629,Eucerin,2022-12-01,5.0,23,5,1,False,,,,,,0,0,0,0,0,0,0
2664,2120330629,Eucerin,2022-09-01,5.0,102,23,1,False,neutral,False,False,False,False,0,0,1,0,0,0,0
2665,2120330629,Eucerin,2022-09-01,5.0,98,22,1,False,neutral,False,False,False,False,0,1,1,1,0,0,1
2666,2120330629,Eucerin,2022-09-01,5.0,45,10,1,False,,,,,,0,0,0,0,0,0,0
2667,2120330629,Eucerin,2022-08-01,5.0,107,26,1,False,positive,False,True,False,False,0,0,1,0,0,0,0
2668,2120330629,Eucerin,2022-08-01,5.0,91,16,1,False,neutral,False,False,False,False,0,0,1,1,0,0,0
2669,2120330629,Eucerin,2022-08-01,5.0,140,30,2,False,positive,False,True,True,False,0,0,1,0,0,0,1
2670,2120330629,Eucerin,2022-07-01,5.0,153,32,1,False,neutral,False,True,True,False,0,0,1,1,0,0,0
2671,2120330629,Eucerin,2022-07-01,5.0,12,3,1,False,,,,,,0,0,0,0,0,0,0
2672,2120330629,Eucerin,2022-06-01,5.0,16,5,1,False,,,,,,0,0,0,0,0,0,0
2673,2120330629,Eucerin,2022-05-01,5.0,111,25,1,False,positive,False,True,False,False,0,1,1,0,0,0,0
2674,2120330629,Eucerin,2022-04-01,5.0,89,21,1,False,neutral,False,False,False,False,0,0,0,0,1,0,0
2675,2120330629,Eucerin,2022-04-01,5.0,15,4,1,False,,,,,,0,0,0,0,0,0,0
2676,2120330629,Eucerin,2022-03-01,5.0,136,31,1,False,neutral,False,False,False,False,0,0,0,1,0,0,0
2677,2120330629,Eucerin,2022-03-01,5.0,138,29,1,False,positive,False,True,True,False,0,0,1,1,0,0,1
2678,2120330629,Eucerin,2022-03-01,5.0,38,8,1,False,neutral,False,False,False,False,0,0,0,0,0,0,1
2679,2120330629,Eucerin,2022-02-01,5.0,75,19,1,False,negative,True,False,False,True,0,0,1,0,0,0,0
2680,2120330629,Eucerin,2022-02-01,5.0,32,6,1,False,,,,,,0,0,0,0,0,0,0
2681,2120330629,Eucerin,2022-02-01,5.0,35,8,1,False,,,,,,0,0,0,0,0,0,0
2682,2120330629,Eucerin,2021-12-01,5.0,110,23,1,False,positive,False,True,False,False,0,0,0,0,1,0,0
2683,2120330629,Eucerin,2021-09-01,5.0,31,7,1,False,,,,,,0,0,0,0,0,0,0
2684,2120330629,Eucerin,2021-08-01,5.0,116,26,1,False,,,,,,0,0,0,0,0,0,0
2685,2120330629,Eucerin,2021-08-01,5.0,12,3,1,False,,,,,,0,0,0,0,0,0,0
2686,2120330629,Eucerin,2021-06-01,5.0,13,4,1,False,,,,,,0,0,0,0,0,0,0
2687,2120330629,Eucerin,2021-06-01,5.0,98,20,1,False,neutral,False,True,True,False,0,0,1,1,0,0,0
2688,2120330629,Eucerin,2021-06-01,5.0,121,28,1,False,neutral,False,False,False,False,0,1,0,1,0,0,0
2689,2120330629,Eucerin,2021-04-01,5.0,40,9,1,False,neutral,False,False,False,False,0,0,1,1,0,0,0
2690,2120330629,Eucerin,2020-12-01,5.0,34,9,1,False,neutral,False,False,False,False,1,0,0,0,0,0,0
2691,2128213185,Eucerin,2025-11-01,2.0,76,18,1,False,neutral,False,False,False,False,0,0,1,0,0,0,0
2692,2128213185,Eucerin,2024-10-01,3.0,16,4,1,False,neutral,False,False,False,False,0,0,1,0,0,0,0
2693,2128213185,Eucerin,2025-12-01,4.0,36,8,1,False,,,,,,0,0,0,0,0,0,0
2694,2128213185,Eucerin,2025-06-01,4.0,46,10,1,False,neutral,False,False,False,False,1,0,0,0,0,0,0
2695,2128213185,Eucerin,2025-05-01,4.0,133,32,1,False,neutral,False,False,False,False,0,0,1,0,0,0,0
2696,2128213185,Eucerin,2023-09-01,4.0,102,24,2,False,positive,False,True,True,False,0,1,1,1,0,0,0
2697,2128213185,Eucerin,2023-08-01,4.0,29,6,1,False,,,,,,0,0,0,0,0,0,0
2698,2128213185,Eucerin,2026-01-01,5.0,136,30,1,False,positive,False,True,False,False,1,0,0,0,0,0,0
2699,2128213185,Eucerin,2026-01-01,5.0,112,27,2,False,positive,False,True,False,False,0,0,0,0,0,0,1
2700,2128213185,Eucerin,2026-01-01,5.0,17,4,1,False,neutral,False,False,False,False,1,0,0,0,0,0,0
2701,2128213185,Eucerin,2025-12-01,5.0,159,36,1,False,neutral,False,True,True,False,1,0,0,0,0,0,0
2702,2128213185,Eucerin,2025-12-01,5.0,177,38,2,False,positive,False,True,True,False,1,1,1,1,1,0,0
2703,2128213185,Eucerin,2025-12-01,5.0,116,26,1,False,positive,False,True,False,False,1,0,0,0,1,0,0
2704,2128213185,Eucerin,2025-12-01,5.0,66,15,1,False,,,,,,0,0,0,0,0,0,0
2705,2128213185,Eucerin,2025-12-01,5.0,89,21,1,False,positive,False,True,True,False,1,0,0,0,1,0,0
2706,2128213185,Eucerin,2025-12-01,5.0,16,4,1,False,,,,,,0,0,0,0,0,0,0
2707,2128213185,Eucerin,2025-12-01,5.0,68,15,1,False,,,,,,0,0,0,0,0,0,0
2708,2128213185,Eucerin,2025-12-01,5.0,108,25,1,False,neutral,False,True,True,False,1,0,0,0,1,0,0
2709,2128213185,Eucerin,2025-12-01,5.0,52,13,1,False,neutral,False,False,False,False,1,0,0,0,0,0,0
2710,2128213185,Eucerin,2025-11-01,5.0,124,28,1,False,positive,False,True,False,False,0,0,1,0,1,0,0
2711,2128213185,Eucerin,2025-11-01,5.0,91,21,1,False,positive,False,True,False,False,1,0,0,0,0,0,0
2712,2128213185,Eucerin,2025-11-01,5.0,26,5,1,False,positive,False,True,False,False,0,0,1,0,0,0,0
2713,2128213185,Eucerin,2025-11-01,5.0,119,26,1,False,neutral,False,False,False,False,0,0,0,0,0,0,1
2714,2128213185,Eucerin,2025-11-01,5.0,171,38,1,False,neutral,False,False,False,False,1,1,0,0,0,0,1
2715,2128213185,Eucerin,2025-11-01,5.0,66,15,1,False,positive,False,True,False,False,1,0,0,0,1,0,0
2716,2128213185,Eucerin,2025-11-01,5.0,204,46,1,False,positive,False,True,False,False,1,0,0,0,1,0,0
2717,2128213185,Eucerin,2025-11-01,5.0,34,7,1,False,,,,,,0,0,0,0,0,0,0
2718,2128213185,Eucerin,2025-11-01,5.0,58,14,1,False,positive,False,True,False,False,1,0,0,0,0,0,0
2719,2128213185,Eucerin,2025-11-01,5.0,87,18,1,False,,,,,,0,0,0,0,0,0,0
2720,2128213185,Eucerin,2025-11-01,5.0,131,30,1,False,positive,False,True,True,False,1,0,0,0,1,0,0
2721,2128213185,Eucerin,2025-11-01,5.0,50,11,1,False,,,,,,0,0,0,0,0,0,0
2722,2128213185,Eucerin,2025-10-01,5.0,68,16,1,False,positive,False,True,False,False,1,0,0,0,0,0,0
2723,2128213185,Eucerin,2025-10-01,5.0,44,10,1,False,,,,,,0,0,0,0,0,0,0
2724,2128213185,Eucerin,2025-10-01,5.0,23,6,1,False,,,,,,0,0,0,0,0,0,0
2725,2128213185,Eucerin,2025-09-01,5.0,100,25,1,False,negative,True,True,True,True,1,0,1,0,0,0,0
2726,2128213185,Eucerin,2025-09-01,5.0,56,13,1,False,positive,False,True,False,False,1,0,0,0,0,0,0
2727,2128213185,Eucerin,2025-08-01,5.0,45,11,1,False,positive,False,True,False,False,1,0,0,0,0,0,0
2728,2128213185,Eucerin,2025-08-01,5.0,16,4,1,False,positive,False,True,False,False,1,0,0,0,0,0,0
2729,2128213185,Eucerin,2025-08-01,5.0,18,3,1,False,,,,,,0,0,0,0,0,0,0
2730,2128213185,Eucerin,2025-07-01,5.0,100,23,2,False,positive,False,True,False,False,0,0,1,1,0,0,0
2731,2128213185,Eucerin,2025-07-01,5.0,67,16,1,False,positive,False,True,False,False,1,0,0,0,1,0,0
2732,2128213185,Eucerin,2025-07-01,5.0,48,11,1,False,neutral,False,True,True,False,1,0,0,0,1,0,0
2733,2128213185,Eucerin,2025-06-01,5.0,84,19,1,False,neutral,False,True,True,False,0,1,0,0,0,0,1
2734,2128213185,Eucerin,2025-06-01,5.0,90,22,1,False,positive,False,True,True,False,1,0,0,0,0,0,0
2735,2128213185,Eucerin,2025-06-01,5.0,3,1,23,True,,,,,,0,0,0,0,0,0,0
2736,2128213185,Eucerin,2025-06-01,5.0,12,3,1,False,,,,,,0,0,0,0,0,0,0
2737,2128213185,Eucerin,2025-06-01,5.0,35,8,1,False,neutral,False,False,False,False,1,0,0,0,0,0,0
2738,2128213185,Eucerin,2025-06-01,5.0,21,5,1,False,neutral,False,False,False,False,0,0,0,0,0,0,1
2739,2128213185,Eucerin,2025-06-01,5.0,183,41,1,False,neutral,False,True,True,False,1,1,0,0,1,0,0
2740,2128213185,Eucerin,2025-06-01,5.0,173,37,1,False,positive,False,True,True,False,1,0,0,0,1,0,0
2741,2128213185,Eucerin,2025-06-01,5.0,172,38,1,False,positive,False,True,True,False,1,1,0,1,0,1,1
2742,2128213185,Eucerin,2025-06-01,5.0,131,28,1,False,,,,,,0,0,0,0,0,0,0
2743,2128213185,Eucerin,2025-06-01,5.0,88,21,1,False,positive,False,True,False,False,0,0,0,0,1,0,0
2744,2128213185,Eucerin,2025-06-01,5.0,162,35,1,False,,,,,,0,0,0,0,0,0,0
2745,2128213185,Eucerin,2025-06-01,5.0,67,14,1,False,neutral,False,False,False,False,0,0,1,1,0,0,1
2746,2128213185,Eucerin,2025-05-01,5.0,90,22,1,False,positive,False,True,True,False,1,0,0,0,0,0,0
2747,2128213185,Eucerin,2025-05-01,5.0,98,21,1,False,positive,False,True,True,False,1,0,0,0,1,0,0
2748,2128213185,Eucerin,2025-05-01,5.0,87,19,1,False,positive,False,True,True,False,0,0,1,1,0,0,0
2749,2128213185,Eucerin,2025-05-01,5.0,39,9,1,False,positive,False,True,False,False,0,0,1,1,0,0,0
2750,2128213185,Eucerin,2025-05-01,5.0,188,43,1,False,positive,False,True,True,False,1,0,0,0,1,0,0
2751,2128213185,Eucerin,2025-05-01,5.0,13,2,1,False,neutral,False,False,False,False,0,0,0,0,0,1,0
2752,2128213185,Eucerin,2025-05-01,5.0,70,17,1,False,positive,False,True,True,False,1,0,0,0,1,0,0
2753,2128213185,Eucerin,2025-05-01,5.0,18,4,1,False,positive,False,True,False,False,1,0,0,0,0,0,0
2754,2128213185,Eucerin,2025-05-01,5.0,173,42,1,False,neutral,False,True,True,False,1,1,1,0,0,0,0
2755,2128213185,Eucerin,2025-05-01,5.0,84,18,1,False,positive,False,True,False,False,0,0,0,0,1,0,0
2756,2128213185,Eucerin,2025-05-01,5.0,25,6,1,False,positive,False,True,False,False,1,1,0,0,0,0,0
2757,2128213185,Eucerin,2025-05-01,5.0,79,16,1,False,positive,False,True,True,False,1,1,0,0,0,1,0
2758,2128213185,Eucerin,2025-05-01,5.0,7,2,1,True,,,,,,0,0,0,0,0,0,0
2759,2128213185,Eucerin,2025-05-01,5.0,111,26,1,False,positive,False,True,True,False,1,0,0,0,1,0,0
2760,2128213185,Eucerin,2025-05-01,5.0,283,63,1,False,neutral,False,True,True,False,1,0,0,0,1,0,0
2761,2128213185,Eucerin,2025-05-01,5.0,121,27,1,False,negative,True,False,False,True,1,0,0,0,1,0,0
2762,2128213185,Eucerin,2025-05-01,5.0,113,25,1,False,neutral,False,True,True,False,1,0,0,0,0,0,0
2763,2128213185,Eucerin,2024-12-01,5.0,21,5,1,False,,,,,,0,0,0,0,0,0,0
2764,2128213185,Eucerin,2024-12-01,5.0,47,10,1,False,positive,False,True,False,False,1,1,0,0,0,1,0
2765,2128213185,Eucerin,2024-12-01,5.0,11,3,1,False,,,,,,0,0,0,0,0,0,0
2766,2128213185,Eucerin,2024-12-01,5.0,332,73,1,False,positive,False,True,True,False,1,0,0,0,1,1,0
2767,2128213185,Eucerin,2024-12-01,5.0,75,16,1,False,positive,False,True,False,False,0,0,0,0,1,0,0
2768,2128213185,Eucerin,2024-11-01,5.0,36,8,1,False,,,,,,0,0,0,0,0,0,0
2769,2128213185,Eucerin,2024-11-01,5.0,8,2,1,False,neutral,False,False,False,False,0,1,0,0,0,0,0
2770,2128213185,Eucerin,2024-11-01,5.0,86,20,1,False,neutral,False,False,False,False,0,0,0,0,1,0,0
2771,2128213185,Eucerin,2024-11-01,5.0,21,3,1,False,neutral,False,False,False,False,0,0,0,0,0,1,0
2772,2128213185,Eucerin,2024-11-01,5.0,308,69,1,False,neutral,False,True,True,False,1,0,0,0,1,0,0
2773,2128213185,Eucerin,2024-11-01,5.0,99,23,1,False,positive,False,True,True,False,1,0,0,0,1,0,0
2774,2128213185,Eucerin,2024-11-01,5.0,59,13,1,False,positive,False,True,False,False,1,0,0,0,1,0,0
2775,2128213185,Eucerin,2024-11-01,5.0,95,22,1,False,positive,False,True,True,False,1,0,0,0,1,0,0
2776,2128213185,Eucerin,2024-11-01,5.0,54,10,1,False,positive,False,True,True,False,0,0,1,1,0,0,0
2777,2128213185,Eucerin,2024-11-01,5.0,25,5,1,False,positive,False,True,False,False,0,0,1,0,0,0,0
2778,2128213185,Eucerin,2024-11-01,5.0,65,15,1,False,positive,False,True,True,False,1,0,0,0,1,0,0
2779,2128213185,Eucerin,2024-11-01,5.0,3,1,1,True,,,,,,0,0,0,0,0,0,0
2780,2128213185,Eucerin,2024-11-01,5.0,76,18,1,False,positive,False,True,False,False,1,1,0,0,0,0,0
2781,2128213185,Eucerin,2024-11-01,5.0,3,1,23,True,,,,,,0,0,0,0,0,0,0
2782,2120291725,Eucerin,2021-10-01,1.0,16,4,1,False,,,,,,0,0,0,0,0,0,0
2783,2120291725,Eucerin,2024-10-01,2.0,109,26,1,False,negative,True,False,False,False,0,0,1,0,0,0,0
2784,2120291725,Eucerin,2023-05-01,2.0,18,5,1,False,neutral,False,False,False,False,0,0,0,0,0,0,1
2785,2120291725,Eucerin,2023-06-01,3.0,80,19,1,False,neutral,False,False,False,False,0,1,0,0,0,0,0
2786,2120291725,Eucerin,2023-11-01,4.0,17,4,1,False,neutral,False,False,False,False,1,0,0,0,0,0,0
2787,2120291725,Eucerin,2022-10-01,4.0,50,11,1,False,negative,True,False,True,True,1,1,0,0,0,0,0
2788,2120291725,Eucerin,2026-04-01,5.0,160,36,1,False,positive,False,True,False,False,1,0,0,0,0,0,0
2789,2120291725,Eucerin,2026-04-01,5.0,106,25,1,False,,,,,,0,0,0,0,0,0,0
2790,2120291725,Eucerin,2026-04-01,5.0,69,15,1,False,neutral,False,False,False,False,1,0,0,0,0,1,0
2791,2120291725,Eucerin,2026-03-01,5.0,91,21,1,False,positive,False,True,False,False,0,0,0,0,1,0,0
2792,2120291725,Eucerin,2026-03-01,5.0,140,31,1,False,neutral,False,False,False,False,1,0,0,0,0,1,0
2793,2120291725,Eucerin,2025-11-01,5.0,35,8,1,False,positive,False,True,False,False,1,0,1,0,0,0,0
2794,2120291725,Eucerin,2025-09-01,5.0,101,26,1,False,,,,,,0,0,0,0,0,0,0
2795,2120291725,Eucerin,2025-09-01,5.0,71,17,1,False,positive,False,True,False,False,1,0,0,0,0,0,0
2796,2120291725,Eucerin,2025-09-01,5.0,96,21,1,False,,,,,,0,0,0,0,0,0,0
2797,2120291725,Eucerin,2025-08-01,5.0,66,12,1,False,positive,False,True,False,False,1,1,0,0,0,0,0
2798,2120291725,Eucerin,2025-06-01,5.0,69,15,1,False,neutral,False,False,False,False,0,0,1,1,0,0,1
2799,2120291725,Eucerin,2025-05-01,5.0,18,4,1,False,positive,False,True,False,False,0,0,0,1,0,0,0
2800,2120291725,Eucerin,2025-05-01,5.0,40,9,1,False,positive,False,True,False,False,1,1,0,0,0,1,0
2801,2120291725,Eucerin,2025-04-01,5.0,74,16,1,False,neutral,False,False,False,False,0,0,1,1,0,0,1
2802,2120291725,Eucerin,2025-04-01,5.0,55,13,1,False,,,,,,0,0,0,0,0,0,0
2803,2120291725,Eucerin,2025-04-01,5.0,151,34,1,False,positive,False,True,True,False,1,0,0,0,1,0,0
2804,2120291725,Eucerin,2025-03-01,5.0,13,3,6,True,positive,False,True,False,False,1,0,0,0,0,0,0
2805,2120291725,Eucerin,2025-03-01,5.0,132,29,1,False,neutral,False,False,False,False,0,0,0,1,0,0,0
2806,2120291725,Eucerin,2025-03-01,5.0,129,29,1,False,positive,False,True,False,False,1,0,0,0,0,0,0
2807,2120291725,Eucerin,2025-03-01,5.0,141,32,1,False,neutral,False,True,True,False,1,0,0,0,0,0,0
2808,2120291725,Eucerin,2025-03-01,5.0,100,22,1,False,neutral,False,False,False,False,0,0,0,0,1,0,0
2809,2120291725,Eucerin,2025-03-01,5.0,99,23,1,False,neutral,False,False,False,False,1,0,0,0,0,0,0
2810,2120291725,Eucerin,2025-03-01,5.0,104,24,1,False,,,,,,0,0,0,0,0,0,0
2811,2120291725,Eucerin,2025-02-01,5.0,154,37,1,False,positive,True,True,True,True,1,1,0,0,1,0,0
2812,2120291725,Eucerin,2025-02-01,5.0,89,21,1,False,positive,False,True,False,False,1,0,0,0,0,0,0
2813,2120291725,Eucerin,2025-02-01,5.0,76,18,1,False,neutral,False,False,False,False,0,0,0,0,1,0,0
2814,2120291725,Eucerin,2025-02-01,5.0,89,19,1,False,positive,False,True,False,False,0,0,0,0,1,0,0
2815,2120291725,Eucerin,2025-02-01,5.0,78,19,1,False,,,,,,0,0,0,0,0,0,0
2816,2120291725,Eucerin,2025-01-01,5.0,126,26,1,False,neutral,False,True,True,False,1,0,0,0,0,1,0
2817,2120291725,Eucerin,2025-01-01,5.0,91,23,1,False,positive,False,True,False,False,1,0,0,0,0,0,0
2818,2120291725,Eucerin,2025-01-01,5.0,95,22,1,False,neutral,False,False,False,False,1,0,0,0,0,1,0
2819,2120291725,Eucerin,2025-01-01,5.0,29,6,1,False,neutral,False,False,False,False,1,0,0,0,0,1,0
2820,2120291725,Eucerin,2025-01-01,5.0,314,69,1,False,neutral,False,True,True,False,1,0,0,0,1,1,0
2821,2120291725,Eucerin,2025-01-01,5.0,126,30,1,False,positive,False,True,False,False,1,0,0,0,0,0,0
2822,2120291725,Eucerin,2025-01-01,5.0,110,25,1,False,neutral,False,True,True,False,1,0,0,0,0,1,0
2823,2120291725,Eucerin,2025-01-01,5.0,107,24,1,False,neutral,False,False,False,False,1,0,0,0,0,1,0
2824,2120291725,Eucerin,2024-12-01,5.0,59,14,1,False,neutral,False,False,False,False,1,0,0,0,0,1,0
2825,2120291725,Eucerin,2024-12-01,5.0,23,6,3,False,,,,,,0,0,0,0,0,0,0
2826,2120291725,Eucerin,2024-12-01,5.0,114,27,1,False,,,,,,0,0,0,0,0,0,0
2827,2120291725,Eucerin,2024-12-01,5.0,96,21,1,False,neutral,False,True,True,False,1,0,0,0,1,0,0
2828,2120291725,Eucerin,2024-12-01,5.0,118,25,1,False,neutral,False,False,False,False,1,0,0,0,0,1,0
2829,2120291725,Eucerin,2024-12-01,5.0,90,19,1,False,neutral,False,False,False,False,1,0,0,0,0,1,0
2830,2120291725,Eucerin,2024-12-01,5.0,80,19,1,False,positive,False,True,False,False,1,0,0,0,0,0,0
2831,2120291725,Eucerin,2024-11-01,5.0,3,1,23,True,,,,,,0,0,0,0,0,0,0
2832,2120291725,Eucerin,2024-11-01,5.0,75,17,1,False,positive,False,True,False,False,0,0,1,0,0,0,0
2833,2120291725,Eucerin,2024-11-01,5.0,39,9,2,False,neutral,False,False,False,False,1,0,0,0,0,0,0
2834,2120291725,Eucerin,2024-11-01,5.0,502,108,1,False,neutral,False,True,True,False,1,0,0,0,0,1,0
2835,2120291725,Eucerin,2024-11-01,5.0,27,6,2,False,,,,,,0,0,0,0,0,0,0
2836,2120291725,Eucerin,2024-11-01,5.0,98,21,1,False,neutral,False,False,False,False,1,0,1,1,0,0,1
2837,2120291725,Eucerin,2024-11-01,5.0,39,9,1,False,positive,False,True,False,False,1,0,0,0,0,0,0
2838,2120291725,Eucerin,2024-11-01,5.0,123,30,1,False,positive,False,True,True,False,1,0,0,0,1,0,0
2839,2120291725,Eucerin,2024-10-01,5.0,155,34,1,False,positive,False,True,False,False,1,0,0,0,0,0,0
2840,2120291725,Eucerin,2024-10-01,5.0,153,33,1,False,positive,False,True,True,False,1,1,0,0,0,0,0
2841,2120291725,Eucerin,2024-10-01,5.0,303,65,1,False,positive,False,True,False,False,1,0,0,0,0,0,0
2842,2120291725,Eucerin,2024-10-01,5.0,71,17,1,False,positive,False,True,False,False,1,0,0,0,0,0,0
2843,2120291725,Eucerin,2024-10-01,5.0,29,8,1,False,,,,,,0,0,0,0,0,0,0
2844,2120291725,Eucerin,2024-10-01,5.0,84,18,1,False,neutral,False,False,False,False,0,0,1,1,0,0,0
2845,2120291725,Eucerin,2024-10-01,5.0,94,21,1,False,,,,,,0,0,0,0,0,0,0
2846,2120291725,Eucerin,2024-09-01,5.0,15,4,1,False,,,,,,0,0,0,0,0,0,0
2847,2120291725,Eucerin,2024-09-01,5.0,139,32,1,False,positive,False,True,True,False,1,0,0,0,0,1,0
2848,2120291725,Eucerin,2024-09-01,5.0,500,117,1,False,,,,,,0,0,0,0,0,0,0
2849,2120291725,Eucerin,2024-09-01,5.0,62,13,1,False,positive,False,True,False,False,1,1,0,0,0,0,0
2850,2120291725,Eucerin,2024-09-01,5.0,39,9,2,False,neutral,False,False,False,False,1,0,0,0,0,0,0
2851,2120291725,Eucerin,2024-08-01,5.0,85,20,1,False,,,,,,0,0,0,0,0,0,0
2852,2120291725,Eucerin,2024-08-01,5.0,177,43,1,False,positive,False,True,False,False,1,0,0,0,0,0,0
2853,2120291725,Eucerin,2024-08-01,5.0,72,16,1,False,neutral,False,False,False,False,1,0,0,0,1,1,0
2854,2120291725,Eucerin,2024-08-01,5.0,87,20,1,False,,,,,,0,0,0,0,0,0,0
2855,2120291725,Eucerin,2024-08-01,5.0,99,23,1,False,positive,False,True,False,False,1,0,0,0,0,0,0
2856,2120291725,Eucerin,2024-08-01,5.0,71,15,1,False,neutral,False,True,True,False,1,0,0,0,0,1,0
2857,2120291725,Eucerin,2024-08-01,5.0,41,9,1,False,positive,False,True,False,False,1,0,0,0,0,0,0
2858,2120291725,Eucerin,2024-07-01,5.0,91,20,1,False,neutral,False,False,False,False,1,0,0,0,0,0,0
2859,2120291725,Eucerin,2024-07-01,5.0,179,44,1,False,neutral,False,False,False,False,1,0,0,0,0,0,0
2860,2120291725,Eucerin,2024-07-01,5.0,23,6,3,False,,,,,,0,0,0,0,0,0,0
2861,2120291725,Eucerin,2024-07-01,5.0,4,1,6,True,,,,,,0,0,0,0,0,0,0
2862,2120291725,Eucerin,2024-07-01,5.0,43,9,1,False,,,,,,0,0,0,0,0,0,0
2863,2120291725,Eucerin,2024-07-01,5.0,36,8,1,False,positive,False,True,False,False,0,0,0,0,1,0,0
2864,2120291725,Eucerin,2024-06-01,5.0,23,6,3,False,,,,,,0,0,0,0,0,0,0
2865,2120291725,Eucerin,2024-06-01,5.0,64,15,1,False,,,,,,0,0,0,0,0,0,0
2866,2120291725,Eucerin,2024-06-01,5.0,118,30,1,False,negative,True,True,True,True,1,0,0,0,0,0,0
2867,2120291725,Eucerin,2024-06-01,5.0,87,19,1,False,negative,True,True,True,True,1,1,0,1,1,0,0
2868,2120291725,Eucerin,2024-06-01,5.0,144,32,1,False,neutral,False,False,False,False,1,0,0,0,1,0,0
2869,2120291725,Eucerin,2024-06-01,5.0,104,24,1,False,positive,False,True,True,False,0,0,0,0,1,0,0
2870,2120291725,Eucerin,2024-06-01,5.0,171,39,1,False,positive,False,True,False,False,0,0,1,0,0,0,0
2871,2120291725,Eucerin,2024-05-01,5.0,127,30,1,False,neutral,False,False,False,False,1,0,0,0,0,1,0
2872,2120291725,Eucerin,2024-05-01,5.0,46,11,1,False,,,,,,0,0,0,0,0,0,0
2873,2120291725,Eucerin,2024-05-01,5.0,117,30,2,False,positive,False,True,False,False,1,0,0,0,0,0,0
2874,2120291725,Eucerin,2024-05-01,5.0,103,24,1,False,positive,False,True,False,False,1,0,0,0,0,0,0
2875,2120291725,Eucerin,2024-04-01,5.0,84,19,1,False,positive,False,True,False,False,0,0,1,0,0,0,1
2876,2120291725,Eucerin,2024-04-01,5.0,66,16,1,False,neutral,False,False,False,False,1,0,0,0,0,0,0
2877,2120399069,Eucerin,2021-06-01,1.0,66,14,1,False,neutral,False,False,False,False,0,1,0,0,0,0,0
2878,2120399069,Eucerin,2024-05-01,4.0,81,20,1,False,,,,,,0,0,0,0,0,0,0
2879,2120399069,Eucerin,2025-11-01,5.0,82,19,1,False,neutral,False,False,False,False,1,0,0,0,0,1,0
2880,2120399069,Eucerin,2025-07-01,5.0,115,25,1,False,positive,False,True,True,False,1,0,0,0,1,0,0
2881,2120399069,Eucerin,2025-06-01,5.0,119,28,1,False,negative,True,False,False,True,1,0,0,0,0,0,0
2882,2120399069,Eucerin,2025-05-01,5.0,452,107,1,False,positive,True,True,True,True,1,1,0,0,1,1,0
2883,2120399069,Eucerin,2025-04-01,5.0,137,32,1,False,neutral,False,False,False,False,1,1,0,1,0,0,1
2884,2120399069,Eucerin,2025-04-01,5.0,162,37,1,False,negative,True,True,True,True,1,0,0,0,0,0,0
2885,2120399069,Eucerin,2025-03-01,5.0,104,25,1,False,positive,False,True,False,False,0,1,0,0,0,0,0
2886,2120399069,Eucerin,2025-03-01,5.0,220,51,1,False,positive,False,True,True,False,1,0,0,0,1,0,0
2887,2120399069,Eucerin,2025-03-01,5.0,43,9,1,False,positive,False,True,False,False,1,0,0,0,0,0,0
2888,2120399069,Eucerin,2025-02-01,5.0,123,29,1,False,positive,False,True,False,False,1,0,0,0,0,1,0
2889,2120399069,Eucerin,2025-02-01,5.0,67,16,1,False,neutral,False,False,False,False,1,0,0,0,0,0,0
2890,2120399069,Eucerin,2025-02-01,5.0,86,20,1,False,negative,True,False,False,True,1,0,0,0,0,0,0
2891,2120399069,Eucerin,2025-02-01,5.0,77,18,1,False,,,,,,0,0,0,0,0,0,0
2892,2120399069,Eucerin,2025-01-01,5.0,41,10,1,False,neutral,False,False,False,False,1,0,0,0,0,0,0
2893,2120399069,Eucerin,2025-01-01,5.0,171,40,1,False,neutral,False,False,False,False,1,1,0,0,0,1,0
2894,2120399069,Eucerin,2025-01-01,5.0,27,6,1,False,,,,,,0,0,0,0,0,0,0
2895,2120399069,Eucerin,2024-12-01,5.0,122,28,1,False,,,,,,0,0,0,0,0,0,0
2896,2120399069,Eucerin,2024-12-01,5.0,74,17,1,False,neutral,False,False,False,False,0,1,0,0,0,0,0
2897,2120399069,Eucerin,2024-12-01,5.0,172,42,1,False,neutral,False,False,False,False,1,0,0,0,0,1,0
2898,2120399069,Eucerin,2024-12-01,5.0,151,35,1,False,neutral,False,True,True,False,1,0,0,0,0,0,0
2899,2120399069,Eucerin,2024-12-01,5.0,170,38,1,False,positive,False,True,True,False,1,0,0,0,0,1,0
2900,2120399069,Eucerin,2024-12-01,5.0,172,38,1,False,positive,False,True,True,False,1,0,0,0,1,1,0
2901,2120399069,Eucerin,2024-11-01,5.0,197,46,1,False,neutral,True,True,True,True,1,0,0,0,1,0,0
2902,2120399069,Eucerin,2024-11-01,5.0,33,8,2,False,,,,,,0,0,0,0,0,0,0
2903,2120399069,Eucerin,2024-11-01,5.0,86,18,1,False,neutral,False,True,True,False,1,1,0,0,0,1,0
2904,2120399069,Eucerin,2024-10-01,5.0,84,18,1,False,positive,False,True,False,False,0,0,0,0,1,0,0
2905,2120399069,Eucerin,2024-09-01,5.0,181,44,1,False,neutral,False,True,True,False,1,0,0,0,0,1,0
2906,2120399069,Eucerin,2024-09-01,5.0,123,29,1,False,positive,False,True,True,False,1,0,0,0,0,0,0
2907,2120399069,Eucerin,2024-09-01,5.0,80,19,1,False,positive,False,True,False,False,1,0,0,0,0,0,0
2908,2120399069,Eucerin,2024-09-01,5.0,295,69,1,False,neutral,False,True,True,False,1,0,0,0,0,1,0
2909,2120399069,Eucerin,2024-09-01,5.0,16,4,1,False,,,,,,0,0,0,0,0,0,0
2910,2120399069,Eucerin,2024-08-01,5.0,148,35,1,False,neutral,False,True,True,False,1,0,0,0,1,0,0
2911,2120399069,Eucerin,2024-08-01,5.0,257,57,1,False,positive,False,True,True,False,1,0,1,0,1,1,0
2912,2120399069,Eucerin,2024-08-01,5.0,61,16,1,False,positive,False,True,False,False,1,0,1,0,0,0,0
2913,2120399069,Eucerin,2024-07-01,5.0,87,21,1,False,positive,True,True,True,True,1,0,0,0,0,0,0
2914,2120399069,Eucerin,2024-06-01,5.0,78,19,1,False,,,,,,0,0,0,0,0,0,0
2915,2120399069,Eucerin,2024-06-01,5.0,254,58,1,False,positive,True,True,True,True,1,0,0,0,1,1,0
2916,2120399069,Eucerin,2024-06-01,5.0,94,22,1,False,positive,False,True,False,False,1,0,0,0,0,0,0
2917,2120399069,Eucerin,2024-06-01,5.0,232,55,1,False,positive,True,True,True,True,1,0,0,0,0,1,0
2918,2120399069,Eucerin,2024-06-01,5.0,47,8,1,False,,,,,,0,0,0,0,0,0,0
2919,2120399069,Eucerin,2024-05-01,5.0,33,8,2,False,,,,,,0,0,0,0,0,0,0
2920,2120399069,Eucerin,2024-05-01,5.0,104,23,1,False,positive,False,True,False,False,0,0,0,0,1,0,0
2921,2120399069,Eucerin,2024-05-01,5.0,201,46,1,False,positive,True,True,True,True,1,0,0,0,1,1,0
2922,2120399069,Eucerin,2024-05-01,5.0,84,20,2,False,,,,,,0,0,0,0,0,0,0
2923,2120399069,Eucerin,2024-04-01,5.0,100,24,1,False,positive,False,True,False,False,1,0,1,0,0,0,0
2924,2120399069,Eucerin,2024-04-01,5.0,218,50,1,False,negative,True,True,True,True,1,0,0,0,0,1,0
2925,2120399069,Eucerin,2024-04-01,5.0,72,17,1,False,neutral,False,False,False,False,0,0,1,0,0,0,0
2926,2120399069,Eucerin,2024-04-01,5.0,123,29,1,False,negative,True,False,False,True,1,0,0,0,0,0,0
2927,2120399069,Eucerin,2024-04-01,5.0,17,4,1,False,,,,,,0,0,0,0,0,0,0
2928,2120399069,Eucerin,2024-04-01,5.0,108,26,1,False,negative,True,False,True,True,1,0,0,0,0,0,0
2929,2120399069,Eucerin,2024-04-01,5.0,65,16,1,False,negative,True,False,False,True,1,0,0,0,0,0,0
2930,2120399069,Eucerin,2024-04-01,5.0,77,18,1,False,,,,,,0,0,0,0,0,0,0
2931,2120399069,Eucerin,2024-03-01,5.0,92,22,1,False,neutral,False,False,False,False,1,0,0,1,0,0,0
2932,2120399069,Eucerin,2024-03-01,5.0,62,12,1,False,neutral,False,False,False,False,0,0,1,1,0,0,1
2933,2120399069,Eucerin,2024-03-01,5.0,38,9,1,False,neutral,False,False,False,False,1,0,0,0,0,0,0
2934,2120399069,Eucerin,2024-03-01,5.0,115,27,1,False,positive,False,True,False,False,1,0,1,0,1,0,0
2935,2120399069,Eucerin,2024-03-01,5.0,67,14,1,False,positive,False,True,True,False,0,0,1,1,0,0,0
2936,2120399069,Eucerin,2024-03-01,5.0,14,3,4,False,positive,False,True,False,False,0,0,1,0,0,0,0
2937,2120399069,Eucerin,2024-03-01,5.0,93,24,1,False,,,,,,0,0,0,0,0,0,0
2938,2120399069,Eucerin,2024-02-01,5.0,142,31,1,False,positive,False,True,True,False,1,0,0,0,1,0,0
2939,2120399069,Eucerin,2024-02-01,5.0,225,52,1,False,neutral,True,False,True,True,1,0,1,1,0,0,1
2940,2120399069,Eucerin,2024-02-01,5.0,150,36,1,False,neutral,False,True,True,False,1,0,0,0,0,0,0
2941,2120399069,Eucerin,2024-02-01,5.0,141,32,1,False,positive,False,True,True,False,1,0,0,0,0,1,0
2942,2120399069,Eucerin,2024-02-01,5.0,65,14,1,False,positive,False,True,False,False,0,0,1,0,0,0,1
2943,2120399069,Eucerin,2024-02-01,5.0,171,42,1,False,neutral,True,True,True,True,1,0,0,0,0,0,0
2944,2120399069,Eucerin,2024-01-01,5.0,104,26,1,False,neutral,False,False,False,False,1,0,0,0,0,0,0
2945,2120399069,Eucerin,2024-01-01,5.0,107,24,1,False,,,,,,0,0,0,0,0,0,0
2946,2120399069,Eucerin,2024-01-01,5.0,66,16,1,False,,,,,,0,0,0,0,0,0,0
2947,2120399069,Eucerin,2023-12-01,5.0,80,19,1,False,,,,,,0,0,0,0,0,0,0
2948,2120399069,Eucerin,2023-12-01,5.0,84,19,1,False,positive,False,True,True,False,1,0,0,0,0,1,0
2949,2120399069,Eucerin,2023-11-01,5.0,261,63,1,False,neutral,False,True,True,False,1,0,0,0,1,0,0
2950,2120399069,Eucerin,2023-11-01,5.0,24,6,1,False,neutral,False,False,False,False,0,0,0,0,0,1,0
2951,2120399069,Eucerin,2023-11-01,5.0,171,39,1,False,neutral,False,True,True,False,1,1,1,1,0,0,1
2952,2120399069,Eucerin,2023-10-01,5.0,424,99,1,False,neutral,True,False,True,True,1,1,0,0,0,0,0
2953,2120399069,Eucerin,2023-10-01,5.0,103,22,1,False,neutral,False,True,True,False,0,1,1,1,0,0,1
2954,2120399069,Eucerin,2023-10-01,5.0,78,17,1,False,positive,False,True,True,False,0,0,1,0,1,0,0
2955,2120399069,Eucerin,2023-09-01,5.0,95,20,1,False,positive,False,True,False,False,0,0,1,1,0,0,0
2956,2120399069,Eucerin,2023-08-01,5.0,108,22,1,False,positive,False,True,False,False,0,1,0,0,0,0,0
2957,2120399069,Eucerin,2023-08-01,5.0,63,14,1,False,positive,False,True,False,False,0,1,1,0,0,0,0
2958,2120399069,Eucerin,2023-08-01,5.0,92,24,1,False,,,,,,0,0,0,0,0,0,0
2959,2120399069,Eucerin,2023-07-01,5.0,100,23,1,False,neutral,False,False,False,False,1,0,0,0,0,0,0
2960,2120399069,Eucerin,2023-05-01,5.0,61,12,1,False,positive,False,True,False,False,1,0,0,0,0,0,0
2961,2120399069,Eucerin,2023-05-01,5.0,65,16,1,False,,,,,,0,0,0,0,0,0,0
2962,2120399069,Eucerin,2023-05-01,5.0,138,31,1,False,negative,True,False,False,True,0,0,0,0,1,0,0
2963,2120399069,Eucerin,2023-04-01,5.0,142,32,1,False,positive,False,True,True,False,1,0,1,0,0,0,0
2964,2120399069,Eucerin,2023-04-01,5.0,108,26,1,False,negative,True,False,False,True,1,0,0,0,0,0,0
2965,2120399069,Eucerin,2023-03-01,5.0,111,27,1,False,positive,False,True,False,False,0,0,1,0,1,0,0
2966,2120399069,Eucerin,2023-02-01,5.0,61,12,1,False,,,,,,0,0,0,0,0,0,0
2967,2120399069,Eucerin,2022-12-01,5.0,239,52,1,False,negative,True,False,False,True,0,0,1,0,0,0,1
2968,2120399069,Eucerin,2022-12-01,5.0,21,5,1,False,,,,,,0,0,0,0,0,0,0
2969,2120399069,Eucerin,2022-11-01,5.0,128,28,1,False,positive,False,True,False,False,0,0,1,1,0,0,1
2970,2120399069,Eucerin,2022-10-01,5.0,113,30,1,False,,,,,,0,0,0,0,0,0,0
2971,2120399069,Eucerin,2022-10-01,5.0,99,22,1,False,neutral,False,False,False,False,0,0,1,1,0,0,0
2972,2120399069,Eucerin,2022-07-01,5.0,128,29,2,False,positive,False,True,True,False,0,0,1,0,0,0,1
2973,2120399069,Eucerin,2022-05-01,5.0,78,18,1,False,negative,True,True,True,True,1,1,0,0,0,0,0
2974,2120399069,Eucerin,2022-02-01,5.0,81,18,1,False,neutral,False,True,True,False,0,0,1,1,0,0,1
2975,2181099682,Eucerin,2024-12-01,4.0,17,5,1,False,,,,,,0,0,0,0,0,0,0
2976,2181099682,Eucerin,2026-04-01,5.0,82,19,1,False,neutral,False,False,False,False,1,0,0,0,0,0,0
2977,2181099682,Eucerin,2026-03-01,5.0,135,33,1,False,negative,True,True,True,True,1,0,0,0,0,0,0
2978,2181099682,Eucerin,2025-11-01,5.0,95,21,1,False,positive,False,True,False,False,1,0,0,0,1,1,0
2979,2181099682,Eucerin,2025-10-01,5.0,93,21,1,False,neutral,False,True,True,False,1,0,0,0,1,0,0
2980,2181099682,Eucerin,2025-10-01,5.0,86,20,1,False,positive,False,True,False,False,1,0,0,0,0,0,0
2981,2181099682,Eucerin,2025-10-01,5.0,87,29,1,False,,,,,,0,0,0,0,0,0,0
2982,2181099682,Eucerin,2025-10-01,5.0,68,15,1,False,neutral,False,True,True,False,0,1,1,1,0,0,0
2983,2181099682,Eucerin,2025-10-01,5.0,14,4,1,False,,,,,,0,0,0,0,0,0,0
2984,2181099682,Eucerin,2025-09-01,5.0,54,13,1,False,neutral,False,False,False,False,0,0,1,0,0,0,0
2985,2181099682,Eucerin,2025-08-01,5.0,112,25,1,False,positive,False,True,False,False,1,1,0,0,1,0,0
2986,2181099682,Eucerin,2025-08-01,5.0,94,22,1,False,positive,False,True,False,False,1,0,0,0,0,0,0
2987,2181099682,Eucerin,2025-08-01,5.0,91,22,1,False,neutral,False,False,False,False,0,0,0,0,1,0,0
2988,2181099682,Eucerin,2025-07-01,5.0,61,14,1,False,neutral,False,False,False,False,0,0,1,0,0,0,0
2989,2181099682,Eucerin,2025-07-01,5.0,91,21,1,False,positive,False,True,False,False,1,1,0,0,1,0,0
2990,2181099682,Eucerin,2025-07-01,5.0,61,12,2,False,positive,False,True,False,False,0,0,0,0,0,0,1
2991,2181099682,Eucerin,2025-07-01,5.0,92,22,1,False,positive,False,True,True,False,1,0,0,0,1,0,0
2992,2181099682,Eucerin,2025-07-01,5.0,98,21,1,False,positive,False,True,False,False,1,0,1,0,0,0,0
2993,2181099682,Eucerin,2025-06-01,5.0,138,34,1,False,positive,True,True,True,True,1,0,0,0,0,0,0
2994,2181099682,Eucerin,2025-06-01,5.0,93,21,1,False,positive,False,True,False,False,1,0,0,0,0,0,0
2995,2181099682,Eucerin,2025-05-01,5.0,65,15,1,False,neutral,False,False,False,False,1,0,0,0,0,0,0
2996,2181099682,Eucerin,2025-05-01,5.0,87,20,1,False,,,,,,0,0,0,0,0,0,0
2997,2181099682,Eucerin,2025-05-01,5.0,134,31,1,False,neutral,False,True,True,False,0,1,1,1,0,0,1
2998,2181099682,Eucerin,2025-05-01,5.0,136,32,1,False,neutral,False,True,True,False,1,1,1,0,0,0,0
2999,2181099682,Eucerin,2025-05-01,5.0,101,23,1,False,positive,True,True,True,True,1,0,0,0,1,0,0
3000,2181099682,Eucerin,2025-05-01,5.0,64,14,1,False,neutral,False,False,False,False,1,0,1,1,0,0,0
3001,2181099682,Eucerin,2025-03-01,5.0,120,27,1,False,neutral,False,True,True,False,1,0,0,0,1,0,0
3002,2181099682,Eucerin,2025-03-01,5.0,67,15,1,False,neutral,False,True,True,False,0,1,1,1,0,0,0
3003,2181099682,Eucerin,2025-03-01,5.0,138,36,1,False,positive,False,True,False,False,1,0,0,0,0,0,0
3004,2181099682,Eucerin,2025-03-01,5.0,45,9,2,False,positive,False,True,False,False,0,0,0,0,1,0,0
3005,2181099682,Eucerin,2025-03-01,5.0,83,22,1,False,,,,,,0,0,0,0,0,0,0
3006,2181099682,Eucerin,2025-03-01,5.0,72,16,1,False,positive,True,True,True,True,1,0,0,0,1,0,0
3007,2181099682,Eucerin,2025-02-01,5.0,45,9,2,False,positive,False,True,False,False,0,0,0,0,1,0,0
3008,2181099682,Eucerin,2025-02-01,5.0,126,28,1,False,positive,True,True,True,True,1,0,0,0,1,0,0
3009,2181099682,Eucerin,2025-02-01,5.0,51,12,1,False,positive,False,True,True,False,1,0,0,0,0,0,0
3010,2181099682,Eucerin,2025-02-01,5.0,155,36,1,False,positive,False,True,False,False,0,0,0,0,1,0,0
3011,2181099682,Eucerin,2025-02-01,5.0,109,24,1,False,neutral,False,True,True,False,0,1,1,1,0,0,0
3012,2181099682,Eucerin,2025-02-01,5.0,221,54,1,False,neutral,False,True,True,False,1,0,0,0,0,0,0
3013,2181099682,Eucerin,2025-01-01,5.0,69,17,1,False,neutral,False,True,True,False,1,0,0,0,1,0,0
3014,2181099682,Eucerin,2025-01-01,5.0,89,20,1,False,positive,False,True,False,False,1,0,0,0,0,0,0
3015,2181099682,Eucerin,2025-01-01,5.0,78,17,1,False,neutral,False,False,False,False,0,0,0,0,1,0,0
3016,2181099682,Eucerin,2025-01-01,5.0,132,29,1,False,positive,False,True,True,False,1,0,0,0,1,0,0
3017,2181099682,Eucerin,2025-01-01,5.0,107,23,1,False,positive,False,True,True,False,1,0,0,0,1,1,0
3018,2181099682,Eucerin,2025-01-01,5.0,138,31,1,False,negative,True,True,True,True,1,0,0,0,1,0,0
3019,2181099682,Eucerin,2025-01-01,5.0,400,93,1,False,negative,True,True,True,True,1,0,0,0,1,0,0
3020,2181099682,Eucerin,2024-12-01,5.0,83,21,1,False,neutral,False,False,False,False,1,0,0,0,0,0,0
3021,2181099682,Eucerin,2024-12-01,5.0,65,15,1,False,neutral,False,False,False,False,0,0,1,1,0,0,0
3022,2181099682,Eucerin,2024-12-01,5.0,69,16,1,False,,,,,,0,0,0,0,0,0,0
3023,2181099682,Eucerin,2024-12-01,5.0,53,12,1,False,,,,,,0,0,0,0,0,0,0
3024,2181099682,Eucerin,2024-12-01,5.0,86,20,1,False,positive,False,True,False,False,1,0,0,0,1,0,0
3025,2181099682,Eucerin,2024-12-01,5.0,138,33,1,False,positive,False,True,True,False,1,0,0,0,0,0,0
3026,2181099682,Eucerin,2024-12-01,5.0,75,18,1,False,negative,True,True,True,True,1,0,0,0,0,0,0
3027,2181099682,Eucerin,2024-11-01,5.0,67,15,1,False,negative,True,False,False,True,0,0,0,0,1,0,0
3028,2181099682,Eucerin,2024-11-01,5.0,116,28,1,False,positive,False,True,False,False,0,0,0,0,1,0,0
3029,2181099682,Eucerin,2024-11-01,5.0,58,12,1,False,positive,False,True,False,False,1,0,0,0,1,0,0
3030,2181099682,Eucerin,2024-11-01,5.0,87,21,1,False,negative,True,True,True,True,1,0,0,0,1,0,0
3031,2181099682,Eucerin,2024-11-01,5.0,40,9,1,False,negative,True,False,False,True,1,0,0,0,0,0,0
3032,2181099682,Eucerin,2024-10-01,5.0,14,3,1,False,positive,False,True,False,False,0,0,0,0,1,0,0
3033,2181099682,Eucerin,2024-10-01,5.0,87,21,1,False,positive,False,True,False,False,1,0,0,0,0,0,0
3034,2181099682,Eucerin,2024-10-01,5.0,64,14,1,False,neutral,False,False,False,False,0,0,1,1,0,0,0
3035,2181099682,Eucerin,2024-10-01,5.0,229,53,1,False,neutral,False,False,False,False,1,0,0,0,1,0,0
3036,2181099682,Eucerin,2024-10-01,5.0,113,28,1,False,neutral,False,True,True,False,1,0,0,0,0,0,0
3037,2181099682,Eucerin,2024-09-01,5.0,6,2,1,True,,,,,,0,0,0,0,0,0,0
3038,2181099682,Eucerin,2024-09-01,5.0,129,30,1,False,positive,False,True,False,False,1,0,0,0,1,0,0
3039,2181099682,Eucerin,2024-09-01,5.0,97,22,1,False,positive,False,True,False,False,0,0,0,0,1,0,0
3040,2181099682,Eucerin,2024-09-01,5.0,149,31,1,False,,,,,,0,0,0,0,0,0,0
3041,2181099682,Eucerin,2024-09-01,5.0,23,5,1,False,positive,False,True,False,False,1,0,0,0,0,0,0
3042,2181099682,Eucerin,2024-09-01,5.0,66,16,1,False,,,,,,0,0,0,0,0,0,0
3043,2181099682,Eucerin,2024-09-01,5.0,73,17,1,False,positive,False,True,False,False,1,0,0,0,0,0,0
3044,2181099682,Eucerin,2024-09-01,5.0,105,26,1,False,negative,True,False,True,True,1,0,0,0,0,0,0
3045,2181099682,Eucerin,2024-09-01,5.0,103,24,1,False,neutral,False,True,True,False,0,1,1,0,0,0,1
3046,2181099682,Eucerin,2024-09-01,5.0,78,19,2,False,positive,False,True,False,False,0,0,0,0,1,0,0
3047,2181099682,Eucerin,2024-08-01,5.0,75,17,1,False,positive,False,True,False,False,1,0,0,0,0,0,0
3048,2181099682,Eucerin,2024-08-01,5.0,82,19,1,False,positive,False,True,False,False,1,0,0,0,1,0,0
3049,2181099682,Eucerin,2024-08-01,5.0,94,22,1,False,,,,,,0,0,0,0,0,0,0
3050,2181099682,Eucerin,2024-08-01,5.0,76,17,1,False,positive,False,True,False,False,1,0,0,0,1,0,0
3051,2181099682,Eucerin,2024-07-01,5.0,90,20,1,False,,,,,,0,0,0,0,0,0,0
3052,2181099682,Eucerin,2024-07-01,5.0,147,32,1,False,positive,False,True,False,False,1,1,1,1,1,0,1
3053,2181099682,Eucerin,2024-07-01,5.0,87,20,1,False,positive,False,True,False,False,0,0,0,0,1,0,0
3054,2181099682,Eucerin,2024-07-01,5.0,104,23,1,False,positive,True,True,True,True,1,0,0,0,1,0,0
3055,2181099682,Eucerin,2024-06-01,5.0,102,22,1,False,positive,False,True,False,False,1,0,0,0,0,0,0
3056,2181099682,Eucerin,2024-06-01,5.0,85,20,1,False,negative,True,False,True,True,1,0,0,0,0,0,0
3057,2181099682,Eucerin,2024-06-01,5.0,16,4,1,False,,,,,,0,0,0,0,0,0,0
3058,2181099682,Eucerin,2024-06-01,5.0,97,24,1,False,positive,False,True,True,False,1,0,0,0,0,0,0
3059,2181099682,Eucerin,2024-06-01,5.0,83,20,1,False,positive,False,True,False,False,0,0,0,0,1,0,0
3060,2181099682,Eucerin,2024-06-01,5.0,63,14,1,False,,,,,,0,0,0,0,0,0,0
3061,2181099682,Eucerin,2024-06-01,5.0,29,6,1,False,positive,False,True,False,False,1,0,0,0,0,0,0
3062,2181099682,Eucerin,2024-06-01,5.0,77,18,1,False,positive,False,True,True,False,1,0,0,0,1,0,0
3063,2181099682,Eucerin,2024-06-01,5.0,106,25,1,False,positive,False,True,True,False,1,0,0,0,1,0,0
3064,2120284745,Eucerin,2024-11-01,1.0,118,26,1,False,neutral,False,False,False,False,0,0,0,0,0,0,1
3065,2120284745,Eucerin,2023-10-01,1.0,55,11,1,False,,,,,,0,0,0,0,0,0,0
3066,2120284745,Eucerin,2022-09-01,1.0,220,55,1,False,,,,,,0,0,0,0,0,0,0
3067,2120284745,Eucerin,2022-02-01,1.0,121,32,1,False,,,,,,0,0,0,0,0,0,0
3068,2120284745,Eucerin,2021-10-01,1.0,27,6,1,False,,,,,,0,0,0,0,0,0,0
3069,2120284745,Eucerin,2025-11-01,3.0,53,13,1,False,neutral,False,False,False,False,0,0,0,0,1,0,0
3070,2120284745,Eucerin,2024-12-01,4.0,54,13,1,False,positive,False,True,False,False,0,1,0,0,0,0,0
3071,2120284745,Eucerin,2024-11-01,4.0,239,54,6,True,neutral,False,True,True,False,0,1,0,1,0,0,1
3072,2120284745,Eucerin,2024-05-01,4.0,95,19,1,False,neutral,True,False,True,True,0,1,0,0,0,0,0
3073,2120284745,Eucerin,2022-10-01,4.0,101,24,1,False,positive,False,True,False,False,1,0,0,0,1,0,0
3074,2120284745,Eucerin,2022-10-01,4.0,246,56,1,False,positive,False,True,True,False,1,0,1,1,1,0,1
3075,2120284745,Eucerin,2022-04-01,4.0,152,35,1,False,positive,False,True,True,False,1,0,0,0,1,0,0
3076,2120284745,Eucerin,2022-03-01,4.0,126,26,1,False,neutral,False,False,False,False,0,0,0,1,1,0,0
3077,2120284745,Eucerin,2022-02-01,4.0,69,16,1,False,,,,,,0,0,0,0,0,0,0
3078,2120284745,Eucerin,2026-04-01,5.0,112,25,1,False,positive,False,True,False,False,0,0,1,1,0,0,1
3079,2120284745,Eucerin,2025-11-01,5.0,46,10,1,False,neutral,False,False,False,False,1,0,0,0,0,0,0
3080,2120284745,Eucerin,2025-07-01,5.0,129,30,1,False,positive,False,True,False,False,1,0,0,0,0,0,0
3081,2120284745,Eucerin,2025-06-01,5.0,101,22,1,False,neutral,False,True,True,False,0,0,0,0,1,0,0
3082,2120284745,Eucerin,2025-05-01,5.0,37,9,1,False,,,,,,0,0,0,0,0,0,0
3083,2120284745,Eucerin,2025-05-01,5.0,144,32,1,False,positive,False,True,False,False,1,0,0,0,0,0,0
3084,2120284745,Eucerin,2025-05-01,5.0,70,15,10,True,positive,False,True,True,False,0,0,1,0,0,0,0
3085,2120284745,Eucerin,2025-04-01,5.0,83,20,1,False,positive,False,True,False,False,1,0,0,0,0,0,0
3086,2120284745,Eucerin,2025-04-01,5.0,105,24,1,False,neutral,False,False,False,False,1,0,0,0,0,0,0
3087,2120284745,Eucerin,2025-04-01,5.0,239,54,6,True,neutral,False,True,True,False,0,1,0,1,0,0,1
3088,2120284745,Eucerin,2025-04-01,5.0,70,15,10,True,positive,False,True,True,False,0,0,1,0,0,0,0
3089,2120284745,Eucerin,2025-03-01,5.0,96,22,1,False,positive,True,True,True,True,1,0,0,0,1,0,0
3090,2120284745,Eucerin,2025-03-01,5.0,210,49,1,False,positive,False,True,True,False,1,0,0,0,0,0,0
3091,2120284745,Eucerin,2025-03-01,5.0,70,15,10,True,positive,False,True,True,False,0,0,1,0,0,0,0
3092,2120284745,Eucerin,2025-03-01,5.0,70,16,1,False,,,,,,0,0,0,0,0,0,0
3093,2120284745,Eucerin,2025-03-01,5.0,383,96,1,False,,,,,,0,0,0,0,0,0,0
3094,2120284745,Eucerin,2025-03-01,5.0,67,16,1,False,,,,,,0,0,0,0,0,0,0
3095,2120284745,Eucerin,2025-02-01,5.0,239,54,6,True,neutral,False,True,True,False,0,1,0,1,0,0,1
3096,2120284745,Eucerin,2025-02-01,5.0,121,28,1,False,,,,,,0,0,0,0,0,0,0
3097,2120284745,Eucerin,2025-01-01,5.0,122,28,1,False,positive,False,True,True,False,1,0,0,0,0,0,0
3098,2120284745,Eucerin,2025-01-01,5.0,239,54,6,True,neutral,False,True,True,False,0,1,0,1,0,0,1
3099,2120284745,Eucerin,2024-12-01,5.0,80,19,1,False,neutral,False,False,False,False,1,0,0,0,0,0,0
3100,2120284745,Eucerin,2024-12-01,5.0,23,5,1,False,,,,,,0,0,0,0,0,0,0
3101,2120284745,Eucerin,2024-12-01,5.0,74,18,1,False,neutral,False,False,False,False,1,0,0,0,0,0,0
3102,2120284745,Eucerin,2024-11-01,5.0,73,17,1,False,positive,True,True,True,True,1,0,0,0,1,0,0
3103,2120284745,Eucerin,2024-11-01,5.0,123,27,1,False,positive,False,True,True,False,1,0,0,0,0,0,0
3104,2120284745,Eucerin,2024-11-01,5.0,125,29,1,False,,,,,,0,0,0,0,0,0,0
3105,2120284745,Eucerin,2024-11-01,5.0,45,11,1,False,,,,,,0,0,0,0,0,0,0
3106,2120284745,Eucerin,2024-10-01,5.0,233,53,1,False,neutral,False,True,True,False,0,1,0,1,0,0,1
3107,2120284745,Eucerin,2024-09-01,5.0,71,16,1,False,,,,,,0,0,0,0,0,0,0
3108,2120284745,Eucerin,2024-09-01,5.0,83,19,1,False,positive,False,True,False,False,1,0,0,0,0,0,0
3109,2120284745,Eucerin,2024-09-01,5.0,80,18,1,False,neutral,False,False,False,False,1,0,0,0,0,0,0
3110,2120284745,Eucerin,2024-08-01,5.0,54,13,1,False,positive,False,True,True,False,0,1,0,0,1,0,0
3111,2120284745,Eucerin,2024-08-01,5.0,90,19,1,False,positive,False,True,True,False,0,1,1,0,0,0,0
3112,2120284745,Eucerin,2024-08-01,5.0,121,27,1,False,,,,,,0,0,0,0,0,0,0
3113,2120284745,Eucerin,2024-08-01,5.0,152,36,1,False,neutral,False,False,False,False,1,0,0,0,0,0,0
3114,2120284745,Eucerin,2024-06-01,5.0,33,8,1,False,,,,,,0,0,0,0,0,0,0
3115,2120284745,Eucerin,2024-06-01,5.0,174,30,1,False,positive,False,True,True,False,1,0,0,0,1,0,0
3116,2120284745,Eucerin,2024-06-01,5.0,23,6,3,False,,,,,,0,0,0,0,0,0,0
3117,2120284745,Eucerin,2024-06-01,5.0,10,3,1,False,,,,,,0,0,0,0,0,0,0
3118,2120284745,Eucerin,2024-05-01,5.0,117,27,1,False,positive,True,True,True,True,0,1,1,0,1,0,0
3119,2120284745,Eucerin,2024-04-01,5.0,88,20,3,False,positive,False,True,False,False,0,0,1,0,0,0,0
3120,2120284745,Eucerin,2024-04-01,5.0,70,15,1,False,positive,False,True,False,False,1,1,0,0,0,0,0
3121,2120284745,Eucerin,2024-04-01,5.0,99,23,3,False,,,,,,0,0,0,0,0,0,0
3122,2120284745,Eucerin,2024-03-01,5.0,41,9,1,False,positive,False,True,False,False,1,0,0,0,0,0,0
3123,2120284745,Eucerin,2024-03-01,5.0,100,22,1,False,positive,False,True,False,False,1,0,0,0,0,0,0
3124,2120284745,Eucerin,2024-03-01,5.0,73,18,1,False,neutral,False,False,False,False,0,0,1,0,0,0,1
3125,2120284745,Eucerin,2024-03-01,5.0,66,14,1,False,negative,True,False,False,True,1,0,0,0,0,0,0
3126,2120284745,Eucerin,2024-03-01,5.0,93,21,1,False,neutral,False,True,True,False,1,0,0,0,1,0,0
3127,2120284745,Eucerin,2024-03-01,5.0,78,19,1,False,,,,,,0,0,0,0,0,0,0
3128,2120284745,Eucerin,2024-03-01,5.0,134,31,1,False,positive,False,True,True,False,1,0,1,0,1,0,0
3129,2120284745,Eucerin,2024-03-01,5.0,75,17,1,False,positive,False,True,False,False,1,0,1,0,0,0,1
3130,2120284745,Eucerin,2024-03-01,5.0,43,9,1,False,positive,True,True,True,True,1,0,1,0,0,0,0
3131,2120284745,Eucerin,2024-03-01,5.0,116,11,1,False,,,,,,0,0,0,0,0,0,0
3132,2120284745,Eucerin,2024-03-01,5.0,78,19,1,False,,,,,,0,0,0,0,0,0,0
3133,2120284745,Eucerin,2024-03-01,5.0,89,21,1,False,neutral,False,False,False,False,0,1,0,0,0,0,0
3134,2120284745,Eucerin,2024-03-01,5.0,57,14,1,False,neutral,False,False,False,False,1,0,0,0,0,0,0
3135,2120284745,Eucerin,2024-03-01,5.0,151,34,1,False,,,,,,0,0,0,0,0,0,0
3136,2120284745,Eucerin,2024-03-01,5.0,59,14,1,False,positive,False,True,False,False,0,1,0,0,0,0,0
3137,2120284745,Eucerin,2024-03-01,5.0,72,18,1,False,,,,,,0,0,0,0,0,0,0
3138,2120284745,Eucerin,2024-02-01,5.0,91,22,1,False,positive,False,True,False,False,1,0,0,0,0,0,0
3139,2120284745,Eucerin,2024-02-01,5.0,72,16,1,False,positive,False,True,False,False,0,0,0,0,1,0,0
3140,2120284745,Eucerin,2024-02-01,5.0,122,29,1,False,neutral,False,False,False,False,0,0,1,0,1,0,0
3141,2120284745,Eucerin,2024-02-01,5.0,93,20,1,False,neutral,False,False,False,False,0,0,0,1,0,0,0
3142,2120284745,Eucerin,2024-02-01,5.0,133,32,1,False,negative,True,True,True,True,1,1,1,0,0,0,0
3143,2120284745,Eucerin,2024-02-01,5.0,86,17,1,False,neutral,False,False,False,False,0,0,0,0,0,0,1
3144,2120284745,Eucerin,2024-02-01,5.0,67,16,1,False,,,,,,0,0,0,0,0,0,0
3145,2120284745,Eucerin,2024-02-01,5.0,39,8,1,False,positive,False,True,False,False,0,0,0,0,1,0,0
3146,2120284745,Eucerin,2024-01-01,5.0,105,23,1,False,neutral,False,False,False,False,0,0,0,1,0,0,0
3147,2120284745,Eucerin,2024-01-01,5.0,66,15,1,False,,,,,,0,0,0,0,0,0,0
3148,2120284745,Eucerin,2024-01-01,5.0,35,9,1,False,positive,False,True,False,False,1,0,0,0,0,0,0
3149,2120284745,Eucerin,2024-01-01,5.0,93,21,3,False,positive,False,True,False,False,1,0,0,0,0,0,0
3150,2120284745,Eucerin,2024-01-01,5.0,71,17,1,False,positive,False,True,False,False,0,0,0,0,1,0,0
3151,2120284745,Eucerin,2023-12-01,5.0,124,30,1,False,,,,,,0,0,0,0,0,0,0
3152,2120284745,Eucerin,2023-12-01,5.0,109,24,1,False,neutral,False,False,False,False,1,0,0,0,0,0,0
3153,2120284745,Eucerin,2023-12-01,5.0,38,8,1,False,positive,False,True,False,False,1,0,0,0,0,0,0
3154,2120284745,Eucerin,2023-11-01,5.0,99,22,1,False,,,,,,0,0,0,0,0,0,0
3155,2120284745,Eucerin,2023-11-01,5.0,22,5,1,False,,,,,,0,0,0,0,0,0,0
3156,2120284745,Eucerin,2023-11-01,5.0,71,18,1,False,,,,,,0,0,0,0,0,0,0
3157,2120284745,Eucerin,2023-11-01,5.0,24,6,1,False,,,,,,0,0,0,0,0,0,0
3158,2120284745,Eucerin,2023-11-01,5.0,136,31,1,False,positive,False,True,False,False,1,0,0,0,1,0,0
3159,2120284745,Eucerin,2023-11-01,5.0,15,3,2,False,positive,False,True,False,False,0,0,1,0,0,0,0
3160,2120284745,Eucerin,2023-11-01,5.0,78,19,1,False,,,,,,0,0,0,0,0,0,0
3161,2120284745,Eucerin,2023-10-01,5.0,83,18,1,False,positive,False,True,False,False,0,0,1,0,0,0,0
3162,2120284745,Eucerin,2023-10-01,5.0,109,25,1,False,positive,False,True,False,False,1,0,0,0,0,0,0
3163,2120284745,Eucerin,2023-10-01,5.0,83,19,1,False,positive,False,True,True,False,1,1,0,0,0,0,0
3164,2120284745,Eucerin,2023-10-01,5.0,192,44,1,False,positive,False,True,True,False,0,1,0,0,1,0,0
3165,2120284745,Eucerin,2023-10-01,5.0,135,31,1,False,,,,,,0,0,0,0,0,0,0
3166,2120284745,Eucerin,2023-10-01,5.0,69,15,1,False,neutral,False,True,True,False,0,0,1,1,0,0,0
3167,2120284745,Eucerin,2023-09-01,5.0,30,6,19,True,positive,False,True,False,False,1,0,1,0,1,0,0
3168,2120284745,Eucerin,2023-09-01,5.0,67,14,1,False,neutral,False,False,False,False,0,0,0,1,0,0,1
3169,2120284745,Eucerin,2023-09-01,5.0,88,18,1,False,neutral,True,True,True,True,0,0,1,1,0,0,0
3170,2120284745,Eucerin,2023-09-01,5.0,51,13,1,False,neutral,False,False,False,False,0,0,0,0,1,0,0
3171,2120284745,Eucerin,2023-09-01,5.0,140,30,1,False,neutral,False,True,True,False,1,0,1,0,1,0,0
3172,2120213915,Eucerin,2022-05-01,2.0,44,10,1,False,,,,,,0,0,0,0,0,0,0
3173,2120213915,Eucerin,2023-04-01,3.0,77,17,1,False,neutral,False,False,False,False,0,1,0,0,0,0,0
3174,2120213915,Eucerin,2024-05-01,4.0,99,22,1,False,positive,False,True,True,False,0,1,1,0,0,0,0
3175,2120213915,Eucerin,2025-11-01,5.0,3,1,23,True,,,,,,0,0,0,0,0,0,0
3176,2120213915,Eucerin,2025-07-01,5.0,73,16,1,False,,,,,,0,0,0,0,0,0,0
3177,2120213915,Eucerin,2025-07-01,5.0,85,20,1,False,neutral,False,False,False,False,0,0,1,1,0,0,0
3178,2120213915,Eucerin,2025-07-01,5.0,77,18,1,False,positive,False,True,False,False,1,0,0,0,0,0,0
3179,2120213915,Eucerin,2025-06-01,5.0,75,16,1,False,positive,False,True,False,False,1,0,0,0,1,0,0
3180,2120213915,Eucerin,2025-05-01,5.0,69,15,1,False,positive,False,True,False,False,0,0,0,0,1,0,0
3181,2120213915,Eucerin,2025-05-01,5.0,76,18,1,False,,,,,,0,0,0,0,0,0,0
3182,2120213915,Eucerin,2025-03-01,5.0,87,20,1,False,positive,False,True,False,False,1,0,0,0,0,0,0
3183,2120213915,Eucerin,2025-01-01,5.0,49,12,1,False,positive,False,True,False,False,1,0,0,0,0,0,0
3184,2120213915,Eucerin,2025-01-01,5.0,75,17,1,False,positive,False,True,False,False,0,0,0,0,1,0,0
3185,2120213915,Eucerin,2024-12-01,5.0,74,17,1,False,,,,,,0,0,0,0,0,0,0
3186,2120213915,Eucerin,2024-10-01,5.0,78,19,1,False,positive,False,True,False,False,1,0,0,0,0,0,0
3187,2120213915,Eucerin,2024-10-01,5.0,149,33,1,False,positive,False,True,True,False,1,0,0,0,0,0,0
3188,2120213915,Eucerin,2024-10-01,5.0,63,13,1,False,,,,,,0,0,0,0,0,0,0
3189,2120213915,Eucerin,2024-09-01,5.0,101,22,1,False,positive,False,True,False,False,1,0,0,0,0,0,0
3190,2120213915,Eucerin,2024-07-01,5.0,101,23,1,False,positive,False,True,False,False,1,0,0,0,0,0,0
3191,2120213915,Eucerin,2024-06-01,5.0,107,24,1,False,positive,False,True,False,False,1,0,0,0,0,0,0
3192,2120213915,Eucerin,2024-06-01,5.0,88,19,1,False,neutral,False,True,True,False,1,0,0,0,0,0,0
3193,2120213915,Eucerin,2024-05-01,5.0,40,9,1,False,positive,False,True,False,False,1,0,0,0,0,0,0
3194,2120213915,Eucerin,2024-05-01,5.0,62,12,1,False,neutral,False,False,False,False,0,0,0,1,0,0,1
3195,2120213915,Eucerin,2024-05-01,5.0,88,20,1,False,positive,False,True,False,False,1,0,0,0,0,0,0
3196,2120213915,Eucerin,2024-04-01,5.0,55,11,1,False,positive,False,True,False,False,1,0,0,0,0,0,0
3197,2120213915,Eucerin,2024-04-01,5.0,26,6,1,False,,,,,,0,0,0,0,0,0,0
3198,2120213915,Eucerin,2024-03-01,5.0,158,36,1,False,neutral,False,True,True,False,1,0,0,0,0,0,0
3199,2120213915,Eucerin,2024-03-01,5.0,96,22,1,False,positive,False,True,False,False,1,0,0,0,0,0,0
3200,2120213915,Eucerin,2024-03-01,5.0,69,15,1,False,positive,False,True,False,False,1,0,0,0,0,0,0
3201,2120213915,Eucerin,2024-02-01,5.0,16,3,1,False,positive,False,True,False,False,0,0,1,0,0,0,0
3202,2120213915,Eucerin,2024-01-01,5.0,35,8,1,False,,,,,,0,0,0,0,0,0,0
3203,2120213915,Eucerin,2023-11-01,5.0,96,22,1,False,positive,False,True,False,False,1,0,0,0,0,0,0
3204,2120213915,Eucerin,2023-10-01,5.0,101,23,1,False,positive,False,True,True,False,0,1,0,0,0,0,1
3205,2120213915,Eucerin,2023-09-01,5.0,123,27,1,False,positive,False,True,False,False,1,1,1,0,1,0,0
3206,2120213915,Eucerin,2023-08-01,5.0,22,4,1,False,positive,False,True,False,False,0,0,1,0,0,0,0
3207,2120213915,Eucerin,2023-08-01,5.0,94,19,1,False,neutral,False,True,True,False,0,1,0,0,0,0,1
3208,2120213915,Eucerin,2023-07-01,5.0,8,2,1,False,,,,,,0,0,0,0,0,0,0
3209,2120213915,Eucerin,2023-07-01,5.0,135,29,1,False,neutral,False,True,True,False,1,1,0,0,0,0,0
3210,2120213915,Eucerin,2023-06-01,5.0,10,2,1,False,,,,,,0,0,0,0,0,0,0
3211,2120213915,Eucerin,2023-06-01,5.0,127,26,1,False,positive,False,True,False,False,1,0,1,0,1,0,0
3212,2120213915,Eucerin,2023-05-01,5.0,14,2,1,False,positive,False,True,False,False,0,0,1,0,0,0,0
3213,2120213915,Eucerin,2023-05-01,5.0,21,4,1,False,positive,False,True,False,False,1,0,1,0,0,0,0
3214,2120213915,Eucerin,2023-04-01,5.0,85,19,1,False,,,,,,0,0,0,0,0,0,0
3215,2120213915,Eucerin,2023-03-01,5.0,70,16,1,False,positive,True,True,True,True,1,0,0,0,1,0,0
3216,2120213915,Eucerin,2022-12-01,5.0,182,38,1,False,positive,False,True,False,False,1,0,0,0,1,0,0
3217,2120213915,Eucerin,2022-12-01,5.0,47,11,1,False,neutral,False,False,False,False,0,0,0,1,0,0,0
3218,2120213915,Eucerin,2022-11-01,5.0,126,28,1,False,positive,True,True,True,True,1,0,1,0,0,0,0
3219,2120213915,Eucerin,2022-03-01,5.0,133,28,1,False,positive,False,True,True,False,0,0,1,1,0,0,0
3220,2120213915,Eucerin,2022-01-01,5.0,115,25,1,False,neutral,False,False,False,False,0,1,0,0,0,0,0
3221,2120213915,Eucerin,2021-10-01,5.0,196,45,1,False,neutral,False,False,False,False,0,1,0,0,0,0,0
3222,2120213915,Eucerin,2021-09-01,5.0,36,8,1,False,,,,,,0,0,0,0,0,0,0
3223,2120213915,Eucerin,2020-08-01,5.0,74,16,1,False,positive,False,True,True,False,0,0,0,1,1,0,0
3224,2120366470,Eucerin,2025-08-01,1.0,74,17,1,False,negative,True,False,False,False,0,0,1,0,0,0,0
3225,2120366470,Eucerin,2024-02-01,1.0,749,167,1,False,positive,True,True,True,False,0,1,1,0,0,0,1
3226,2120366470,Eucerin,2022-10-01,1.0,18,5,1,False,,,,,,0,0,0,0,0,0,0
3227,2120366470,Eucerin,2022-08-01,1.0,32,9,1,False,,,,,,0,0,0,0,0,0,0
3228,2120366470,Eucerin,2021-10-01,1.0,151,35,1,False,neutral,False,False,False,False,0,0,0,1,0,0,0
3229,2120366470,Eucerin,2025-01-01,2.0,156,38,1,False,neutral,True,False,True,False,0,0,1,0,0,0,0
3230,2120366470,Eucerin,2024-12-01,2.0,61,13,1,False,neutral,False,False,False,False,0,1,0,1,0,0,0
3231,2120366470,Eucerin,2024-03-01,3.0,103,28,1,False,neutral,False,False,False,False,0,1,0,0,0,0,0
3232,2120366470,Eucerin,2024-03-01,3.0,137,31,1,False,neutral,False,False,False,False,0,1,0,0,0,0,1
3233,2120366470,Eucerin,2022-07-01,3.0,23,5,2,False,,,,,,0,0,0,0,0,0,0
3234,2120366470,Eucerin,2021-07-01,3.0,56,14,1,False,,,,,,0,0,0,0,0,0,0
3235,2120366470,Eucerin,2024-05-01,4.0,18,5,1,False,,,,,,0,0,0,0,0,0,0
3236,2120366470,Eucerin,2024-03-01,4.0,169,39,1,False,,,,,,0,0,0,0,0,0,0
3237,2120366470,Eucerin,2023-10-01,4.0,72,15,2,False,positive,False,True,False,False,0,0,0,0,1,0,0
3238,2120366470,Eucerin,2023-08-01,4.0,78,19,1,False,neutral,True,False,True,True,0,1,0,0,0,0,1
3239,2120366470,Eucerin,2023-03-01,4.0,70,16,1,False,,,,,,0,0,0,0,0,0,0
3240,2120366470,Eucerin,2022-11-01,4.0,320,72,1,False,neutral,False,True,True,False,0,0,1,0,1,0,1
3241,2120366470,Eucerin,2022-09-01,4.0,126,27,1,False,neutral,True,False,True,True,1,1,0,1,0,0,0
3242,2120366470,Eucerin,2021-09-01,4.0,147,38,1,False,,,,,,0,0,0,0,0,0,0
3243,2120366470,Eucerin,2021-03-01,4.0,90,20,1,False,,,,,,0,0,0,0,0,0,0
3244,2120366470,Eucerin,2026-04-01,5.0,187,43,1,False,neutral,False,True,True,False,1,0,0,0,0,0,1
3245,2120366470,Eucerin,2026-04-01,5.0,67,15,1,False,,,,,,0,0,0,0,0,0,0
3246,2120366470,Eucerin,2025-11-01,5.0,113,27,1,False,positive,False,True,False,False,1,0,0,0,0,0,0
3247,2120366470,Eucerin,2025-11-01,5.0,537,118,1,False,positive,False,True,True,False,1,1,0,0,1,0,0
3248,2120366470,Eucerin,2025-11-01,5.0,65,13,1,False,neutral,False,False,False,False,1,1,0,0,0,0,0
3249,2120366470,Eucerin,2025-11-01,5.0,69,15,1,False,neutral,False,False,False,False,1,0,0,0,0,0,0
3250,2120366470,Eucerin,2025-11-01,5.0,49,10,2,False,positive,False,True,False,False,1,0,0,0,0,0,0
3251,2120366470,Eucerin,2025-11-01,5.0,38,8,1,False,,,,,,0,0,0,0,0,0,0
3252,2120366470,Eucerin,2025-09-01,5.0,61,12,1,False,neutral,False,True,True,False,0,0,1,1,0,0,1
3253,2120366470,Eucerin,2025-09-01,5.0,64,14,3,False,neutral,False,True,True,False,0,0,1,0,0,0,0
3254,2120366470,Eucerin,2025-09-01,5.0,78,18,1,False,positive,True,True,True,True,1,1,0,0,0,1,0
3255,2120366470,Eucerin,2025-08-01,5.0,135,31,1,False,neutral,False,False,False,False,0,0,0,1,0,0,0
3256,2120366470,Eucerin,2025-08-01,5.0,72,17,1,False,,,,,,0,0,0,0,0,0,0
3257,2120366470,Eucerin,2025-08-01,5.0,82,18,1,False,neutral,False,False,False,False,1,0,0,0,0,0,0
3258,2120366470,Eucerin,2025-07-01,5.0,78,17,1,False,,,,,,0,0,0,0,0,0,0
3259,2120366470,Eucerin,2025-07-01,5.0,235,49,1,False,neutral,False,True,True,False,1,1,1,1,0,0,1
3260,2120366470,Eucerin,2025-07-01,5.0,3,1,23,True,,,,,,0,0,0,0,0,0,0
3261,2120366470,Eucerin,2025-07-01,5.0,149,33,1,False,positive,False,True,False,False,1,1,0,0,0,1,0
3262,2120366470,Eucerin,2025-07-01,5.0,89,20,1,False,,,,,,0,0,0,0,0,0,0
3263,2120366470,Eucerin,2025-07-01,5.0,73,16,1,False,neutral,False,False,False,False,0,0,0,0,1,0,0
3264,2120366470,Eucerin,2025-06-01,5.0,76,16,1,False,neutral,False,False,False,False,0,1,0,0,0,0,0
3265,2120366470,Eucerin,2025-06-01,5.0,86,15,1,False,positive,False,True,False,False,1,1,0,0,0,1,0
3266,2120366470,Eucerin,2025-06-01,5.0,94,21,1,False,positive,False,True,False,False,1,0,0,0,1,0,0
3267,2120366470,Eucerin,2025-06-01,5.0,71,18,1,False,,,,,,0,0,0,0,0,0,0
3268,2120366470,Eucerin,2025-06-01,5.0,105,23,1,False,positive,False,True,False,False,0,0,1,1,0,0,1
3269,2120366470,Eucerin,2025-06-01,5.0,77,18,1,False,positive,False,True,False,False,1,0,0,0,0,0,0
3270,2120366470,Eucerin,2025-06-01,5.0,87,19,1,False,positive,False,True,False,False,1,1,0,0,0,0,0
3271,2120366470,Eucerin,2025-06-01,5.0,70,15,1,False,positive,False,True,False,False,1,0,0,0,1,0,0
3272,2120366470,Eucerin,2025-06-01,5.0,71,15,1,False,,,,,,0,0,0,0,0,0,0
3273,2120366470,Eucerin,2025-06-01,5.0,140,33,1,False,positive,False,True,True,False,1,1,0,0,0,0,0
3274,2120366470,Eucerin,2025-06-01,5.0,182,42,1,False,positive,False,True,False,False,1,0,0,0,1,0,0
3275,2120366470,Eucerin,2025-06-01,5.0,66,15,1,False,positive,False,True,False,False,1,0,0,0,0,0,0
3276,2120366470,Eucerin,2025-05-01,5.0,115,25,1,False,,,,,,0,0,0,0,0,0,0
3277,2120366470,Eucerin,2025-05-01,5.0,141,32,1,False,positive,False,True,True,False,1,0,1,1,1,0,0
3278,2120366470,Eucerin,2025-05-01,5.0,63,14,1,False,,,,,,0,0,0,0,0,0,0
3279,2120366470,Eucerin,2025-05-01,5.0,91,21,1,False,neutral,False,False,False,False,1,1,0,0,0,0,0
3280,2120366470,Eucerin,2025-05-01,5.0,77,17,1,False,,,,,,0,0,0,0,0,0,0
3281,2120366470,Eucerin,2025-05-01,5.0,69,15,1,False,positive,False,True,True,False,1,0,0,0,0,0,0
3282,2120366470,Eucerin,2025-04-01,5.0,77,17,1,False,neutral,False,False,False,False,0,1,0,0,0,0,0
3283,2120366470,Eucerin,2025-04-01,5.0,126,27,1,False,positive,False,True,False,False,1,0,0,0,1,0,0
3284,2120366470,Eucerin,2025-04-01,5.0,84,19,1,False,positive,False,True,False,False,1,0,0,0,0,0,0
3285,2120366470,Eucerin,2025-04-01,5.0,64,14,1,False,neutral,False,False,False,False,0,1,0,0,0,0,0
3286,2120366470,Eucerin,2025-04-01,5.0,78,19,1,False,positive,False,True,False,False,1,0,0,0,0,0,0
3287,2120366470,Eucerin,2025-04-01,5.0,63,13,1,False,,,,,,0,0,0,0,0,0,0
3288,2120366470,Eucerin,2025-04-01,5.0,68,15,1,False,neutral,False,False,False,False,0,1,0,0,0,0,0
3289,2120366470,Eucerin,2025-04-01,5.0,71,16,1,False,,,,,,0,0,0,0,0,0,0
3290,2120366470,Eucerin,2025-04-01,5.0,104,23,1,False,positive,False,True,False,False,1,0,0,0,1,0,0
3291,2120366470,Eucerin,2025-04-01,5.0,108,24,1,False,positive,False,True,True,False,1,1,0,0,1,0,0
3292,2120366470,Eucerin,2025-04-01,5.0,114,25,1,False,positive,False,True,False,False,1,0,0,0,1,0,0
3293,2120366470,Eucerin,2025-04-01,5.0,49,13,1,False,neutral,False,False,False,False,1,0,0,0,0,0,0
3294,2120366470,Eucerin,2025-04-01,5.0,88,20,1,False,neutral,False,False,False,False,0,1,0,0,0,0,0
3295,2120366470,Eucerin,2025-04-01,5.0,95,22,1,False,positive,False,True,False,False,0,0,1,0,0,0,0
3296,2120366470,Eucerin,2025-04-01,5.0,65,16,1,False,positive,False,True,False,False,1,0,0,0,0,0,0
3297,2120366470,Eucerin,2025-04-01,5.0,109,25,1,False,neutral,False,False,False,False,0,1,0,0,0,0,0
3298,2120366470,Eucerin,2025-04-01,5.0,86,19,1,False,,,,,,0,0,0,0,0,0,0
3299,2120366470,Eucerin,2025-04-01,5.0,103,22,1,False,positive,False,True,True,False,1,0,0,0,0,0,0
3300,2120366470,Eucerin,2025-03-01,5.0,71,16,1,False,positive,False,True,False,False,1,0,0,0,0,0,0
3301,2120366470,Eucerin,2025-03-01,5.0,63,14,1,False,positive,False,True,False,False,1,0,0,0,0,0,0
3302,2120366470,Eucerin,2025-03-01,5.0,81,17,1,False,,,,,,0,0,0,0,0,0,0
3303,2120366470,Eucerin,2025-03-01,5.0,126,30,1,False,,,,,,0,0,0,0,0,0,0
3304,2120366470,Eucerin,2025-03-01,5.0,161,35,1,False,positive,False,True,False,False,1,1,0,0,0,0,0
3305,2120366470,Eucerin,2025-03-01,5.0,131,29,1,False,neutral,False,True,True,False,1,0,0,0,0,1,0
3306,2120366470,Eucerin,2025-03-01,5.0,164,37,1,False,positive,False,True,False,False,1,1,0,0,0,0,0
3307,2120366470,Eucerin,2025-03-01,5.0,67,15,1,False,positive,False,True,True,False,1,0,0,0,0,0,0
3308,2120366470,Eucerin,2025-03-01,5.0,65,14,1,False,,,,,,0,0,0,0,0,0,0
3309,2120366470,Eucerin,2025-03-01,5.0,119,25,1,False,,,,,,0,0,0,0,0,0,0
3310,2120366470,Eucerin,2025-03-01,5.0,65,15,2,False,positive,False,True,False,False,1,0,0,0,1,0,0
3311,2120366470,Eucerin,2025-03-01,5.0,76,18,1,False,positive,False,True,False,False,1,0,0,0,0,0,0
3312,2120366470,Eucerin,2025-03-01,5.0,110,24,1,False,positive,False,True,True,False,1,1,0,0,0,1,0
3313,2120366470,Eucerin,2025-03-01,5.0,97,21,1,False,positive,False,True,True,False,1,0,0,0,1,0,0
3314,2120366470,Eucerin,2025-03-01,5.0,81,17,1,False,,,,,,0,0,0,0,0,0,0
3315,2120366470,Eucerin,2025-03-01,5.0,73,17,1,False,positive,False,True,False,False,1,0,0,0,0,0,0
3316,2120366470,Eucerin,2025-03-01,5.0,190,42,1,False,positive,False,True,True,False,1,1,0,0,1,0,0
3317,2120366470,Eucerin,2025-03-01,5.0,87,19,1,False,positive,False,True,False,False,1,0,0,0,1,0,0
3318,2120366470,Eucerin,2025-03-01,5.0,103,24,1,False,neutral,False,True,True,False,1,1,0,0,0,0,0
3319,2120366470,Eucerin,2025-03-01,5.0,50,11,1,False,neutral,False,False,False,False,0,1,0,0,0,0,0
3320,2120366470,Eucerin,2025-03-01,5.0,156,35,1,False,,,,,,0,0,0,0,0,0,0
3321,2120366470,Eucerin,2025-03-01,5.0,85,18,1,False,neutral,False,False,False,False,1,0,0,0,0,0,0
3322,2120366470,Eucerin,2025-03-01,5.0,75,17,1,False,neutral,False,False,False,False,0,1,0,0,0,0,0
3323,2120366470,Eucerin,2025-03-01,5.0,96,21,1,False,positive,False,True,False,False,1,0,0,0,0,0,0
3324,2120366470,Eucerin,2025-03-01,5.0,93,21,1,False,positive,False,True,False,False,1,0,0,0,0,0,0
3325,2120366470,Eucerin,2025-03-01,5.0,88,19,1,False,positive,False,True,False,False,1,1,0,0,0,1,0
3326,2120366470,Eucerin,2025-03-01,5.0,77,17,1,False,positive,False,True,True,False,0,1,1,1,0,0,0
3327,2120366470,Eucerin,2025-03-01,5.0,114,26,1,False,,,,,,0,0,0,0,0,0,0
3328,2120366470,Eucerin,2025-03-01,5.0,64,15,1,False,neutral,False,False,False,False,0,1,0,0,0,0,0
3329,2120366470,Eucerin,2025-03-01,5.0,74,16,1,False,positive,False,True,False,False,1,0,0,0,0,0,0
3330,2120366470,Eucerin,2025-02-01,5.0,80,17,1,False,neutral,False,False,False,False,0,1,0,0,0,0,0
3331,2120366470,Eucerin,2025-02-01,5.0,65,15,2,False,positive,False,True,False,False,1,0,0,0,1,0,0
3332,2120366470,Eucerin,2025-02-01,5.0,145,34,1,False,positive,False,True,False,False,1,0,0,0,0,0,0
3333,2120366470,Eucerin,2025-02-01,5.0,106,22,1,False,,,,,,0,0,0,0,0,0,0
3334,2120366470,Eucerin,2025-02-01,5.0,72,15,1,False,positive,False,True,True,False,1,0,0,0,1,0,0
3335,2120366470,Eucerin,2025-02-01,5.0,70,17,1,False,,,,,,0,0,0,0,0,0,0
3336,2120366470,Eucerin,2025-02-01,5.0,141,31,1,False,positive,False,True,False,False,0,0,1,0,0,0,0
3337,2120366470,Eucerin,2025-02-01,5.0,108,22,1,False,positive,False,True,False,False,1,1,0,0,0,1,0
3338,2639051943,Eucerin,2025-05-01,5.0,33,7,1,False,positive,False,True,False,False,0,0,1,0,0,0,0
3339,2639051943,Eucerin,2025-04-01,5.0,56,12,1,False,positive,False,True,False,False,1,1,0,0,0,1,0
3340,2639051943,Eucerin,2025-04-01,5.0,256,55,2,False,neutral,True,False,True,True,0,0,0,1,0,0,0
3341,2639051943,Eucerin,2025-04-01,5.0,74,17,1,False,positive,False,True,False,False,0,0,0,0,1,0,0
3342,2639051943,Eucerin,2025-04-01,5.0,71,15,1,False,positive,False,True,False,False,1,0,0,0,0,0,0
3343,2639051943,Eucerin,2025-01-01,5.0,20,5,1,False,positive,False,True,False,False,0,0,0,0,1,0,0
3344,2639051943,Eucerin,2025-01-01,5.0,76,16,1,False,positive,False,True,False,False,1,1,0,0,0,1,0
3345,2639051943,Eucerin,2025-01-01,5.0,136,30,1,False,positive,False,True,True,False,1,0,0,0,0,0,0
3346,2639051943,Eucerin,2025-01-01,5.0,33,7,1,False,positive,False,True,False,False,1,0,0,0,0,0,0
3347,2639051943,Eucerin,2024-12-01,5.0,191,40,1,False,neutral,False,True,True,False,1,0,0,0,1,0,0
3348,2639051943,Eucerin,2024-11-01,5.0,66,14,1,False,positive,False,True,False,False,1,0,0,0,0,0,0
3349,2639051943,Eucerin,2024-11-01,5.0,106,24,1,False,positive,False,True,False,False,0,0,0,0,1,0,0
3350,2639051943,Eucerin,2024-11-01,5.0,79,18,1,False,positive,False,True,False,False,0,0,0,0,1,0,0
3351,2639051943,Eucerin,2024-11-01,5.0,100,24,1,False,positive,False,True,True,False,1,1,0,0,0,1,0
3352,2639051943,Eucerin,2024-11-01,5.0,45,8,1,False,,,,,,0,0,0,0,0,0,0
3353,2639051943,Eucerin,2024-11-01,5.0,77,18,1,False,positive,False,True,False,False,1,1,0,0,0,0,0
3354,2639051943,Eucerin,2024-09-01,5.0,25,5,1,False,,,,,,0,0,0,0,0,0,0
3355,2639051943,Eucerin,2024-09-01,5.0,77,17,1,False,positive,False,True,False,False,0,0,0,0,1,0,0
3356,2639051943,Eucerin,2024-08-01,5.0,96,22,1,False,neutral,False,False,False,False,0,0,1,1,0,0,1
3357,2639051943,Eucerin,2024-08-01,5.0,72,17,1,False,positive,False,True,False,False,1,0,0,0,0,0,0
3358,2639051943,Eucerin,2024-08-01,5.0,46,9,1,False,positive,False,True,False,False,0,0,1,0,0,0,0
3359,2639051943,Eucerin,2024-07-01,5.0,9,2,1,False,neutral,False,False,False,False,1,0,0,0,0,0,0
3360,2639051943,Eucerin,2024-07-01,5.0,61,12,1,False,,,,,,0,0,0,0,0,0,0
3361,2639051943,Eucerin,2024-07-01,5.0,85,16,1,False,positive,False,True,False,False,1,0,1,0,1,0,0
3362,2639051943,Eucerin,2024-07-01,5.0,64,15,1,False,,,,,,0,0,0,0,0,0,0
3363,2639051943,Eucerin,2024-07-01,5.0,77,16,1,False,,,,,,0,0,0,0,0,0,0
3364,2639051943,Eucerin,2024-06-01,5.0,19,5,1,False,negative,True,False,False,True,1,0,0,0,0,0,0
3365,2639051943,Eucerin,2024-06-01,5.0,61,11,1,False,positive,False,True,False,False,1,0,1,0,1,0,0
3366,2639051943,Eucerin,2024-06-01,5.0,193,43,1,False,positive,False,True,False,False,1,0,0,0,0,0,0
3367,2639051943,Eucerin,2024-06-01,5.0,99,22,1,False,positive,False,True,False,False,0,0,0,0,1,0,0
3368,2639051943,Eucerin,2024-06-01,5.0,158,35,1,False,neutral,False,True,True,False,1,1,0,0,1,0,0
3369,2639051943,Eucerin,2024-06-01,5.0,65,14,1,False,neutral,False,False,False,False,0,1,0,0,0,0,0
3370,2639051943,Eucerin,2024-06-01,5.0,76,20,1,False,neutral,False,False,False,False,0,1,0,0,0,0,0
3371,2639051943,Eucerin,2024-06-01,5.0,65,15,1,False,neutral,False,False,False,False,0,1,0,0,0,0,0
3372,2639051943,Eucerin,2024-06-01,5.0,95,21,1,False,,,,,,0,0,0,0,0,0,0
3373,2639051943,Eucerin,2024-06-01,5.0,107,25,1,False,neutral,False,True,True,False,0,0,1,0,1,0,0
3374,2639051943,Eucerin,2024-06-01,5.0,74,15,1,False,positive,False,True,False,False,0,0,0,0,1,0,0
3375,2639051943,Eucerin,2024-06-01,5.0,170,40,1,False,positive,False,True,True,False,1,0,0,0,1,0,1
3376,2639051943,Eucerin,2024-06-01,5.0,61,11,1,False,positive,False,True,False,False,1,0,1,0,1,0,0
3377,2639051943,Eucerin,2024-06-01,5.0,57,13,1,False,positive,False,True,True,False,1,0,0,0,1,0,0
3378,2639051943,Eucerin,2024-06-01,5.0,65,13,1,False,,,,,,0,0,0,0,0,0,0
3379,2639051943,Eucerin,2024-06-01,5.0,62,13,1,False,positive,False,True,False,False,0,0,1,1,0,0,0
3380,2639051943,Eucerin,2024-06-01,5.0,94,20,1,False,neutral,False,False,False,False,1,1,0,0,0,0,0
3381,2639051943,Eucerin,2024-06-01,5.0,8,2,1,False,,,,,,0,0,0,0,0,0,0
3382,2639051943,Eucerin,2024-06-01,5.0,86,19,1,False,neutral,False,False,False,False,1,0,0,0,0,0,0
3383,2639051943,Eucerin,2024-06-01,5.0,123,26,1,False,positive,False,True,False,False,1,0,1,0,1,0,0
3384,2639051943,Eucerin,2024-06-01,5.0,184,35,1,False,positive,False,True,False,False,1,0,1,0,1,0,0
3385,2639051943,Eucerin,2024-06-01,5.0,63,13,1,False,positive,False,True,True,False,0,0,1,1,0,0,0
3386,2639051943,Eucerin,2024-06-01,5.0,71,16,1,False,neutral,False,False,False,False,1,0,0,0,0,0,0
3387,2639051943,Eucerin,2024-06-01,5.0,112,26,1,False,neutral,False,False,False,False,0,0,1,1,0,0,0
3388,2639051943,Eucerin,2024-06-01,5.0,100,21,1,False,neutral,False,True,True,False,1,1,0,0,1,0,0
3389,2639051943,Eucerin,2024-06-01,5.0,38,3,1,False,positive,False,True,False,False,0,0,1,0,0,0,0
3390,2639051943,Eucerin,2024-06-01,5.0,486,110,1,False,neutral,False,True,True,False,0,1,1,0,1,0,0
3391,2639051943,Eucerin,2024-06-01,5.0,126,28,1,False,neutral,False,True,True,False,1,1,0,0,1,0,0
3392,2639051943,Eucerin,2024-06-01,5.0,114,25,1,False,neutral,False,True,True,False,0,0,1,1,0,0,0
3393,2639051943,Eucerin,2024-06-01,5.0,95,22,1,False,,,,,,0,0,0,0,0,0,0
3394,2639051943,Eucerin,2024-06-01,5.0,70,14,2,False,neutral,False,False,False,False,0,0,0,1,0,0,0
3395,2639051943,Eucerin,2024-06-01,5.0,79,20,1,False,,,,,,0,0,0,0,0,0,0
3396,2639051943,Eucerin,2024-06-01,5.0,111,25,1,False,positive,False,True,True,False,1,0,0,0,1,0,1
3397,2639051943,Eucerin,2024-06-01,5.0,96,20,1,False,neutral,False,True,True,False,0,0,1,1,0,0,0
3398,2639051943,Eucerin,2024-06-01,5.0,76,14,1,False,positive,False,True,False,False,0,0,0,1,0,0,1
3399,2639051943,Eucerin,2024-06-01,5.0,76,15,1,False,neutral,False,False,False,False,0,0,0,1,0,0,0
3400,2639051943,Eucerin,2024-06-01,5.0,69,14,1,False,positive,False,True,False,False,0,0,1,1,0,0,1
3401,2639051943,Eucerin,2024-06-01,5.0,73,16,1,False,positive,False,True,False,False,0,0,0,0,1,0,0
3402,2639051943,Eucerin,2024-06-01,5.0,77,17,1,False,,,,,,0,0,0,0,0,0,0
3403,2639051943,Eucerin,2024-05-01,5.0,69,14,1,False,positive,False,True,True,False,0,0,0,1,1,0,0
3404,2639051943,Eucerin,2024-05-01,5.0,75,16,1,False,positive,False,True,False,False,0,0,1,0,0,0,1
3405,2639051943,Eucerin,2024-05-01,5.0,62,10,1,False,positive,False,True,False,False,1,0,1,0,1,0,0
3406,2639051943,Eucerin,2024-05-01,5.0,3,1,23,True,,,,,,0,0,0,0,0,0,0
3407,2525244240,Eucerin,2024-08-01,1.0,18,4,1,False,,,,,,0,0,0,0,0,0,0
3408,2525244240,Eucerin,2024-08-01,4.0,139,28,1,False,positive,False,True,True,False,0,1,0,0,1,0,0
3409,2525244240,Eucerin,2025-10-01,5.0,24,6,2,False,,,,,,0,0,0,0,0,0,0
3410,2525244240,Eucerin,2025-08-01,5.0,97,22,1,False,,,,,,0,0,0,0,0,0,0
3411,2525244240,Eucerin,2025-05-01,5.0,192,46,1,False,neutral,False,True,True,False,1,0,0,0,1,0,0
3412,2525244240,Eucerin,2025-04-01,5.0,179,40,1,False,positive,False,True,False,False,1,0,0,0,0,0,0
3413,2525244240,Eucerin,2025-03-01,5.0,67,12,1,False,,,,,,0,0,0,0,0,0,0
3414,2525244240,Eucerin,2025-03-01,5.0,137,32,1,False,positive,False,True,True,False,1,0,0,0,0,0,0
3415,2525244240,Eucerin,2025-02-01,5.0,36,9,1,False,,,,,,0,0,0,0,0,0,0
3416,2525244240,Eucerin,2025-02-01,5.0,70,16,2,False,positive,False,True,True,False,0,0,1,0,0,0,1
3417,2525244240,Eucerin,2025-02-01,5.0,88,21,1,False,neutral,False,True,True,False,1,0,0,0,1,0,0
3418,2525244240,Eucerin,2025-02-01,5.0,75,18,1,False,,,,,,0,0,0,0,0,0,0
3419,2525244240,Eucerin,2025-02-01,5.0,40,10,2,False,positive,False,True,False,False,1,0,0,0,0,0,0
3420,2525244240,Eucerin,2025-02-01,5.0,108,26,1,False,positive,False,True,False,False,1,0,0,0,0,0,0
3421,2525244240,Eucerin,2025-01-01,5.0,283,59,1,False,positive,True,True,True,True,1,1,1,0,0,1,1
3422,2525244240,Eucerin,2025-01-01,5.0,63,15,1,False,,,,,,0,0,0,0,0,0,0
3423,2525244240,Eucerin,2024-12-01,5.0,76,18,1,False,positive,False,True,False,False,1,0,0,0,0,0,0
3424,2525244240,Eucerin,2024-11-01,5.0,67,16,1,False,,,,,,0,0,0,0,0,0,0
3425,2525244240,Eucerin,2024-11-01,5.0,116,28,1,False,neutral,False,False,False,False,1,0,0,0,0,0,0
3426,2525244240,Eucerin,2024-10-01,5.0,71,17,1,False,positive,False,True,False,False,1,0,0,0,0,0,0
3427,2525244240,Eucerin,2024-09-01,5.0,74,16,1,False,neutral,False,True,True,False,1,0,0,0,1,0,0
3428,2525244240,Eucerin,2024-09-01,5.0,124,30,1,False,,,,,,0,0,0,0,0,0,0
3429,2525244240,Eucerin,2024-09-01,5.0,103,24,1,False,neutral,False,True,True,False,1,0,0,0,0,1,0
3430,2525244240,Eucerin,2024-09-01,5.0,101,25,1,False,neutral,False,True,True,False,1,0,0,0,1,0,0
3431,2525244240,Eucerin,2024-09-01,5.0,170,38,1,False,positive,False,True,True,False,1,0,0,0,1,0,0
3432,2525244240,Eucerin,2024-09-01,5.0,24,6,2,False,,,,,,0,0,0,0,0,0,0
3433,2525244240,Eucerin,2024-08-01,5.0,99,24,1,False,,,,,,0,0,0,0,0,0,0
3434,2525244240,Eucerin,2024-08-01,5.0,78,18,1,False,neutral,False,True,True,False,1,0,0,0,0,1,0
3435,2525244240,Eucerin,2024-08-01,5.0,103,24,1,False,neutral,False,False,False,False,1,0,0,0,1,0,0
3436,2525244240,Eucerin,2024-06-01,5.0,120,26,1,False,positive,False,True,False,False,1,0,0,0,0,0,0
3437,2525244240,Eucerin,2024-06-01,5.0,71,17,1,False,neutral,False,True,True,False,1,0,0,0,0,0,0
3438,2525244240,Eucerin,2024-05-01,5.0,34,8,1,False,,,,,,0,0,0,0,0,0,0
3439,2525244240,Eucerin,2024-04-01,5.0,143,31,1,False,positive,False,True,True,False,1,0,0,0,0,1,0
3440,2525244240,Eucerin,2024-04-01,5.0,172,38,1,False,neutral,False,True,True,False,0,0,1,1,0,0,1
3441,2525244240,Eucerin,2024-04-01,5.0,69,16,1,False,neutral,False,True,True,False,1,0,0,0,0,0,0
3442,2525244240,Eucerin,2024-03-01,5.0,34,8,1,False,,,,,,0,0,0,0,0,0,0
3443,2525244240,Eucerin,2024-03-01,5.0,111,26,1,False,neutral,False,True,True,False,1,0,0,0,1,1,0
3444,2525244240,Eucerin,2024-02-01,5.0,169,41,1,False,positive,False,True,False,False,1,0,0,0,0,0,0
3445,2525244240,Eucerin,2024-02-01,5.0,89,20,1,False,positive,False,True,False,False,0,0,0,0,0,1,0
3446,2525244240,Eucerin,2024-02-01,5.0,68,15,2,False,positive,False,True,False,False,1,0,0,0,0,0,0
3447,2525244240,Eucerin,2024-02-01,5.0,67,14,1,False,neutral,False,False,False,False,0,0,0,1,0,0,0
3448,2525244240,Eucerin,2024-01-01,5.0,14,2,2,False,positive,False,True,False,False,0,0,1,0,0,0,0
3449,2120322654,Eucerin,2023-02-01,1.0,107,25,1,False,neutral,False,False,False,False,0,0,0,0,1,0,0
3450,2120322654,Eucerin,2023-11-01,2.0,97,20,1,False,neutral,False,False,False,False,0,1,0,0,0,0,0
3451,2120322654,Eucerin,2025-10-01,3.0,77,18,1,False,,,,,,0,0,0,0,0,0,0
3452,2120322654,Eucerin,2025-05-01,3.0,107,25,1,False,neutral,True,False,True,False,0,0,1,0,0,0,0
3453,2120322654,Eucerin,2024-04-01,3.0,54,14,1,False,,,,,,0,0,0,0,0,0,0
3454,2120322654,Eucerin,2025-02-01,4.0,177,41,1,False,neutral,False,False,False,False,1,0,1,0,0,0,0
3455,2120322654,Eucerin,2023-02-01,4.0,212,53,1,False,neutral,False,False,False,False,1,0,0,0,1,0,0
3456,2120322654,Eucerin,2022-07-01,4.0,67,14,1,False,negative,True,False,False,True,1,0,0,0,0,0,0
3457,2120322654,Eucerin,2026-04-01,5.0,7,2,1,True,,,,,,0,0,0,0,0,0,0
3458,2120322654,Eucerin,2025-10-01,5.0,104,24,1,False,neutral,False,True,True,False,1,0,0,0,0,0,0
3459,2120322654,Eucerin,2025-07-01,5.0,71,16,1,False,neutral,False,True,True,False,1,0,0,0,1,0,0
3460,2120322654,Eucerin,2025-07-01,5.0,20,5,4,False,,,,,,0,0,0,0,0,0,0
3461,2120322654,Eucerin,2025-06-01,5.0,93,22,1,False,positive,False,True,False,False,1,0,0,0,0,0,0
3462,2120322654,Eucerin,2025-06-01,5.0,101,21,1,False,positive,False,True,False,False,1,1,0,0,1,1,0
3463,2120322654,Eucerin,2025-05-01,5.0,65,16,1,False,positive,False,True,True,False,1,0,0,0,0,0,0
3464,2120322654,Eucerin,2025-05-01,5.0,98,21,1,False,neutral,False,True,True,False,1,0,0,0,1,0,0
3465,2120322654,Eucerin,2025-03-01,5.0,119,28,1,False,neutral,False,False,False,False,0,1,0,0,0,0,1
3466,2120322654,Eucerin,2025-03-01,5.0,64,14,3,False,neutral,False,True,True,False,0,0,1,0,0,0,0
3467,2120322654,Eucerin,2025-03-01,5.0,187,43,1,False,positive,False,True,True,False,1,0,0,0,0,0,0
3468,2120322654,Eucerin,2025-03-01,5.0,70,16,1,False,positive,False,True,True,False,1,0,0,0,0,0,0
3469,2120322654,Eucerin,2025-02-01,5.0,70,16,1,False,neutral,False,True,True,False,1,0,0,0,0,0,0
3470,2120322654,Eucerin,2025-02-01,5.0,87,22,1,False,positive,False,True,False,False,1,0,0,0,0,0,0
3471,2120322654,Eucerin,2025-02-01,5.0,113,27,1,False,positive,False,True,False,False,1,0,0,0,0,0,0
3472,2120322654,Eucerin,2025-02-01,5.0,97,23,1,False,positive,False,True,True,False,1,0,0,0,1,0,0
3473,2120322654,Eucerin,2025-02-01,5.0,71,16,1,False,neutral,False,True,True,False,1,0,0,0,0,0,0
3474,2120322654,Eucerin,2025-02-01,5.0,78,16,1,False,positive,False,True,True,False,1,0,0,0,1,0,0
3475,2120322654,Eucerin,2025-01-01,5.0,62,14,1,False,neutral,False,False,False,False,1,0,0,0,0,0,0
3476,2120322654,Eucerin,2025-01-01,5.0,66,15,1,False,neutral,True,False,True,True,1,0,0,0,1,0,0
3477,2120322654,Eucerin,2025-01-01,5.0,101,25,1,False,positive,True,True,True,True,1,0,0,0,1,0,0
3478,2120322654,Eucerin,2025-01-01,5.0,107,24,1,False,positive,False,True,True,False,1,0,0,0,1,0,0
3479,2120322654,Eucerin,2024-12-01,5.0,61,11,1,False,positive,False,True,False,False,1,1,0,0,1,1,0
3480,2120322654,Eucerin,2024-12-01,5.0,66,15,1,False,neutral,False,False,False,False,1,0,0,0,0,0,0
3481,2120322654,Eucerin,2024-12-01,5.0,112,25,1,False,positive,True,True,True,True,1,0,0,0,0,0,0
3482,2120322654,Eucerin,2024-11-01,5.0,72,17,1,False,neutral,False,False,False,False,1,1,0,0,1,0,0
3483,2120322654,Eucerin,2024-11-01,5.0,99,23,1,False,negative,True,True,True,True,1,0,0,0,0,0,0
3484,2120322654,Eucerin,2024-11-01,5.0,82,19,1,False,neutral,False,False,False,False,0,1,0,0,1,0,0
3485,2120322654,Eucerin,2024-10-01,5.0,89,19,1,False,positive,False,True,False,False,1,0,0,0,1,0,0
3486,2120322654,Eucerin,2024-09-01,5.0,104,25,1,False,neutral,False,False,False,False,0,0,0,0,1,0,0
3487,2120322654,Eucerin,2024-09-01,5.0,84,20,1,False,neutral,False,True,True,False,1,0,0,0,0,0,0
3488,2120322654,Eucerin,2024-09-01,5.0,63,15,1,False,,,,,,0,0,0,0,0,0,0
3489,2120322654,Eucerin,2024-09-01,5.0,61,14,1,False,positive,False,True,True,False,1,0,0,0,1,0,0
3490,2120322654,Eucerin,2024-08-01,5.0,72,16,1,False,positive,True,True,True,True,1,0,0,0,0,0,0
3491,2120322654,Eucerin,2024-08-01,5.0,109,23,1,False,neutral,False,True,True,False,1,0,0,0,1,0,0
3492,2120322654,Eucerin,2024-08-01,5.0,110,25,1,False,neutral,False,True,True,False,1,0,0,0,1,0,0
3493,2120322654,Eucerin,2024-07-01,5.0,86,19,1,False,neutral,False,True,True,False,1,0,0,0,1,0,0
3494,2120322654,Eucerin,2024-07-01,5.0,143,32,1,False,neutral,True,True,True,True,1,0,0,0,0,0,0
3495,2120322654,Eucerin,2024-07-01,5.0,142,33,1,False,neutral,False,False,False,False,0,0,0,0,1,0,0
3496,2120322654,Eucerin,2024-07-01,5.0,131,28,1,False,neutral,True,True,True,True,1,0,0,0,1,0,0
3497,2120322654,Eucerin,2024-06-01,5.0,96,22,1,False,neutral,False,False,False,False,1,0,0,0,0,0,0
3498,2120322654,Eucerin,2024-06-01,5.0,112,26,1,False,negative,True,False,True,True,1,0,0,0,1,0,0
3499,2120322654,Eucerin,2024-06-01,5.0,87,19,1,False,neutral,False,True,True,False,1,0,0,0,0,0,0
3500,2120322654,Eucerin,2024-06-01,5.0,24,6,1,False,,,,,,0,0,0,0,0,0,0
3501,2120322654,Eucerin,2024-06-01,5.0,92,22,1,False,negative,True,False,False,True,1,0,0,0,0,0,0
3502,2120322654,Eucerin,2024-06-01,5.0,67,13,2,False,positive,False,True,False,False,0,0,1,0,0,0,0
3503,2120322654,Eucerin,2024-06-01,5.0,48,12,1,False,neutral,False,False,False,False,1,0,0,0,0,0,0
3504,2120322654,Eucerin,2024-06-01,5.0,166,40,1,False,,,,,,0,0,0,0,0,0,0
3505,2120322654,Eucerin,2024-05-01,5.0,149,35,1,False,positive,False,True,True,False,1,0,0,0,0,0,0
3506,2120322654,Eucerin,2024-05-01,5.0,92,20,1,False,neutral,False,True,True,False,1,0,0,0,0,0,0
3507,2120322654,Eucerin,2024-05-01,5.0,84,20,2,False,,,,,,0,0,0,0,0,0,0
3508,2120322654,Eucerin,2024-05-01,5.0,82,19,1,False,neutral,False,False,False,False,1,0,0,0,0,0,0
3509,2120322654,Eucerin,2024-05-01,5.0,20,5,4,False,,,,,,0,0,0,0,0,0,0
3510,2120322654,Eucerin,2024-04-01,5.0,104,24,1,False,neutral,False,False,False,False,1,0,0,0,0,0,0
3511,2120322654,Eucerin,2024-04-01,5.0,54,13,1,False,neutral,False,False,False,False,1,0,0,0,0,0,0
3512,2120322654,Eucerin,2024-04-01,5.0,65,12,1,False,positive,False,True,False,False,1,0,1,0,1,0,0
3513,2120322654,Eucerin,2024-04-01,5.0,118,25,1,False,neutral,False,False,False,False,0,1,0,0,1,0,0
3514,2120322654,Eucerin,2024-04-01,5.0,67,15,1,False,positive,False,True,True,False,1,0,0,0,0,0,0
3515,2120322654,Eucerin,2024-04-01,5.0,119,29,1,False,positive,False,True,False,False,0,0,0,0,1,0,0
3516,2120322654,Eucerin,2024-04-01,5.0,80,19,1,False,,,,,,0,0,0,0,0,0,0
3517,2120322654,Eucerin,2024-03-01,5.0,58,7,1,False,,,,,,0,0,0,0,0,0,0
3518,2120322654,Eucerin,2024-03-01,5.0,106,25,1,False,neutral,False,True,True,False,1,0,0,0,1,0,0
3519,2120322654,Eucerin,2024-03-01,5.0,75,17,1,False,,,,,,0,0,0,0,0,0,0
3520,2120322654,Eucerin,2024-03-01,5.0,68,14,1,False,neutral,False,False,False,False,0,0,0,1,0,0,1
3521,2120322654,Eucerin,2024-03-01,5.0,112,24,1,False,positive,False,True,True,False,1,0,0,0,0,0,0
3522,2120322654,Eucerin,2024-03-01,5.0,23,5,2,False,,,,,,0,0,0,0,0,0,0
3523,2120322654,Eucerin,2024-03-01,5.0,58,14,1,False,,,,,,0,0,0,0,0,0,0
3524,2120322654,Eucerin,2024-03-01,5.0,58,12,1,False,positive,False,True,True,False,1,0,0,1,0,0,0
3525,2120322654,Eucerin,2024-02-01,5.0,92,20,1,False,positive,False,True,False,False,1,0,0,0,0,0,0
3526,2120322654,Eucerin,2024-02-01,5.0,13,4,1,False,,,,,,0,0,0,0,0,0,0
3527,2120322654,Eucerin,2024-02-01,5.0,12,3,1,False,neutral,False,False,False,False,1,0,0,0,0,0,0
3528,2120322654,Eucerin,2024-02-01,5.0,76,18,1,False,neutral,False,False,False,False,0,1,0,0,0,0,0
3529,2120322654,Eucerin,2024-02-01,5.0,97,21,1,False,positive,False,True,False,False,0,0,0,0,0,0,1
3530,2120322654,Eucerin,2024-01-01,5.0,64,15,1,False,positive,False,True,False,False,1,0,0,0,0,0,0
3531,2120322654,Eucerin,2024-01-01,5.0,57,11,1,False,positive,False,True,False,False,1,0,1,0,0,0,0
3532,2120322654,Eucerin,2024-01-01,5.0,39,9,1,False,,,,,,0,0,0,0,0,0,0
3533,2120322654,Eucerin,2023-12-01,5.0,11,3,1,False,,,,,,0,0,0,0,0,0,0
3534,2120322654,Eucerin,2023-12-01,5.0,26,7,1,False,positive,False,True,False,False,1,0,0,0,0,0,0
3535,2120322654,Eucerin,2023-12-01,5.0,412,96,1,False,positive,False,True,True,False,1,0,1,0,1,0,0
3536,2120322654,Eucerin,2023-11-01,5.0,36,9,1,False,,,,,,0,0,0,0,0,0,0
3537,2120322654,Eucerin,2023-11-01,5.0,60,11,1,False,neutral,False,False,False,False,1,0,0,1,0,0,0
3538,2120322654,Eucerin,2023-11-01,5.0,92,21,1,False,,,,,,0,0,0,0,0,0,0
3539,2120322654,Eucerin,2023-11-01,5.0,57,7,1,False,,,,,,0,0,0,0,0,0,0
3540,2120322654,Eucerin,2023-10-01,5.0,64,11,1,False,positive,False,True,False,False,1,0,1,0,1,0,0
3541,2120322654,Eucerin,2023-10-01,5.0,62,16,1,False,neutral,False,False,False,False,1,0,0,0,0,0,0
3542,2120322654,Eucerin,2023-10-01,5.0,181,43,1,False,positive,False,True,False,False,1,0,0,0,0,0,0
3543,2120322654,Eucerin,2023-10-01,5.0,161,36,1,False,neutral,False,True,True,False,1,0,1,1,1,0,0
3544,2120322654,Eucerin,2023-09-01,5.0,15,3,2,False,,,,,,0,0,0,0,0,0,0
3545,2120322654,Eucerin,2023-09-01,5.0,66,12,1,False,positive,False,True,False,False,1,1,1,0,1,0,0
3546,2120322654,Eucerin,2023-09-01,5.0,76,18,1,False,neutral,False,False,False,False,1,0,0,0,0,0,0
3547,2120322654,Eucerin,2023-09-01,5.0,76,19,1,False,negative,True,False,False,True,1,0,0,0,0,0,0
3548,3081341203,Eucerin,2025-06-01,1.0,23,5,1,False,negative,True,False,False,False,0,0,1,0,0,0,0
3549,3081341203,Eucerin,2026-03-01,5.0,198,43,1,False,positive,False,True,False,False,1,0,0,0,1,0,0
3550,3081341203,Eucerin,2025-08-01,5.0,101,21,1,False,positive,False,True,False,False,1,0,0,0,1,1,0
3551,3081341203,Eucerin,2025-08-01,5.0,108,24,1,False,neutral,False,False,False,False,0,0,0,1,0,0,0
3552,3081341203,Eucerin,2025-07-01,5.0,61,13,1,False,neutral,False,True,True,False,0,0,1,1,1,0,0
3553,3081341203,Eucerin,2025-06-01,5.0,117,28,1,False,neutral,False,False,False,False,0,0,1,0,0,0,0
3554,3081341203,Eucerin,2025-06-01,5.0,157,37,1,False,neutral,True,False,True,True,0,0,1,0,0,0,1
3555,3081341203,Eucerin,2025-06-01,5.0,142,31,1,False,neutral,False,False,False,False,0,0,1,0,0,0,0
3556,2181103324,Eucerin,2025-05-01,1.0,83,19,1,False,neutral,False,False,False,False,0,0,1,0,0,0,0
3557,2181103324,Eucerin,2023-12-01,1.0,58,13,1,False,neutral,False,False,False,False,0,0,0,1,0,0,0
3558,2181103324,Eucerin,2023-12-01,1.0,26,6,1,False,positive,False,True,False,False,1,0,0,0,1,0,0
3559,2181103324,Eucerin,2024-12-01,2.0,66,14,1,False,neutral,False,False,False,False,0,0,0,0,1,0,0
3560,2181103324,Eucerin,2024-08-01,2.0,172,42,1,False,neutral,True,False,True,False,0,0,1,0,0,0,0
3561,2181103324,Eucerin,2024-05-01,2.0,391,90,1,False,,,,,,0,0,0,0,0,0,0
3562,2181103324,Eucerin,2025-11-01,4.0,51,11,1,False,neutral,False,False,False,False,1,0,0,0,0,0,0
3563,2181103324,Eucerin,2025-06-01,4.0,107,25,1,False,,,,,,0,0,0,0,0,0,0
3564,2181103324,Eucerin,2025-06-01,4.0,86,18,1,False,positive,False,True,False,False,1,0,0,0,0,0,0
3565,2181103324,Eucerin,2025-05-01,4.0,62,15,1,False,negative,True,False,False,True,0,0,1,0,0,0,0
3566,2181103324,Eucerin,2024-07-01,4.0,213,46,1,False,neutral,False,False,False,False,0,0,1,0,0,0,0
3567,2181103324,Eucerin,2024-06-01,4.0,89,19,1,False,neutral,False,False,False,False,0,0,1,0,0,0,0
3568,2181103324,Eucerin,2024-03-01,4.0,82,20,1,False,neutral,False,False,False,False,0,0,0,0,0,0,1
3569,2181103324,Eucerin,2023-08-01,4.0,148,33,1,False,negative,True,True,True,True,1,1,0,0,1,0,0
3570,2181103324,Eucerin,2023-08-01,4.0,40,9,1,False,positive,False,True,False,False,0,0,1,0,0,0,1
3571,2181103324,Eucerin,2026-04-01,5.0,33,5,1,False,,,,,,0,0,0,0,0,0,0
3572,2181103324,Eucerin,2026-04-01,5.0,149,34,1,False,,,,,,0,0,0,0,0,0,0
3573,2181103324,Eucerin,2026-04-01,5.0,11,3,1,False,,,,,,0,0,0,0,0,0,0
3574,2181103324,Eucerin,2026-03-01,5.0,162,37,1,False,positive,False,True,True,False,1,0,0,0,0,0,0
3575,2181103324,Eucerin,2025-12-01,5.0,110,25,1,False,neutral,False,True,True,False,1,0,0,0,0,0,0
3576,2181103324,Eucerin,2025-11-01,5.0,159,34,1,False,positive,False,True,False,False,1,0,0,0,1,1,0
3577,2181103324,Eucerin,2025-11-01,5.0,96,22,1,False,positive,False,True,False,False,1,0,0,0,0,0,0
3578,2181103324,Eucerin,2025-11-01,5.0,51,11,1,False,,,,,,0,0,0,0,0,0,0
3579,2181103324,Eucerin,2025-11-01,5.0,81,19,1,False,,,,,,0,0,0,0,0,0,0
3580,2181103324,Eucerin,2025-10-01,5.0,119,28,1,False,positive,False,True,True,False,0,0,1,0,1,1,0
3581,2181103324,Eucerin,2025-10-01,5.0,133,31,1,False,neutral,False,False,False,False,1,0,0,0,0,0,0
3582,2181103324,Eucerin,2025-10-01,5.0,66,16,1,False,,,,,,0,0,0,0,0,0,0
3583,2181103324,Eucerin,2025-10-01,5.0,118,27,1,False,neutral,False,False,False,False,1,0,0,0,0,0,0
3584,2181103324,Eucerin,2025-09-01,5.0,141,33,1,False,positive,True,True,True,True,1,1,0,0,0,1,0
3585,2181103324,Eucerin,2025-09-01,5.0,27,6,1,False,positive,False,True,False,False,0,0,0,0,1,0,0
3586,2181103324,Eucerin,2025-09-01,5.0,48,10,1,False,positive,False,True,False,False,1,0,0,0,1,0,0
3587,2181103324,Eucerin,2025-09-01,5.0,94,22,1,False,neutral,False,False,False,False,1,0,0,0,0,0,0
3588,2181103324,Eucerin,2025-09-01,5.0,81,19,1,False,,,,,,0,0,0,0,0,0,0
3589,2181103324,Eucerin,2025-09-01,5.0,123,28,1,False,neutral,False,False,False,False,1,0,0,0,0,0,0
3590,2181103324,Eucerin,2025-08-01,5.0,59,13,1,False,positive,False,True,False,False,1,0,0,0,0,0,0
3591,2181103324,Eucerin,2025-08-01,5.0,150,33,1,False,positive,False,True,False,False,1,1,1,0,0,0,0
3592,2181103324,Eucerin,2025-08-01,5.0,108,18,1,False,positive,False,True,True,False,1,0,0,0,1,1,0
3593,2181103324,Eucerin,2025-08-01,5.0,78,18,2,False,,,,,,0,0,0,0,0,0,0
3594,2181103324,Eucerin,2025-08-01,5.0,105,23,1,False,positive,False,True,False,False,1,0,0,0,0,0,0
3595,2181103324,Eucerin,2025-08-01,5.0,68,15,1,False,positive,False,True,False,False,1,0,0,0,1,0,0
3596,2181103324,Eucerin,2025-08-01,5.0,168,40,1,False,neutral,False,True,True,False,1,0,0,0,0,0,0
3597,2181103324,Eucerin,2025-08-01,5.0,199,44,1,False,neutral,False,True,True,False,1,1,0,0,1,0,0
3598,2181103324,Eucerin,2025-08-01,5.0,73,16,1,False,neutral,False,False,False,False,1,0,0,0,0,0,0
3599,2181103324,Eucerin,2025-08-01,5.0,42,10,1,False,,,,,,0,0,0,0,0,0,0
3600,2181103324,Eucerin,2025-07-01,5.0,45,11,1,False,,,,,,0,0,0,0,0,0,0
3601,2181103324,Eucerin,2025-07-01,5.0,128,32,1,False,positive,False,True,True,False,0,0,1,0,0,0,0
3602,2181103324,Eucerin,2025-07-01,5.0,261,61,1,False,neutral,False,True,True,False,1,0,0,0,0,0,1
3603,2181103324,Eucerin,2025-07-01,5.0,127,32,1,False,neutral,False,False,False,False,0,0,0,0,0,0,1
3604,2181103324,Eucerin,2025-07-01,5.0,154,32,1,False,neutral,False,False,False,False,0,0,1,1,0,0,0
3605,2181103324,Eucerin,2025-07-01,5.0,59,13,1,False,positive,False,True,False,False,1,0,0,0,0,0,0
3606,2181103324,Eucerin,2025-07-01,5.0,50,12,1,False,neutral,False,False,False,False,1,0,0,0,0,0,0
3607,2181103324,Eucerin,2025-06-01,5.0,113,27,1,False,positive,False,True,False,False,1,0,0,0,0,0,0
3608,2181103324,Eucerin,2025-06-01,5.0,117,24,1,False,positive,False,True,False,False,1,0,0,0,0,1,0
3609,2181103324,Eucerin,2025-06-01,5.0,139,32,1,False,positive,False,True,True,False,1,0,0,0,0,0,0
3610,2181103324,Eucerin,2025-06-01,5.0,51,12,1,False,neutral,False,False,False,False,1,0,0,0,0,0,0
3611,2181103324,Eucerin,2025-05-01,5.0,184,43,1,False,positive,False,True,True,False,1,0,0,0,0,0,0
3612,2181103324,Eucerin,2025-05-01,5.0,50,11,1,False,,,,,,0,0,0,0,0,0,0
3613,2181103324,Eucerin,2025-05-01,5.0,124,28,1,False,neutral,False,False,False,False,1,0,0,0,0,0,0
3614,2181103324,Eucerin,2025-05-01,5.0,115,28,1,False,neutral,False,True,True,False,1,0,0,0,0,0,0
3615,2181103324,Eucerin,2025-05-01,5.0,82,18,1,False,positive,False,True,False,False,1,0,0,0,0,0,0
3616,2181103324,Eucerin,2025-05-01,5.0,50,12,1,False,,,,,,0,0,0,0,0,0,0
3617,2181103324,Eucerin,2025-05-01,5.0,112,25,1,False,neutral,False,False,False,False,1,0,0,0,0,0,0
3618,2181103324,Eucerin,2025-05-01,5.0,32,7,1,False,positive,False,True,False,False,0,0,0,0,1,0,0
3619,2181103324,Eucerin,2025-05-01,5.0,80,17,1,False,neutral,False,False,False,False,1,0,1,0,0,0,0
3620,2181103324,Eucerin,2025-05-01,5.0,117,26,1,False,positive,False,True,False,False,1,0,0,0,1,0,0
3621,2181103324,Eucerin,2025-05-01,5.0,266,63,1,False,positive,False,True,True,False,1,0,0,0,0,0,0
3622,2181103324,Eucerin,2025-05-01,5.0,103,24,1,False,,,,,,0,0,0,0,0,0,0
3623,2181103324,Eucerin,2025-05-01,5.0,209,50,1,False,neutral,False,True,True,False,1,0,0,0,0,0,0
3624,2181103324,Eucerin,2025-05-01,5.0,79,19,1,False,,,,,,0,0,0,0,0,0,0
3625,2181103324,Eucerin,2025-05-01,5.0,81,19,1,False,neutral,False,False,False,False,1,0,0,0,0,0,0
3626,2181103324,Eucerin,2025-05-01,5.0,132,31,1,False,,,,,,0,0,0,0,0,0,0
3627,2181103324,Eucerin,2025-05-01,5.0,30,7,4,False,,,,,,0,0,0,0,0,0,0
3628,2181103324,Eucerin,2025-05-01,5.0,91,20,1,False,positive,False,True,False,False,1,0,0,0,0,0,0
3629,2181103324,Eucerin,2025-05-01,5.0,106,25,1,False,neutral,False,False,False,False,1,0,0,0,0,0,0
3630,2181103324,Eucerin,2025-05-01,5.0,95,19,1,False,positive,False,True,False,False,1,0,0,0,1,1,0
3631,2181103324,Eucerin,2025-05-01,5.0,124,28,1,False,neutral,False,False,False,False,1,0,0,0,0,0,0
3632,2181103324,Eucerin,2025-04-01,5.0,37,9,1,False,,,,,,0,0,0,0,0,0,0
3633,2181103324,Eucerin,2025-04-01,5.0,100,23,1,False,,,,,,0,0,0,0,0,0,0
3634,2181103324,Eucerin,2025-04-01,5.0,76,18,1,False,positive,False,True,False,False,1,0,0,0,0,0,0
3635,2181103324,Eucerin,2025-04-01,5.0,71,16,1,False,,,,,,0,0,0,0,0,0,0
3636,2181103324,Eucerin,2025-04-01,5.0,79,18,1,False,,,,,,0,0,0,0,0,0,0
3637,2181103324,Eucerin,2025-04-01,5.0,167,38,1,False,positive,False,True,False,False,1,0,0,0,1,0,0
3638,2181103324,Eucerin,2025-04-01,5.0,209,48,1,False,positive,False,True,False,False,1,0,0,0,0,0,0
3639,2181103324,Eucerin,2025-04-01,5.0,90,18,1,False,positive,False,True,False,False,1,0,0,0,1,0,0
3640,2181103324,Eucerin,2025-04-01,5.0,101,24,1,False,neutral,False,False,False,False,1,0,0,0,0,0,0
3641,2181103324,Eucerin,2025-04-01,5.0,86,19,1,False,,,,,,0,0,0,0,0,0,0
3642,2181103324,Eucerin,2025-04-01,5.0,121,28,1,False,,,,,,0,0,0,0,0,0,0
3643,2181103324,Eucerin,2025-04-01,5.0,84,20,1,False,positive,False,True,False,False,1,0,0,0,0,0,0
3644,2181103324,Eucerin,2025-04-01,5.0,116,26,1,False,positive,False,True,False,False,1,0,0,0,0,0,0
3645,2181103324,Eucerin,2025-04-01,5.0,109,25,1,False,positive,False,True,False,False,1,0,0,0,0,0,0
3646,2181103324,Eucerin,2025-04-01,5.0,102,23,1,False,neutral,False,False,False,False,1,0,0,0,0,0,0
3647,2181103324,Eucerin,2025-04-01,5.0,74,16,1,False,,,,,,0,0,0,0,0,0,0
3648,2181103324,Eucerin,2025-04-01,5.0,118,26,1,False,neutral,False,True,True,False,1,1,1,1,0,0,0
3649,2181103324,Eucerin,2025-03-01,5.0,87,20,1,False,,,,,,0,0,0,0,0,0,0
3650,2181103324,Eucerin,2025-03-01,5.0,60,14,1,False,neutral,False,False,False,False,0,0,0,0,1,0,0
3651,2181103324,Eucerin,2025-03-01,5.0,75,17,1,False,neutral,False,False,False,False,1,0,0,0,0,0,0
3652,2181103324,Eucerin,2025-03-01,5.0,62,15,1,False,positive,False,True,False,False,1,0,0,0,0,0,0
3653,2181103324,Eucerin,2025-03-01,5.0,122,28,1,False,,,,,,0,0,0,0,0,0,0
3654,2181103324,Eucerin,2025-03-01,5.0,52,11,1,False,positive,False,True,False,False,1,0,0,0,0,0,0
3655,2181103324,Eucerin,2025-03-01,5.0,157,37,1,False,,,,,,0,0,0,0,0,0,0
3656,2181103324,Eucerin,2025-03-01,5.0,122,25,1,False,positive,False,True,True,False,1,0,0,0,1,0,0
3657,2181103324,Eucerin,2025-03-01,5.0,134,32,1,False,,,,,,0,0,0,0,0,0,0
3658,2181103324,Eucerin,2025-03-01,5.0,105,25,1,False,neutral,False,False,False,False,1,0,0,0,0,0,0
3659,2120397072,Eucerin,2020-11-01,1.0,80,18,1,False,,,,,,0,0,0,0,0,0,0
3660,2120397072,Eucerin,2023-06-01,3.0,74,17,1,False,neutral,False,False,False,False,0,1,0,0,0,0,0
3661,2120397072,Eucerin,2021-05-01,3.0,12,3,1,False,neutral,False,False,False,False,0,0,0,0,1,0,0
3662,2120397072,Eucerin,2025-01-01,4.0,84,20,1,False,,,,,,0,0,0,0,0,0,0
3663,2120397072,Eucerin,2023-07-01,4.0,165,37,1,False,,,,,,0,0,0,0,0,0,0
3664,2120397072,Eucerin,2022-10-01,4.0,78,19,1,False,neutral,False,False,False,False,0,1,0,0,0,0,0
3665,2120397072,Eucerin,2022-07-01,4.0,158,37,1,False,positive,False,True,True,False,1,1,0,0,0,0,1
3666,2120397072,Eucerin,2021-07-01,4.0,75,15,1,False,neutral,False,False,False,False,0,1,0,0,0,0,0
3667,2120397072,Eucerin,2026-04-01,5.0,75,17,1,False,positive,False,True,True,False,1,0,0,0,0,0,0
3668,2120397072,Eucerin,2026-03-01,5.0,12,3,10,True,,,,,,0,0,0,0,0,0,0
3669,2120397072,Eucerin,2025-12-01,5.0,215,46,1,False,neutral,False,True,True,False,1,1,0,1,1,1,0
3670,2120397072,Eucerin,2025-11-01,5.0,97,22,1,False,positive,False,True,True,False,1,0,0,0,1,1,0
3671,2120397072,Eucerin,2025-11-01,5.0,37,9,1,False,positive,False,True,False,False,1,0,0,0,0,0,0
3672,2120397072,Eucerin,2025-09-01,5.0,68,16,1,False,neutral,False,False,False,False,1,1,0,0,0,0,0
3673,2120397072,Eucerin,2025-08-01,5.0,266,62,1,False,positive,False,True,False,False,1,0,0,0,0,0,0
3674,2120397072,Eucerin,2025-08-01,5.0,79,17,2,False,neutral,False,True,True,False,0,1,1,0,0,0,0
3675,2120397072,Eucerin,2025-06-01,5.0,61,13,1,False,negative,True,True,True,True,0,1,1,0,0,0,0
3676,2120397072,Eucerin,2025-05-01,5.0,70,15,1,False,positive,False,True,True,False,1,0,0,0,1,0,0
3677,2120397072,Eucerin,2025-05-01,5.0,307,61,1,False,neutral,False,True,True,False,1,1,0,0,1,0,1
3678,2120397072,Eucerin,2025-05-01,5.0,104,26,1,False,positive,False,True,True,False,1,0,0,0,1,0,0
3679,2120397072,Eucerin,2025-04-01,5.0,74,17,1,False,positive,False,True,True,False,1,1,0,0,0,0,0
3680,2120397072,Eucerin,2025-04-01,5.0,119,26,1,False,positive,False,True,True,False,1,0,0,0,1,1,0
3681,2120397072,Eucerin,2025-04-01,5.0,117,26,1,False,neutral,False,True,True,False,0,0,0,1,1,0,0
3682,2120397072,Eucerin,2025-04-01,5.0,21,5,1,False,,,,,,0,0,0,0,0,0,0
3683,2120397072,Eucerin,2025-04-01,5.0,75,17,1,False,neutral,False,True,True,False,0,1,0,1,0,0,0
3684,2120397072,Eucerin,2025-04-01,5.0,86,19,1,False,positive,False,True,False,False,1,1,0,0,0,0,0
3685,2120397072,Eucerin,2025-04-01,5.0,229,51,1,False,positive,False,True,True,False,1,1,0,0,0,1,0
3686,2120397072,Eucerin,2025-03-01,5.0,106,26,1,False,positive,False,True,True,False,1,1,0,0,1,0,0
3687,2120397072,Eucerin,2025-03-01,5.0,32,7,3,False,positive,False,True,False,False,1,0,0,0,0,0,0
3688,2120397072,Eucerin,2025-03-01,5.0,120,27,1,False,neutral,False,True,True,False,1,0,0,0,1,1,0
3689,2120397072,Eucerin,2025-03-01,5.0,134,32,1,False,neutral,False,False,False,False,1,1,0,0,0,1,0
3690,2120397072,Eucerin,2025-03-01,5.0,96,22,1,False,positive,False,True,True,False,1,0,0,0,1,0,0
3691,2120397072,Eucerin,2025-03-01,5.0,81,18,1,False,neutral,False,False,False,False,1,0,0,0,1,0,0
3692,2120397072,Eucerin,2025-03-01,5.0,25,6,1,False,,,,,,0,0,0,0,0,0,0
3693,2120397072,Eucerin,2025-03-01,5.0,180,35,1,False,neutral,False,False,False,False,1,0,0,0,0,0,0
3694,2120397072,Eucerin,2025-02-01,5.0,76,19,1,False,neutral,False,False,False,False,1,0,0,0,0,0,0
3695,2120397072,Eucerin,2025-02-01,5.0,81,19,1,False,,,,,,0,0,0,0,0,0,0
3696,2120397072,Eucerin,2025-02-01,5.0,37,8,1,False,neutral,False,True,True,False,0,0,1,1,0,0,0
3697,2120397072,Eucerin,2025-01-01,5.0,32,7,3,False,positive,False,True,False,False,1,0,0,0,0,0,0
3698,2120397072,Eucerin,2025-01-01,5.0,143,36,1,False,,,,,,0,0,0,0,0,0,0
3699,2120397072,Eucerin,2025-01-01,5.0,91,21,1,False,neutral,False,False,False,False,1,0,0,0,0,1,0
3700,2120397072,Eucerin,2025-01-01,5.0,69,14,1,False,,,,,,0,0,0,0,0,0,0
3701,2120397072,Eucerin,2025-01-01,5.0,177,41,1,False,neutral,False,True,True,False,1,1,0,1,0,0,1
3702,2120397072,Eucerin,2024-12-01,5.0,19,5,1,False,neutral,False,False,False,False,0,0,0,0,1,0,0
3703,2120397072,Eucerin,2024-12-01,5.0,87,18,1,False,positive,False,True,True,False,1,0,0,0,0,0,0
3704,2120397072,Eucerin,2024-12-01,5.0,97,24,1,False,neutral,False,True,True,False,1,0,0,0,0,0,0
3705,2120397072,Eucerin,2024-12-01,5.0,169,40,1,False,neutral,False,False,False,False,0,1,0,0,1,1,0
3706,2120397072,Eucerin,2024-12-01,5.0,65,16,1,False,neutral,False,False,False,False,0,0,0,0,1,0,0
3707,2120397072,Eucerin,2024-12-01,5.0,88,21,1,False,neutral,False,False,False,False,1,0,0,0,0,0,0
3708,2120397072,Eucerin,2024-12-01,5.0,81,17,1,False,positive,False,True,True,False,1,1,0,0,0,1,0
3709,2120397072,Eucerin,2024-12-01,5.0,118,29,1,False,positive,False,True,True,False,1,0,0,0,1,0,0
3710,2120397072,Eucerin,2024-12-01,5.0,87,20,1,False,positive,False,True,True,False,1,0,0,0,1,0,0
3711,2120397072,Eucerin,2024-12-01,5.0,76,19,1,False,positive,False,True,False,False,1,0,0,0,0,0,0
3712,2120397072,Eucerin,2024-11-01,5.0,142,34,1,False,neutral,False,True,True,False,1,1,0,0,1,1,0
3713,2120397072,Eucerin,2024-11-01,5.0,15,4,1,False,,,,,,0,0,0,0,0,0,0
3714,2120397072,Eucerin,2024-11-01,5.0,30,7,1,False,neutral,False,False,False,False,1,0,0,0,0,0,0
3715,2120397072,Eucerin,2024-11-01,5.0,67,16,1,False,neutral,False,False,False,False,1,0,0,0,1,0,0
3716,2120397072,Eucerin,2024-11-01,5.0,101,25,1,False,neutral,False,True,True,False,1,0,0,0,1,0,0
3717,2120397072,Eucerin,2024-11-01,5.0,144,35,1,False,neutral,False,False,False,False,1,1,0,0,1,0,0
3718,2120397072,Eucerin,2024-11-01,5.0,38,11,1,False,,,,,,0,0,0,0,0,0,0
3719,2120397072,Eucerin,2024-11-01,5.0,199,45,1,False,neutral,False,True,True,False,0,0,1,0,0,0,0
3720,2120397072,Eucerin,2024-11-01,5.0,115,26,1,False,positive,False,True,True,False,1,0,0,1,0,0,0
3721,2120397072,Eucerin,2024-11-01,5.0,75,16,1,False,positive,False,True,False,False,1,0,0,0,0,1,0
3722,2120397072,Eucerin,2024-10-01,5.0,229,54,1,False,neutral,False,True,True,False,1,0,0,0,1,1,0
3723,2120397072,Eucerin,2024-10-01,5.0,80,18,1,False,positive,False,True,True,False,1,1,0,0,0,0,0
3724,2120397072,Eucerin,2024-10-01,5.0,81,19,1,False,positive,False,True,False,False,1,0,0,0,0,0,0
3725,2120397072,Eucerin,2024-10-01,5.0,212,51,1,False,neutral,False,True,True,False,1,1,0,0,0,0,0
3726,2120397072,Eucerin,2024-10-01,5.0,54,12,1,False,positive,False,True,False,False,1,0,0,0,0,0,0
3727,2120397072,Eucerin,2024-10-01,5.0,51,11,1,False,positive,False,True,True,False,1,0,0,0,1,0,0
3728,2120397072,Eucerin,2024-10-01,5.0,186,43,1,False,neutral,False,True,True,False,1,0,0,0,1,1,0
3729,2120397072,Eucerin,2024-10-01,5.0,115,28,1,False,neutral,False,True,True,False,1,0,0,0,0,0,0
3730,2120397072,Eucerin,2024-10-01,5.0,237,56,1,False,neutral,False,False,False,False,0,1,0,0,0,0,0
3731,2120397072,Eucerin,2024-10-01,5.0,87,21,1,False,neutral,False,False,False,False,1,0,0,0,1,0,0
3732,2120397072,Eucerin,2024-09-01,5.0,93,19,1,False,positive,False,True,True,False,1,0,0,0,1,0,0
3733,2120397072,Eucerin,2024-09-01,5.0,116,27,1,False,positive,False,True,True,False,1,0,0,0,0,0,0
3734,2120397072,Eucerin,2024-09-01,5.0,238,55,1,False,positive,False,True,True,False,1,0,0,0,1,1,0
3735,2120397072,Eucerin,2024-09-01,5.0,64,15,1,False,neutral,False,False,False,False,0,0,1,0,0,0,0
3736,2120397072,Eucerin,2024-09-01,5.0,102,24,1,False,positive,False,True,True,False,1,0,0,0,1,0,0
3737,2120397072,Eucerin,2024-09-01,5.0,84,20,1,False,neutral,False,False,False,False,1,0,0,0,1,1,0
3738,2120397072,Eucerin,2024-09-01,5.0,149,34,1,False,neutral,False,True,True,False,1,1,0,0,0,0,0
3739,2120397072,Eucerin,2024-09-01,5.0,127,30,1,False,neutral,False,True,True,False,1,0,0,0,1,1,0
3740,2120397072,Eucerin,2024-09-01,5.0,97,23,1,False,neutral,False,True,True,False,1,0,0,0,0,0,0
3741,2120397072,Eucerin,2024-08-01,5.0,72,16,1,False,neutral,False,False,False,False,0,0,1,1,0,0,0
3742,2120397072,Eucerin,2024-08-01,5.0,108,25,1,False,neutral,False,False,False,False,1,0,0,0,1,0,0
3743,2120397072,Eucerin,2024-06-01,5.0,7,2,1,True,,,,,,0,0,0,0,0,0,0
3744,2120397072,Eucerin,2024-06-01,5.0,15,4,1,False,neutral,False,False,False,False,1,0,0,0,0,0,0
3745,2120397072,Eucerin,2024-05-01,5.0,102,23,1,False,neutral,False,True,True,False,1,0,0,0,0,1,0
3746,2120397072,Eucerin,2024-05-01,5.0,117,30,2,False,positive,False,True,False,False,1,0,0,0,0,0,0
3747,2120397072,Eucerin,2024-05-01,5.0,82,20,1,False,neutral,False,False,False,False,0,0,0,0,1,0,0
3748,2120397072,Eucerin,2024-04-01,5.0,62,12,1,False,,,,,,0,0,0,0,0,0,0
3749,2120397072,Eucerin,2024-04-01,5.0,107,26,1,False,neutral,False,False,False,False,1,0,0,0,0,0,0
3750,2120397072,Eucerin,2024-04-01,5.0,86,20,1,False,neutral,False,False,False,False,1,1,0,0,0,0,0
3751,2120397072,Eucerin,2024-04-01,5.0,65,15,1,False,positive,False,True,True,False,1,0,0,0,1,0,0
3752,2120397072,Eucerin,2024-04-01,5.0,91,21,1,False,neutral,False,False,False,False,1,0,0,0,1,0,0
3753,2120397072,Eucerin,2024-04-01,5.0,14,3,4,False,positive,False,True,False,False,0,0,1,0,0,0,0
3754,2120397072,Eucerin,2024-04-01,5.0,174,40,1,False,positive,False,True,False,False,1,0,1,0,0,0,1
3755,2120397072,Eucerin,2024-04-01,5.0,92,20,1,False,positive,False,True,True,False,0,0,1,0,0,0,1
3756,2120397072,Eucerin,2024-04-01,5.0,71,16,1,False,positive,False,True,False,False,0,0,0,0,1,0,0
3757,2120397072,Eucerin,2024-03-01,5.0,73,16,1,False,neutral,False,False,False,False,0,1,0,0,0,0,0
3758,2120397072,Eucerin,2024-03-01,5.0,79,17,1,False,neutral,False,False,False,False,0,1,0,1,0,0,0
3759,2120246857,Eucerin,2025-07-01,1.0,33,6,1,False,neutral,False,False,False,False,0,0,0,1,0,0,0
3760,2120246857,Eucerin,2025-03-01,1.0,179,43,1,False,neutral,False,False,False,False,0,1,0,0,0,0,0
3761,2120246857,Eucerin,2022-11-01,1.0,36,9,1,False,,,,,,0,0,0,0,0,0,0
3762,2120246857,Eucerin,2022-04-01,1.0,26,8,1,False,,,,,,0,0,0,0,0,0,0
3763,2120246857,Eucerin,2025-01-01,2.0,247,55,1,False,,,,,,0,0,0,0,0,0,0
3764,2120246857,Eucerin,2024-08-01,2.0,128,29,1,False,,,,,,0,0,0,0,0,0,0
3765,2120246857,Eucerin,2024-10-01,3.0,130,31,1,False,neutral,False,False,False,False,0,0,0,0,0,0,1
3766,2120246857,Eucerin,2022-06-01,3.0,150,32,1,False,neutral,False,False,False,False,1,0,0,0,0,0,0
3767,2120246857,Eucerin,2021-10-01,3.0,11,3,1,False,,,,,,0,0,0,0,0,0,0
3768,2120246857,Eucerin,2021-05-01,3.0,52,13,1,False,,,,,,0,0,0,0,0,0,0
3769,2120246857,Eucerin,2025-06-01,4.0,295,59,1,False,neutral,True,True,True,True,1,1,0,0,1,1,0
3770,2120246857,Eucerin,2024-09-01,4.0,169,37,1,False,neutral,False,False,False,False,0,0,0,0,1,0,0
3771,2120246857,Eucerin,2024-02-01,4.0,87,19,1,False,neutral,True,False,True,True,1,1,0,0,0,0,0
3772,2120246857,Eucerin,2024-02-01,4.0,54,12,1,False,neutral,False,False,False,False,0,0,0,0,1,0,0
3773,2120246857,Eucerin,2023-10-01,4.0,242,54,1,False,positive,False,True,False,False,1,0,1,0,1,0,0
3774,2120246857,Eucerin,2023-06-01,4.0,39,6,1,False,positive,False,True,False,False,1,0,1,0,1,0,0
3775,2120246857,Eucerin,2023-02-01,4.0,86,22,1,False,,,,,,0,0,0,0,0,0,0
3776,2120246857,Eucerin,2022-05-01,4.0,103,23,1,False,neutral,True,False,True,True,0,0,0,0,1,0,0
3777,2120246857,Eucerin,2021-11-01,4.0,27,7,1,False,,,,,,0,0,0,0,0,0,0
3778,2120246857,Eucerin,2021-04-01,4.0,51,12,1,False,,,,,,0,0,0,0,0,0,0
3779,2120246857,Eucerin,2025-12-01,5.0,177,38,2,False,positive,False,True,True,False,1,1,1,1,1,0,0
3780,2120246857,Eucerin,2025-11-01,5.0,147,33,1,False,neutral,False,True,True,False,1,0,0,0,0,0,0
3781,2120246857,Eucerin,2025-11-01,5.0,146,33,1,False,neutral,False,True,True,False,1,0,1,0,1,0,0
3782,2120246857,Eucerin,2025-11-01,5.0,43,8,1,False,positive,False,True,False,False,1,0,0,0,1,1,0
3783,2120246857,Eucerin,2025-10-01,5.0,94,21,1,False,positive,False,True,True,False,1,0,0,0,1,0,0
3784,2120246857,Eucerin,2025-10-01,5.0,150,32,1,False,neutral,False,False,False,False,1,0,0,0,1,0,0
3785,2120246857,Eucerin,2025-10-01,5.0,14,3,4,False,positive,False,True,False,False,0,0,1,0,0,0,0
3786,2120246857,Eucerin,2025-09-01,5.0,64,14,1,False,neutral,False,False,False,False,1,0,0,0,0,0,0
3787,2120246857,Eucerin,2025-09-01,5.0,91,20,1,False,neutral,False,False,False,False,0,1,0,0,0,0,0
3788,2120246857,Eucerin,2025-09-01,5.0,87,14,3,False,positive,False,True,False,False,0,0,1,0,0,0,1
3789,2120246857,Eucerin,2025-09-01,5.0,127,27,1,False,positive,False,True,True,False,1,0,0,0,1,0,0
3790,2120246857,Eucerin,2025-09-01,5.0,62,13,1,False,,,,,,0,0,0,0,0,0,0
3791,2120246857,Eucerin,2025-09-01,5.0,65,14,1,False,neutral,False,False,False,False,0,0,0,0,1,0,0
3792,2120246857,Eucerin,2025-08-01,5.0,63,14,1,False,positive,False,True,False,False,0,0,0,0,1,0,0
3793,2120246857,Eucerin,2025-08-01,5.0,145,33,1,False,positive,False,True,True,False,1,0,0,0,1,0,0
3794,2120246857,Eucerin,2025-07-01,5.0,190,42,1,False,positive,True,True,True,True,1,1,0,0,1,1,0
3795,2120246857,Eucerin,2025-07-01,5.0,168,38,1,False,neutral,True,False,True,True,1,0,1,0,0,0,0
3796,2120246857,Eucerin,2025-07-01,5.0,62,12,1,False,positive,False,True,False,False,0,0,0,0,1,0,0
3797,2120246857,Eucerin,2025-07-01,5.0,146,33,1,False,,,,,,0,0,0,0,0,0,0
3798,2120246857,Eucerin,2025-07-01,5.0,167,38,1,False,positive,False,True,False,False,1,0,0,0,1,0,0
3799,2120246857,Eucerin,2025-06-01,5.0,124,29,1,False,neutral,False,True,True,False,1,0,0,0,1,0,0
3800,2120246857,Eucerin,2025-06-01,5.0,106,23,1,False,neutral,False,False,False,False,1,0,0,0,1,0,0
3801,2120246857,Eucerin,2025-06-01,5.0,237,55,1,False,neutral,False,True,True,False,1,0,0,0,1,0,0
3802,2120246857,Eucerin,2025-06-01,5.0,91,20,1,False,positive,False,True,True,False,1,0,0,0,1,0,0
3803,2120246857,Eucerin,2025-05-01,5.0,116,26,1,False,neutral,False,False,False,False,1,0,0,0,0,0,0
3804,2120246857,Eucerin,2025-05-01,5.0,100,22,1,False,positive,False,True,True,False,1,0,0,0,1,0,0
3805,2120246857,Eucerin,2025-05-01,5.0,143,30,1,False,positive,False,True,True,False,1,0,0,0,0,0,0
3806,2120246857,Eucerin,2025-04-01,5.0,99,23,1,False,positive,False,True,True,False,1,0,0,0,0,0,0
3807,2120246857,Eucerin,2025-04-01,5.0,90,19,1,False,neutral,False,False,False,False,1,0,0,0,0,0,0
3808,2120246857,Eucerin,2025-04-01,5.0,113,25,1,False,neutral,False,True,True,False,1,0,0,0,0,0,0
3809,2120246857,Eucerin,2025-04-01,5.0,108,23,1,False,positive,False,True,True,False,1,0,0,0,1,0,0
3810,2120246857,Eucerin,2025-04-01,5.0,102,22,1,False,positive,False,True,True,False,1,0,0,0,1,0,0
3811,2120246857,Eucerin,2025-04-01,5.0,192,43,1,False,positive,False,True,True,False,1,0,0,0,1,0,0
3812,2120246857,Eucerin,2025-04-01,5.0,120,27,1,False,positive,False,True,True,False,1,0,0,0,1,0,0
3813,2120246857,Eucerin,2025-03-01,5.0,69,14,1,False,,,,,,0,0,0,0,0,0,0
3814,2120246857,Eucerin,2025-03-01,5.0,123,29,1,False,positive,False,True,True,False,1,0,0,0,1,0,0
3815,2120246857,Eucerin,2025-03-01,5.0,31,5,1,False,positive,False,True,True,False,1,1,0,0,0,0,0
3816,2120246857,Eucerin,2025-03-01,5.0,64,14,3,False,neutral,False,True,True,False,0,0,1,0,0,0,0
3817,2120246857,Eucerin,2025-03-01,5.0,86,18,1,False,neutral,False,False,False,False,0,0,0,0,1,0,0
3818,2120246857,Eucerin,2025-03-01,5.0,101,23,1,False,positive,False,True,True,False,1,0,0,0,1,0,0
3819,2120246857,Eucerin,2025-03-01,5.0,121,25,1,False,neutral,False,True,True,False,1,0,0,0,0,0,0
3820,2120246857,Eucerin,2025-03-01,5.0,84,20,1,False,positive,False,True,False,False,1,0,0,0,0,0,0
3821,2120246857,Eucerin,2025-03-01,5.0,133,31,1,False,neutral,False,False,False,False,1,0,0,0,0,0,0
3822,2120246857,Eucerin,2025-02-01,5.0,76,15,1,False,neutral,False,False,False,False,1,0,0,0,0,0,0
3823,2120246857,Eucerin,2025-02-01,5.0,149,35,1,False,positive,False,True,True,False,1,0,0,0,1,0,0
3824,2120246857,Eucerin,2025-02-01,5.0,86,19,1,False,neutral,False,False,False,False,1,0,0,0,0,0,0
3825,2120246857,Eucerin,2025-01-01,5.0,109,23,1,False,positive,False,True,True,False,1,1,0,0,1,0,0
3826,2120246857,Eucerin,2025-01-01,5.0,98,22,1,False,positive,False,True,True,False,1,0,0,0,0,0,0
3827,2120246857,Eucerin,2025-01-01,5.0,93,14,1,False,positive,False,True,False,False,1,1,0,0,0,1,0
3828,2120246857,Eucerin,2025-01-01,5.0,101,24,1,False,neutral,False,True,True,False,1,0,0,0,0,0,0
3829,2120246857,Eucerin,2025-01-01,5.0,131,29,1,False,neutral,False,True,True,False,1,0,0,0,0,0,0
3830,2120246857,Eucerin,2025-01-01,5.0,188,39,1,False,neutral,False,True,True,False,1,0,0,0,1,0,0
3831,2120246857,Eucerin,2024-12-01,5.0,18,4,1,False,neutral,False,False,False,False,0,0,0,0,1,0,0
3832,2120246857,Eucerin,2024-12-01,5.0,73,17,1,False,positive,False,True,False,False,1,0,0,0,0,0,0
3833,2120246857,Eucerin,2024-12-01,5.0,68,16,1,False,neutral,False,False,False,False,0,0,0,1,0,0,0
3834,2120246857,Eucerin,2024-12-01,5.0,72,17,1,False,positive,False,True,True,False,1,0,0,0,0,0,0
3835,2120246857,Eucerin,2024-12-01,5.0,134,27,1,False,neutral,False,False,False,False,1,0,0,0,1,0,0
3836,2120246857,Eucerin,2024-12-01,5.0,68,15,1,False,,,,,,0,0,0,0,0,0,0
3837,2120246857,Eucerin,2024-12-01,5.0,102,22,1,False,neutral,True,False,True,True,0,0,1,0,0,0,0
3838,2120246857,Eucerin,2024-12-01,5.0,80,17,1,False,neutral,False,False,False,False,1,0,0,0,1,0,0
3839,2120246857,Eucerin,2024-12-01,5.0,103,24,1,False,neutral,False,False,False,False,1,0,0,0,0,0,0
3840,2120246857,Eucerin,2024-11-01,5.0,64,13,1,False,positive,False,True,False,False,0,0,0,0,1,0,0
3841,2120246857,Eucerin,2024-11-01,5.0,136,28,1,False,positive,False,True,True,False,1,1,0,1,0,0,0
3842,2120246857,Eucerin,2024-11-01,5.0,223,52,1,False,positive,False,True,True,False,1,0,0,0,1,0,0
3843,2120246857,Eucerin,2024-10-01,5.0,102,22,1,False,positive,False,True,True,False,1,0,0,0,1,0,0
3844,2120246857,Eucerin,2024-10-01,5.0,16,4,1,False,,,,,,0,0,0,0,0,0,0
3845,2120246857,Eucerin,2024-10-01,5.0,70,17,1,False,neutral,False,True,True,False,1,0,0,0,0,0,0
3846,2120246857,Eucerin,2024-10-01,5.0,94,20,1,False,positive,False,True,False,False,0,0,0,0,1,0,0
3847,2120246857,Eucerin,2024-10-01,5.0,131,29,1,False,neutral,False,True,True,False,1,0,0,0,1,0,0
3848,2120246857,Eucerin,2024-10-01,5.0,23,6,1,False,neutral,False,False,False,False,1,0,0,0,0,0,0
3849,2120246857,Eucerin,2024-10-01,5.0,16,4,2,False,positive,False,True,False,False,1,0,0,0,0,0,0
3850,2120246857,Eucerin,2024-09-01,5.0,136,29,1,False,neutral,False,False,False,False,1,0,0,0,0,0,0
3851,2120246857,Eucerin,2024-09-01,5.0,97,22,1,False,positive,False,True,True,False,1,0,0,0,1,0,0
3852,2120246857,Eucerin,2024-09-01,5.0,103,24,1,False,neutral,False,True,True,False,1,0,0,0,0,0,0
3853,2120246857,Eucerin,2024-09-01,5.0,79,19,1,False,positive,False,True,True,False,1,0,0,0,0,0,1
3854,2120246857,Eucerin,2024-09-01,5.0,70,17,1,False,neutral,False,False,False,False,0,0,0,0,0,0,1
3855,2120246857,Eucerin,2024-09-01,5.0,64,14,1,False,positive,False,True,False,False,1,0,0,0,0,0,1
3856,2120246857,Eucerin,2024-09-01,5.0,187,44,1,False,positive,False,True,False,False,1,0,0,0,0,0,0
3857,2120246857,Eucerin,2024-09-01,5.0,99,22,1,False,positive,False,True,False,False,1,0,0,0,0,0,0
3858,2120246857,Eucerin,2024-08-01,5.0,94,22,1,False,,,,,,0,0,0,0,0,0,0
3859,2120246857,Eucerin,2024-08-01,5.0,14,4,1,False,,,,,,0,0,0,0,0,0,0
3860,2120246857,Eucerin,2024-08-01,5.0,84,18,1,False,positive,False,True,True,False,1,0,0,0,0,0,0
3861,2120246857,Eucerin,2024-08-01,5.0,134,29,1,False,neutral,False,True,True,False,1,0,0,0,1,0,0
3862,2120246857,Eucerin,2024-08-01,5.0,196,41,1,False,positive,False,True,False,False,1,0,0,0,0,0,0
3863,2120246857,Eucerin,2024-08-01,5.0,142,31,1,False,neutral,False,True,True,False,1,0,0,0,1,0,0
3864,2120246857,Eucerin,2024-07-01,5.0,67,15,1,False,neutral,False,False,False,False,1,0,0,0,1,0,0
3865,2120246857,Eucerin,2024-07-01,5.0,65,15,1,False,positive,False,True,True,False,1,0,0,0,1,0,0
3866,2120246857,Eucerin,2024-07-01,5.0,142,31,1,False,neutral,False,True,True,False,1,0,0,0,1,0,0
3867,2120246857,Eucerin,2024-06-01,5.0,262,58,1,False,neutral,False,True,True,False,1,0,0,0,1,0,0
3868,2120246857,Eucerin,2024-06-01,5.0,84,19,1,False,neutral,False,False,False,False,0,0,0,0,1,0,0
3869,2120246857,Eucerin,2024-06-01,5.0,115,24,1,False,positive,False,True,True,False,0,1,0,1,1,0,0
3870,2120246857,Eucerin,2024-06-01,5.0,123,28,1,False,neutral,False,False,False,False,0,0,0,0,1,0,0
3871,2120246857,Eucerin,2024-06-01,5.0,151,32,1,False,neutral,False,False,False,False,1,0,0,0,0,0,0
3872,2120246857,Eucerin,2024-06-01,5.0,98,21,1,False,neutral,False,False,False,False,1,0,0,0,0,0,0
3873,2120246857,Eucerin,2024-06-01,5.0,66,15,1,False,neutral,False,False,False,False,1,0,0,0,1,0,0
3874,2583500030,Eucerin,2025-09-01,4.0,58,15,1,False,negative,True,False,False,True,0,0,1,0,0,0,0
3875,2583500030,Eucerin,2025-07-01,5.0,52,11,1,False,positive,False,True,False,False,1,0,0,0,1,0,0
3876,2583500030,Eucerin,2025-05-01,5.0,66,14,1,False,neutral,False,False,False,False,0,0,0,1,0,0,0
3877,2583500030,Eucerin,2025-05-01,5.0,94,21,1,False,positive,False,True,False,False,0,0,0,0,1,0,0
3878,2583500030,Eucerin,2025-03-01,5.0,55,11,1,False,positive,False,True,True,False,0,0,1,1,0,0,0
3879,2583500030,Eucerin,2025-03-01,5.0,147,32,1,False,positive,True,True,True,True,0,1,1,1,0,0,0
3880,2583500030,Eucerin,2025-01-01,5.0,92,22,1,False,neutral,False,True,True,False,1,0,0,0,1,0,0
3881,2583500030,Eucerin,2025-01-01,5.0,92,21,1,False,positive,False,True,False,False,0,0,0,0,1,0,0
3882,2583500030,Eucerin,2025-01-01,5.0,222,51,5,True,neutral,False,True,True,False,0,0,0,1,0,0,1
3883,2583500030,Eucerin,2025-01-01,5.0,86,19,1,False,positive,False,True,False,False,0,1,0,0,1,0,0
3884,2583500030,Eucerin,2024-10-01,5.0,113,26,1,False,neutral,False,False,False,False,1,0,0,0,0,0,0
3885,2583500030,Eucerin,2024-09-01,5.0,106,23,1,False,positive,False,True,True,False,1,0,0,0,1,0,0
3886,2583500030,Eucerin,2024-08-01,5.0,94,22,1,False,positive,False,True,True,False,1,0,0,0,1,0,0
3887,2583500030,Eucerin,2024-07-01,5.0,124,30,1,False,,,,,,0,0,0,0,0,0,0
3888,2583500030,Eucerin,2024-07-01,5.0,78,17,2,False,,,,,,0,0,0,0,0,0,0
3889,2583500030,Eucerin,2024-06-01,5.0,125,27,1,False,positive,False,True,True,False,1,1,1,0,1,0,0
3890,2583500030,Eucerin,2024-05-01,5.0,70,16,1,False,positive,False,True,True,False,1,0,0,0,0,0,0
3891,2583500030,Eucerin,2024-05-01,5.0,206,47,1,False,neutral,False,True,True,False,1,0,0,0,0,0,0
3892,2120334610,Eucerin,2025-03-01,2.0,27,7,1,False,neutral,False,False,False,False,0,0,0,1,0,0,0
3893,2120334610,Eucerin,2025-08-01,5.0,120,28,1,False,positive,False,True,False,False,1,0,0,0,1,0,0
3894,2120334610,Eucerin,2025-05-01,5.0,94,19,1,False,neutral,False,False,False,False,1,0,0,0,0,0,0
3895,2120334610,Eucerin,2025-03-01,5.0,65,16,1,False,positive,False,True,False,False,1,1,0,0,0,0,0
3896,2120334610,Eucerin,2025-02-01,5.0,57,13,1,False,positive,False,True,False,False,1,0,0,0,1,0,0
3897,2120334610,Eucerin,2025-01-01,5.0,266,59,1,False,,,,,,0,0,0,0,0,0,0
3898,2120334610,Eucerin,2024-12-01,5.0,47,10,1,False,positive,False,True,False,False,0,0,0,0,1,0,0
3899,2120334610,Eucerin,2024-12-01,5.0,26,8,1,False,,,,,,0,0,0,0,0,0,0
3900,2120334610,Eucerin,2024-08-01,5.0,91,22,1,False,neutral,False,False,False,False,1,0,0,0,0,0,0
3901,2120334610,Eucerin,2024-08-01,5.0,112,26,1,False,positive,False,True,True,False,1,1,0,0,1,0,0
3902,2120334610,Eucerin,2024-08-01,5.0,116,25,1,False,neutral,False,True,True,False,1,0,0,0,1,0,0
3903,2120334610,Eucerin,2024-08-01,5.0,63,14,1,False,,,,,,0,0,0,0,0,0,0
3904,2120334610,Eucerin,2024-08-01,5.0,141,35,1,False,positive,False,True,False,False,1,0,0,0,0,0,0
3905,2120334610,Eucerin,2024-07-01,5.0,21,5,1,False,positive,False,True,False,False,1,0,0,0,1,0,0
3906,2120334610,Eucerin,2024-07-01,5.0,23,5,1,False,,,,,,0,0,0,0,0,0,0
3907,2120334610,Eucerin,2024-07-01,5.0,15,4,2,False,,,,,,0,0,0,0,0,0,0
3908,2120334610,Eucerin,2024-07-01,5.0,73,15,1,False,neutral,False,False,False,False,1,0,0,0,1,0,0
3909,2120334610,Eucerin,2024-07-01,5.0,91,22,1,False,,,,,,0,0,0,0,0,0,0
3910,2120334610,Eucerin,2024-06-01,5.0,32,8,1,False,,,,,,0,0,0,0,0,0,0
3911,2120334610,Eucerin,2024-06-01,5.0,24,6,1,False,,,,,,0,0,0,0,0,0,0
3912,2120334610,Eucerin,2024-06-01,5.0,85,19,1,False,positive,False,True,False,False,1,0,0,0,0,0,0
3913,2120334610,Eucerin,2024-05-01,5.0,164,40,1,False,neutral,False,False,False,False,0,0,0,0,1,0,0
3914,2120334610,Eucerin,2024-03-01,5.0,73,16,1,False,positive,False,True,False,False,1,0,0,0,1,0,0
3915,2120334610,Eucerin,2024-02-01,5.0,64,15,1,False,,,,,,0,0,0,0,0,0,0
3916,2120334610,Eucerin,2024-01-01,5.0,120,26,1,False,positive,False,True,True,False,1,0,0,0,1,0,0
3917,2120334610,Eucerin,2024-01-01,5.0,65,16,4,False,positive,False,True,False,False,0,0,0,1,0,0,1
3918,2120334610,Eucerin,2023-11-01,5.0,90,20,1,False,neutral,False,False,False,False,0,0,0,0,1,0,0
3919,2120334610,Eucerin,2023-11-01,5.0,168,39,1,False,positive,False,True,False,False,1,0,0,0,1,0,0
3920,2120334610,Eucerin,2023-10-01,5.0,81,15,1,False,neutral,False,False,False,False,0,0,0,1,0,0,0
3921,2120334610,Eucerin,2023-08-01,5.0,89,19,1,False,positive,False,True,False,False,0,1,1,0,0,0,0
3922,2120334610,Eucerin,2023-08-01,5.0,87,20,1,False,neutral,False,True,True,False,0,0,0,1,0,0,1
3923,2120334610,Eucerin,2023-08-01,5.0,91,20,1,False,neutral,False,False,False,False,0,0,0,0,1,0,0
3924,2120334610,Eucerin,2023-06-01,5.0,77,14,1,False,positive,False,True,False,False,0,0,1,0,0,0,0
3925,2120392116,Eucerin,2023-09-01,1.0,25,6,1,False,,,,,,0,0,0,0,0,0,0
3926,2120392116,Eucerin,2023-04-01,1.0,467,105,1,False,positive,False,True,True,False,0,0,0,0,0,0,1
3927,2120392116,Eucerin,2021-06-01,1.0,97,24,1,False,neutral,False,False,False,False,1,0,0,0,0,0,0
3928,2120392116,Eucerin,2024-08-01,3.0,47,11,1,False,,,,,,0,0,0,0,0,0,0
3929,2120392116,Eucerin,2021-06-01,3.0,129,28,1,False,,,,,,0,0,0,0,0,0,0
3930,2120392116,Eucerin,2024-05-01,4.0,125,31,1,False,neutral,False,True,True,False,1,0,0,0,0,0,0
3931,2120392116,Eucerin,2023-12-01,4.0,79,18,1,False,,,,,,0,0,0,0,0,0,0
3932,2120392116,Eucerin,2023-10-01,4.0,72,15,2,False,positive,False,True,False,False,0,0,0,0,1,0,0
3933,2120392116,Eucerin,2023-08-01,4.0,98,23,1,False,positive,False,True,False,False,1,0,1,0,1,0,0
3934,2120392116,Eucerin,2023-06-01,4.0,52,12,1,False,,,,,,0,0,0,0,0,0,0
3935,2120392116,Eucerin,2023-03-01,4.0,106,26,1,False,negative,True,False,False,True,1,0,0,0,0,0,0
3936,2120392116,Eucerin,2022-10-01,4.0,132,31,1,False,neutral,False,False,False,False,0,1,0,0,0,0,0
3937,2120392116,Eucerin,2022-09-01,4.0,101,20,1,False,neutral,False,False,False,False,0,0,1,1,0,0,1
3938,2120392116,Eucerin,2020-12-01,4.0,42,9,1,False,positive,False,True,True,False,1,0,0,0,0,0,0
3939,2120392116,Eucerin,2020-11-01,4.0,44,10,1,False,,,,,,0,0,0,0,0,0,0
3940,2120392116,Eucerin,2026-01-01,5.0,112,27,2,False,positive,False,True,False,False,0,0,0,0,0,0,1
3941,2120392116,Eucerin,2025-11-01,5.0,64,15,1,False,neutral,False,False,False,False,1,0,0,0,0,0,0
3942,2120392116,Eucerin,2025-10-01,5.0,60,12,1,False,,,,,,0,0,0,0,0,0,0
3943,2120392116,Eucerin,2025-08-01,5.0,70,16,1,False,positive,False,True,True,False,1,1,0,0,1,0,0
3944,2120392116,Eucerin,2025-07-01,5.0,84,17,1,False,neutral,False,False,False,False,1,0,0,0,0,0,0
3945,2120392116,Eucerin,2025-07-01,5.0,104,23,1,False,neutral,False,True,True,False,0,0,1,1,0,0,0
3946,2120392116,Eucerin,2025-07-01,5.0,16,4,1,False,,,,,,0,0,0,0,0,0,0
3947,2120392116,Eucerin,2025-06-01,5.0,67,11,1,False,positive,False,True,False,False,1,1,0,0,0,1,0
3948,2120392116,Eucerin,2025-06-01,5.0,82,17,1,False,neutral,False,False,False,False,1,1,0,0,0,0,0
3949,2120392116,Eucerin,2025-06-01,5.0,73,15,1,False,neutral,False,False,False,False,1,0,0,0,0,0,0
3950,2120392116,Eucerin,2025-06-01,5.0,147,32,1,False,positive,False,True,True,False,1,0,0,0,1,0,0
3951,2120392116,Eucerin,2025-06-01,5.0,101,22,1,False,neutral,False,True,True,False,1,0,0,0,0,0,0
3952,2120392116,Eucerin,2025-05-01,5.0,142,31,1,False,positive,False,True,True,False,1,0,0,0,1,0,0
3953,2120392116,Eucerin,2025-05-01,5.0,148,32,1,False,positive,False,True,True,False,1,0,0,0,1,0,0
3954,2120392116,Eucerin,2025-05-01,5.0,79,18,1,False,neutral,False,True,True,False,1,0,0,0,0,0,0
3955,2120392116,Eucerin,2025-05-01,5.0,41,9,1,False,,,,,,0,0,0,0,0,0,0
3956,2120392116,Eucerin,2025-05-01,5.0,135,30,1,False,neutral,False,True,True,False,1,0,0,0,0,0,0
3957,2120392116,Eucerin,2025-05-01,5.0,56,12,1,False,neutral,False,False,False,False,1,0,0,0,0,0,0
3958,2120392116,Eucerin,2025-05-01,5.0,69,16,3,False,positive,False,True,False,False,0,0,1,0,0,0,0
3959,2120392116,Eucerin,2025-05-01,5.0,52,12,1,False,neutral,False,False,False,False,0,1,0,0,0,0,0
3960,2120392116,Eucerin,2025-05-01,5.0,46,10,1,False,neutral,False,False,False,False,1,0,0,0,0,0,0
3961,2120392116,Eucerin,2025-05-01,5.0,154,34,1,False,positive,False,True,True,False,1,0,0,0,0,0,0
3962,2120392116,Eucerin,2025-05-01,5.0,13,3,6,True,positive,False,True,False,False,1,0,0,0,0,0,0
3963,2120392116,Eucerin,2025-04-01,5.0,113,23,1,False,positive,False,True,False,False,1,0,0,0,0,0,0
3964,2120392116,Eucerin,2025-04-01,5.0,222,51,5,True,neutral,False,True,True,False,0,0,0,1,0,0,1
3965,2120392116,Eucerin,2025-04-01,5.0,127,29,1,False,positive,False,True,True,False,1,1,0,0,1,0,0
3966,2120392116,Eucerin,2025-04-01,5.0,231,50,1,False,neutral,False,True,True,False,1,0,0,0,1,0,0
3967,2120392116,Eucerin,2025-04-01,5.0,127,30,1,False,neutral,False,False,False,False,1,1,0,0,0,0,0
3968,2120392116,Eucerin,2025-04-01,5.0,67,16,1,False,neutral,False,True,True,False,1,0,0,0,0,0,0
3969,2120392116,Eucerin,2025-04-01,5.0,218,50,1,False,,,,,,0,0,0,0,0,0,0
3970,2120392116,Eucerin,2025-04-01,5.0,64,15,1,False,neutral,False,False,False,False,0,1,0,0,0,0,0
3971,2120392116,Eucerin,2025-04-01,5.0,101,21,1,False,neutral,False,False,False,False,1,0,0,0,0,0,0
3972,2120392116,Eucerin,2025-03-01,5.0,63,14,1,False,,,,,,0,0,0,0,0,0,0
3973,2120392116,Eucerin,2025-03-01,5.0,127,28,1,False,positive,False,True,False,False,1,0,0,0,0,0,0
3974,2120392116,Eucerin,2025-03-01,5.0,92,19,1,False,positive,False,True,True,False,1,0,1,1,0,0,0
3975,2120392116,Eucerin,2025-03-01,5.0,94,20,1,False,positive,False,True,True,False,1,0,0,0,0,0,0
3976,2120392116,Eucerin,2025-03-01,5.0,96,22,1,False,neutral,False,False,False,False,1,0,0,0,1,0,0
3977,2120392116,Eucerin,2025-03-01,5.0,88,20,1,False,positive,False,True,False,False,1,0,0,0,0,0,0
3978,2120392116,Eucerin,2025-03-01,5.0,182,41,1,False,neutral,False,True,True,False,1,0,0,0,1,0,0
3979,2120392116,Eucerin,2025-03-01,5.0,74,18,4,False,positive,False,True,False,False,0,0,0,0,0,0,1
3980,2120392116,Eucerin,2025-03-01,5.0,27,6,2,False,,,,,,0,0,0,0,0,0,0
3981,2120392116,Eucerin,2025-03-01,5.0,34,7,1,False,neutral,False,False,False,False,0,0,0,1,0,0,0
3982,2120392116,Eucerin,2025-03-01,5.0,75,15,1,False,positive,False,True,False,False,1,0,0,0,0,0,0
3983,2120392116,Eucerin,2025-03-01,5.0,156,28,1,False,positive,False,True,True,False,1,1,0,0,1,1,0
3984,2120392116,Eucerin,2025-03-01,5.0,219,48,1,False,neutral,False,True,True,False,1,0,0,0,1,0,0
3985,2120392116,Eucerin,2025-03-01,5.0,149,32,1,False,positive,False,True,True,False,1,0,0,0,1,0,0
3986,2120392116,Eucerin,2025-03-01,5.0,81,15,1,False,,,,,,0,0,0,0,0,0,0
3987,2120392116,Eucerin,2025-02-01,5.0,102,21,1,False,positive,False,True,False,False,1,0,0,0,0,0,0
3988,2120392116,Eucerin,2025-02-01,5.0,108,25,1,False,positive,False,True,True,False,1,0,0,0,1,0,0
3989,2120392116,Eucerin,2025-02-01,5.0,81,17,1,False,,,,,,0,0,0,0,0,0,0
3990,2120392116,Eucerin,2025-02-01,5.0,93,20,1,False,neutral,False,False,False,False,0,0,0,0,0,1,0
3991,2120392116,Eucerin,2025-02-01,5.0,87,19,1,False,positive,False,True,True,False,1,0,0,0,1,1,0
3992,2120392116,Eucerin,2025-02-01,5.0,74,16,1,False,neutral,False,False,False,False,1,0,0,0,0,0,0
3993,2120392116,Eucerin,2025-01-01,5.0,141,30,1,False,neutral,False,False,False,False,1,0,0,0,0,0,0
3994,2120392116,Eucerin,2025-01-01,5.0,70,16,1,False,neutral,False,False,False,False,1,0,0,0,0,0,0
3995,2120392116,Eucerin,2025-01-01,5.0,166,38,1,False,negative,True,True,True,True,1,0,0,0,1,0,0
3996,2120392116,Eucerin,2025-01-01,5.0,74,18,4,False,positive,False,True,False,False,0,0,0,0,0,0,1
3997,2120392116,Eucerin,2025-01-01,5.0,110,25,1,False,positive,False,True,True,False,1,0,0,0,1,0,0
3998,2120392116,Eucerin,2025-01-01,5.0,81,19,1,False,,,,,,0,0,0,0,0,0,0
3999,2120392116,Eucerin,2025-01-01,5.0,123,29,1,False,negative,True,False,True,True,0,0,1,0,0,0,1
4000,2120392116,Eucerin,2025-01-01,5.0,29,6,1,False,,,,,,0,0,0,0,0,0,0
4001,2120392116,Eucerin,2025-01-01,5.0,136,29,1,False,neutral,False,True,True,False,1,0,0,0,0,0,0
4002,2120392116,Eucerin,2025-01-01,5.0,197,45,1,False,,,,,,0,0,0,0,0,0,0
4003,2120392116,Eucerin,2025-01-01,5.0,168,37,1,False,positive,False,True,True,False,1,0,0,0,1,0,0
4004,2120392116,Eucerin,2025-01-01,5.0,40,6,1,False,positive,False,True,False,False,1,1,0,0,0,1,0
4005,2120392116,Eucerin,2025-01-01,5.0,75,17,1,False,neutral,False,False,False,False,1,0,0,0,0,0,0
4006,2120392116,Eucerin,2025-01-01,5.0,160,35,1,False,neutral,False,True,True,False,1,0,0,0,0,0,0
4007,2120392116,Eucerin,2025-01-01,5.0,38,9,1,False,,,,,,0,0,0,0,0,0,0
4008,2120392116,Eucerin,2025-01-01,5.0,67,15,1,False,positive,False,True,True,False,1,0,0,0,0,0,0
4009,2120392116,Eucerin,2025-01-01,5.0,64,14,1,False,neutral,False,False,False,False,0,0,0,1,0,0,0
4010,2120392116,Eucerin,2025-01-01,5.0,256,55,1,False,neutral,False,True,True,False,1,0,0,0,0,0,0
4011,2120392116,Eucerin,2025-01-01,5.0,62,10,1,False,negative,True,False,False,True,1,1,0,0,0,1,0
4012,2120392116,Eucerin,2024-12-01,5.0,83,19,1,False,positive,False,True,False,False,1,0,0,0,0,0,0
4013,2120392116,Eucerin,2024-12-01,5.0,27,6,1,False,,,,,,0,0,0,0,0,0,0
4014,2120392116,Eucerin,2024-12-01,5.0,137,27,1,False,positive,False,True,False,False,1,1,0,0,1,0,0
4015,2120392116,Eucerin,2024-12-01,5.0,94,22,1,False,,,,,,0,0,0,0,0,0,0
4016,2120392116,Eucerin,2024-12-01,5.0,77,18,1,False,,,,,,0,0,0,0,0,0,0
4017,2120392116,Eucerin,2024-12-01,5.0,113,25,1,False,positive,False,True,True,False,1,0,0,0,0,0,0
4018,2120392116,Eucerin,2024-12-01,5.0,132,33,1,False,,,,,,0,0,0,0,0,0,0
4019,2120392116,Eucerin,2024-12-01,5.0,22,5,3,False,positive,False,True,False,False,1,0,0,0,0,0,0
4020,2120392116,Eucerin,2024-12-01,5.0,65,14,1,False,negative,True,False,False,True,1,0,0,1,0,0,0
4021,2120392116,Eucerin,2024-12-01,5.0,60,12,1,False,,,,,,0,0,0,0,0,0,0
4022,2120392116,Eucerin,2024-12-01,5.0,155,34,1,False,positive,False,True,True,False,1,0,0,0,1,0,0
4023,2120392116,Eucerin,2024-12-01,5.0,106,26,1,False,positive,False,True,False,False,1,0,0,0,0,0,0
4024,2120392116,Eucerin,2024-12-01,5.0,70,12,1,False,,,,,,0,0,0,0,0,0,0
4025,2120392116,Eucerin,2024-12-01,5.0,120,29,1,False,positive,False,True,False,False,1,1,0,0,0,0,1
4026,2120392116,Eucerin,2024-12-01,5.0,198,41,1,False,positive,False,True,True,False,1,0,1,1,1,0,0
4027,2120392116,Eucerin,2024-11-01,5.0,69,16,1,False,,,,,,0,0,0,0,0,0,0
4028,2120392116,Eucerin,2024-11-01,5.0,65,14,1,False,positive,False,True,False,False,1,0,0,0,0,0,0
4029,2120392116,Eucerin,2024-11-01,5.0,27,7,1,False,,,,,,0,0,0,0,0,0,0
4030,2120392116,Eucerin,2024-11-01,5.0,30,7,4,False,,,,,,0,0,0,0,0,0,0
4031,2120392116,Eucerin,2024-11-01,5.0,213,45,1,False,neutral,False,False,False,False,1,0,0,0,0,0,0
4032,2120392116,Eucerin,2024-11-01,5.0,78,18,1,False,positive,False,True,True,False,1,0,0,0,0,0,0
4033,2120392116,Eucerin,2024-11-01,5.0,99,23,1,False,positive,False,True,True,False,1,0,0,0,0,0,0
4034,2120392116,Eucerin,2024-11-01,5.0,91,21,1,False,neutral,False,False,False,False,1,0,0,0,0,0,0
4035,2120392116,Eucerin,2024-11-01,5.0,71,15,1,False,,,,,,0,0,0,0,0,0,0
4036,2148361565,Eucerin,2025-11-01,3.0,19,4,1,False,,,,,,0,0,0,0,0,0,0
4037,2148361565,Eucerin,2025-12-01,5.0,115,23,1,False,neutral,False,False,False,False,1,0,0,0,0,1,0
4038,2148361565,Eucerin,2025-12-01,5.0,80,18,1,False,neutral,False,False,False,False,1,0,0,0,0,1,0
4039,2148361565,Eucerin,2025-12-01,5.0,116,24,1,False,neutral,False,False,False,False,1,0,0,0,0,0,0
4040,2148361565,Eucerin,2025-11-01,5.0,123,28,1,False,neutral,False,False,False,False,0,1,0,1,1,0,0
4041,2148361565,Eucerin,2025-09-01,5.0,68,10,1,False,neutral,False,False,False,False,0,0,1,1,0,0,1
4042,2148361565,Eucerin,2025-09-01,5.0,117,23,1,False,neutral,False,True,True,False,1,1,0,0,0,0,0
4043,2148361565,Eucerin,2025-09-01,5.0,91,21,1,False,positive,True,True,True,True,1,0,0,0,1,0,0
4044,2148361565,Eucerin,2025-09-01,5.0,107,24,1,False,positive,False,True,False,False,1,0,0,0,0,0,0
4045,2148361565,Eucerin,2025-09-01,5.0,119,23,1,False,neutral,False,False,False,False,1,0,0,0,0,1,0
4046,2148361565,Eucerin,2025-09-01,5.0,20,5,4,False,,,,,,0,0,0,0,0,0,0
4047,2148361565,Eucerin,2025-09-01,5.0,34,7,1,False,neutral,False,False,False,False,0,1,0,0,0,0,0
4048,2148361565,Eucerin,2025-09-01,5.0,41,7,1,False,positive,False,True,False,False,1,1,0,0,0,0,0
4049,2148361565,Eucerin,2025-09-01,5.0,110,24,1,False,neutral,False,False,False,False,0,0,1,0,0,0,0
4050,2148361565,Eucerin,2025-08-01,5.0,115,23,1,False,neutral,False,False,False,False,1,0,0,0,0,1,0
4051,2148361565,Eucerin,2025-08-01,5.0,117,23,1,False,neutral,False,True,True,False,1,0,0,0,0,1,0
4052,2148361565,Eucerin,2025-08-01,5.0,63,14,1,False,positive,False,True,False,False,1,1,0,0,0,0,0
4053,2148361565,Eucerin,2025-08-01,5.0,70,16,1,False,positive,False,True,True,False,0,0,1,0,0,0,0
4054,2148361565,Eucerin,2025-08-01,5.0,102,22,1,False,positive,False,True,False,False,0,0,1,0,0,0,0
4055,2148361565,Eucerin,2025-08-01,5.0,117,24,1,False,neutral,False,False,False,False,1,0,0,0,0,0,0
4056,2148361565,Eucerin,2025-08-01,5.0,172,37,1,False,positive,False,True,False,False,1,1,0,0,0,0,0
4057,2148361565,Eucerin,2025-08-01,5.0,52,9,1,False,,,,,,0,0,0,0,0,0,0
4058,2148361565,Eucerin,2025-08-01,5.0,53,11,1,False,negative,True,False,False,True,0,0,0,1,0,0,1
4059,2148361565,Eucerin,2025-08-01,5.0,216,40,1,False,positive,False,True,False,False,1,1,0,0,0,0,0
4060,2148361565,Eucerin,2025-08-01,5.0,79,17,2,False,neutral,False,True,True,False,0,1,1,0,0,0,0
4061,2148361565,Eucerin,2025-08-01,5.0,52,11,1,False,neutral,False,False,False,False,1,0,0,0,0,0,0
4062,2120253789,Eucerin,2024-11-01,1.0,177,41,1,False,negative,True,False,True,False,0,0,1,0,0,0,0
4063,2120253789,Eucerin,2023-07-01,1.0,220,54,1,False,neutral,False,False,False,False,0,0,0,0,1,0,0
4064,2120253789,Eucerin,2023-05-01,1.0,107,23,1,False,,,,,,0,0,0,0,0,0,0
4065,2120253789,Eucerin,2023-09-01,2.0,77,18,1,False,,,,,,0,0,0,0,0,0,0
4066,2120253789,Eucerin,2023-07-01,2.0,208,50,1,False,,,,,,0,0,0,0,0,0,0
4067,2120253789,Eucerin,2025-03-01,3.0,91,19,1,False,,,,,,0,0,0,0,0,0,0
4068,2120253789,Eucerin,2024-03-01,3.0,198,47,1,False,neutral,False,False,False,False,0,0,0,0,1,0,0
4069,2120253789,Eucerin,2023-11-01,3.0,82,19,1,False,neutral,False,False,False,False,0,0,0,0,0,1,0
4070,2120253789,Eucerin,2023-06-01,3.0,129,27,1,False,,,,,,0,0,0,0,0,0,0
4071,2120253789,Eucerin,2022-10-01,3.0,116,28,1,False,,,,,,0,0,0,0,0,0,0
4072,2120253789,Eucerin,2024-09-01,4.0,140,31,1,False,,,,,,0,0,0,0,0,0,0
4073,2120253789,Eucerin,2024-04-01,4.0,73,16,1,False,,,,,,0,0,0,0,0,0,0
4074,2120253789,Eucerin,2024-03-01,4.0,170,38,1,False,neutral,False,True,True,False,0,0,0,0,1,0,0
4075,2120253789,Eucerin,2022-12-01,4.0,195,46,1,False,,,,,,0,0,0,0,0,0,0
4076,2120253789,Eucerin,2022-11-01,4.0,388,85,1,False,positive,False,True,False,False,1,0,0,0,0,0,0
4077,2120253789,Eucerin,2022-10-01,4.0,99,24,1,False,,,,,,0,0,0,0,0,0,0
4078,2120253789,Eucerin,2022-08-01,4.0,160,38,1,False,,,,,,0,0,0,0,0,0,0
4079,2120253789,Eucerin,2025-11-01,5.0,69,15,1,False,,,,,,0,0,0,0,0,0,0
4080,2120253789,Eucerin,2025-10-01,5.0,46,10,1,False,positive,False,True,False,False,0,0,0,0,1,0,0
4081,2120253789,Eucerin,2025-08-01,5.0,67,15,1,False,,,,,,0,0,0,0,0,0,0
4082,2120253789,Eucerin,2025-06-01,5.0,80,17,1,False,positive,False,True,False,False,0,0,0,1,0,0,1
4083,2120253789,Eucerin,2025-06-01,5.0,12,3,2,False,,,,,,0,0,0,0,0,0,0
4084,2120253789,Eucerin,2025-06-01,5.0,115,24,1,False,,,,,,0,0,0,0,0,0,0
4085,2120253789,Eucerin,2025-05-01,5.0,100,20,1,False,positive,False,True,False,False,0,0,0,0,0,1,0
4086,2120253789,Eucerin,2025-05-01,5.0,94,20,1,False,neutral,False,False,False,False,0,1,0,0,0,0,0
4087,2120253789,Eucerin,2025-05-01,5.0,73,15,1,False,positive,False,True,True,False,0,0,0,0,1,0,0
4088,2120253789,Eucerin,2025-05-01,5.0,166,36,1,False,positive,False,True,False,False,0,0,0,0,1,0,0
4089,2120253789,Eucerin,2025-05-01,5.0,97,20,1,False,positive,False,True,False,False,1,0,0,0,1,0,0
4090,2120253789,Eucerin,2025-05-01,5.0,119,25,1,False,positive,False,True,False,False,1,0,0,0,0,0,0
4091,2120253789,Eucerin,2025-05-01,5.0,244,52,1,False,positive,False,True,True,False,1,1,0,0,0,0,0
4092,2120253789,Eucerin,2025-05-01,5.0,90,21,1,False,,,,,,0,0,0,0,0,0,0
4093,2120253789,Eucerin,2025-04-01,5.0,131,28,1,False,neutral,False,False,False,False,1,0,0,0,1,0,0
4094,2120253789,Eucerin,2025-04-01,5.0,100,22,1,False,neutral,False,False,False,False,0,0,0,0,1,0,0
4095,2120253789,Eucerin,2025-04-01,5.0,100,21,1,False,neutral,False,False,False,False,0,1,0,0,0,0,0
4096,2120253789,Eucerin,2025-04-01,5.0,150,32,1,False,positive,False,True,False,False,1,0,0,0,0,0,0
4097,2120253789,Eucerin,2025-04-01,5.0,116,25,1,False,neutral,False,True,True,False,0,0,0,0,1,0,0
4098,2120253789,Eucerin,2025-04-01,5.0,81,18,1,False,neutral,False,False,False,False,0,1,0,0,0,0,0
4099,2120253789,Eucerin,2025-04-01,5.0,93,18,1,False,,,,,,0,0,0,0,0,0,0
4100,2120253789,Eucerin,2025-03-01,5.0,36,7,1,False,,,,,,0,0,0,0,0,0,0
4101,2120253789,Eucerin,2025-03-01,5.0,48,10,1,False,neutral,False,False,False,False,0,1,0,0,0,0,0
4102,2120253789,Eucerin,2025-03-01,5.0,184,40,1,False,neutral,False,False,False,False,0,1,0,0,1,0,0
4103,2120253789,Eucerin,2025-03-01,5.0,72,15,1,False,neutral,False,True,True,False,0,0,0,1,1,0,0
4104,2120253789,Eucerin,2025-03-01,5.0,140,31,1,False,neutral,False,False,False,False,0,1,0,0,0,0,0
4105,2120253789,Eucerin,2025-03-01,5.0,185,39,1,False,neutral,False,True,True,False,0,1,0,0,1,0,0
4106,2120253789,Eucerin,2025-02-01,5.0,125,27,1,False,positive,False,True,False,False,1,0,0,0,0,0,0
4107,2120253789,Eucerin,2025-02-01,5.0,104,22,1,False,,,,,,0,0,0,0,0,0,0
4108,2120253789,Eucerin,2025-02-01,5.0,81,18,1,False,neutral,False,False,False,False,0,1,0,0,0,0,0
4109,2120253789,Eucerin,2025-02-01,5.0,71,15,1,False,,,,,,0,0,0,0,0,0,0
4110,2120253789,Eucerin,2025-02-01,5.0,91,19,1,False,,,,,,0,0,0,0,0,0,0
4111,2120253789,Eucerin,2025-02-01,5.0,96,21,1,False,,,,,,0,0,0,0,0,0,0
4112,2120253789,Eucerin,2025-01-01,5.0,83,19,1,False,neutral,False,False,False,False,0,0,0,0,1,0,0
4113,2120253789,Eucerin,2025-01-01,5.0,113,23,1,False,neutral,False,False,False,False,0,1,0,0,0,0,0
4114,2120253789,Eucerin,2025-01-01,5.0,83,16,1,False,positive,False,True,False,False,0,0,0,0,1,0,0
4115,2120253789,Eucerin,2025-01-01,5.0,25,6,1,False,,,,,,0,0,0,0,0,0,0
4116,2120253789,Eucerin,2025-01-01,5.0,70,15,1,False,neutral,False,False,False,False,0,1,0,0,0,0,0
4117,2120253789,Eucerin,2025-01-01,5.0,144,30,1,False,positive,False,True,False,False,0,0,0,0,1,0,0
4118,2120253789,Eucerin,2025-01-01,5.0,127,30,1,False,neutral,False,False,False,False,0,0,1,0,0,0,1
4119,2120253789,Eucerin,2025-01-01,5.0,97,21,1,False,,,,,,0,0,0,0,0,0,0
4120,2120253789,Eucerin,2025-01-01,5.0,111,25,1,False,,,,,,0,0,0,0,0,0,0
4121,2120253789,Eucerin,2025-01-01,5.0,104,22,1,False,positive,False,True,False,False,1,0,0,0,0,0,0
4122,2120253789,Eucerin,2025-01-01,5.0,71,17,1,False,neutral,False,False,False,False,0,1,0,0,0,0,0
4123,2120253789,Eucerin,2024-12-01,5.0,111,24,1,False,positive,False,True,True,False,0,0,0,0,1,0,0
4124,2120253789,Eucerin,2024-12-01,5.0,66,13,1,False,positive,False,True,False,False,0,0,0,0,1,0,0
4125,2120253789,Eucerin,2024-12-01,5.0,113,24,1,False,neutral,False,False,False,False,0,0,0,0,1,0,0
4126,2120253789,Eucerin,2024-12-01,5.0,13,3,1,False,positive,False,True,False,False,0,0,1,0,0,0,0
4127,2120253789,Eucerin,2024-12-01,5.0,74,16,1,False,neutral,False,False,False,False,0,0,0,0,1,0,0
4128,2120253789,Eucerin,2024-12-01,5.0,18,4,1,False,,,,,,0,0,0,0,0,0,0
4129,2120253789,Eucerin,2024-12-01,5.0,150,31,1,False,,,,,,0,0,0,0,0,0,0
4130,2120253789,Eucerin,2024-11-01,5.0,93,20,1,False,positive,False,True,True,False,1,0,0,0,1,0,0
4131,2120253789,Eucerin,2024-11-01,5.0,28,7,1,False,,,,,,0,0,0,0,0,0,0
4132,2120253789,Eucerin,2024-11-01,5.0,51,12,1,False,,,,,,0,0,0,0,0,0,0
4133,2120253789,Eucerin,2024-10-01,5.0,97,23,1,False,,,,,,0,0,0,0,0,0,0
4134,2120253789,Eucerin,2024-10-01,5.0,64,15,1,False,positive,False,True,False,False,1,0,0,0,1,0,0
4135,2120253789,Eucerin,2024-10-01,5.0,390,89,1,False,neutral,False,True,True,False,0,1,0,0,1,0,0
4136,2120253789,Eucerin,2024-09-01,5.0,81,17,1,False,positive,False,True,False,False,0,0,0,0,1,0,0
4137,2120253789,Eucerin,2024-09-01,5.0,134,29,1,False,positive,False,True,False,False,1,0,0,0,0,0,0
4138,2120253789,Eucerin,2024-09-01,5.0,86,18,1,False,,,,,,0,0,0,0,0,0,0
4139,2120253789,Eucerin,2024-09-01,5.0,99,20,1,False,positive,False,True,False,False,0,0,0,0,1,0,0
4140,2120253789,Eucerin,2024-09-01,5.0,105,21,1,False,positive,False,True,False,False,0,0,0,0,1,0,0
4141,2120253789,Eucerin,2024-09-01,5.0,56,7,1,False,,,,,,0,0,0,0,0,0,0
4142,2120253789,Eucerin,2024-09-01,5.0,79,18,1,False,,,,,,0,0,0,0,0,0,0
4143,2120253789,Eucerin,2024-09-01,5.0,94,19,1,False,positive,False,True,False,False,0,0,0,0,1,0,0
4144,2120253789,Eucerin,2024-09-01,5.0,105,23,1,False,neutral,False,False,False,False,0,1,0,0,0,0,0
4145,2120253789,Eucerin,2024-09-01,5.0,113,23,1,False,neutral,False,True,True,False,1,1,0,0,0,0,0
4146,2120253789,Eucerin,2024-09-01,5.0,91,17,1,False,,,,,,0,0,0,0,0,0,0
4147,2120253789,Eucerin,2024-09-01,5.0,162,36,1,False,positive,False,True,True,False,1,1,0,0,1,0,0
4148,2120253789,Eucerin,2024-09-01,5.0,134,30,1,False,neutral,False,False,False,False,0,0,0,0,1,0,0
4149,2120253789,Eucerin,2024-09-01,5.0,259,58,1,False,neutral,False,True,True,False,0,0,1,1,0,0,1
4150,2120253789,Eucerin,2024-08-01,5.0,108,23,1,False,,,,,,0,0,0,0,0,0,0
4151,2120253789,Eucerin,2024-04-01,5.0,118,25,1,False,positive,False,True,True,False,1,1,0,1,0,0,0
4152,2120253789,Eucerin,2024-04-01,5.0,153,35,1,False,negative,True,False,False,True,0,1,0,0,0,0,0
4153,2120253789,Eucerin,2024-04-01,5.0,43,9,1,False,positive,False,True,False,False,1,0,1,0,0,0,0
4154,2120253789,Eucerin,2024-04-01,5.0,95,17,1,False,positive,False,True,True,False,1,0,1,1,1,0,0
4155,2120253789,Eucerin,2024-04-01,5.0,82,19,1,False,,,,,,0,0,0,0,0,0,0
4156,2120253789,Eucerin,2024-04-01,5.0,118,26,1,False,,,,,,0,0,0,0,0,0,0
4157,2120253789,Eucerin,2024-03-01,5.0,18,3,1,False,positive,False,True,False,False,0,0,1,0,0,0,0
4158,2120253789,Eucerin,2024-03-01,5.0,89,19,1,False,,,,,,0,0,0,0,0,0,0
4159,2120253789,Eucerin,2024-03-01,5.0,86,19,1,False,positive,False,True,True,False,1,1,0,1,0,0,0
4160,2120253789,Eucerin,2024-03-01,5.0,118,26,1,False,,,,,,0,0,0,0,0,0,0
4161,2120253789,Eucerin,2024-03-01,5.0,92,22,1,False,,,,,,0,0,0,0,0,0,0
4162,2120253789,Eucerin,2024-03-01,5.0,56,7,1,False,,,,,,0,0,0,0,0,0,0
4163,2120253789,Eucerin,2024-03-01,5.0,64,15,1,False,,,,,,0,0,0,0,0,0,0
4164,2120253789,Eucerin,2024-03-01,5.0,113,25,1,False,,,,,,0,0,0,0,0,0,0
4165,2120253789,Eucerin,2024-03-01,5.0,64,15,1,False,positive,False,True,False,False,0,0,1,0,0,0,0
4166,2120253789,Eucerin,2024-03-01,5.0,73,17,1,False,positive,False,True,False,False,0,1,0,0,0,0,0
4167,2120253789,Eucerin,2024-03-01,5.0,125,27,1,False,positive,False,True,False,False,1,0,0,0,0,0,0
4168,2120253789,Eucerin,2024-03-01,5.0,84,17,1,False,positive,False,True,False,False,1,0,0,0,0,0,0
4169,2120253789,Eucerin,2024-03-01,5.0,105,24,1,False,,,,,,0,0,0,0,0,0,0
4170,2120253789,Eucerin,2024-03-01,5.0,186,44,1,False,,,,,,0,0,0,0,0,0,0
4171,2120253789,Eucerin,2024-03-01,5.0,157,35,1,False,positive,False,True,False,False,0,0,0,0,0,0,1
4172,2120253789,Eucerin,2024-02-01,5.0,82,20,1,False,positive,True,True,True,True,1,0,0,0,1,0,0
4173,2120347584,Eucerin,2023-10-01,1.0,263,64,1,False,neutral,False,False,False,False,1,0,0,0,0,0,0
4174,2120347584,Eucerin,2023-04-01,1.0,7,2,1,True,,,,,,0,0,0,0,0,0,0
4175,2120347584,Eucerin,2022-11-01,2.0,176,41,1,False,neutral,False,False,False,False,0,0,0,1,0,0,1
4176,2120347584,Eucerin,2025-05-01,3.0,61,13,1,False,,,,,,0,0,0,0,0,0,0
4177,2120347584,Eucerin,2022-10-01,3.0,21,5,1,False,neutral,False,False,False,False,0,0,0,0,1,0,0
4178,2120347584,Eucerin,2022-04-01,3.0,258,64,1,False,neutral,False,False,False,False,0,0,0,0,0,0,1
4179,2120347584,Eucerin,2024-05-01,4.0,90,21,1,False,,,,,,0,0,0,0,0,0,0
4180,2120347584,Eucerin,2023-03-01,4.0,22,6,1,False,negative,True,False,False,True,0,0,0,0,1,0,0
4181,2120347584,Eucerin,2022-10-01,4.0,103,23,1,False,positive,True,True,True,True,1,1,0,0,0,0,0
4182,2120347584,Eucerin,2022-09-01,4.0,97,22,1,False,positive,False,True,False,False,0,1,0,0,1,0,0
4183,2120347584,Eucerin,2022-04-01,4.0,133,34,1,False,negative,True,False,False,True,1,0,0,0,0,0,0
4184,2120347584,Eucerin,2021-10-01,4.0,86,19,1,False,neutral,False,False,False,False,0,0,1,1,0,0,0
4185,2120347584,Eucerin,2020-11-01,4.0,72,15,1,False,neutral,False,False,False,False,1,1,0,0,0,0,0
4186,2120347584,Eucerin,2026-04-01,5.0,4,1,2,True,,,,,,0,0,0,0,0,0,0
4187,2120347584,Eucerin,2025-11-01,5.0,66,16,1,False,neutral,False,False,False,False,1,0,0,0,0,0,0
4188,2120347584,Eucerin,2025-10-01,5.0,64,16,1,False,neutral,False,False,False,False,0,1,0,1,0,0,0
4189,2120347584,Eucerin,2025-10-01,5.0,53,12,1,False,neutral,False,False,False,False,0,1,0,0,0,0,0
4190,2120347584,Eucerin,2025-10-01,5.0,121,29,1,False,neutral,False,False,False,False,1,1,0,0,0,0,0
4191,2120347584,Eucerin,2025-09-01,5.0,86,21,1,False,positive,False,True,False,False,1,0,0,0,0,0,0
4192,2120347584,Eucerin,2025-09-01,5.0,87,14,3,False,positive,False,True,False,False,0,0,1,0,0,0,1
4193,2120347584,Eucerin,2025-08-01,5.0,91,22,1,False,positive,False,True,False,False,1,1,0,0,0,0,0
4194,2120347584,Eucerin,2025-08-01,5.0,61,11,1,False,positive,False,True,True,False,0,1,0,0,1,1,0
4195,2120347584,Eucerin,2025-07-01,5.0,41,9,1,False,positive,False,True,False,False,1,0,0,0,1,0,0
4196,2120347584,Eucerin,2025-07-01,5.0,72,16,1,False,positive,False,True,False,False,1,1,0,0,0,0,0
4197,2120347584,Eucerin,2025-07-01,5.0,107,18,1,False,,,,,,0,0,0,0,0,0,0
4198,2120347584,Eucerin,2025-07-01,5.0,88,20,1,False,neutral,False,False,False,False,0,1,0,0,0,0,0
4199,2120347584,Eucerin,2025-07-01,5.0,70,16,1,False,,,,,,0,0,0,0,0,0,0
4200,2120347584,Eucerin,2025-07-01,5.0,168,39,1,False,positive,False,True,True,False,1,0,0,0,1,0,1
4201,2120347584,Eucerin,2025-06-01,5.0,71,12,1,False,positive,False,True,False,False,1,1,0,0,0,1,0
4202,2120347584,Eucerin,2025-06-01,5.0,70,16,1,False,,,,,,0,0,0,0,0,0,0
4203,2120347584,Eucerin,2025-06-01,5.0,81,16,1,False,neutral,False,False,False,False,1,0,0,0,0,0,0
4204,2120347584,Eucerin,2025-05-01,5.0,80,19,1,False,neutral,False,False,False,False,0,1,0,0,0,0,0
4205,2120347584,Eucerin,2025-05-01,5.0,123,29,1,False,neutral,False,True,True,False,1,0,0,0,0,0,0
4206,2120347584,Eucerin,2025-05-01,5.0,40,9,1,False,neutral,False,False,False,False,0,0,0,0,0,1,0
4207,2120347584,Eucerin,2025-05-01,5.0,71,17,1,False,,,,,,0,0,0,0,0,0,0
4208,2120347584,Eucerin,2025-05-01,5.0,211,45,1,False,positive,False,True,False,False,1,0,0,0,0,0,0
4209,2120347584,Eucerin,2025-05-01,5.0,101,22,1,False,positive,False,True,True,False,1,0,0,0,1,0,0
4210,2120347584,Eucerin,2025-05-01,5.0,174,38,1,False,positive,False,True,True,False,1,1,0,0,0,1,0
4211,2120347584,Eucerin,2025-05-01,5.0,82,17,1,False,positive,False,True,False,False,1,0,0,0,0,0,0
4212,2120347584,Eucerin,2025-05-01,5.0,69,16,3,False,positive,False,True,False,False,0,0,1,0,0,0,0
4213,2120347584,Eucerin,2025-04-01,5.0,84,20,1,False,positive,False,True,False,False,1,0,0,0,0,0,0
4214,2120347584,Eucerin,2025-04-01,5.0,166,35,1,False,positive,False,True,False,False,1,0,0,0,0,0,0
4215,2120347584,Eucerin,2025-03-01,5.0,78,17,1,False,neutral,False,False,False,False,1,0,0,0,0,0,1
4216,2120347584,Eucerin,2025-03-01,5.0,68,15,1,False,positive,False,True,False,False,1,0,0,0,0,0,0
4217,2120347584,Eucerin,2025-03-01,5.0,157,37,1,False,positive,False,True,True,False,1,0,0,0,1,0,0
4218,2120347584,Eucerin,2025-03-01,5.0,81,19,1,False,,,,,,0,0,0,0,0,0,0
4219,2120347584,Eucerin,2025-03-01,5.0,67,15,1,False,positive,False,True,True,False,1,0,0,0,1,0,0
4220,2120347584,Eucerin,2025-03-01,5.0,65,13,1,False,neutral,False,False,False,False,0,1,0,0,0,0,0
4221,2120347584,Eucerin,2025-02-01,5.0,115,24,1,False,neutral,False,False,False,False,0,1,0,0,0,0,0
4222,2120347584,Eucerin,2025-02-01,5.0,72,16,1,False,positive,False,True,False,False,1,0,0,0,0,0,0
4223,2120347584,Eucerin,2025-02-01,5.0,93,20,1,False,neutral,False,False,False,False,0,0,0,1,0,0,1
4224,2120347584,Eucerin,2025-02-01,5.0,78,17,1,False,neutral,False,True,True,False,1,1,0,0,0,0,0
4225,2120347584,Eucerin,2025-02-01,5.0,117,28,1,False,positive,False,True,True,False,1,1,0,0,1,0,0
4226,2120347584,Eucerin,2025-02-01,5.0,29,7,3,False,,,,,,0,0,0,0,0,0,0
4227,2120347584,Eucerin,2025-02-01,5.0,34,9,1,False,neutral,False,False,False,False,1,0,0,0,0,0,0
4228,2120347584,Eucerin,2025-01-01,5.0,137,28,1,False,neutral,False,False,False,False,1,1,0,0,0,0,0
4229,2120347584,Eucerin,2025-01-01,5.0,87,20,1,False,neutral,False,False,False,False,1,1,0,0,0,0,1
4230,2120347584,Eucerin,2025-01-01,5.0,134,31,1,False,,,,,,0,0,0,0,0,0,0
4231,2120347584,Eucerin,2025-01-01,5.0,86,18,1,False,positive,False,True,False,False,1,0,0,0,0,0,0
4232,2120347584,Eucerin,2024-10-01,5.0,103,25,1,False,positive,False,True,False,False,1,0,0,0,1,0,0
4233,2120347584,Eucerin,2024-10-01,5.0,82,18,1,False,neutral,False,False,False,False,0,1,0,0,0,0,0
4234,2120347584,Eucerin,2024-10-01,5.0,127,27,1,False,positive,False,True,False,False,1,0,0,0,0,0,0
4235,2120347584,Eucerin,2024-10-01,5.0,324,73,1,False,neutral,False,False,False,False,0,0,0,0,0,0,1
4236,2120347584,Eucerin,2024-09-01,5.0,87,21,1,False,,,,,,0,0,0,0,0,0,0
4237,2120347584,Eucerin,2024-08-01,5.0,104,24,1,False,neutral,False,False,False,False,1,1,0,0,0,0,0
4238,2120347584,Eucerin,2024-08-01,5.0,75,16,1,False,neutral,False,False,False,False,1,1,0,0,0,0,0
4239,2120347584,Eucerin,2024-08-01,5.0,120,26,1,False,neutral,False,False,False,False,0,0,0,1,0,0,0
4240,2120347584,Eucerin,2024-08-01,5.0,74,16,1,False,positive,False,True,False,False,0,1,1,1,0,0,0
4241,2120347584,Eucerin,2024-08-01,5.0,85,18,1,False,positive,False,True,False,False,0,0,0,0,1,0,0
4242,2120347584,Eucerin,2024-08-01,5.0,104,22,1,False,neutral,False,False,False,False,1,0,1,0,0,0,1
4243,2120347584,Eucerin,2024-07-01,5.0,90,21,1,False,positive,False,True,False,False,1,0,0,0,1,0,0
4244,2120347584,Eucerin,2024-07-01,5.0,118,27,1,False,positive,False,True,False,False,1,0,0,0,1,0,0
4245,2120347584,Eucerin,2024-07-01,5.0,114,27,1,False,positive,False,True,False,False,1,0,0,0,0,0,0
4246,2120347584,Eucerin,2024-07-01,5.0,208,47,1,False,positive,False,True,True,False,1,0,0,0,1,0,0
4247,2120347584,Eucerin,2024-07-01,5.0,103,25,1,False,neutral,False,False,False,False,1,0,0,0,0,0,0
4248,2120347584,Eucerin,2024-07-01,5.0,150,35,1,False,positive,False,True,False,False,1,0,0,0,0,0,0
4249,2120347584,Eucerin,2024-07-01,5.0,119,26,1,False,positive,False,True,False,False,1,0,0,0,0,0,0
4250,2120347584,Eucerin,2024-07-01,5.0,101,24,1,False,neutral,False,False,False,False,1,1,0,0,0,0,0
4251,2120347584,Eucerin,2024-07-01,5.0,46,11,1,False,positive,False,True,False,False,1,0,0,0,1,0,0
4252,2120347584,Eucerin,2024-07-01,5.0,88,20,1,False,,,,,,0,0,0,0,0,0,0
4253,2120347584,Eucerin,2024-07-01,5.0,62,13,1,False,neutral,False,False,False,False,0,0,0,0,1,0,0
4254,2120347584,Eucerin,2024-07-01,5.0,114,26,1,False,neutral,False,False,False,False,1,0,0,0,0,0,0
4255,2120347584,Eucerin,2024-07-01,5.0,69,18,1,False,positive,False,True,False,False,1,0,0,0,0,0,0
4256,2120347584,Eucerin,2024-07-01,5.0,105,24,1,False,positive,False,True,True,False,1,1,0,0,0,0,0
4257,2120347584,Eucerin,2024-07-01,5.0,82,19,1,False,positive,False,True,False,False,0,0,0,0,1,0,0
4258,2120347584,Eucerin,2024-06-01,5.0,72,16,1,False,positive,False,True,False,False,0,0,0,0,1,0,0
4259,2120347584,Eucerin,2024-06-01,5.0,85,21,1,False,positive,False,True,False,False,1,0,0,0,0,0,0
4260,2120347584,Eucerin,2024-06-01,5.0,61,14,1,False,positive,False,True,False,False,1,0,0,0,0,0,0
4261,2120347584,Eucerin,2024-06-01,5.0,87,20,1,False,,,,,,0,0,0,0,0,0,0
4262,2120347584,Eucerin,2024-06-01,5.0,109,25,1,False,neutral,False,True,True,False,1,0,0,0,1,0,0
4263,2120347584,Eucerin,2024-06-01,5.0,134,32,1,False,positive,False,True,True,False,1,0,0,0,1,0,0
4264,2120347584,Eucerin,2024-06-01,5.0,126,29,1,False,positive,False,True,False,False,0,0,0,0,1,0,0
4265,2120347584,Eucerin,2024-06-01,5.0,148,33,1,False,positive,False,True,True,False,1,0,0,0,1,0,0
4266,2120347584,Eucerin,2024-06-01,5.0,99,24,1,False,positive,False,True,True,False,1,0,0,0,0,0,0
4267,2120347584,Eucerin,2024-06-01,5.0,127,28,1,False,neutral,False,True,True,False,1,1,0,0,1,0,0
4268,2120347584,Eucerin,2024-06-01,5.0,108,26,1,False,positive,False,True,False,False,1,0,0,0,0,0,0
4269,2120347584,Eucerin,2024-06-01,5.0,78,17,1,False,neutral,False,False,False,False,0,1,0,0,0,0,0
4270,2120347584,Eucerin,2024-06-01,5.0,90,22,1,False,,,,,,0,0,0,0,0,0,0
4271,2120347584,Eucerin,2024-06-01,5.0,83,20,1,False,neutral,False,False,False,False,1,1,0,0,0,0,0
4272,2120347584,Eucerin,2024-05-01,5.0,17,4,1,False,,,,,,0,0,0,0,0,0,0
4273,2120347584,Eucerin,2024-05-01,5.0,81,18,1,False,positive,False,True,False,False,1,0,0,0,1,0,0
4274,2120347584,Eucerin,2024-05-01,5.0,53,3,1,False,,,,,,0,0,0,0,0,0,0
4275,2120347584,Eucerin,2024-05-01,5.0,116,27,1,False,neutral,True,False,True,True,1,0,1,0,1,0,0
4276,2120347584,Eucerin,2024-05-01,5.0,112,26,1,False,positive,False,True,False,False,1,0,0,0,0,0,0
4277,2120347584,Eucerin,2024-05-01,5.0,82,20,1,False,positive,False,True,False,False,1,0,0,0,1,0,0
4278,2120347584,Eucerin,2024-04-01,5.0,113,27,1,False,positive,False,True,False,False,1,0,0,0,0,0,0
4279,2120347584,Eucerin,2024-04-01,5.0,73,17,1,False,positive,False,True,False,False,0,0,1,0,0,0,0
4280,2120347584,Eucerin,2024-04-01,5.0,60,10,1,False,positive,False,True,False,False,1,0,1,0,1,0,0
4281,2181111373,Eucerin,2024-09-01,1.0,68,16,1,False,,,,,,0,0,0,0,0,0,0
4282,2181111373,Eucerin,2023-06-01,3.0,103,23,1,False,neutral,True,False,True,False,1,0,0,1,1,0,0
4283,2181111373,Eucerin,2024-05-01,4.0,112,28,1,False,,,,,,0,0,0,0,0,0,0
4284,2181111373,Eucerin,2024-04-01,4.0,47,9,1,False,positive,False,True,True,False,1,0,0,1,0,0,0
4285,2181111373,Eucerin,2023-09-01,4.0,86,21,1,False,,,,,,0,0,0,0,0,0,0
4286,2181111373,Eucerin,2023-06-01,4.0,86,19,1,False,positive,False,True,False,False,0,0,1,0,0,0,0
4287,2181111373,Eucerin,2026-04-01,5.0,130,29,1,False,positive,False,True,False,False,1,0,0,0,1,0,0
4288,2181111373,Eucerin,2025-07-01,5.0,65,14,1,False,neutral,False,False,False,False,1,0,0,0,0,0,0
4289,2181111373,Eucerin,2025-07-01,5.0,70,17,1,False,,,,,,0,0,0,0,0,0,0
4290,2181111373,Eucerin,2025-07-01,5.0,538,112,1,False,neutral,False,False,False,False,0,1,0,0,0,0,1
4291,2181111373,Eucerin,2025-07-01,5.0,55,13,1,False,neutral,False,False,False,False,1,0,0,0,0,0,0
4292,2181111373,Eucerin,2025-06-01,5.0,24,6,1,False,,,,,,0,0,0,0,0,0,0
4293,2181111373,Eucerin,2025-06-01,5.0,71,17,1,False,neutral,False,False,False,False,0,0,0,0,0,1,0
4294,2181111373,Eucerin,2025-06-01,5.0,178,40,1,False,positive,False,True,True,False,0,0,0,0,1,1,0
4295,2181111373,Eucerin,2025-05-01,5.0,29,7,1,False,,,,,,0,0,0,0,0,0,0
4296,2181111373,Eucerin,2025-05-01,5.0,73,16,1,False,positive,False,True,False,False,0,0,0,0,1,0,0
4297,2181111373,Eucerin,2025-04-01,5.0,99,22,1,False,neutral,False,True,True,False,0,0,0,1,1,0,0
4298,2181111373,Eucerin,2025-04-01,5.0,164,38,1,False,neutral,False,False,False,False,1,0,0,0,0,0,0
4299,2181111373,Eucerin,2025-04-01,5.0,36,8,1,False,,,,,,0,0,0,0,0,0,0
4300,2181111373,Eucerin,2025-04-01,5.0,107,24,1,False,neutral,False,True,True,False,1,0,0,0,1,1,0
4301,2181111373,Eucerin,2025-04-01,5.0,210,49,1,False,,,,,,0,0,0,0,0,0,0
4302,2181111373,Eucerin,2025-04-01,5.0,111,25,1,False,neutral,False,True,True,False,0,0,0,0,1,1,0
4303,2181111373,Eucerin,2025-04-01,5.0,71,14,1,False,positive,False,True,True,False,1,0,0,0,1,0,0
4304,2181111373,Eucerin,2025-03-01,5.0,90,20,1,False,positive,False,True,False,False,0,0,1,0,0,0,0
4305,2181111373,Eucerin,2025-03-01,5.0,107,24,1,False,neutral,False,False,False,False,0,1,0,0,0,0,0
4306,2181111373,Eucerin,2025-01-01,5.0,90,19,1,False,,,,,,0,0,0,0,0,0,0
4307,2181111373,Eucerin,2025-01-01,5.0,188,42,1,False,neutral,False,True,True,False,1,0,0,0,1,1,0
4308,2181111373,Eucerin,2025-01-01,5.0,76,17,1,False,neutral,False,False,False,False,0,1,0,0,0,0,0
4309,2181111373,Eucerin,2024-12-01,5.0,14,3,1,False,,,,,,0,0,0,0,0,0,0
4310,2181111373,Eucerin,2024-12-01,5.0,84,19,1,False,,,,,,0,0,0,0,0,0,0
4311,2181111373,Eucerin,2024-12-01,5.0,65,15,1,False,neutral,False,True,True,False,1,1,0,0,1,0,0
4312,2181111373,Eucerin,2024-12-01,5.0,71,15,1,False,positive,False,True,True,False,1,1,0,0,0,0,0
4313,2181111373,Eucerin,2024-11-01,5.0,84,20,1,False,neutral,False,False,False,False,1,0,0,0,0,0,0
4314,2181111373,Eucerin,2024-11-01,5.0,66,15,1,False,neutral,False,True,True,False,1,0,0,1,0,0,0
4315,2181111373,Eucerin,2024-11-01,5.0,102,25,1,False,neutral,False,False,False,False,0,1,0,1,0,0,1
4316,2181111373,Eucerin,2024-11-01,5.0,72,18,1,False,,,,,,0,0,0,0,0,0,0
4317,2181111373,Eucerin,2024-11-01,5.0,86,19,1,False,positive,False,True,False,False,1,0,0,0,1,0,0
4318,2181111373,Eucerin,2024-11-01,5.0,74,16,1,False,positive,False,True,False,False,1,0,0,0,1,0,0
4319,2181111373,Eucerin,2024-10-01,5.0,84,21,1,False,neutral,False,False,False,False,1,0,0,0,0,0,0
4320,2181111373,Eucerin,2024-10-01,5.0,8,2,1,False,positive,False,True,False,False,0,0,0,0,1,0,0
4321,2181111373,Eucerin,2024-10-01,5.0,81,18,1,False,neutral,False,False,False,False,0,0,0,1,0,0,1
4322,2181111373,Eucerin,2024-10-01,5.0,72,17,1,False,neutral,False,False,False,False,1,0,0,0,0,0,0
4323,2181111373,Eucerin,2024-10-01,5.0,181,41,1,False,positive,False,True,False,False,1,1,0,0,0,0,0
4324,2181111373,Eucerin,2024-10-01,5.0,77,19,1,False,positive,False,True,False,False,1,0,0,0,0,0,0
4325,2181111373,Eucerin,2024-09-01,5.0,105,23,1,False,neutral,False,True,True,False,1,0,0,0,1,1,0
4326,2181111373,Eucerin,2024-09-01,5.0,89,21,1,False,neutral,False,False,False,False,1,0,0,0,0,0,0
4327,2181111373,Eucerin,2024-09-01,5.0,72,17,1,False,,,,,,0,0,0,0,0,0,0
4328,2181111373,Eucerin,2024-09-01,5.0,114,27,1,False,neutral,False,False,False,False,1,0,0,0,0,1,0
4329,2181111373,Eucerin,2024-09-01,5.0,68,16,1,False,neutral,False,False,False,False,0,0,0,1,0,0,0
4330,2181111373,Eucerin,2024-09-01,5.0,207,46,1,False,positive,False,True,True,False,1,0,0,0,0,0,0
4331,2181111373,Eucerin,2024-09-01,5.0,72,15,1,False,neutral,False,True,True,False,1,0,0,0,1,0,0
4332,2181111373,Eucerin,2024-09-01,5.0,75,17,1,False,positive,False,True,False,False,1,0,0,0,0,0,0
4333,2181111373,Eucerin,2024-08-01,5.0,79,19,1,False,,,,,,0,0,0,0,0,0,0
4334,2181111373,Eucerin,2024-08-01,5.0,84,18,1,False,positive,False,True,False,False,1,0,0,0,1,0,0
4335,2181111373,Eucerin,2024-08-01,5.0,72,17,1,False,neutral,False,False,False,False,0,1,0,0,0,0,0
4336,2181111373,Eucerin,2024-08-01,5.0,29,7,3,False,,,,,,0,0,0,0,0,0,0
4337,2181111373,Eucerin,2024-08-01,5.0,83,20,1,False,neutral,False,False,False,False,0,0,0,0,0,1,0
4338,2181111373,Eucerin,2024-08-01,5.0,65,15,1,False,,,,,,0,0,0,0,0,0,0
4339,2181111373,Eucerin,2024-08-01,5.0,69,17,1,False,neutral,False,False,False,False,0,0,1,0,0,0,0
4340,2181111373,Eucerin,2024-08-01,5.0,88,20,1,False,positive,False,True,True,False,0,0,0,0,1,1,0
4341,2181111373,Eucerin,2024-08-01,5.0,4,1,2,True,,,,,,0,0,0,0,0,0,0
4342,2181111373,Eucerin,2024-08-01,5.0,116,26,1,False,positive,False,True,True,False,1,0,0,0,1,0,0
4343,2181111373,Eucerin,2024-08-01,5.0,61,15,1,False,positive,False,True,False,False,0,0,0,0,0,0,1
4344,2181111373,Eucerin,2024-08-01,5.0,42,10,1,False,positive,False,True,False,False,0,0,0,0,1,0,0
4345,2181111373,Eucerin,2024-08-01,5.0,80,18,1,False,positive,False,True,False,False,1,0,0,0,0,0,0
4346,2181111373,Eucerin,2024-07-01,5.0,79,19,1,False,,,,,,0,0,0,0,0,0,0
4347,2181111373,Eucerin,2024-07-01,5.0,94,22,1,False,neutral,False,False,False,False,0,0,0,0,0,1,0
4348,2181111373,Eucerin,2024-07-01,5.0,245,49,1,False,neutral,False,False,False,False,0,0,0,0,0,0,1
4349,2181111373,Eucerin,2024-07-01,5.0,83,21,1,False,neutral,False,False,False,False,0,0,0,0,0,1,0
4350,2181111373,Eucerin,2024-07-01,5.0,69,17,1,False,positive,False,True,False,False,1,0,0,0,0,0,0
4351,2181111373,Eucerin,2024-07-01,5.0,78,17,2,False,,,,,,0,0,0,0,0,0,0
4352,2181111373,Eucerin,2024-07-01,5.0,133,31,1,False,negative,True,False,False,True,1,0,0,0,0,0,0
4353,2181111373,Eucerin,2024-07-01,5.0,72,18,1,False,neutral,False,False,False,False,0,0,0,0,1,0,0
4354,2181111373,Eucerin,2024-07-01,5.0,77,15,1,False,positive,False,True,False,False,0,0,1,1,0,0,1
4355,2181111373,Eucerin,2024-06-01,5.0,128,28,1,False,neutral,False,False,False,False,1,0,0,0,0,0,0
4356,2181111373,Eucerin,2024-06-01,5.0,103,25,1,False,neutral,False,False,False,False,0,0,0,0,0,1,0
4357,2181111373,Eucerin,2024-06-01,5.0,86,19,1,False,positive,False,True,False,False,0,0,0,0,1,0,0
4358,2181111373,Eucerin,2024-06-01,5.0,113,27,1,False,neutral,False,False,False,False,1,0,0,0,0,0,0
4359,2181111373,Eucerin,2024-06-01,5.0,28,6,2,False,,,,,,0,0,0,0,0,0,0
4360,2181111373,Eucerin,2024-06-01,5.0,20,4,1,False,positive,False,True,False,False,0,0,1,0,0,0,0
4361,2181111373,Eucerin,2024-06-01,5.0,27,7,1,False,,,,,,0,0,0,0,0,0,0
4362,2181111373,Eucerin,2024-06-01,5.0,66,13,1,False,neutral,False,False,False,False,0,0,1,0,0,0,1
4363,2181111373,Eucerin,2024-06-01,5.0,170,41,1,False,neutral,False,True,True,False,1,0,0,0,0,1,0
4364,2181111373,Eucerin,2024-05-01,5.0,74,17,1,False,positive,False,True,False,False,0,0,1,1,0,0,0
4365,2181111373,Eucerin,2024-05-01,5.0,70,16,1,False,neutral,False,False,False,False,1,0,0,0,0,0,0
4366,2181111373,Eucerin,2024-05-01,5.0,68,16,1,False,,,,,,0,0,0,0,0,0,0
4367,2181111373,Eucerin,2024-05-01,5.0,97,22,1,False,,,,,,0,0,0,0,0,0,0
4368,2181111373,Eucerin,2024-05-01,5.0,103,25,1,False,negative,True,False,True,True,1,0,0,0,0,1,0
4369,2181111373,Eucerin,2024-05-01,5.0,643,145,1,False,neutral,False,True,True,False,1,0,0,0,0,0,0
4370,2181111373,Eucerin,2024-05-01,5.0,104,24,1,False,positive,True,True,True,True,1,0,0,0,1,0,0
4371,2181111373,Eucerin,2024-04-01,5.0,92,23,1,False,negative,True,False,True,True,1,0,0,0,0,1,0
4372,2181111373,Eucerin,2024-04-01,5.0,72,17,1,False,,,,,,0,0,0,0,0,0,0
4373,2181111373,Eucerin,2024-04-01,5.0,74,16,1,False,neutral,False,True,True,False,1,0,0,0,1,0,0
4374,2181111373,Eucerin,2024-04-01,5.0,83,19,1,False,,,,,,0,0,0,0,0,0,0
4375,2181111373,Eucerin,2024-04-01,5.0,66,14,1,False,positive,False,True,False,False,0,0,1,0,0,0,0
4376,2181111373,Eucerin,2024-04-01,5.0,175,41,1,False,neutral,True,False,True,True,1,0,0,0,0,0,0
4377,2181111373,Eucerin,2024-04-01,5.0,70,16,1,False,positive,False,True,False,False,1,0,0,0,1,0,0
4378,2181111373,Eucerin,2024-04-01,5.0,86,19,1,False,neutral,False,False,False,False,1,0,0,0,0,0,0
4379,3205009444,Eucerin,2025-12-01,5.0,137,29,1,False,positive,False,True,False,False,0,0,1,0,1,0,0
4380,3205009444,Eucerin,2025-11-01,5.0,104,24,1,False,neutral,False,False,False,False,1,0,0,0,0,0,0
4381,2120362531,Eucerin,2024-01-01,1.0,88,20,1,False,neutral,False,False,False,False,0,0,0,0,1,0,0
4382,2120362531,Eucerin,2024-01-01,4.0,3,1,1,True,,,,,,0,0,0,0,0,0,0
4383,2120362531,Eucerin,2022-04-01,4.0,140,32,1,False,,,,,,0,0,0,0,0,0,0
4384,2120362531,Eucerin,2026-04-01,5.0,37,9,4,False,,,,,,0,0,0,0,0,0,0
4385,2120362531,Eucerin,2026-04-01,5.0,22,6,1,False,,,,,,0,0,0,0,0,0,0
4386,2120362531,Eucerin,2026-03-01,5.0,37,9,4,False,,,,,,0,0,0,0,0,0,0
4387,2120362531,Eucerin,2025-12-01,5.0,37,9,4,False,,,,,,0,0,0,0,0,0,0
4388,2120362531,Eucerin,2025-11-01,5.0,618,141,1,False,positive,False,True,True,False,1,1,0,0,0,1,0
4389,2120362531,Eucerin,2025-10-01,5.0,81,18,1,False,positive,False,True,False,False,1,1,0,0,0,1,0
4390,2120362531,Eucerin,2025-09-01,5.0,161,32,1,False,positive,False,True,True,False,1,1,0,0,1,1,0
4391,2120362531,Eucerin,2025-09-01,5.0,134,32,1,False,positive,False,True,False,False,1,0,0,0,1,1,0
4392,2120362531,Eucerin,2025-09-01,5.0,78,17,1,False,neutral,False,False,False,False,0,1,0,0,0,0,0
4393,2120362531,Eucerin,2025-09-01,5.0,65,15,1,False,,,,,,0,0,0,0,0,0,0
4394,2120362531,Eucerin,2025-09-01,5.0,37,9,4,False,,,,,,0,0,0,0,0,0,0
4395,2120362531,Eucerin,2025-09-01,5.0,55,13,1,False,positive,False,True,False,False,0,0,0,0,1,0,0
4396,2120362531,Eucerin,2025-08-01,5.0,78,20,1,False,positive,False,True,False,False,0,1,0,0,0,0,0
4397,2120362531,Eucerin,2025-08-01,5.0,32,8,2,False,positive,False,True,False,False,1,0,0,0,0,1,0
4398,2120362531,Eucerin,2025-08-01,5.0,43,11,1,False,positive,False,True,False,False,1,1,0,0,0,0,0
4399,2120362531,Eucerin,2025-06-01,5.0,27,6,2,False,,,,,,0,0,0,0,0,0,0
4400,2120362531,Eucerin,2025-05-01,5.0,70,17,1,False,positive,False,True,False,False,1,0,0,0,0,1,0
4401,2120362531,Eucerin,2025-04-01,5.0,91,23,1,False,positive,False,True,False,False,1,1,0,0,0,0,0
4402,2120362531,Eucerin,2025-04-01,5.0,88,21,1,False,positive,False,True,False,False,1,0,0,0,1,0,0
4403,2120362531,Eucerin,2025-04-01,5.0,73,17,1,False,positive,False,True,False,False,0,0,0,0,0,0,1
4404,2120362531,Eucerin,2025-04-01,5.0,101,23,1,False,positive,False,True,True,False,1,1,0,0,1,1,0
4405,2120362531,Eucerin,2025-04-01,5.0,93,22,1,False,positive,False,True,False,False,1,0,0,0,0,1,0
4406,2120362531,Eucerin,2025-04-01,5.0,69,16,1,False,positive,False,True,False,False,0,0,0,0,1,0,0
4407,2120362531,Eucerin,2025-04-01,5.0,113,27,1,False,positive,False,True,False,False,1,1,0,0,1,0,0
4408,2120362531,Eucerin,2025-03-01,5.0,63,14,1,False,neutral,False,False,False,False,0,0,0,0,0,1,0
4409,2120362531,Eucerin,2025-03-01,5.0,94,23,1,False,positive,False,True,False,False,1,0,0,0,0,1,0
4410,2120362531,Eucerin,2025-03-01,5.0,173,40,1,False,neutral,False,True,True,False,0,0,0,1,1,0,0
4411,2120362531,Eucerin,2025-03-01,5.0,70,15,10,True,positive,False,True,True,False,0,0,1,0,0,0,0
4412,2120362531,Eucerin,2025-03-01,5.0,52,14,1,False,positive,False,True,False,False,1,1,0,0,0,0,0
4413,2120362531,Eucerin,2025-03-01,5.0,135,32,1,False,positive,False,True,True,False,1,1,0,0,1,0,0
4414,2120362531,Eucerin,2025-03-01,5.0,72,18,1,False,positive,False,True,False,False,1,0,0,0,1,1,0
4415,2120362531,Eucerin,2025-01-01,5.0,85,20,1,False,positive,False,True,False,False,1,0,0,0,1,1,0
4416,2120362531,Eucerin,2025-01-01,5.0,70,17,1,False,positive,False,True,False,False,1,0,0,0,0,0,0
4417,2120362531,Eucerin,2025-01-01,5.0,75,18,1,False,neutral,False,False,False,False,1,0,0,0,0,0,0
4418,2120362531,Eucerin,2025-01-01,5.0,74,18,1,False,positive,False,True,False,False,1,0,0,0,0,0,0
4419,2120362531,Eucerin,2025-01-01,5.0,71,17,1,False,neutral,False,True,True,False,0,0,1,0,0,1,0
4420,2120362531,Eucerin,2025-01-01,5.0,86,21,1,False,,,,,,0,0,0,0,0,0,0
4421,2120362531,Eucerin,2025-01-01,5.0,85,20,1,False,positive,False,True,False,False,0,1,0,0,0,0,0
4422,2120362531,Eucerin,2024-12-01,5.0,104,25,1,False,positive,False,True,False,False,1,1,0,0,0,0,0
4423,2120362531,Eucerin,2024-11-01,5.0,61,14,1,False,,,,,,0,0,0,0,0,0,0
4424,2120362531,Eucerin,2024-11-01,5.0,80,19,1,False,positive,False,True,False,False,1,0,0,0,0,0,0
4425,2120362531,Eucerin,2024-10-01,5.0,107,25,1,False,positive,False,True,True,False,1,1,0,0,1,0,0
4426,2120362531,Eucerin,2024-08-01,5.0,66,15,1,False,positive,False,True,False,False,1,0,0,0,0,0,0
4427,2120362531,Eucerin,2024-08-01,5.0,138,32,1,False,positive,False,True,True,False,1,0,0,0,1,1,0
4428,2120362531,Eucerin,2024-08-01,5.0,129,31,1,False,positive,False,True,True,False,0,1,0,0,1,0,0
4429,2120362531,Eucerin,2024-08-01,5.0,98,20,1,False,positive,False,True,True,False,0,1,1,0,0,0,0
4430,2120362531,Eucerin,2024-07-01,5.0,200,43,1,False,positive,False,True,True,False,0,0,0,0,1,1,0
4431,2120362531,Eucerin,2024-07-01,5.0,74,17,1,False,positive,False,True,False,False,1,0,0,0,0,0,0
4432,2120362531,Eucerin,2024-07-01,5.0,84,18,1,False,positive,False,True,False,False,0,0,0,0,1,0,0
4433,2120362531,Eucerin,2024-07-01,5.0,39,10,1,False,,,,,,0,0,0,0,0,0,0
4434,2120362531,Eucerin,2024-07-01,5.0,37,9,1,False,,,,,,0,0,0,0,0,0,0
4435,2120362531,Eucerin,2024-06-01,5.0,243,58,1,False,neutral,False,False,False,False,0,1,0,0,1,0,0
4436,2120362531,Eucerin,2024-04-01,5.0,160,32,1,False,positive,False,True,True,False,1,0,1,1,1,0,0
4437,2120362531,Eucerin,2024-04-01,5.0,66,14,1,False,neutral,False,False,False,False,0,0,0,1,0,0,0
4438,2120362531,Eucerin,2024-03-01,5.0,70,12,1,False,positive,False,True,True,False,1,0,1,0,1,0,0
4439,2120362531,Eucerin,2024-03-01,5.0,72,14,1,False,neutral,False,True,True,False,1,0,1,0,1,0,0
4440,2120362531,Eucerin,2024-03-01,5.0,88,17,1,False,positive,False,True,True,False,1,0,1,0,1,0,0
4441,2120362531,Eucerin,2024-03-01,5.0,68,17,1,False,neutral,False,False,False,False,1,0,0,0,0,0,0
4442,2120362531,Eucerin,2024-03-01,5.0,107,24,1,False,neutral,False,False,False,False,0,0,0,0,0,0,1
4443,2120362531,Eucerin,2024-03-01,5.0,107,24,1,False,,,,,,0,0,0,0,0,0,0
4444,2120362531,Eucerin,2024-03-01,5.0,65,14,1,False,,,,,,0,0,0,0,0,0,0
4445,2120362531,Eucerin,2024-03-01,5.0,85,16,1,False,positive,False,True,True,False,1,0,1,0,1,0,0
4446,2120362531,Eucerin,2024-02-01,5.0,64,15,1,False,positive,False,True,False,False,1,0,0,0,1,1,0
4447,2120362531,Eucerin,2024-01-01,5.0,15,4,1,False,,,,,,0,0,0,0,0,0,0
4448,2120362531,Eucerin,2024-01-01,5.0,34,8,1,False,,,,,,0,0,0,0,0,0,0
4449,2120362531,Eucerin,2024-01-01,5.0,125,29,1,False,positive,False,True,False,False,1,0,0,0,1,1,0
4450,2120362531,Eucerin,2024-01-01,5.0,68,16,1,False,positive,False,True,False,False,0,0,1,0,0,0,0
4451,2120362531,Eucerin,2023-12-01,5.0,67,17,1,False,positive,False,True,False,False,0,0,0,0,1,0,0
4452,2120362531,Eucerin,2023-12-01,5.0,76,16,1,False,positive,False,True,True,False,1,0,1,1,0,0,0
4453,2120362531,Eucerin,2023-12-01,5.0,67,17,1,False,,,,,,0,0,0,0,0,0,0
4454,2120362531,Eucerin,2023-11-01,5.0,23,6,3,False,,,,,,0,0,0,0,0,0,0
4455,2120362531,Eucerin,2023-11-01,5.0,228,53,1,False,neutral,False,False,False,False,1,0,0,0,0,0,0
4456,2120362531,Eucerin,2023-11-01,5.0,92,17,1,False,positive,False,True,False,False,1,0,1,1,1,0,0
4457,2120362531,Eucerin,2023-11-01,5.0,66,15,1,False,neutral,False,False,False,False,0,1,0,0,0,0,0
4458,2120362531,Eucerin,2023-11-01,5.0,82,18,1,False,neutral,False,False,False,False,0,0,1,0,0,0,0
4459,2120362531,Eucerin,2023-11-01,5.0,26,6,1,False,,,,,,0,0,0,0,0,0,0
4460,2120362531,Eucerin,2023-11-01,5.0,60,13,1,False,positive,False,True,True,False,1,0,0,0,1,0,0
4461,2120362531,Eucerin,2023-10-01,5.0,32,8,2,False,positive,False,True,False,False,1,0,0,0,0,1,0
4462,2120362531,Eucerin,2023-10-01,5.0,127,29,1,False,positive,True,True,True,True,1,1,1,0,1,0,0
4463,2120362531,Eucerin,2023-10-01,5.0,69,16,1,False,positive,False,True,False,False,1,0,0,0,0,0,0
4464,2120362531,Eucerin,2023-09-01,5.0,113,26,1,False,,,,,,0,0,0,0,0,0,0
4465,2120362531,Eucerin,2023-09-01,5.0,257,57,1,False,positive,False,True,True,False,1,0,1,1,0,0,1
4466,2120362531,Eucerin,2023-09-01,5.0,93,18,1,False,neutral,False,False,False,False,0,0,1,1,0,0,0
4467,2120362531,Eucerin,2023-09-01,5.0,117,30,1,False,positive,False,True,True,False,1,0,1,0,0,0,0
4468,2120362531,Eucerin,2023-09-01,5.0,30,6,1,False,,,,,,0,0,0,0,0,0,0
4469,2120362531,Eucerin,2023-08-01,5.0,30,6,19,True,positive,False,True,False,False,1,0,1,0,1,0,0
4470,2120362531,Eucerin,2023-06-01,5.0,72,17,1,False,positive,False,True,False,False,1,0,0,0,1,0,0
4471,2120362531,Eucerin,2023-06-01,5.0,107,24,1,False,positive,False,True,True,False,0,0,1,1,0,0,0
4472,2120362531,Eucerin,2023-04-01,5.0,12,3,1,False,,,,,,0,0,0,0,0,0,0
4473,2120362531,Eucerin,2023-03-01,5.0,72,17,1,False,neutral,False,False,False,False,0,0,0,1,0,0,0
4474,2120272782,Eucerin,2021-10-01,2.0,59,14,1,False,,,,,,0,0,0,0,0,0,0
4475,2120272782,Eucerin,2025-11-01,3.0,99,22,1,False,,,,,,0,0,0,0,0,0,0
4476,2120272782,Eucerin,2023-02-01,3.0,121,30,1,False,,,,,,0,0,0,0,0,0,0
4477,2120272782,Eucerin,2022-06-01,3.0,203,50,1,False,,,,,,0,0,0,0,0,0,0
4478,2120272782,Eucerin,2022-04-01,3.0,161,35,1,False,,,,,,0,0,0,0,0,0,0
4479,2120272782,Eucerin,2022-03-01,3.0,128,30,1,False,,,,,,0,0,0,0,0,0,0
4480,2120272782,Eucerin,2021-05-01,3.0,23,6,1,False,,,,,,0,0,0,0,0,0,0
4481,2120272782,Eucerin,2021-04-01,3.0,98,21,1,False,,,,,,0,0,0,0,0,0,0
4482,2120272782,Eucerin,2023-03-01,4.0,84,20,1,False,positive,False,True,False,False,0,0,1,0,0,0,0
4483,2120272782,Eucerin,2022-10-01,4.0,106,27,1,False,positive,False,True,False,False,1,0,0,0,0,0,0
4484,2120272782,Eucerin,2022-10-01,4.0,20,4,1,False,,,,,,0,0,0,0,0,0,0
4485,2120272782,Eucerin,2022-04-01,4.0,69,15,1,False,,,,,,0,0,0,0,0,0,0
4486,2120272782,Eucerin,2020-06-01,4.0,115,28,1,False,neutral,False,True,True,False,0,1,1,1,0,0,0
4487,2120272782,Eucerin,2025-07-01,5.0,47,13,1,False,positive,False,True,False,False,1,0,0,0,0,0,0
4488,2120272782,Eucerin,2025-06-01,5.0,110,23,2,False,positive,False,True,True,False,1,1,0,1,0,1,0
4489,2120272782,Eucerin,2025-05-01,5.0,79,19,1,False,positive,False,True,False,False,1,0,0,0,0,0,0
4490,2120272782,Eucerin,2025-05-01,5.0,77,19,1,False,positive,False,True,False,False,1,0,0,0,0,0,0
4491,2120272782,Eucerin,2025-04-01,5.0,92,20,1,False,neutral,False,True,True,False,1,0,0,0,0,0,0
4492,2120272782,Eucerin,2025-04-01,5.0,94,22,1,False,positive,False,True,False,False,1,0,0,0,0,0,0
4493,2120272782,Eucerin,2025-04-01,5.0,7,2,1,True,,,,,,0,0,0,0,0,0,0
4494,2120272782,Eucerin,2025-04-01,5.0,26,6,1,False,positive,False,True,False,False,0,1,0,0,0,0,0
4495,2120272782,Eucerin,2025-03-01,5.0,222,51,1,False,neutral,False,True,True,False,1,0,0,0,0,0,0
4496,2120272782,Eucerin,2025-03-01,5.0,102,25,1,False,positive,False,True,False,False,1,0,0,0,0,0,0
4497,2120272782,Eucerin,2025-03-01,5.0,74,15,1,False,negative,True,False,False,True,1,1,0,0,0,1,0
4498,2120272782,Eucerin,2025-03-01,5.0,76,19,1,False,neutral,False,False,False,False,1,1,0,0,0,0,0
4499,2120272782,Eucerin,2025-03-01,5.0,90,21,1,False,,,,,,0,0,0,0,0,0,0
4500,2120272782,Eucerin,2025-02-01,5.0,64,15,1,False,,,,,,0,0,0,0,0,0,0
4501,2120272782,Eucerin,2025-02-01,5.0,63,14,1,False,,,,,,0,0,0,0,0,0,0
4502,2120272782,Eucerin,2025-02-01,5.0,103,23,1,False,positive,True,True,True,True,1,0,0,0,0,0,0
4503,2120272782,Eucerin,2025-02-01,5.0,76,17,1,False,positive,False,True,False,False,1,0,0,0,0,0,0
4504,2120272782,Eucerin,2025-02-01,5.0,69,16,1,False,neutral,False,False,False,False,1,0,0,0,0,0,0
4505,2120272782,Eucerin,2025-01-01,5.0,105,24,1,False,positive,False,True,True,False,1,0,0,0,0,0,0
4506,2120272782,Eucerin,2025-01-01,5.0,222,51,5,True,neutral,False,True,True,False,0,0,0,1,0,0,1
4507,2120272782,Eucerin,2025-01-01,5.0,76,17,1,False,neutral,False,False,False,False,0,1,0,0,0,0,0
4508,2120272782,Eucerin,2025-01-01,5.0,67,15,1,False,neutral,False,True,True,False,1,0,0,0,0,0,0
4509,2120272782,Eucerin,2025-01-01,5.0,222,51,5,True,neutral,False,True,True,False,0,0,0,1,0,0,1
4510,2120272782,Eucerin,2025-01-01,5.0,56,13,1,False,neutral,False,False,False,False,1,0,0,0,0,0,0
4511,2120272782,Eucerin,2025-01-01,5.0,80,18,1,False,positive,False,True,False,False,1,0,0,0,0,0,0
4512,2120272782,Eucerin,2025-01-01,5.0,107,25,1,False,positive,False,True,True,False,1,0,0,0,0,0,0
4513,2120272782,Eucerin,2025-01-01,5.0,75,18,1,False,positive,False,True,False,False,1,0,0,0,0,0,0
4514,2120272782,Eucerin,2024-12-01,5.0,235,54,1,False,neutral,False,True,True,False,1,0,1,0,0,0,0
4515,2120272782,Eucerin,2024-12-01,5.0,77,19,1,False,neutral,False,True,True,False,1,0,0,0,0,0,0
4516,2120272782,Eucerin,2024-11-01,5.0,93,21,1,False,neutral,False,False,False,False,0,0,1,1,0,0,1
4517,2120272782,Eucerin,2024-11-01,5.0,31,7,1,False,positive,False,True,False,False,1,1,0,0,0,0,0
4518,2120272782,Eucerin,2024-10-01,5.0,114,26,1,False,positive,False,True,True,False,1,0,0,0,0,0,0
4519,2120272782,Eucerin,2024-09-01,5.0,77,17,1,False,negative,True,False,True,True,1,1,0,0,0,0,0
4520,2120272782,Eucerin,2024-09-01,5.0,183,42,1,False,positive,False,True,True,False,1,0,0,0,1,0,0
4521,2120272782,Eucerin,2024-08-01,5.0,80,18,1,False,positive,False,True,False,False,1,0,0,0,0,0,0
4522,2120272782,Eucerin,2024-08-01,5.0,100,24,1,False,positive,False,True,True,False,1,0,0,0,0,0,0
4523,2120272782,Eucerin,2024-08-01,5.0,78,18,1,False,neutral,False,False,False,False,1,0,0,0,0,0,0
4524,2120272782,Eucerin,2024-07-01,5.0,70,16,1,False,,,,,,0,0,0,0,0,0,0
4525,2120272782,Eucerin,2024-07-01,5.0,103,24,1,False,neutral,False,False,False,False,0,0,1,0,0,0,0
4526,2120272782,Eucerin,2024-07-01,5.0,145,35,1,False,positive,False,True,False,False,0,0,0,0,0,0,1
4527,2120272782,Eucerin,2024-07-01,5.0,44,10,1,False,,,,,,0,0,0,0,0,0,0
4528,2120272782,Eucerin,2024-06-01,5.0,64,13,1,False,neutral,False,False,False,False,1,0,0,0,0,0,0
4529,2120272782,Eucerin,2023-09-01,5.0,157,36,1,False,positive,True,True,True,True,1,1,1,0,1,0,0
4530,2120272782,Eucerin,2023-09-01,5.0,63,12,1,False,positive,False,True,False,False,1,0,1,0,1,0,0
4531,2120272782,Eucerin,2023-08-01,5.0,128,29,1,False,neutral,False,True,True,False,1,1,0,0,1,0,0
4532,2120272782,Eucerin,2023-08-01,5.0,45,8,1,False,positive,False,True,False,False,1,0,1,0,1,0,0
4533,2120272782,Eucerin,2023-08-01,5.0,30,6,19,True,positive,False,True,False,False,1,0,1,0,1,0,0
4534,2120272782,Eucerin,2023-08-01,5.0,30,6,1,False,positive,False,True,False,False,0,0,1,0,0,0,0
4535,2120272782,Eucerin,2023-04-01,5.0,33,7,1,False,neutral,False,False,False,False,0,1,0,0,0,0,0
4536,2120272782,Eucerin,2023-04-01,5.0,27,6,1,False,positive,False,True,False,False,0,0,1,0,0,0,0
4537,2120272782,Eucerin,2023-04-01,5.0,190,44,1,False,neutral,False,False,False,False,1,0,1,0,0,0,0
4538,2120272782,Eucerin,2023-04-01,5.0,29,7,1,False,,,,,,0,0,0,0,0,0,0
4539,2120272782,Eucerin,2023-03-01,5.0,42,9,1,False,positive,False,True,False,False,1,0,1,0,0,0,0
4540,2120272782,Eucerin,2022-11-01,5.0,68,16,1,False,positive,False,True,True,False,1,0,0,0,0,0,0
4541,2120272782,Eucerin,2022-11-01,5.0,25,5,1,False,,,,,,0,0,0,0,0,0,0
4542,2120272782,Eucerin,2022-11-01,5.0,44,9,1,False,,,,,,0,0,0,0,0,0,0
4543,2120272782,Eucerin,2022-11-01,5.0,94,22,1,False,positive,False,True,False,False,1,1,0,0,0,0,0
4544,2120272782,Eucerin,2022-11-01,5.0,110,25,1,False,,,,,,0,0,0,0,0,0,0
4545,2120272782,Eucerin,2022-11-01,5.0,107,26,1,False,neutral,False,False,False,False,0,1,0,1,0,0,0
4546,2120272782,Eucerin,2022-11-01,5.0,27,6,1,False,,,,,,0,0,0,0,0,0,0
4547,2120272782,Eucerin,2022-10-01,5.0,98,22,1,False,neutral,False,True,True,False,1,0,1,1,0,0,1
4548,2120272782,Eucerin,2022-10-01,5.0,34,9,1,False,,,,,,0,0,0,0,0,0,0
4549,2120272782,Eucerin,2022-09-01,5.0,99,22,1,False,neutral,False,False,False,False,0,1,0,0,0,0,0
4550,2120272782,Eucerin,2022-09-01,5.0,41,10,1,False,,,,,,0,0,0,0,0,0,0
4551,2120272782,Eucerin,2022-09-01,5.0,99,23,1,False,neutral,False,True,True,False,1,0,0,1,0,0,0
4552,2120272782,Eucerin,2022-09-01,5.0,91,17,1,False,positive,False,True,True,False,0,0,1,1,0,0,0
4553,2120272782,Eucerin,2022-09-01,5.0,103,26,1,False,,,,,,0,0,0,0,0,0,0
4554,2120272782,Eucerin,2022-09-01,5.0,22,5,1,False,,,,,,0,0,0,0,0,0,0
4555,2120272782,Eucerin,2022-09-01,5.0,72,16,1,False,neutral,False,False,False,False,0,0,0,1,0,0,0
4556,2120272782,Eucerin,2022-08-01,5.0,78,17,1,False,positive,False,True,False,False,0,0,1,0,0,0,0
4557,2120272782,Eucerin,2022-07-01,5.0,102,21,1,False,neutral,False,True,True,False,1,0,0,1,0,0,0
4558,2120272782,Eucerin,2022-07-01,5.0,249,57,1,False,,,,,,0,0,0,0,0,0,0
4559,2120272782,Eucerin,2022-06-01,5.0,92,18,1,False,,,,,,0,0,0,0,0,0,0
4560,2120272782,Eucerin,2022-06-01,5.0,92,18,1,False,neutral,False,False,False,False,0,1,0,0,0,0,0
4561,2120272782,Eucerin,2022-05-01,5.0,138,32,1,False,neutral,False,False,False,False,0,0,0,0,1,0,0
4562,2120272782,Eucerin,2022-05-01,5.0,17,4,1,False,,,,,,0,0,0,0,0,0,0
4563,2120272782,Eucerin,2022-05-01,5.0,224,45,1,False,neutral,False,True,True,False,1,0,0,1,1,0,1
4564,2120272782,Eucerin,2022-05-01,5.0,32,8,1,False,neutral,False,False,False,False,1,1,0,0,0,0,0
4565,2120272782,Eucerin,2022-05-01,5.0,115,27,1,False,,,,,,0,0,0,0,0,0,0
4566,2120272782,Eucerin,2022-04-01,5.0,74,16,1,False,positive,False,True,False,False,1,0,0,0,1,0,0
4567,2120272782,Eucerin,2022-04-01,5.0,29,7,1,False,,,,,,0,0,0,0,0,0,0
4568,2120272782,Eucerin,2022-04-01,5.0,141,32,1,False,neutral,False,False,False,False,1,1,0,0,0,0,0
4569,2120272782,Eucerin,2022-04-01,5.0,90,19,1,False,neutral,True,False,True,True,1,0,1,1,0,0,0
4570,2120272782,Eucerin,2022-04-01,5.0,208,45,1,False,positive,False,True,True,False,1,1,1,1,0,0,0
4571,2120272782,Eucerin,2022-04-01,5.0,74,17,1,False,negative,True,False,False,True,1,0,0,0,1,0,0
4572,2120272782,Eucerin,2022-04-01,5.0,83,15,1,False,,,,,,0,0,0,0,0,0,0
4573,2120272782,Eucerin,2022-03-01,5.0,69,15,1,False,,,,,,0,0,0,0,0,0,0
4574,2120272782,Eucerin,2022-03-01,5.0,113,23,2,False,positive,False,True,True,False,0,0,1,1,0,0,1
4575,2120272782,Eucerin,2022-03-01,5.0,98,24,1,False,negative,True,False,False,True,1,0,0,0,0,0,0
4576,2120272782,Eucerin,2022-03-01,5.0,261,36,1,False,positive,False,True,True,False,1,0,0,1,0,0,1
4577,2120272782,Eucerin,2022-03-01,5.0,57,12,1,False,neutral,False,False,False,False,0,0,1,1,0,0,0
4578,2120272782,Eucerin,2022-02-01,5.0,25,6,1,False,,,,,,0,0,0,0,0,0,0
4579,2826279167,Eucerin,2025-12-01,5.0,132,28,1,False,neutral,False,False,False,False,0,0,0,0,1,0,0
4580,2826279167,Eucerin,2025-05-01,5.0,104,23,1,False,neutral,False,False,False,False,0,1,0,0,0,0,0
4581,2826279167,Eucerin,2025-04-01,5.0,103,16,1,False,positive,False,True,False,False,1,0,1,1,0,0,0
4582,2826279167,Eucerin,2025-03-01,5.0,593,131,1,False,neutral,False,False,False,False,1,1,0,0,0,0,0
4583,2826279167,Eucerin,2025-02-01,5.0,73,8,1,False,neutral,False,False,False,False,0,0,0,0,0,0,1
4584,2120247893,Eucerin,2022-11-01,1.0,214,50,1,False,neutral,False,True,True,False,0,0,1,0,0,0,1
4585,2120247893,Eucerin,2022-11-01,1.0,78,19,1,False,,,,,,0,0,0,0,0,0,0
4586,2120247893,Eucerin,2021-10-01,2.0,290,66,1,False,,,,,,0,0,0,0,0,0,0
4587,2120247893,Eucerin,2023-04-01,3.0,63,14,1,False,,,,,,0,0,0,0,0,0,0
4588,2120247893,Eucerin,2023-12-01,4.0,7,2,1,True,,,,,,0,0,0,0,0,0,0
4589,2120247893,Eucerin,2022-04-01,4.0,144,31,1,False,positive,False,True,False,False,0,0,0,0,1,0,0
4590,2120247893,Eucerin,2022-01-01,4.0,80,18,1,False,positive,False,True,False,False,0,0,0,1,0,0,1
4591,2120247893,Eucerin,2022-01-01,4.0,275,58,1,False,neutral,False,False,False,False,1,1,1,0,0,0,1
4592,2120247893,Eucerin,2025-08-01,5.0,67,16,1,False,,,,,,0,0,0,0,0,0,0
4593,2120247893,Eucerin,2025-08-01,5.0,58,14,1,False,positive,False,True,False,False,1,0,0,0,0,0,0
4594,2120247893,Eucerin,2025-03-01,5.0,92,21,1,False,positive,False,True,False,False,1,0,0,0,1,0,0
4595,2120247893,Eucerin,2025-03-01,5.0,128,29,1,False,positive,False,True,False,False,0,0,0,0,1,0,0
4596,2120247893,Eucerin,2025-01-01,5.0,48,9,1,False,neutral,False,False,False,False,1,0,0,0,0,0,0
4597,2120247893,Eucerin,2024-12-01,5.0,59,12,1,False,,,,,,0,0,0,0,0,0,0
4598,2120247893,Eucerin,2024-12-01,5.0,142,31,1,False,neutral,False,True,True,False,1,0,0,0,1,0,0
4599,2120247893,Eucerin,2024-11-01,5.0,60,15,1,False,positive,False,True,False,False,1,0,0,0,0,0,0
4600,2120247893,Eucerin,2024-11-01,5.0,89,18,1,False,neutral,False,False,False,False,1,0,0,0,0,0,0
4601,2120247893,Eucerin,2024-11-01,5.0,99,23,1,False,neutral,False,False,False,False,1,0,0,0,0,0,0
4602,2120247893,Eucerin,2024-11-01,5.0,77,18,1,False,positive,False,True,False,False,1,0,0,0,1,0,0
4603,2120247893,Eucerin,2024-10-01,5.0,72,16,1,False,neutral,False,False,False,False,1,0,0,0,0,0,0
4604,2120247893,Eucerin,2024-09-01,5.0,80,20,1,False,positive,False,True,False,False,1,0,0,0,0,0,0
4605,2120247893,Eucerin,2024-09-01,5.0,64,14,1,False,,,,,,0,0,0,0,0,0,0
4606,2120247893,Eucerin,2024-09-01,5.0,127,27,1,False,neutral,False,False,False,False,1,0,0,0,0,0,0
4607,2120247893,Eucerin,2024-08-01,5.0,79,18,1,False,neutral,False,False,False,False,0,1,0,0,0,0,0
4608,2120247893,Eucerin,2024-08-01,5.0,72,17,1,False,positive,False,True,False,False,0,0,0,0,1,0,0
4609,2120247893,Eucerin,2024-08-01,5.0,308,68,1,False,neutral,False,True,True,False,1,0,0,1,1,0,1
4610,2120247893,Eucerin,2024-07-01,5.0,3,1,23,True,,,,,,0,0,0,0,0,0,0
4611,2120247893,Eucerin,2024-05-01,5.0,128,31,1,False,neutral,False,False,False,False,1,0,0,0,0,0,0
4612,2120247893,Eucerin,2024-05-01,5.0,132,30,1,False,,,,,,0,0,0,0,0,0,0
4613,2120247893,Eucerin,2024-04-01,5.0,75,15,1,False,positive,False,True,False,False,0,0,1,0,0,0,0
4614,2120247893,Eucerin,2024-03-01,5.0,18,4,1,False,,,,,,0,0,0,0,0,0,0
4615,2120247893,Eucerin,2024-03-01,5.0,99,23,1,False,neutral,False,True,True,False,1,0,0,0,1,0,0
4616,2120247893,Eucerin,2024-03-01,5.0,112,28,1,False,positive,False,True,True,False,1,0,0,0,1,0,0
4617,2120247893,Eucerin,2024-03-01,5.0,72,16,1,False,,,,,,0,0,0,0,0,0,0
4618,2120247893,Eucerin,2024-03-01,5.0,64,15,1,False,positive,False,True,False,False,1,0,0,0,1,0,0
4619,2120247893,Eucerin,2024-01-01,5.0,84,20,1,False,,,,,,0,0,0,0,0,0,0
4620,2120247893,Eucerin,2024-01-01,5.0,78,17,1,False,positive,False,True,False,False,1,0,0,0,0,0,0
4621,2120247893,Eucerin,2024-01-01,5.0,45,10,1,False,,,,,,0,0,0,0,0,0,0
4622,2120247893,Eucerin,2024-01-01,5.0,201,48,1,False,negative,True,True,True,True,1,0,0,0,0,0,1
4623,2120247893,Eucerin,2024-01-01,5.0,20,5,1,False,,,,,,0,0,0,0,0,0,0
4624,2120247893,Eucerin,2023-12-01,5.0,24,6,1,False,,,,,,0,0,0,0,0,0,0
4625,2120247893,Eucerin,2023-12-01,5.0,64,15,1,False,neutral,False,True,True,False,1,0,0,0,0,0,0
4626,2120247893,Eucerin,2023-11-01,5.0,100,21,1,False,positive,False,True,True,False,0,0,0,1,1,0,1
4627,2120247893,Eucerin,2023-11-01,5.0,119,26,1,False,neutral,False,False,False,False,0,1,0,1,0,0,0
4628,2120247893,Eucerin,2023-11-01,5.0,103,21,1,False,,,,,,0,0,0,0,0,0,0
4629,2120247893,Eucerin,2023-11-01,5.0,65,16,1,False,positive,False,True,False,False,1,0,0,0,0,0,0
4630,2120247893,Eucerin,2023-11-01,5.0,96,23,1,False,neutral,False,False,False,False,1,0,0,0,0,0,0
4631,2120247893,Eucerin,2023-10-01,5.0,144,33,1,False,positive,False,True,False,False,1,0,0,0,0,0,0
4632,2120247893,Eucerin,2023-10-01,5.0,68,15,1,False,positive,False,True,False,False,1,0,1,0,1,0,0
4633,2120247893,Eucerin,2023-10-01,5.0,195,45,1,False,neutral,False,False,False,False,0,0,1,0,0,0,1
4634,2120247893,Eucerin,2023-10-01,5.0,135,32,1,False,neutral,False,False,False,False,1,1,0,0,0,0,0
4635,2120247893,Eucerin,2023-10-01,5.0,67,16,1,False,positive,False,True,True,False,1,0,0,0,0,0,0
4636,2120247893,Eucerin,2023-09-01,5.0,71,14,1,False,neutral,False,True,True,False,0,1,1,1,0,0,1
4637,2120247893,Eucerin,2023-09-01,5.0,73,15,1,False,positive,False,True,False,False,1,0,1,0,1,0,0
4638,2120247893,Eucerin,2023-09-01,5.0,80,16,1,False,positive,False,True,True,False,0,0,0,1,1,0,0
4639,2120247893,Eucerin,2023-08-01,5.0,63,12,1,False,positive,False,True,False,False,0,0,1,0,0,0,0
4640,2120247893,Eucerin,2023-08-01,5.0,103,23,1,False,positive,False,True,True,False,0,0,0,0,1,0,0
4641,2120247893,Eucerin,2023-07-01,5.0,96,20,1,False,neutral,False,True,True,False,0,0,1,1,0,0,0
4642,2120247893,Eucerin,2023-07-01,5.0,62,13,1,False,positive,False,True,False,False,0,0,1,0,0,0,0
4643,2120247893,Eucerin,2023-07-01,5.0,91,21,1,False,neutral,False,False,False,False,1,0,0,0,0,0,0
4644,2120247893,Eucerin,2023-07-01,5.0,71,15,1,False,positive,False,True,True,False,0,0,1,1,0,0,0
4645,2120247893,Eucerin,2023-06-01,5.0,12,3,1,False,,,,,,0,0,0,0,0,0,0
4646,2120247893,Eucerin,2023-06-01,5.0,63,13,1,False,positive,False,True,False,False,1,0,0,0,0,0,0
4647,2120247893,Eucerin,2023-06-01,5.0,76,17,1,False,positive,False,True,False,False,0,0,1,1,0,0,0
4648,2120247893,Eucerin,2023-06-01,5.0,70,19,1,False,positive,False,True,False,False,1,0,0,0,1,0,0
4649,2120247893,Eucerin,2023-06-01,5.0,86,20,1,False,neutral,False,True,True,False,0,1,0,0,0,0,1
4650,2120247893,Eucerin,2023-06-01,5.0,20,3,1,False,positive,False,True,False,False,0,0,1,0,0,0,0
4651,2120247893,Eucerin,2023-05-01,5.0,9,2,4,False,,,,,,0,0,0,0,0,0,0
4652,2120247893,Eucerin,2023-05-01,5.0,75,18,1,False,neutral,False,False,False,False,1,0,0,0,0,0,0
4653,2120247893,Eucerin,2023-04-01,5.0,100,24,1,False,,,,,,0,0,0,0,0,0,0
4654,2120247893,Eucerin,2023-04-01,5.0,10,3,1,False,,,,,,0,0,0,0,0,0,0
4655,2120247893,Eucerin,2023-04-01,5.0,89,21,1,False,positive,False,True,False,False,0,0,1,0,0,0,1
4656,2120247893,Eucerin,2023-04-01,5.0,129,31,1,False,,,,,,0,0,0,0,0,0,0
4657,2120247893,Eucerin,2023-03-01,5.0,17,5,1,False,,,,,,0,0,0,0,0,0,0
4658,2120247893,Eucerin,2023-03-01,5.0,149,34,1,False,negative,True,False,True,True,0,1,1,0,0,0,0
4659,2120247893,Eucerin,2023-03-01,5.0,178,38,1,False,positive,False,True,True,False,1,0,1,0,1,0,0
4660,2120247893,Eucerin,2023-03-01,5.0,102,26,1,False,positive,False,True,False,False,1,0,0,0,0,0,0
4661,2120247893,Eucerin,2023-03-01,5.0,78,14,1,False,positive,False,True,False,False,1,0,1,0,1,0,0
4662,2120247893,Eucerin,2023-02-01,5.0,74,16,1,False,neutral,False,True,True,False,0,0,1,0,0,0,0
4663,2120247893,Eucerin,2023-01-01,5.0,81,18,1,False,neutral,False,False,False,False,1,0,0,1,0,0,0
4664,2120247893,Eucerin,2023-01-01,5.0,77,18,1,False,neutral,False,False,False,False,0,0,0,0,0,0,1
4665,2120247893,Eucerin,2022-11-01,5.0,116,29,1,False,neutral,False,False,False,False,0,1,0,0,0,0,0
4666,2120247893,Eucerin,2022-11-01,5.0,154,34,1,False,positive,True,True,True,True,1,0,0,0,0,0,0
4667,2120247893,Eucerin,2022-10-01,5.0,275,62,1,False,neutral,False,False,False,False,0,0,1,0,0,0,0
4668,2120247893,Eucerin,2022-10-01,5.0,83,9,1,False,positive,False,True,False,False,1,0,0,0,0,0,0
4669,2120247893,Eucerin,2022-10-01,5.0,99,22,1,False,neutral,False,True,True,False,0,1,0,1,0,0,1
4670,2120247893,Eucerin,2022-10-01,5.0,4,1,2,True,,,,,,0,0,0,0,0,0,0
4671,2120247893,Eucerin,2022-10-01,5.0,99,23,1,False,neutral,False,False,False,False,1,0,0,0,0,0,0
4672,2120247893,Eucerin,2022-09-01,5.0,97,24,1,False,positive,False,True,False,False,0,0,0,0,0,0,1
4673,2120247893,Eucerin,2022-09-01,5.0,99,24,1,False,positive,False,True,False,False,1,0,0,0,0,0,0
4674,2120247893,Eucerin,2022-08-01,5.0,95,20,1,False,neutral,False,False,False,False,0,0,0,1,0,0,0
4675,2120247893,Eucerin,2022-08-01,5.0,87,21,1,False,,,,,,0,0,0,0,0,0,0
4676,2120247893,Eucerin,2022-07-01,5.0,56,13,1,False,,,,,,0,0,0,0,0,0,0
4677,2120247893,Eucerin,2022-06-01,5.0,112,24,1,False,neutral,False,True,True,False,0,0,1,0,0,0,1
4678,2120247893,Eucerin,2022-06-01,5.0,94,21,1,False,neutral,False,True,True,False,1,0,0,1,0,0,0
4679,2120247893,Eucerin,2022-05-01,5.0,96,22,1,False,,,,,,0,0,0,0,0,0,0
4680,2120247893,Eucerin,2022-03-01,5.0,8,2,1,False,,,,,,0,0,0,0,0,0,0
4681,2120286734,Eucerin,2022-09-01,4.0,18,4,1,False,neutral,False,False,False,False,0,0,0,1,0,0,0
4682,2120286734,Eucerin,2026-03-01,5.0,154,32,1,False,neutral,False,False,False,False,0,1,0,0,0,0,0
4683,2120286734,Eucerin,2026-01-01,5.0,73,19,1,False,positive,False,True,False,False,1,0,0,0,0,0,0
4684,2120286734,Eucerin,2025-06-01,5.0,36,9,1,False,,,,,,0,0,0,0,0,0,0
4685,2120286734,Eucerin,2025-04-01,5.0,73,13,1,False,positive,False,True,False,False,0,0,0,0,0,0,1
4686,2120286734,Eucerin,2025-03-01,5.0,66,15,1,False,,,,,,0,0,0,0,0,0,0
4687,2120286734,Eucerin,2025-01-01,5.0,13,3,1,False,,,,,,0,0,0,0,0,0,0
4688,2120286734,Eucerin,2024-12-01,5.0,108,25,1,False,positive,False,True,True,False,1,1,0,0,0,0,0
4689,2120286734,Eucerin,2024-10-01,5.0,83,18,1,False,positive,False,True,True,False,1,0,0,0,1,0,0
4690,2120286734,Eucerin,2024-08-01,5.0,77,17,1,False,neutral,False,True,True,False,0,0,1,1,0,0,0
4691,2120286734,Eucerin,2024-07-01,5.0,17,4,1,False,,,,,,0,0,0,0,0,0,0
4692,2120286734,Eucerin,2024-06-01,5.0,46,8,1,False,,,,,,0,0,0,0,0,0,0
4693,2120286734,Eucerin,2024-06-01,5.0,49,11,1,False,negative,True,False,False,True,1,0,0,0,0,0,0
4694,2120286734,Eucerin,2024-05-01,5.0,112,25,1,False,neutral,False,True,True,False,1,0,0,0,0,0,0
4695,2120286734,Eucerin,2024-05-01,5.0,71,16,1,False,,,,,,0,0,0,0,0,0,0
4696,2120286734,Eucerin,2024-05-01,5.0,67,16,1,False,,,,,,0,0,0,0,0,0,0
4697,2120286734,Eucerin,2024-04-01,5.0,22,6,1,False,,,,,,0,0,0,0,0,0,0
4698,2120286734,Eucerin,2024-04-01,5.0,68,16,1,False,positive,False,True,False,False,1,0,0,0,0,0,0
4699,2120286734,Eucerin,2024-04-01,5.0,69,17,1,False,neutral,False,False,False,False,0,0,1,0,0,0,1
4700,2120286734,Eucerin,2024-03-01,5.0,89,20,1,False,positive,True,True,True,True,1,0,1,0,0,0,0
4701,2120286734,Eucerin,2024-03-01,5.0,76,17,1,False,positive,False,True,False,False,0,0,0,0,1,0,0
4702,2120286734,Eucerin,2024-03-01,5.0,65,16,1,False,,,,,,0,0,0,0,0,0,0
4703,2120286734,Eucerin,2024-03-01,5.0,176,39,1,False,neutral,False,True,True,False,1,0,0,0,1,0,0
4704,2120286734,Eucerin,2024-03-01,5.0,42,7,1,False,positive,False,True,False,False,1,0,0,0,0,0,0
4705,2120286734,Eucerin,2024-01-01,5.0,69,16,1,False,positive,False,True,False,False,0,0,0,0,1,0,0
4706,2120286734,Eucerin,2024-01-01,5.0,75,17,1,False,positive,False,True,False,False,0,0,0,0,1,0,0
4707,2120286734,Eucerin,2023-11-01,5.0,35,6,1,False,,,,,,0,0,0,0,0,0,0
4708,2120286734,Eucerin,2023-11-01,5.0,161,37,1,False,neutral,False,False,False,False,1,1,0,0,0,0,0
4709,2120286734,Eucerin,2023-11-01,5.0,62,15,1,False,positive,False,True,False,False,0,0,1,0,0,0,0
4710,2120286734,Eucerin,2023-11-01,5.0,130,25,1,False,,,,,,0,0,0,0,0,0,0
4711,2120286734,Eucerin,2023-10-01,5.0,158,35,1,False,neutral,False,True,True,False,0,1,0,0,0,0,0
4712,2120286734,Eucerin,2023-10-01,5.0,357,80,1,False,,,,,,0,0,0,0,0,0,0
4713,2120286734,Eucerin,2023-09-01,5.0,125,28,1,False,neutral,False,False,False,False,0,0,0,1,0,0,0
4714,2120286734,Eucerin,2023-09-01,5.0,119,28,1,False,positive,False,True,False,False,1,0,0,0,1,0,1
4715,2120286734,Eucerin,2023-09-01,5.0,101,21,1,False,positive,False,True,False,False,1,0,1,0,1,0,0
4716,2120286734,Eucerin,2023-07-01,5.0,87,13,1,False,positive,False,True,False,False,0,0,1,0,0,0,0
4717,2120286734,Eucerin,2023-04-01,5.0,218,43,1,False,negative,True,False,False,True,0,1,0,0,0,0,0
4718,2120286734,Eucerin,2023-03-01,5.0,56,15,1,False,,,,,,0,0,0,0,0,0,0
4719,2120286734,Eucerin,2023-03-01,5.0,65,15,1,False,neutral,False,False,False,False,0,1,0,0,0,0,0
4720,2120286734,Eucerin,2023-03-01,5.0,6,2,1,True,,,,,,0,0,0,0,0,0,0
4721,2120286734,Eucerin,2023-02-01,5.0,65,14,1,False,neutral,False,False,False,False,0,1,0,0,0,0,0
4722,2120286734,Eucerin,2023-02-01,5.0,82,19,1,False,positive,False,True,False,False,0,0,1,0,0,0,0
4723,2120286734,Eucerin,2022-12-01,5.0,54,14,1,False,,,,,,0,0,0,0,0,0,0
4724,2120286734,Eucerin,2022-11-01,5.0,97,21,1,False,,,,,,0,0,0,0,0,0,0
4725,2120286734,Eucerin,2022-10-01,5.0,53,11,1,False,positive,False,True,False,False,0,0,1,1,0,0,0
4726,2120286734,Eucerin,2022-10-01,5.0,81,7,1,False,,,,,,0,0,0,0,0,0,0
4727,2120286734,Eucerin,2022-09-01,5.0,92,18,1,False,neutral,False,False,False,False,0,1,0,0,0,0,0
4728,2120286734,Eucerin,2022-09-01,5.0,111,26,1,False,neutral,False,False,False,False,0,0,1,0,0,0,0
4729,2120286734,Eucerin,2022-09-01,5.0,94,22,1,False,,,,,,0,0,0,0,0,0,0
4730,2120286734,Eucerin,2022-08-01,5.0,106,22,1,False,positive,False,True,True,False,0,0,1,1,0,0,0
4731,2120286734,Eucerin,2022-07-01,5.0,108,26,1,False,positive,False,True,False,False,0,1,1,0,0,0,1
4732,2120245865,Eucerin,2025-08-01,1.0,393,88,1,False,neutral,False,False,False,False,0,0,1,0,0,0,0
4733,2120245865,Eucerin,2025-02-01,4.0,116,25,1,False,,,,,,0,0,0,0,0,0,0
4734,2120245865,Eucerin,2024-02-01,4.0,90,20,1,False,neutral,False,False,False,False,1,0,0,0,0,0,0
4735,2120245865,Eucerin,2026-04-01,5.0,112,26,1,False,positive,False,True,False,False,1,0,1,1,0,0,0
4736,2120245865,Eucerin,2026-03-01,5.0,180,43,1,False,neutral,False,True,True,False,1,1,0,0,0,0,0
4737,2120245865,Eucerin,2025-12-01,5.0,74,12,1,False,positive,False,True,False,False,0,0,0,0,1,0,0
4738,2120245865,Eucerin,2025-11-01,5.0,708,152,1,False,positive,False,True,True,False,0,1,0,0,1,0,0
4739,2120245865,Eucerin,2025-11-01,5.0,108,25,1,False,positive,False,True,False,False,1,0,0,0,0,0,0
4740,2120245865,Eucerin,2025-09-01,5.0,73,17,1,False,,,,,,0,0,0,0,0,0,0
4741,2120245865,Eucerin,2025-08-01,5.0,78,18,2,False,,,,,,0,0,0,0,0,0,0
4742,2120245865,Eucerin,2025-07-01,5.0,105,24,1,False,,,,,,0,0,0,0,0,0,0
4743,2120245865,Eucerin,2025-06-01,5.0,90,21,1,False,neutral,False,False,False,False,0,1,0,0,0,0,1
4744,2120245865,Eucerin,2025-06-01,5.0,97,21,1,False,positive,False,True,False,False,0,0,0,0,1,0,0
4745,2120245865,Eucerin,2025-06-01,5.0,33,7,1,False,positive,False,True,False,False,1,0,0,0,0,0,0
4746,2120245865,Eucerin,2025-06-01,5.0,79,18,1,False,,,,,,0,0,0,0,0,0,0
4747,2120245865,Eucerin,2025-05-01,5.0,116,26,1,False,neutral,False,True,True,False,1,1,0,0,0,0,0
4748,2120245865,Eucerin,2025-05-01,5.0,73,17,1,False,,,,,,0,0,0,0,0,0,0
4749,2120245865,Eucerin,2025-05-01,5.0,106,23,1,False,positive,False,True,False,False,1,0,0,0,0,0,0
4750,2120245865,Eucerin,2025-05-01,5.0,65,15,1,False,positive,False,True,False,False,1,0,0,0,0,0,0
4751,2120245865,Eucerin,2025-04-01,5.0,116,27,1,False,positive,False,True,False,False,1,0,0,0,0,0,0
4752,2120245865,Eucerin,2025-04-01,5.0,141,33,1,False,positive,False,True,True,False,1,1,0,0,0,0,0
4753,2120245865,Eucerin,2025-04-01,5.0,113,25,1,False,positive,False,True,False,False,1,0,0,0,0,0,0
4754,2120245865,Eucerin,2025-03-01,5.0,126,28,1,False,positive,False,True,True,False,1,1,0,0,0,0,0
4755,2120245865,Eucerin,2025-03-01,5.0,66,15,1,False,neutral,False,True,True,False,1,1,0,0,0,0,0
4756,2120245865,Eucerin,2025-03-01,5.0,67,16,1,False,,,,,,0,0,0,0,0,0,0
4757,2120245865,Eucerin,2025-03-01,5.0,115,23,1,False,positive,False,True,False,False,1,0,0,0,0,0,0
4758,2120245865,Eucerin,2025-03-01,5.0,61,12,1,False,positive,False,True,False,False,0,1,0,0,0,0,0
4759,2120245865,Eucerin,2025-03-01,5.0,70,15,10,True,positive,False,True,True,False,0,0,1,0,0,0,0
4760,2120245865,Eucerin,2025-03-01,5.0,68,16,1,False,neutral,False,True,True,False,1,1,0,0,0,0,0
4761,2120245865,Eucerin,2025-03-01,5.0,90,20,1,False,,,,,,0,0,0,0,0,0,0
4762,2120245865,Eucerin,2025-02-01,5.0,58,13,1,False,,,,,,0,0,0,0,0,0,0
4763,2120245865,Eucerin,2025-02-01,5.0,86,21,1,False,positive,False,True,True,False,1,1,0,0,0,0,0
4764,2120245865,Eucerin,2025-02-01,5.0,81,19,1,False,neutral,False,False,False,False,1,1,0,0,0,0,0
4765,2120245865,Eucerin,2025-02-01,5.0,18,4,1,False,positive,False,True,False,False,0,1,0,0,0,0,0
4766,2120245865,Eucerin,2025-02-01,5.0,118,27,1,False,positive,False,True,True,False,1,0,0,0,0,0,0
4767,2120245865,Eucerin,2025-02-01,5.0,48,11,1,False,,,,,,0,0,0,0,0,0,0
4768,2120245865,Eucerin,2025-02-01,5.0,155,34,1,False,positive,False,True,False,False,1,0,0,0,0,0,0
4769,2120245865,Eucerin,2025-01-01,5.0,32,7,1,False,negative,True,False,False,True,0,0,1,0,0,0,0
4770,2120245865,Eucerin,2025-01-01,5.0,165,37,1,False,positive,False,True,True,False,1,0,0,0,0,0,0
4771,2120245865,Eucerin,2025-01-01,5.0,91,20,1,False,,,,,,0,0,0,0,0,0,0
4772,2120245865,Eucerin,2025-01-01,5.0,141,32,1,False,positive,False,True,False,False,0,0,0,0,1,0,1
4773,2120245865,Eucerin,2025-01-01,5.0,98,22,1,False,neutral,False,False,False,False,0,0,1,0,0,0,0
4774,2120245865,Eucerin,2024-12-01,5.0,93,20,1,False,positive,False,True,False,False,1,0,0,0,0,0,0
4775,2120245865,Eucerin,2024-12-01,5.0,53,11,1,False,positive,False,True,False,False,1,0,0,0,0,0,0
4776,2120245865,Eucerin,2024-12-01,5.0,91,22,1,False,,,,,,0,0,0,0,0,0,0
4777,2120245865,Eucerin,2024-12-01,5.0,98,23,1,False,positive,False,True,False,False,1,0,0,0,0,0,0
4778,2120245865,Eucerin,2024-08-01,5.0,89,21,1,False,positive,False,True,False,False,1,0,0,0,0,0,0
4779,2120245865,Eucerin,2024-08-01,5.0,265,61,1,False,positive,False,True,True,False,1,0,1,0,0,0,0
4780,2120245865,Eucerin,2024-08-01,5.0,108,25,1,False,positive,False,True,False,False,1,0,0,0,0,0,0
4781,2120245865,Eucerin,2024-07-01,5.0,160,36,1,False,positive,False,True,False,False,1,0,0,0,0,0,0
4782,2120245865,Eucerin,2024-07-01,5.0,96,21,1,False,neutral,False,False,False,False,0,0,0,0,0,0,1
4783,2120245865,Eucerin,2024-07-01,5.0,93,21,1,False,,,,,,0,0,0,0,0,0,0
4784,2120245865,Eucerin,2024-07-01,5.0,72,16,1,False,,,,,,0,0,0,0,0,0,0
4785,2120245865,Eucerin,2024-07-01,5.0,111,25,1,False,,,,,,0,0,0,0,0,0,0
4786,2120245865,Eucerin,2024-07-01,5.0,93,21,1,False,neutral,False,False,False,False,0,1,0,0,0,0,0
4787,2120245865,Eucerin,2024-06-01,5.0,80,18,1,False,positive,False,True,False,False,1,0,0,0,0,0,0
4788,2120245865,Eucerin,2024-06-01,5.0,71,16,1,False,,,,,,0,0,0,0,0,0,0
4789,2120245865,Eucerin,2024-06-01,5.0,72,16,1,False,neutral,False,False,False,False,1,0,0,0,0,0,0
4790,2120245865,Eucerin,2024-06-01,5.0,191,42,1,False,positive,False,True,False,False,1,0,0,0,0,0,0
4791,2120245865,Eucerin,2024-06-01,5.0,77,17,1,False,neutral,False,False,False,False,0,0,0,0,1,0,0
4792,2120245865,Eucerin,2024-06-01,5.0,75,16,1,False,positive,False,True,False,False,1,0,0,0,0,0,0
4793,2120245865,Eucerin,2024-06-01,5.0,95,21,1,False,neutral,False,False,False,False,0,0,1,1,0,0,0
4794,2120245865,Eucerin,2024-06-01,5.0,79,18,1,False,positive,False,True,False,False,1,0,0,0,0,0,0
4795,2120245865,Eucerin,2024-05-01,5.0,106,25,1,False,positive,False,True,False,False,1,0,0,0,0,0,0
4796,2120245865,Eucerin,2024-05-01,5.0,88,19,1,False,positive,False,True,False,False,1,0,0,0,0,0,0
4797,2120245865,Eucerin,2024-05-01,5.0,119,26,1,False,positive,False,True,False,False,1,0,0,0,0,0,0
4798,2120245865,Eucerin,2024-04-01,5.0,110,24,1,False,positive,False,True,False,False,1,0,0,0,0,0,0
4799,2120245865,Eucerin,2024-04-01,5.0,60,11,1,False,positive,False,True,False,False,0,0,1,0,0,0,0
4800,2120245865,Eucerin,2024-04-01,5.0,68,15,1,False,positive,False,True,True,False,1,1,0,0,0,0,0
4801,2120245865,Eucerin,2024-04-01,5.0,26,7,1,False,,,,,,0,0,0,0,0,0,0
4802,2120245865,Eucerin,2024-03-01,5.0,90,21,1,False,,,,,,0,0,0,0,0,0,0
4803,2120245865,Eucerin,2024-03-01,5.0,77,16,1,False,positive,False,True,True,False,0,1,1,1,0,0,0
4804,2120245865,Eucerin,2024-03-01,5.0,98,22,1,False,positive,False,True,False,False,1,0,0,0,0,0,0
4805,2120245865,Eucerin,2024-03-01,5.0,85,19,1,False,positive,False,True,False,False,1,0,0,0,0,0,0
4806,2120245865,Eucerin,2024-03-01,5.0,72,16,1,False,neutral,False,False,False,False,0,0,0,0,0,0,1
4807,2120245865,Eucerin,2024-03-01,5.0,64,14,1,False,neutral,False,False,False,False,0,1,0,0,0,0,0
4808,2120245865,Eucerin,2024-03-01,5.0,77,17,1,False,,,,,,0,0,0,0,0,0,0
4809,2120245865,Eucerin,2024-03-01,5.0,63,14,1,False,neutral,False,True,True,False,1,1,0,0,0,0,0
4810,2120245865,Eucerin,2024-02-01,5.0,63,14,1,False,,,,,,0,0,0,0,0,0,0
4811,2120245865,Eucerin,2024-02-01,5.0,118,26,1,False,positive,False,True,True,False,1,0,0,0,0,0,0
4812,2120245865,Eucerin,2024-02-01,5.0,139,27,1,False,positive,False,True,False,False,1,1,1,0,1,0,0
4813,2120245865,Eucerin,2024-02-01,5.0,161,35,1,False,positive,False,True,False,False,1,1,1,0,1,0,0
4814,2120245865,Eucerin,2024-02-01,5.0,61,12,1,False,neutral,False,False,False,False,0,0,1,0,0,0,1
4815,2120245865,Eucerin,2024-02-01,5.0,86,20,1,False,neutral,False,True,True,False,0,0,1,1,0,0,0
4816,2120245865,Eucerin,2024-02-01,5.0,82,19,1,False,,,,,,0,0,0,0,0,0,0
4817,2120245865,Eucerin,2024-01-01,5.0,62,13,1,False,positive,False,True,False,False,1,0,0,0,0,0,0
4818,2120245865,Eucerin,2024-01-01,5.0,94,21,1,False,positive,False,True,False,False,1,0,0,0,0,0,0
4819,2120245865,Eucerin,2024-01-01,5.0,64,13,1,False,neutral,False,False,False,False,0,0,1,1,0,0,1
4820,2120245865,Eucerin,2024-01-01,5.0,78,17,1,False,,,,,,0,0,0,0,0,0,0
4821,2120245865,Eucerin,2024-01-01,5.0,141,33,1,False,neutral,False,False,False,False,0,1,0,0,0,0,0
4822,2120245865,Eucerin,2024-01-01,5.0,93,21,3,False,positive,False,True,False,False,1,0,0,0,0,0,0
4823,2120245865,Eucerin,2023-12-01,5.0,64,14,1,False,positive,False,True,False,False,1,0,0,0,0,0,0
4824,2120245865,Eucerin,2023-12-01,5.0,63,15,1,False,,,,,,0,0,0,0,0,0,0
4825,2120354582,Eucerin,2022-04-01,1.0,8,2,1,False,,,,,,0,0,0,0,0,0,0
4826,2120354582,Eucerin,2024-08-01,4.0,101,24,1,False,neutral,False,True,True,False,0,0,1,0,0,0,1
4827,2120354582,Eucerin,2023-10-01,4.0,79,18,1,False,positive,False,True,False,False,0,0,1,0,0,0,0
4828,2120354582,Eucerin,2025-05-01,5.0,137,29,1,False,neutral,False,False,False,False,0,0,0,0,1,0,0
4829,2120354582,Eucerin,2024-12-01,5.0,79,18,1,False,positive,False,True,False,False,1,0,0,0,0,0,0
4830,2120354582,Eucerin,2024-12-01,5.0,292,65,1,False,positive,False,True,False,False,1,0,0,0,0,0,0
4831,2120354582,Eucerin,2024-12-01,5.0,120,27,1,False,,,,,,0,0,0,0,0,0,0
4832,2120354582,Eucerin,2024-11-01,5.0,35,8,1,False,,,,,,0,0,0,0,0,0,0
4833,2120354582,Eucerin,2024-11-01,5.0,6,2,1,True,,,,,,0,0,0,0,0,0,0
4834,2120354582,Eucerin,2024-11-01,5.0,117,26,1,False,neutral,False,False,False,False,1,0,0,1,0,0,1
4835,2120354582,Eucerin,2024-10-01,5.0,84,19,1,False,,,,,,0,0,0,0,0,0,0
4836,2120354582,Eucerin,2024-08-01,5.0,123,27,1,False,neutral,False,False,False,False,0,0,0,0,1,0,0
4837,2120354582,Eucerin,2024-07-01,5.0,73,18,1,False,,,,,,0,0,0,0,0,0,0
4838,2120354582,Eucerin,2024-07-01,5.0,224,51,1,False,neutral,False,False,False,False,1,1,0,0,1,0,0
4839,2120354582,Eucerin,2024-06-01,5.0,136,32,1,False,positive,False,True,False,False,1,0,0,0,0,0,0
4840,2120354582,Eucerin,2024-06-01,5.0,67,13,2,False,positive,False,True,False,False,0,0,1,0,0,0,0
4841,2120354582,Eucerin,2024-05-01,5.0,15,4,1,False,,,,,,0,0,0,0,0,0,0
4842,2120354582,Eucerin,2024-05-01,5.0,142,33,1,False,positive,False,True,False,False,1,0,0,0,0,0,0
4843,2120354582,Eucerin,2024-04-01,5.0,154,36,1,False,neutral,False,True,True,False,1,0,0,0,0,0,0
4844,2120354582,Eucerin,2024-04-01,5.0,15,3,1,False,,,,,,0,0,0,0,0,0,0
4845,2120354582,Eucerin,2024-04-01,5.0,89,20,1,False,,,,,,0,0,0,0,0,0,0
4846,2120354582,Eucerin,2024-04-01,5.0,106,24,1,False,neutral,False,True,True,False,0,0,1,0,0,0,0
4847,2120354582,Eucerin,2024-04-01,5.0,63,14,1,False,positive,False,True,True,False,0,1,1,0,0,0,0
4848,2120354582,Eucerin,2024-03-01,5.0,66,14,1,False,neutral,False,False,False,False,0,1,0,0,0,0,0
4849,2120354582,Eucerin,2024-03-01,5.0,53,11,1,False,positive,False,True,False,False,0,0,1,0,0,0,0
4850,2120354582,Eucerin,2024-03-01,5.0,115,25,1,False,,,,,,0,0,0,0,0,0,0
4851,2120354582,Eucerin,2024-03-01,5.0,68,16,1,False,positive,False,True,False,False,0,1,0,0,1,0,0
4852,2120354582,Eucerin,2024-03-01,5.0,137,30,1,False,negative,True,False,False,True,1,0,0,0,0,0,0
4853,2120354582,Eucerin,2024-03-01,5.0,91,20,1,False,positive,False,True,False,False,0,0,0,0,0,0,1
4854,2120354582,Eucerin,2024-02-01,5.0,55,12,1,False,neutral,False,False,False,False,0,1,0,0,1,0,0
4855,2120354582,Eucerin,2024-01-01,5.0,241,55,1,False,neutral,False,False,False,False,0,1,0,1,1,0,0
4856,2120354582,Eucerin,2024-01-01,5.0,89,20,1,False,positive,False,True,False,False,1,0,0,0,0,0,0
4857,2120354582,Eucerin,2024-01-01,5.0,65,16,4,False,positive,False,True,False,False,0,0,0,1,0,0,1
4858,2120354582,Eucerin,2024-01-01,5.0,76,19,1,False,positive,False,True,False,False,0,0,0,0,1,0,0
4859,2120354582,Eucerin,2023-12-01,5.0,64,13,1,False,neutral,False,True,True,False,0,0,1,1,0,0,0
4860,2120354582,Eucerin,2023-12-01,5.0,14,3,4,False,positive,False,True,False,False,0,0,1,0,0,0,0
4861,2120354582,Eucerin,2023-11-01,5.0,85,18,1,False,positive,False,True,True,False,0,0,1,1,0,0,1
4862,2120354582,Eucerin,2023-11-01,5.0,141,33,1,False,neutral,False,False,False,False,1,0,0,0,0,0,0
4863,2120354582,Eucerin,2023-11-01,5.0,49,11,1,False,positive,False,True,False,False,1,0,1,0,0,0,0
4864,2120354582,Eucerin,2023-11-01,5.0,28,6,1,False,positive,False,True,False,False,0,0,0,0,1,0,0
4865,2120354582,Eucerin,2023-11-01,5.0,37,9,1,False,,,,,,0,0,0,0,0,0,0
4866,2120354582,Eucerin,2023-11-01,5.0,286,65,1,False,neutral,False,True,True,False,1,1,0,0,1,0,1
4867,2120354582,Eucerin,2023-10-01,5.0,94,22,1,False,neutral,False,False,False,False,1,0,0,1,1,0,0
4868,2120354582,Eucerin,2023-08-01,5.0,30,6,19,True,positive,False,True,False,False,1,0,1,0,1,0,0
4869,2120354582,Eucerin,2023-08-01,5.0,71,16,1,False,positive,False,True,True,False,0,1,0,0,1,0,0
4870,2120354582,Eucerin,2023-08-01,5.0,12,3,10,True,,,,,,0,0,0,0,0,0,0
4871,2120354582,Eucerin,2023-07-01,5.0,61,7,1,False,,,,,,0,0,0,0,0,0,0
4872,2120354582,Eucerin,2023-07-01,5.0,119,28,1,False,positive,False,True,True,False,1,0,1,0,1,0,1
4873,2120354582,Eucerin,2023-06-01,5.0,68,18,1,False,negative,True,False,False,True,1,0,0,0,0,0,0
4874,2120354582,Eucerin,2023-06-01,5.0,67,16,1,False,,,,,,0,0,0,0,0,0,0
4875,2120354582,Eucerin,2023-06-01,5.0,65,15,1,False,neutral,False,False,False,False,1,1,0,1,0,0,0
4876,2120354582,Eucerin,2023-06-01,5.0,32,7,1,False,neutral,False,False,False,False,0,0,1,1,0,0,0
4877,2120354582,Eucerin,2023-05-01,5.0,23,6,1,False,,,,,,0,0,0,0,0,0,0
4878,2120354582,Eucerin,2023-04-01,5.0,93,20,1,False,positive,False,True,False,False,0,0,1,0,0,0,0
4879,2120354582,Eucerin,2023-03-01,5.0,63,14,1,False,positive,False,True,False,False,0,0,1,0,0,0,0
4880,2120354582,Eucerin,2023-02-01,5.0,41,10,1,False,positive,False,True,False,False,0,0,0,0,0,0,1
4881,2120354582,Eucerin,2023-02-01,5.0,103,26,1,False,,,,,,0,0,0,0,0,0,0
4882,2120354582,Eucerin,2023-02-01,5.0,63,15,1,False,,,,,,0,0,0,0,0,0,0
4883,2120354582,Eucerin,2023-01-01,5.0,72,16,1,False,neutral,False,False,False,False,0,0,1,1,0,0,1
4884,2120354582,Eucerin,2022-11-01,5.0,55,13,1,False,neutral,False,False,False,False,0,0,1,0,0,0,0
4885,2120354582,Eucerin,2022-08-01,5.0,140,30,2,False,positive,False,True,True,False,0,0,1,0,0,0,1
4886,2120354582,Eucerin,2022-05-01,5.0,29,7,1,False,,,,,,0,0,0,0,0,0,0
4887,2120354582,Eucerin,2022-05-01,5.0,36,7,1,False,neutral,False,False,False,False,0,0,1,0,0,0,0
4888,2120354582,Eucerin,2022-05-01,5.0,101,25,1,False,positive,False,True,True,False,1,1,0,0,0,0,0
4889,2120354582,Eucerin,2022-05-01,5.0,96,20,1,False,neutral,False,True,True,False,0,0,1,1,1,0,1
4890,2120354582,Eucerin,2022-05-01,5.0,9,2,1,False,,,,,,0,0,0,0,0,0,0
4891,2120354582,Eucerin,2022-05-01,5.0,13,3,1,False,,,,,,0,0,0,0,0,0,0
4892,2120354582,Eucerin,2022-04-01,5.0,109,24,1,False,positive,False,True,False,False,1,1,0,0,1,0,0
4893,2120354582,Eucerin,2022-04-01,5.0,97,21,1,False,positive,False,True,True,False,0,1,0,0,1,0,0
4894,2120354582,Eucerin,2022-03-01,5.0,252,57,1,False,positive,True,True,True,True,1,1,0,1,0,0,0
4895,2120354582,Eucerin,2022-03-01,5.0,70,16,1,False,neutral,False,False,False,False,0,1,0,0,0,0,0
4896,2120354582,Eucerin,2022-02-01,5.0,14,3,1,False,,,,,,0,0,0,0,0,0,0
4897,2120271814,Eucerin,2025-01-01,1.0,86,21,1,False,negative,True,False,False,False,1,0,0,0,0,0,0
4898,2120271814,Eucerin,2023-09-01,1.0,11,2,4,False,positive,False,True,False,False,0,0,1,0,0,0,0
4899,2120271814,Eucerin,2022-07-01,1.0,20,4,1,False,neutral,False,False,False,False,0,1,0,0,0,0,0
4900,2120271814,Eucerin,2022-01-01,1.0,146,36,1,False,neutral,False,False,False,False,0,0,0,1,0,0,0
4901,2120271814,Eucerin,2025-03-01,3.0,217,51,1,False,negative,True,False,True,False,0,0,1,1,0,0,1
4902,2120271814,Eucerin,2025-03-01,3.0,140,30,1,False,,,,,,0,0,0,0,0,0,0
4903,2120271814,Eucerin,2022-06-01,3.0,109,26,1,False,,,,,,0,0,0,0,0,0,0
4904,2120271814,Eucerin,2022-03-01,3.0,41,9,1,False,,,,,,0,0,0,0,0,0,0
4905,2120271814,Eucerin,2025-05-01,4.0,60,11,1,False,positive,False,True,False,False,1,0,0,0,0,0,0
4906,2120271814,Eucerin,2025-01-01,4.0,69,17,1,False,,,,,,0,0,0,0,0,0,0
4907,2120271814,Eucerin,2024-03-01,4.0,42,9,1,False,neutral,False,False,False,False,0,0,0,0,1,0,0
4908,2120271814,Eucerin,2024-01-01,4.0,61,12,1,False,neutral,False,False,False,False,1,1,0,0,0,0,0
4909,2120271814,Eucerin,2023-06-01,4.0,85,21,1,False,neutral,False,True,True,False,0,1,0,1,0,0,1
4910,2120271814,Eucerin,2023-03-01,4.0,34,9,1,False,positive,False,True,False,False,1,0,0,0,0,0,0
4911,2120271814,Eucerin,2022-11-01,4.0,95,23,1,False,,,,,,0,0,0,0,0,0,0
4912,2120271814,Eucerin,2022-09-01,4.0,97,23,1,False,positive,False,True,False,False,0,1,0,0,0,0,0
4913,2120271814,Eucerin,2021-10-01,4.0,142,33,1,False,neutral,False,False,False,False,0,1,1,0,0,0,0
4914,2120271814,Eucerin,2026-04-01,5.0,3,1,3,True,,,,,,0,0,0,0,0,0,0
4915,2120271814,Eucerin,2026-04-01,5.0,30,8,1,False,,,,,,0,0,0,0,0,0,0
4916,2120271814,Eucerin,2026-03-01,5.0,84,19,1,False,positive,False,True,False,False,1,0,0,0,0,0,0
4917,2120271814,Eucerin,2025-12-01,5.0,135,30,1,False,positive,False,True,False,False,0,0,0,0,0,0,1
4918,2120271814,Eucerin,2025-12-01,5.0,22,5,1,False,,,,,,0,0,0,0,0,0,0
4919,2120271814,Eucerin,2025-12-01,5.0,129,27,1,False,positive,False,True,True,False,0,0,0,0,1,0,0
4920,2120271814,Eucerin,2025-12-01,5.0,71,14,1,False,positive,False,True,False,False,1,0,0,0,1,0,0
4921,2120271814,Eucerin,2025-12-01,5.0,191,44,1,False,positive,False,True,True,False,0,1,0,0,0,0,1
4922,2120271814,Eucerin,2025-12-01,5.0,128,30,1,False,neutral,False,False,False,False,1,0,0,0,0,0,0
4923,2120271814,Eucerin,2025-11-01,5.0,102,22,1,False,,,,,,0,0,0,0,0,0,0
4924,2120271814,Eucerin,2025-11-01,5.0,125,26,1,False,,,,,,0,0,0,0,0,0,0
4925,2120271814,Eucerin,2025-09-01,5.0,74,18,1,False,,,,,,0,0,0,0,0,0,0
4926,2120271814,Eucerin,2025-08-01,5.0,34,8,1,False,,,,,,0,0,0,0,0,0,0
4927,2120271814,Eucerin,2025-08-01,5.0,133,29,1,False,neutral,False,False,False,False,1,0,0,0,0,0,0
4928,2120271814,Eucerin,2025-08-01,5.0,64,14,1,False,positive,False,True,False,False,0,0,0,0,1,0,0
4929,2120271814,Eucerin,2025-08-01,5.0,112,21,2,False,neutral,False,False,False,False,0,0,0,0,0,0,1
4930,2120271814,Eucerin,2025-08-01,5.0,87,19,1,False,neutral,False,True,True,False,1,0,1,1,1,0,1
4931,2120271814,Eucerin,2025-06-01,5.0,89,14,1,False,neutral,False,False,False,False,0,0,0,0,1,0,0
4932,2120271814,Eucerin,2025-06-01,5.0,122,25,1,False,,,,,,0,0,0,0,0,0,0
4933,2120271814,Eucerin,2025-06-01,5.0,99,22,1,False,positive,False,True,True,False,1,0,0,0,1,0,0
4934,2120271814,Eucerin,2025-06-01,5.0,69,16,1,False,,,,,,0,0,0,0,0,0,0
4935,2120271814,Eucerin,2025-06-01,5.0,28,7,1,False,neutral,False,False,False,False,0,0,1,0,0,0,0
4936,2120271814,Eucerin,2025-05-01,5.0,53,12,1,False,neutral,False,False,False,False,1,0,0,0,0,0,0
4937,2120271814,Eucerin,2025-05-01,5.0,23,5,1,False,,,,,,0,0,0,0,0,0,0
4938,2120271814,Eucerin,2025-05-01,5.0,92,22,1,False,,,,,,0,0,0,0,0,0,0
4939,2120271814,Eucerin,2025-05-01,5.0,46,10,1,False,neutral,False,False,False,False,0,0,0,0,1,0,0
4940,2120271814,Eucerin,2025-05-01,5.0,121,26,1,False,positive,False,True,False,False,0,0,0,0,1,0,0
4941,2120271814,Eucerin,2025-05-01,5.0,148,31,1,False,,,,,,0,0,0,0,0,0,0
4942,2120271814,Eucerin,2025-05-01,5.0,149,31,1,False,positive,False,True,False,False,0,0,0,0,0,1,0
4943,2120271814,Eucerin,2025-04-01,5.0,83,19,1,False,,,,,,0,0,0,0,0,0,0
4944,2120271814,Eucerin,2025-04-01,5.0,65,16,1,False,,,,,,0,0,0,0,0,0,0
4945,2120271814,Eucerin,2025-04-01,5.0,140,32,1,False,,,,,,0,0,0,0,0,0,0
4946,2120271814,Eucerin,2025-04-01,5.0,99,23,1,False,neutral,False,False,False,False,0,0,0,0,1,0,0
4947,2120271814,Eucerin,2025-04-01,5.0,73,17,1,False,neutral,False,False,False,False,0,1,0,0,0,0,0
4948,2120271814,Eucerin,2025-04-01,5.0,81,19,1,False,positive,False,True,False,False,1,0,0,0,0,0,0
4949,2120271814,Eucerin,2025-04-01,5.0,134,31,1,False,neutral,False,False,False,False,1,0,0,0,0,0,0
4950,2120271814,Eucerin,2025-04-01,5.0,74,17,1,False,positive,False,True,True,False,1,0,0,0,1,0,0
4951,2120271814,Eucerin,2025-03-01,5.0,90,19,1,False,neutral,False,False,False,False,0,0,0,0,1,0,0
4952,2120271814,Eucerin,2025-03-01,5.0,72,17,1,False,,,,,,0,0,0,0,0,0,0
4953,2120271814,Eucerin,2025-03-01,5.0,75,18,1,False,,,,,,0,0,0,0,0,0,0
4954,2120271814,Eucerin,2025-03-01,5.0,66,17,1,False,neutral,False,False,False,False,0,0,0,0,1,0,0
4955,2120271814,Eucerin,2025-03-01,5.0,64,14,1,False,positive,False,True,False,False,0,0,0,0,0,0,1
4956,2120271814,Eucerin,2025-03-01,5.0,78,17,1,False,neutral,False,True,True,False,1,0,0,0,1,0,0
4957,2120271814,Eucerin,2025-03-01,5.0,93,20,1,False,,,,,,0,0,0,0,0,0,0
4958,2120271814,Eucerin,2025-03-01,5.0,77,17,1,False,,,,,,0,0,0,0,0,0,0
4959,2120271814,Eucerin,2025-03-01,5.0,283,68,1,False,positive,False,True,True,False,1,0,0,0,0,0,0
4960,2120271814,Eucerin,2025-02-01,5.0,69,16,1,False,,,,,,0,0,0,0,0,0,0
4961,2120271814,Eucerin,2025-02-01,5.0,70,15,1,False,positive,False,True,False,False,0,1,0,0,0,0,0
4962,2120271814,Eucerin,2025-02-01,5.0,68,15,1,False,,,,,,0,0,0,0,0,0,0
4963,2120271814,Eucerin,2025-02-01,5.0,179,5,3,False,,,,,,0,0,0,0,0,0,0
4964,2120271814,Eucerin,2025-02-01,5.0,104,23,1,False,neutral,False,False,False,False,0,0,0,0,1,0,0
4965,2120271814,Eucerin,2025-02-01,5.0,73,19,1,False,,,,,,0,0,0,0,0,0,0
4966,2120271814,Eucerin,2025-02-01,5.0,71,16,1,False,neutral,False,False,False,False,0,0,0,0,1,0,0
4967,2120271814,Eucerin,2025-02-01,5.0,126,29,1,False,,,,,,0,0,0,0,0,0,0
4968,2120271814,Eucerin,2025-02-01,5.0,41,9,1,False,,,,,,0,0,0,0,0,0,0
4969,2120271814,Eucerin,2025-01-01,5.0,61,14,1,False,neutral,False,False,False,False,0,0,0,0,1,0,0
4970,2120271814,Eucerin,2025-01-01,5.0,95,22,1,False,,,,,,0,0,0,0,0,0,0
4971,2120271814,Eucerin,2025-01-01,5.0,83,17,1,False,positive,False,True,False,False,0,0,1,0,0,0,0
4972,2120271814,Eucerin,2025-01-01,5.0,148,34,1,False,neutral,False,False,False,False,0,0,0,0,1,0,0
4973,2120271814,Eucerin,2025-01-01,5.0,325,69,1,False,negative,True,True,True,True,1,1,0,0,1,1,1
4974,2120271814,Eucerin,2025-01-01,5.0,154,40,1,False,,,,,,0,0,0,0,0,0,0
4975,2120271814,Eucerin,2025-01-01,5.0,165,39,1,False,neutral,False,False,False,False,0,0,1,0,0,0,0
4976,2120271814,Eucerin,2025-01-01,5.0,66,16,1,False,neutral,False,False,False,False,0,0,1,1,0,0,0
4977,2120271814,Eucerin,2025-01-01,5.0,64,15,1,False,neutral,False,False,False,False,1,0,0,0,0,0,0
4978,2120271814,Eucerin,2025-01-01,5.0,79,20,1,False,,,,,,0,0,0,0,0,0,0
4979,2120271814,Eucerin,2025-01-01,5.0,107,25,1,False,,,,,,0,0,0,0,0,0,0
4980,2120271814,Eucerin,2025-01-01,5.0,307,71,1,False,,,,,,0,0,0,0,0,0,0
4981,2120271814,Eucerin,2025-01-01,5.0,80,17,1,False,positive,False,True,False,False,0,0,1,0,0,0,0
4982,2120271814,Eucerin,2025-01-01,5.0,122,28,1,False,,,,,,0,0,0,0,0,0,0
4983,2120271814,Eucerin,2025-01-01,5.0,86,20,1,False,neutral,False,False,False,False,1,0,0,0,1,0,0
4984,2120271814,Eucerin,2025-01-01,5.0,104,23,1,False,neutral,False,False,False,False,1,0,0,0,0,0,0
4985,2120271814,Eucerin,2025-01-01,5.0,73,17,1,False,,,,,,0,0,0,0,0,0,0
4986,2120271814,Eucerin,2025-01-01,5.0,77,17,1,False,neutral,False,False,False,False,0,0,0,1,0,0,0
4987,2120271814,Eucerin,2025-01-01,5.0,76,17,1,False,,,,,,0,0,0,0,0,0,0
4988,2120271814,Eucerin,2025-01-01,5.0,81,17,1,False,positive,False,True,False,False,0,0,0,0,1,0,0
4989,2120271814,Eucerin,2025-01-01,5.0,82,19,1,False,positive,False,True,True,False,0,1,0,0,1,0,0
4990,2120271814,Eucerin,2025-01-01,5.0,133,29,1,False,positive,False,True,False,False,1,0,0,0,1,0,0
4991,2120271814,Eucerin,2024-12-01,5.0,90,21,1,False,positive,False,True,False,False,1,0,0,0,0,0,0
4992,2120271814,Eucerin,2024-12-01,5.0,284,60,1,False,positive,False,True,False,False,1,0,1,0,1,0,0
4993,2120271814,Eucerin,2024-12-01,5.0,71,16,1,False,positive,False,True,False,False,0,0,0,1,0,0,0
4994,2120271814,Eucerin,2024-12-01,5.0,107,26,1,False,positive,False,True,True,False,1,0,0,0,1,0,0
4995,2120271814,Eucerin,2024-12-01,5.0,83,19,1,False,,,,,,0,0,0,0,0,0,0
4996,2120271814,Eucerin,2024-12-01,5.0,83,19,1,False,,,,,,0,0,0,0,0,0,0
4997,2120271814,Eucerin,2024-12-01,5.0,80,18,1,False,positive,False,True,False,False,1,0,0,0,0,0,0
4998,2120271814,Eucerin,2024-12-01,5.0,72,17,1,False,,,,,,0,0,0,0,0,0,0
4999,2120271814,Eucerin,2024-12-01,5.0,77,19,1,False,neutral,False,False,False,False,1,0,0,0,1,0,0
5000,2120271814,Eucerin,2024-12-01,5.0,70,16,1,False,neutral,False,False,False,False,1,0,0,0,0,0,0
5001,2120271814,Eucerin,2024-12-01,5.0,73,16,1,False,positive,False,True,False,False,0,0,0,0,1,0,0
5002,2120271814,Eucerin,2024-12-01,5.0,154,36,1,False,neutral,False,False,False,False,0,0,0,0,1,0,0
5003,2120271814,Eucerin,2024-12-01,5.0,107,24,1,False,positive,False,True,False,False,0,0,0,0,1,0,0
5004,2120271814,Eucerin,2024-11-01,5.0,28,7,1,False,positive,False,True,False,False,1,0,0,0,0,0,0
5005,2120271814,Eucerin,2024-11-01,5.0,84,19,1,False,,,,,,0,0,0,0,0,0,0
5006,2120271814,Eucerin,2024-11-01,5.0,72,11,1,False,,,,,,0,0,0,0,0,0,0
5007,2495957050,Eucerin,2025-06-01,5.0,37,9,1,False,neutral,False,False,False,False,1,0,0,0,0,0,0
5008,2495957050,Eucerin,2024-11-01,5.0,85,19,1,False,,,,,,0,0,0,0,0,0,0
5009,2495957050,Eucerin,2024-11-01,5.0,7,2,1,True,neutral,False,False,False,False,0,1,0,0,0,0,0
5010,2495957050,Eucerin,2024-10-01,5.0,12,3,2,False,,,,,,0,0,0,0,0,0,0
5011,2495957050,Eucerin,2024-10-01,5.0,111,26,1,False,,,,,,0,0,0,0,0,0,0
5012,2495957050,Eucerin,2024-09-01,5.0,87,13,1,False,positive,False,True,False,False,1,1,0,0,0,1,0
5013,2495957050,Eucerin,2024-09-01,5.0,27,6,1,False,positive,False,True,False,False,0,1,0,0,0,1,0
5014,2495957050,Eucerin,2024-09-01,5.0,96,22,1,False,,,,,,0,0,0,0,0,0,0
5015,2495957050,Eucerin,2024-09-01,5.0,60,13,1,False,positive,False,True,False,False,1,0,0,0,0,0,0
5016,2495957050,Eucerin,2024-09-01,5.0,105,25,1,False,neutral,False,True,True,False,1,0,0,0,0,0,0
5017,2495957050,Eucerin,2024-09-01,5.0,12,2,4,False,positive,False,True,False,False,1,0,0,0,0,0,0
5018,2495957050,Eucerin,2024-09-01,5.0,114,26,1,False,positive,False,True,True,False,1,0,0,0,0,0,0
5019,2495957050,Eucerin,2024-08-01,5.0,37,9,1,False,neutral,False,False,False,False,0,0,0,0,0,0,1
5020,2495957050,Eucerin,2024-08-01,5.0,77,18,1,False,,,,,,0,0,0,0,0,0,0
5021,2495957050,Eucerin,2024-08-01,5.0,87,20,1,False,,,,,,0,0,0,0,0,0,0
5022,2495957050,Eucerin,2024-08-01,5.0,133,30,1,False,,,,,,0,0,0,0,0,0,0
5023,2495957050,Eucerin,2024-08-01,5.0,72,17,1,False,,,,,,0,0,0,0,0,0,0
5024,2495957050,Eucerin,2024-07-01,5.0,44,10,1,False,positive,False,True,False,False,0,0,1,0,0,0,0
5025,2495957050,Eucerin,2024-07-01,5.0,381,84,1,False,,,,,,0,0,0,0,0,0,0
5026,2495957050,Eucerin,2024-07-01,5.0,60,12,1,False,positive,False,True,True,False,0,0,1,1,0,0,1
5027,2495957050,Eucerin,2024-06-01,5.0,131,29,1,False,neutral,False,False,False,False,1,0,0,0,1,0,0
5028,2495957050,Eucerin,2024-06-01,5.0,75,19,1,False,,,,,,0,0,0,0,0,0,0
5029,2495957050,Eucerin,2024-06-01,5.0,126,30,1,False,positive,False,True,False,False,1,0,0,0,1,0,0
5030,2495957050,Eucerin,2024-06-01,5.0,69,16,1,False,positive,False,True,False,False,1,0,0,0,0,0,0
5031,2495957050,Eucerin,2024-06-01,5.0,72,16,1,False,,,,,,0,0,0,0,0,0,0
5032,2495957050,Eucerin,2024-06-01,5.0,52,3,1,False,neutral,False,False,False,False,0,0,0,1,0,0,0
5033,2495957050,Eucerin,2024-06-01,5.0,105,24,1,False,positive,False,True,False,False,1,0,0,0,0,0,0
5034,2495957050,Eucerin,2024-05-01,5.0,77,17,1,False,positive,False,True,False,False,0,1,0,0,0,0,0
5035,2495957050,Eucerin,2024-05-01,5.0,62,13,1,False,neutral,False,False,False,False,0,1,0,0,0,0,0
5036,2495957050,Eucerin,2024-05-01,5.0,120,27,1,False,positive,False,True,False,False,1,0,1,0,0,0,0
5037,2495957050,Eucerin,2024-04-01,5.0,72,16,1,False,,,,,,0,0,0,0,0,0,0
5038,2495957050,Eucerin,2024-04-01,5.0,104,24,1,False,positive,False,True,False,False,1,0,0,0,0,0,0
5039,2495957050,Eucerin,2024-04-01,5.0,59,10,1,False,positive,False,True,False,False,1,0,0,0,1,0,0
5040,2495957050,Eucerin,2024-04-01,5.0,70,15,1,False,positive,False,True,False,False,0,0,0,1,0,0,1
5041,2495957050,Eucerin,2024-03-01,5.0,129,30,1,False,positive,False,True,True,False,1,1,0,0,1,0,0
5042,2495957050,Eucerin,2024-03-01,5.0,45,7,1,False,positive,False,True,False,False,1,0,1,0,1,0,0
5043,2495957050,Eucerin,2024-03-01,5.0,3,1,3,True,,,,,,0,0,0,0,0,0,0
5044,2495957050,Eucerin,2024-03-01,5.0,95,21,1,False,positive,False,True,False,False,1,1,1,0,1,0,0
5045,2495957050,Eucerin,2024-03-01,5.0,21,5,1,False,neutral,False,False,False,False,0,0,1,0,0,0,0
5046,2495957050,Eucerin,2024-03-01,5.0,66,14,1,False,neutral,False,False,False,False,0,1,0,0,0,0,0
5047,2495957050,Eucerin,2024-03-01,5.0,81,19,1,False,,,,,,0,0,0,0,0,0,0
5048,2495957050,Eucerin,2024-03-01,5.0,99,23,1,False,positive,False,True,False,False,1,0,0,0,0,0,0
5049,2495957050,Eucerin,2024-03-01,5.0,87,20,1,False,positive,False,True,False,False,0,0,0,0,1,0,0
5050,2495957050,Eucerin,2024-03-01,5.0,89,20,1,False,neutral,False,False,False,False,0,1,0,0,0,0,0
5051,2495957050,Eucerin,2024-03-01,5.0,65,15,1,False,neutral,False,False,False,False,0,0,1,0,0,0,0
5052,2495957050,Eucerin,2024-03-01,5.0,28,6,2,False,,,,,,0,0,0,0,0,0,0
5053,2495957050,Eucerin,2024-03-01,5.0,97,23,1,False,positive,False,True,False,False,1,1,1,0,1,0,0
5054,2495957050,Eucerin,2024-02-01,5.0,76,16,1,False,positive,False,True,False,False,0,0,1,0,0,0,1
5055,2495957050,Eucerin,2024-01-01,5.0,91,17,1,False,positive,False,True,False,False,1,0,1,0,1,0,0
5056,2495957050,Eucerin,2024-01-01,5.0,123,28,1,False,positive,False,True,False,False,1,0,0,0,0,0,0
5057,2495957050,Eucerin,2024-01-01,5.0,78,16,1,False,positive,False,True,False,False,0,0,0,0,1,0,0
5058,2495957050,Eucerin,2024-01-01,5.0,65,16,4,False,positive,False,True,False,False,0,0,0,1,0,0,1
5059,2495957050,Eucerin,2023-12-01,5.0,66,14,1,False,neutral,False,False,False,False,0,1,0,0,0,0,0
5060,2495957050,Eucerin,2023-12-01,5.0,84,20,1,False,,,,,,0,0,0,0,0,0,0
5061,2495957050,Eucerin,2023-12-01,5.0,16,3,1,False,positive,False,True,False,False,0,0,1,0,0,0,0
5062,2120267774,Eucerin,2025-03-01,1.0,139,31,1,False,,,,,,0,0,0,0,0,0,0
5063,2120267774,Eucerin,2024-11-01,1.0,122,28,1,False,neutral,False,False,False,False,0,0,0,0,0,0,1
5064,2120267774,Eucerin,2024-09-01,1.0,87,22,1,False,,,,,,0,0,0,0,0,0,0
5065,2120267774,Eucerin,2024-09-01,1.0,71,18,1,False,,,,,,0,0,0,0,0,0,0
5066,2120267774,Eucerin,2024-09-01,1.0,113,26,1,False,negative,True,False,False,False,0,0,1,0,0,0,1
5067,2120267774,Eucerin,2024-09-01,1.0,27,6,1,False,negative,True,False,False,False,0,0,0,1,0,0,0
5068,2120267774,Eucerin,2024-03-01,1.0,92,22,1,False,,,,,,0,0,0,0,0,0,0
5069,2120267774,Eucerin,2023-12-01,1.0,175,43,1,False,neutral,False,False,False,False,0,1,0,0,0,0,0
5070,2120267774,Eucerin,2023-10-01,1.0,88,19,1,False,positive,False,True,False,False,0,0,0,0,1,0,0
5071,2120267774,Eucerin,2023-05-01,1.0,22,5,1,False,,,,,,0,0,0,0,0,0,0
5072,2120267774,Eucerin,2022-12-01,1.0,25,6,1,False,,,,,,0,0,0,0,0,0,0
5073,2120267774,Eucerin,2022-07-01,1.0,195,44,1,False,,,,,,0,0,0,0,0,0,0
5074,2120267774,Eucerin,2021-12-01,1.0,357,81,1,False,neutral,False,False,False,False,0,0,0,0,1,0,0
5075,2120267774,Eucerin,2021-11-01,1.0,121,26,1,False,neutral,False,False,False,False,0,0,0,0,0,0,1
5076,2120267774,Eucerin,2021-10-01,1.0,266,58,1,False,neutral,False,False,False,False,0,0,0,0,0,0,1
5077,2120267774,Eucerin,2021-10-01,1.0,402,100,1,False,neutral,False,False,False,False,0,0,0,0,0,0,1
5078,2120267774,Eucerin,2021-10-01,1.0,202,49,1,False,neutral,False,False,False,False,0,0,0,0,1,0,0
5079,2120267774,Eucerin,2024-11-01,2.0,168,37,1,False,neutral,False,False,False,False,0,0,1,0,0,0,0
5080,2120267774,Eucerin,2024-09-01,2.0,331,77,1,False,negative,True,False,True,False,0,1,0,0,0,0,1
5081,2120267774,Eucerin,2023-08-01,2.0,64,15,1,False,neutral,False,False,False,False,0,0,1,0,0,0,0
5082,2120267774,Eucerin,2023-05-01,2.0,166,39,1,False,,,,,,0,0,0,0,0,0,0
5083,2120267774,Eucerin,2023-04-01,2.0,32,8,1,False,neutral,False,False,False,False,0,0,0,0,1,0,0
5084,2120267774,Eucerin,2022-02-01,2.0,266,64,1,False,neutral,True,False,True,False,1,0,0,0,0,0,0
5085,2120267774,Eucerin,2022-01-01,2.0,108,25,1,False,neutral,False,False,False,False,0,0,0,0,1,0,0
5086,2120267774,Eucerin,2021-12-01,2.0,169,41,1,False,,,,,,0,0,0,0,0,0,0
5087,2120267774,Eucerin,2021-08-01,2.0,100,26,1,False,,,,,,0,0,0,0,0,0,0
5088,2120267774,Eucerin,2025-02-01,3.0,6,2,1,True,,,,,,0,0,0,0,0,0,0
5089,2120267774,Eucerin,2024-09-01,3.0,41,11,1,False,,,,,,0,0,0,0,0,0,0
5090,2120267774,Eucerin,2024-07-01,3.0,75,18,1,False,neutral,False,False,False,False,0,0,0,0,0,0,1
5091,2120267774,Eucerin,2024-04-01,3.0,250,57,1,False,neutral,False,False,False,False,0,0,1,0,0,0,1
5092,2120267774,Eucerin,2024-02-01,3.0,102,24,1,False,neutral,False,False,False,False,0,0,0,1,0,0,0
5093,2120267774,Eucerin,2023-08-01,3.0,117,28,1,False,positive,False,True,False,False,0,0,1,0,0,0,0
5094,2120267774,Eucerin,2023-07-01,3.0,41,10,1,False,,,,,,0,0,0,0,0,0,0
5095,2120267774,Eucerin,2023-05-01,3.0,23,6,1,False,,,,,,0,0,0,0,0,0,0
5096,2120267774,Eucerin,2022-04-01,3.0,20,5,1,False,positive,False,True,False,False,0,0,0,0,1,0,0
5097,2120267774,Eucerin,2022-01-01,3.0,56,13,1,False,negative,True,False,False,False,1,0,0,0,0,0,0
5098,2120267774,Eucerin,2021-12-01,3.0,58,15,1,False,,,,,,0,0,0,0,0,0,0
5099,2120267774,Eucerin,2021-11-01,3.0,267,62,1,False,neutral,False,True,True,False,0,0,0,1,1,0,0
5100,2120267774,Eucerin,2021-10-01,3.0,67,16,1,False,neutral,False,False,False,False,0,1,0,0,0,0,0
5101,2120267774,Eucerin,2021-10-01,3.0,184,43,1,False,neutral,True,False,True,False,1,1,1,1,0,0,0
5102,2120267774,Eucerin,2021-10-01,3.0,107,23,1,False,,,,,,0,0,0,0,0,0,0
5103,2120267774,Eucerin,2021-09-01,3.0,38,9,1,False,neutral,False,False,False,False,0,1,0,0,1,0,0
5104,2120267774,Eucerin,2021-09-01,3.0,34,8,1,False,,,,,,0,0,0,0,0,0,0
5105,2120267774,Eucerin,2021-06-01,3.0,22,5,1,False,,,,,,0,0,0,0,0,0,0
5106,2120267774,Eucerin,2021-04-01,3.0,489,114,1,False,neutral,False,True,True,False,0,0,0,0,1,0,0
5107,2120267774,Eucerin,2025-09-01,4.0,51,12,1,False,neutral,False,False,False,False,0,0,1,0,0,0,0
5108,2120267774,Eucerin,2025-09-01,4.0,84,20,1,False,,,,,,0,0,0,0,0,0,0
5109,2120267774,Eucerin,2025-08-01,4.0,91,20,1,False,neutral,True,False,True,True,0,0,1,0,0,1,1
5110,2120267774,Eucerin,2025-01-01,4.0,72,15,1,False,,,,,,0,0,0,0,0,0,0
5111,2120267774,Eucerin,2024-10-01,4.0,81,19,1,False,,,,,,0,0,0,0,0,0,0
5112,2120267774,Eucerin,2024-10-01,4.0,96,19,1,False,positive,False,True,False,False,0,0,1,0,0,0,0
5113,2120267774,Eucerin,2024-07-01,4.0,115,25,1,False,negative,True,True,True,True,0,1,1,1,0,0,0
5114,2120267774,Eucerin,2024-06-01,4.0,129,27,1,False,positive,False,True,False,False,1,0,0,0,0,0,0
5115,2120267774,Eucerin,2024-02-01,4.0,68,16,1,False,positive,False,True,False,False,1,0,0,0,0,0,0
5116,2120267774,Eucerin,2023-12-01,4.0,83,23,1,False,negative,True,False,False,True,0,0,0,0,1,0,0
5117,2120267774,Eucerin,2023-09-01,4.0,114,26,1,False,neutral,False,False,False,False,0,1,0,0,0,0,0
5118,2120267774,Eucerin,2023-03-01,4.0,127,28,1,False,positive,False,True,True,False,0,0,1,0,1,0,0
5119,2120267774,Eucerin,2022-11-01,4.0,21,5,1,False,neutral,False,False,False,False,0,1,0,0,0,0,0
5120,2120267774,Eucerin,2022-07-01,4.0,115,27,1,False,,,,,,0,0,0,0,0,0,0
5121,2120267774,Eucerin,2022-06-01,4.0,8,2,1,False,,,,,,0,0,0,0,0,0,0
5122,2120267774,Eucerin,2022-04-01,4.0,122,29,1,False,neutral,False,False,False,False,0,0,1,1,0,0,0
5123,2120267774,Eucerin,2022-03-01,4.0,131,31,1,False,neutral,False,False,False,False,1,0,0,0,0,0,0
5124,2120267774,Eucerin,2022-03-01,4.0,375,89,1,False,neutral,False,False,False,False,0,1,1,0,1,0,0
5125,2120267774,Eucerin,2022-03-01,4.0,79,17,1,False,,,,,,0,0,0,0,0,0,0
5126,2120267774,Eucerin,2022-02-01,4.0,205,48,1,False,negative,True,False,False,True,1,0,0,0,0,0,0
5127,2120267774,Eucerin,2022-02-01,4.0,103,23,1,False,neutral,True,True,True,True,1,1,0,1,1,0,0
5128,2120267774,Eucerin,2022-02-01,4.0,55,12,1,False,neutral,False,False,False,False,0,0,0,0,1,0,0
5129,2120267774,Eucerin,2022-02-01,4.0,292,76,1,False,negative,True,True,True,True,0,0,1,0,1,0,1
5130,2120267774,Eucerin,2022-01-01,4.0,89,14,1,False,neutral,False,False,False,False,0,0,0,1,0,0,0
5131,2120267774,Eucerin,2022-01-01,4.0,147,34,1,False,positive,False,True,True,False,0,1,1,1,1,0,1
5132,2120267774,Eucerin,2022-01-01,4.0,122,28,1,False,positive,False,True,False,False,1,0,0,0,0,0,0
5133,2120267774,Eucerin,2021-12-01,4.0,104,25,1,False,positive,False,True,False,False,1,0,0,0,1,0,0
5134,2120267774,Eucerin,2021-11-01,4.0,129,29,1,False,neutral,False,False,False,False,0,0,0,0,0,0,1
5135,2120267774,Eucerin,2021-11-01,4.0,34,8,1,False,,,,,,0,0,0,0,0,0,0
5136,2120267774,Eucerin,2021-11-01,4.0,168,38,1,False,neutral,False,True,True,False,0,0,0,1,0,0,1
5137,2120267774,Eucerin,2021-11-01,4.0,114,22,1,False,neutral,False,True,True,False,0,1,0,1,0,0,0
5138,2120267774,Eucerin,2021-11-01,4.0,160,35,1,False,positive,False,True,False,False,1,0,0,0,0,0,0
5139,2120267774,Eucerin,2021-11-01,4.0,430,99,1,False,neutral,False,True,True,False,0,1,0,1,0,0,1
5140,2120267774,Eucerin,2021-11-01,4.0,97,22,1,False,,,,,,0,0,0,0,0,0,0
5141,2120267774,Eucerin,2021-10-01,4.0,32,6,1,False,,,,,,0,0,0,0,0,0,0
5142,2120267774,Eucerin,2021-10-01,4.0,351,83,1,False,neutral,True,False,True,True,1,1,0,1,0,0,0
5143,2120267774,Eucerin,2021-10-01,4.0,318,75,1,False,neutral,False,True,True,False,0,1,1,1,1,0,0
5144,2120267774,Eucerin,2021-09-01,4.0,137,31,1,False,neutral,False,False,False,False,0,0,0,1,1,0,0
5145,2120267774,Eucerin,2021-09-01,4.0,281,67,1,False,neutral,True,False,True,True,0,1,0,0,1,0,0
5146,2120267774,Eucerin,2021-06-01,4.0,89,19,1,False,positive,False,True,False,False,0,0,0,0,1,0,0
5147,2120267774,Eucerin,2026-04-01,5.0,29,7,1,False,,,,,,0,0,0,0,0,0,0
5148,2120267774,Eucerin,2026-04-01,5.0,122,27,1,False,positive,False,True,False,False,1,0,1,1,0,0,0
5149,2120267774,Eucerin,2026-03-01,5.0,152,36,1,False,positive,False,True,False,False,1,0,0,0,0,0,0
5150,2120267774,Eucerin,2026-03-01,5.0,97,22,1,False,neutral,False,False,False,False,1,0,0,0,0,0,0
5151,2120267774,Eucerin,2026-03-01,5.0,207,48,1,False,neutral,True,False,True,True,1,0,1,0,0,0,1
5152,2120267774,Eucerin,2026-03-01,5.0,35,8,1,False,positive,False,True,False,False,0,0,1,1,0,0,1
5153,2120267774,Eucerin,2026-01-01,5.0,73,16,1,False,positive,False,True,False,False,0,0,1,0,0,0,0
5154,2120267774,Eucerin,2026-01-01,5.0,12,3,1,False,neutral,False,False,False,False,0,1,0,0,0,0,0
5155,2120267774,Eucerin,2025-12-01,5.0,131,29,1,False,positive,False,True,False,False,1,0,0,0,0,0,0
5156,2120267774,Eucerin,2025-12-01,5.0,121,29,1,False,,,,,,0,0,0,0,0,0,0
5157,2120267774,Eucerin,2025-12-01,5.0,49,13,1,False,,,,,,0,0,0,0,0,0,0
5158,2120267774,Eucerin,2025-12-01,5.0,3,1,23,True,,,,,,0,0,0,0,0,0,0
5159,2120267774,Eucerin,2025-12-01,5.0,75,17,1,False,neutral,False,False,False,False,0,0,0,1,0,0,0
5160,2120267774,Eucerin,2025-12-01,5.0,84,19,1,False,neutral,False,False,False,False,1,0,0,0,0,0,0
5161,2120267774,Eucerin,2025-12-01,5.0,62,13,1,False,positive,False,True,False,False,0,0,1,0,0,0,0
5162,2120267774,Eucerin,2025-12-01,5.0,20,5,1,False,,,,,,0,0,0,0,0,0,0
5163,2120267774,Eucerin,2025-12-01,5.0,43,9,1,False,positive,False,True,False,False,0,0,0,1,0,0,0
5164,2120267774,Eucerin,2025-11-01,5.0,129,31,1,False,positive,False,True,False,False,0,0,0,0,1,0,0
5165,2120267774,Eucerin,2025-11-01,5.0,190,43,1,False,positive,False,True,True,False,1,1,0,0,0,1,0
5166,2120267774,Eucerin,2025-11-01,5.0,36,9,1,False,positive,False,True,False,False,0,0,0,0,1,0,0
5167,2120267774,Eucerin,2025-10-01,5.0,66,16,1,False,positive,False,True,False,False,1,0,0,0,0,0,0
5168,2120267774,Eucerin,2025-10-01,5.0,49,10,2,False,positive,False,True,False,False,1,0,0,0,0,0,0
5169,2120267774,Eucerin,2025-10-01,5.0,30,7,4,False,,,,,,0,0,0,0,0,0,0
5170,2120267774,Eucerin,2025-10-01,5.0,59,14,1,False,positive,False,True,False,False,1,0,0,0,1,0,0
5171,2120267774,Eucerin,2025-10-01,5.0,133,30,1,False,,,,,,0,0,0,0,0,0,0
5172,2120267774,Eucerin,2025-10-01,5.0,77,18,2,False,,,,,,0,0,0,0,0,0,0
5173,2120267774,Eucerin,2025-09-01,5.0,63,15,1,False,positive,False,True,False,False,1,0,0,0,0,0,0
5174,2120267774,Eucerin,2025-09-01,5.0,89,20,1,False,positive,False,True,False,False,1,0,0,0,0,0,0
5175,2120267774,Eucerin,2025-09-01,5.0,134,31,2,False,positive,False,True,False,False,1,0,0,0,0,0,0
5176,2120267774,Eucerin,2025-09-01,5.0,19,5,1,False,,,,,,0,0,0,0,0,0,0
5177,2120267774,Eucerin,2025-09-01,5.0,123,28,1,False,,,,,,0,0,0,0,0,0,0
5178,2120267774,Eucerin,2025-08-01,5.0,286,63,1,False,,,,,,0,0,0,0,0,0,0
5179,2120267774,Eucerin,2025-08-01,5.0,172,38,1,False,positive,False,True,False,False,1,1,0,0,0,0,0
5180,2120267774,Eucerin,2025-08-01,5.0,64,15,1,False,,,,,,0,0,0,0,0,0,0
5181,2120267774,Eucerin,2025-08-01,5.0,25,6,1,False,,,,,,0,0,0,0,0,0,0
5182,2120267774,Eucerin,2025-08-01,5.0,151,33,1,False,neutral,False,True,True,False,0,1,1,1,0,0,0
5183,2120267774,Eucerin,2025-08-01,5.0,49,11,1,False,neutral,False,False,False,False,1,0,0,0,0,0,0
5184,2120267774,Eucerin,2025-08-01,5.0,48,11,1,False,,,,,,0,0,0,0,0,0,0
5185,2120267774,Eucerin,2025-08-01,5.0,72,16,1,False,positive,False,True,False,False,1,0,0,0,0,0,0
5186,2120267774,Eucerin,2025-08-01,5.0,55,13,1,False,,,,,,0,0,0,0,0,0,0
5187,2120267774,Eucerin,2025-08-01,5.0,77,18,2,False,,,,,,0,0,0,0,0,0,0
5188,2120267774,Eucerin,2025-08-01,5.0,144,33,1,False,positive,False,True,True,False,1,0,1,1,0,0,0
5189,2120267774,Eucerin,2025-08-01,5.0,85,20,1,False,positive,False,True,False,False,1,0,0,0,1,0,0
5190,2120267774,Eucerin,2025-08-01,5.0,127,29,1,False,positive,False,True,False,False,1,0,0,0,0,0,0
5191,2120267774,Eucerin,2025-08-01,5.0,91,22,1,False,positive,False,True,False,False,1,0,0,0,0,0,0
5192,2120267774,Eucerin,2025-07-01,5.0,28,7,1,False,,,,,,0,0,0,0,0,0,0
5193,2120267774,Eucerin,2025-07-01,5.0,66,14,1,False,neutral,False,False,False,False,1,0,0,0,0,0,0
5194,2120267774,Eucerin,2025-07-01,5.0,159,36,1,False,positive,False,True,True,False,1,0,0,0,0,0,0
5195,2120267774,Eucerin,2025-07-01,5.0,77,17,1,False,neutral,False,True,True,False,1,0,0,0,0,0,0
5196,2120267774,Eucerin,2025-07-01,5.0,103,21,1,False,positive,False,True,False,False,1,0,0,0,0,1,0
5197,2120267774,Eucerin,2025-07-01,5.0,75,18,1,False,,,,,,0,0,0,0,0,0,0
5198,2120267774,Eucerin,2025-06-01,5.0,67,15,1,False,neutral,False,False,False,False,0,0,0,1,0,0,0
5199,2120267774,Eucerin,2025-06-01,5.0,122,29,1,False,positive,False,True,True,False,1,0,0,0,1,0,0
5200,2120267774,Eucerin,2025-06-01,5.0,102,25,1,False,positive,False,True,False,False,1,0,0,0,0,0,0
5201,2120267774,Eucerin,2025-06-01,5.0,78,18,1,False,positive,False,True,False,False,1,0,0,0,0,0,0
5202,2120267774,Eucerin,2025-06-01,5.0,129,30,1,False,positive,False,True,False,False,1,0,0,0,0,0,0
5203,2120267774,Eucerin,2025-06-01,5.0,125,28,1,False,positive,False,True,True,False,1,0,0,0,0,0,0
5204,2120267774,Eucerin,2025-06-01,5.0,134,29,1,False,neutral,False,False,False,False,1,0,0,0,0,0,0
5205,2120267774,Eucerin,2025-06-01,5.0,138,30,1,False,,,,,,0,0,0,0,0,0,0
5206,2120267774,Eucerin,2025-06-01,5.0,159,34,1,False,,,,,,0,0,0,0,0,0,0
5207,2120267774,Eucerin,2025-06-01,5.0,94,22,1,False,positive,False,True,False,False,1,0,0,0,0,0,0
5208,2120267774,Eucerin,2025-06-01,5.0,126,29,1,False,positive,False,True,False,False,1,0,0,0,0,0,0
5209,2120267774,Eucerin,2025-06-01,5.0,93,22,1,False,positive,False,True,False,False,1,0,0,0,0,0,0
5210,2120267774,Eucerin,2025-06-01,5.0,9,2,1,False,,,,,,0,0,0,0,0,0,0
5211,2120267774,Eucerin,2025-06-01,5.0,51,12,1,False,,,,,,0,0,0,0,0,0,0
5212,2120267774,Eucerin,2025-05-01,5.0,184,43,1,False,positive,False,True,False,False,1,0,0,0,0,0,0
5213,2120267774,Eucerin,2025-05-01,5.0,68,16,1,False,positive,False,True,False,False,1,0,0,0,0,0,0
5214,2120267774,Eucerin,2025-05-01,5.0,66,15,1,False,,,,,,0,0,0,0,0,0,0
5215,2120267774,Eucerin,2025-05-01,5.0,66,17,1,False,positive,False,True,False,False,0,0,0,0,1,0,0
5216,2120267774,Eucerin,2025-05-01,5.0,90,19,1,False,neutral,False,False,False,False,1,1,1,1,0,0,0
5217,2120267774,Eucerin,2025-05-01,5.0,15,3,3,False,neutral,False,False,False,False,0,0,0,1,0,0,0
5218,2120267774,Eucerin,2025-05-01,5.0,196,45,1,False,positive,False,True,False,False,1,0,0,0,0,0,0
5219,2120267774,Eucerin,2025-05-01,5.0,134,31,2,False,positive,False,True,False,False,1,0,0,0,0,0,0
5220,2120267774,Eucerin,2025-05-01,5.0,36,8,1,False,,,,,,0,0,0,0,0,0,0
5221,2120267774,Eucerin,2025-05-01,5.0,109,24,1,False,,,,,,0,0,0,0,0,0,0
5222,2120267774,Eucerin,2025-05-01,5.0,78,18,1,False,positive,False,True,False,False,1,0,0,0,1,0,0
5223,2120267774,Eucerin,2025-05-01,5.0,169,38,1,False,positive,False,True,False,False,1,1,0,0,0,0,0
5224,2120267774,Eucerin,2025-05-01,5.0,64,15,1,False,neutral,False,False,False,False,1,0,0,0,0,0,0
5225,2120267774,Eucerin,2025-05-01,5.0,93,22,1,False,positive,False,True,False,False,1,0,0,0,0,0,0
5226,2120267774,Eucerin,2025-05-01,5.0,79,18,1,False,,,,,,0,0,0,0,0,0,0
5227,2120267774,Eucerin,2025-05-01,5.0,33,8,1,False,,,,,,0,0,0,0,0,0,0
5228,2120267774,Eucerin,2025-05-01,5.0,98,23,1,False,positive,False,True,False,False,1,0,0,0,0,0,0
5229,2120267774,Eucerin,2025-05-01,5.0,103,23,1,False,neutral,False,False,False,False,1,0,0,0,0,0,0
5230,2120267774,Eucerin,2025-05-01,5.0,93,22,1,False,positive,False,True,False,False,1,0,0,0,0,0,0
5231,2120267774,Eucerin,2025-05-01,5.0,66,16,1,False,,,,,,0,0,0,0,0,0,0
5232,2120267774,Eucerin,2025-05-01,5.0,120,28,1,False,positive,False,True,False,False,1,0,0,0,0,0,0
5233,2120267774,Eucerin,2025-05-01,5.0,165,35,1,False,neutral,False,True,True,False,0,1,0,1,0,0,1
5234,2120267774,Eucerin,2025-05-01,5.0,178,39,1,False,,,,,,0,0,0,0,0,0,0
5235,2120267774,Eucerin,2025-04-01,5.0,100,22,1,False,positive,False,True,False,False,1,0,0,0,0,0,0
5236,2120267774,Eucerin,2025-04-01,5.0,61,12,1,False,neutral,False,False,False,False,0,0,0,0,0,0,1
5237,2120267774,Eucerin,2025-04-01,5.0,96,21,1,False,neutral,False,False,False,False,1,0,0,0,0,0,0
5238,2120267774,Eucerin,2025-04-01,5.0,104,26,1,False,positive,False,True,False,False,1,0,0,0,1,0,0
5239,2120267774,Eucerin,2025-04-01,5.0,87,20,1,False,positive,False,True,True,False,1,0,0,0,0,0,0
5240,2120200990,Eucerin,2024-09-01,1.0,111,25,1,False,negative,True,False,False,False,0,0,1,1,0,0,0
5241,2120200990,Eucerin,2024-06-01,1.0,229,52,1,False,negative,True,False,False,False,0,1,0,0,0,0,1
5242,2120200990,Eucerin,2023-06-01,1.0,100,27,1,False,neutral,False,True,True,False,0,0,0,1,0,0,1
5243,2120200990,Eucerin,2023-05-01,1.0,230,57,1,False,neutral,False,False,False,False,0,1,0,0,0,0,1
5244,2120200990,Eucerin,2022-04-01,1.0,33,7,1,False,neutral,False,False,False,False,0,0,0,0,0,0,1
5245,2120200990,Eucerin,2021-11-01,1.0,131,29,1,False,neutral,True,False,True,False,0,0,0,1,0,0,1
5246,2120200990,Eucerin,2020-09-01,1.0,39,9,1,False,,,,,,0,0,0,0,0,0,0
5247,2120200990,Eucerin,2023-08-01,2.0,474,110,1,False,neutral,False,False,False,False,1,1,0,0,0,0,0
5248,2120200990,Eucerin,2022-07-01,2.0,238,57,1,False,neutral,False,False,False,False,0,0,0,0,1,1,0
5249,2120200990,Eucerin,2022-07-01,2.0,20,6,1,False,,,,,,0,0,0,0,0,0,0
5250,2120200990,Eucerin,2021-08-01,2.0,34,7,1,False,,,,,,0,0,0,0,0,0,0
5251,2120200990,Eucerin,2025-08-01,3.0,183,41,1,False,negative,True,False,False,False,1,0,0,0,0,0,0
5252,2120200990,Eucerin,2025-03-01,3.0,192,42,1,False,neutral,False,False,False,False,0,0,0,1,0,0,0
5253,2120200990,Eucerin,2024-04-01,3.0,132,32,1,False,,,,,,0,0,0,0,0,0,0
5254,2120200990,Eucerin,2023-05-01,3.0,30,6,1,False,positive,False,True,False,False,1,0,1,0,1,0,0
5255,2120200990,Eucerin,2023-03-01,3.0,83,20,1,False,neutral,False,False,False,False,0,1,0,0,0,0,0
5256,2120200990,Eucerin,2023-02-01,3.0,550,115,1,False,neutral,False,False,False,False,0,0,1,1,0,0,1
5257,2120200990,Eucerin,2022-08-01,3.0,105,27,1,False,negative,True,False,False,False,1,0,0,0,0,0,0
5258,2120200990,Eucerin,2022-07-01,3.0,275,62,1,False,neutral,False,False,False,False,0,0,0,0,1,0,1
5259,2120200990,Eucerin,2022-07-01,3.0,92,22,1,False,neutral,False,False,False,False,0,0,0,0,0,0,1
5260,2120200990,Eucerin,2022-04-01,3.0,205,46,1,False,neutral,False,False,False,False,0,0,0,0,0,0,1
5261,2120200990,Eucerin,2021-11-01,3.0,51,13,1,False,negative,True,False,False,False,1,0,0,0,0,0,0
5262,2120200990,Eucerin,2021-09-01,3.0,114,26,1,False,neutral,False,False,False,False,0,0,0,1,0,0,0
5263,2120200990,Eucerin,2021-06-01,3.0,114,27,1,False,,,,,,0,0,0,0,0,0,0
5264,2120200990,Eucerin,2020-12-01,3.0,131,28,1,False,,,,,,0,0,0,0,0,0,0
5265,2120200990,Eucerin,2025-05-01,4.0,83,21,1,False,positive,False,True,False,False,0,1,0,0,0,0,1
5266,2120200990,Eucerin,2025-03-01,4.0,37,8,1,False,,,,,,0,0,0,0,0,0,0
5267,2120200990,Eucerin,2024-09-01,4.0,171,39,1,False,,,,,,0,0,0,0,0,0,0
5268,2120200990,Eucerin,2024-05-01,4.0,62,13,1,False,negative,True,False,False,True,0,1,1,0,0,0,0
5269,2120200990,Eucerin,2024-05-01,4.0,32,7,1,False,,,,,,0,0,0,0,0,0,0
5270,2120200990,Eucerin,2024-03-01,4.0,107,23,1,False,,,,,,0,0,0,0,0,0,0
5271,2120200990,Eucerin,2024-01-01,4.0,108,29,1,False,neutral,False,False,False,False,0,0,0,0,0,0,1
5272,2120200990,Eucerin,2023-11-01,4.0,83,19,1,False,positive,False,True,False,False,1,0,0,0,0,0,0
5273,2120200990,Eucerin,2023-09-01,4.0,60,11,1,False,neutral,False,True,True,False,0,0,1,1,0,0,0
5274,2120200990,Eucerin,2023-08-01,4.0,138,30,1,False,negative,True,False,True,True,0,0,0,1,1,0,0
5275,2120200990,Eucerin,2023-07-01,4.0,82,19,1,False,,,,,,0,0,0,0,0,0,0
5276,2120200990,Eucerin,2023-07-01,4.0,24,6,1,False,,,,,,0,0,0,0,0,0,0
5277,2120200990,Eucerin,2023-06-01,4.0,69,15,1,False,neutral,False,False,False,False,0,0,0,0,1,0,0
5278,2120200990,Eucerin,2023-06-01,4.0,51,11,1,False,neutral,False,False,False,False,0,0,1,1,0,0,0
5279,2120200990,Eucerin,2022-09-01,4.0,105,23,1,False,neutral,False,True,True,False,1,0,0,0,1,0,0
5280,2120200990,Eucerin,2022-08-01,4.0,25,7,1,False,neutral,False,False,False,False,0,0,0,0,1,0,0
5281,2120200990,Eucerin,2022-07-01,4.0,179,40,1,False,positive,False,True,True,False,0,0,1,0,1,0,1
5282,2120200990,Eucerin,2022-07-01,4.0,131,31,1,False,,,,,,0,0,0,0,0,0,0
5283,2120200990,Eucerin,2022-07-01,4.0,69,18,1,False,,,,,,0,0,0,0,0,0,0
5284,2120200990,Eucerin,2022-07-01,4.0,103,22,1,False,positive,False,True,False,False,0,0,1,1,0,0,0
5285,2120200990,Eucerin,2022-01-01,4.0,312,71,1,False,positive,False,True,True,False,0,1,1,0,1,0,1
5286,2120200990,Eucerin,2022-01-01,4.0,82,19,1,False,,,,,,0,0,0,0,0,0,0
5287,2120200990,Eucerin,2022-01-01,4.0,101,25,1,False,neutral,False,False,False,False,1,0,0,0,0,0,0
5288,2120200990,Eucerin,2021-12-01,4.0,105,24,1,False,negative,True,False,False,True,0,0,1,1,0,0,0
5289,2120200990,Eucerin,2021-12-01,4.0,122,28,1,False,neutral,False,False,False,False,0,0,0,0,1,0,0
5290,2120200990,Eucerin,2026-04-01,5.0,25,6,1,False,,,,,,0,0,0,0,0,0,0
5291,2120200990,Eucerin,2026-04-01,5.0,156,35,1,False,neutral,False,False,False,False,0,0,0,0,1,0,0
5292,2120200990,Eucerin,2026-03-01,5.0,27,6,1,False,positive,False,True,False,False,0,0,1,1,0,0,1
5293,2120200990,Eucerin,2026-02-01,5.0,141,30,1,False,positive,False,True,False,False,0,0,0,0,1,0,0
5294,2120200990,Eucerin,2026-01-01,5.0,125,26,1,False,positive,False,True,False,False,0,0,0,0,1,0,0
5295,2120200990,Eucerin,2026-01-01,5.0,67,13,1,False,positive,False,True,False,False,1,0,0,0,1,0,0
5296,2120200990,Eucerin,2025-12-01,5.0,195,42,1,False,positive,False,True,True,False,1,1,1,1,1,0,0
5297,2120200990,Eucerin,2025-12-01,5.0,190,40,1,False,positive,False,True,False,False,1,0,0,0,1,0,0
5298,2120200990,Eucerin,2025-11-01,5.0,101,21,1,False,neutral,False,False,False,False,0,0,1,1,0,0,0
5299,2120200990,Eucerin,2025-11-01,5.0,111,23,1,False,positive,False,True,False,False,1,0,0,0,0,0,0
5300,2120200990,Eucerin,2025-10-01,5.0,134,30,1,False,,,,,,0,0,0,0,0,0,0
5301,2120200990,Eucerin,2025-09-01,5.0,98,21,1,False,,,,,,0,0,0,0,0,0,0
5302,2120200990,Eucerin,2025-09-01,5.0,222,49,1,False,positive,False,True,False,False,1,0,0,0,0,0,0
5303,2120200990,Eucerin,2025-09-01,5.0,25,6,1,False,neutral,False,False,False,False,0,1,0,0,0,0,0
5304,2120200990,Eucerin,2025-09-01,5.0,95,21,1,False,positive,False,True,True,False,1,1,0,0,1,0,0
5305,2120200990,Eucerin,2025-08-01,5.0,120,25,2,False,neutral,False,True,True,False,0,1,0,0,0,0,1
5306,2120200990,Eucerin,2025-08-01,5.0,14,3,4,False,positive,False,True,False,False,0,0,1,0,0,0,0
5307,2120200990,Eucerin,2025-08-01,5.0,41,9,1,False,positive,False,True,False,False,1,0,0,0,0,0,0
5308,2120200990,Eucerin,2025-08-01,5.0,36,8,1,False,neutral,False,False,False,False,0,0,0,0,1,0,0
5309,2120200990,Eucerin,2025-08-01,5.0,97,20,1,False,,,,,,0,0,0,0,0,0,0
5310,2120200990,Eucerin,2025-08-01,5.0,116,24,1,False,positive,False,True,False,False,1,0,0,0,0,0,0
5311,2120200990,Eucerin,2025-08-01,5.0,83,18,1,False,positive,False,True,False,False,1,0,0,0,0,0,0
5312,2120200990,Eucerin,2025-08-01,5.0,88,21,1,False,,,,,,0,0,0,0,0,0,0
5313,2120200990,Eucerin,2025-08-01,5.0,15,3,1,False,positive,False,True,False,False,0,0,1,0,0,0,0
5314,2120200990,Eucerin,2025-07-01,5.0,61,12,2,False,positive,False,True,False,False,0,0,0,0,0,0,1
5315,2120200990,Eucerin,2025-07-01,5.0,46,10,1,False,,,,,,0,0,0,0,0,0,0
5316,2120200990,Eucerin,2025-06-01,5.0,123,28,1,False,positive,False,True,True,False,0,0,1,1,0,0,1
5317,2120200990,Eucerin,2025-06-01,5.0,143,31,1,False,positive,True,True,True,True,0,0,0,0,1,0,0
5318,2120200990,Eucerin,2025-06-01,5.0,75,16,1,False,negative,True,True,True,True,0,0,1,0,0,0,0
5319,2120200990,Eucerin,2025-06-01,5.0,312,68,1,False,positive,False,True,True,False,1,1,0,0,1,0,0
5320,2120200990,Eucerin,2025-06-01,5.0,153,32,1,False,positive,False,True,False,False,1,1,0,0,1,0,0
5321,2120200990,Eucerin,2025-06-01,5.0,67,15,1,False,,,,,,0,0,0,0,0,0,0
5322,2120200990,Eucerin,2025-06-01,5.0,76,17,1,False,positive,False,True,False,False,0,1,0,0,1,0,0
5323,2120200990,Eucerin,2025-06-01,5.0,97,20,1,False,neutral,False,False,False,False,0,0,0,0,1,0,0
5324,2120200990,Eucerin,2025-05-01,5.0,67,15,1,False,positive,False,True,True,False,0,1,0,1,0,0,0
5325,2120200990,Eucerin,2025-05-01,5.0,37,8,1,False,positive,False,True,False,False,0,0,0,0,1,0,0
5326,2120200990,Eucerin,2025-05-01,5.0,142,31,1,False,positive,False,True,True,False,0,1,0,0,1,0,0
5327,2120200990,Eucerin,2025-05-01,5.0,89,19,1,False,positive,False,True,False,False,0,1,0,0,0,0,0
5328,2120200990,Eucerin,2025-05-01,5.0,94,21,1,False,,,,,,0,0,0,0,0,0,0
5329,2120200990,Eucerin,2025-05-01,5.0,115,24,1,False,positive,True,True,True,True,0,0,1,0,0,0,1
5330,2120200990,Eucerin,2025-05-01,5.0,123,27,1,False,positive,False,True,True,False,0,1,0,0,0,0,1
5331,2120200990,Eucerin,2025-05-01,5.0,158,37,1,False,negative,True,False,False,True,0,0,0,0,1,0,0
5332,2120200990,Eucerin,2025-05-01,5.0,96,21,1,False,,,,,,0,0,0,0,0,0,0
5333,2120200990,Eucerin,2025-05-01,5.0,83,16,1,False,positive,False,True,False,False,0,0,0,0,1,0,0
5334,2120200990,Eucerin,2025-05-01,5.0,112,25,1,False,positive,False,True,False,False,0,0,1,1,0,0,1
5335,2120200990,Eucerin,2025-05-01,5.0,84,17,1,False,positive,False,True,False,False,1,0,0,0,0,0,0
5336,2120200990,Eucerin,2025-04-01,5.0,86,19,1,False,positive,False,True,True,False,1,0,0,0,1,0,0
5337,2120200990,Eucerin,2025-04-01,5.0,83,17,1,False,positive,False,True,False,False,0,0,0,0,1,0,0
5338,2120200990,Eucerin,2025-04-01,5.0,256,55,2,False,neutral,True,False,True,True,0,0,0,1,0,0,0
5339,2120200990,Eucerin,2025-04-01,5.0,122,27,1,False,,,,,,0,0,0,0,0,0,0
5340,2120200990,Eucerin,2025-04-01,5.0,70,16,1,False,positive,False,True,False,False,0,1,0,0,0,0,0
5341,2120200990,Eucerin,2025-04-01,5.0,94,23,1,False,,,,,,0,0,0,0,0,0,0
5342,2120200990,Eucerin,2025-04-01,5.0,86,19,1,False,positive,False,True,False,False,0,1,0,0,0,0,0
5343,2120200990,Eucerin,2025-04-01,5.0,113,24,1,False,positive,False,True,False,False,1,0,0,0,0,0,0
5344,2120200990,Eucerin,2025-04-01,5.0,84,19,1,False,positive,False,True,False,False,0,0,1,0,0,0,0
5345,2120200990,Eucerin,2025-04-01,5.0,144,34,1,False,,,,,,0,0,0,0,0,0,0
5346,2120200990,Eucerin,2025-04-01,5.0,104,22,1,False,positive,False,True,True,False,0,1,0,0,1,0,0
5347,2120200990,Eucerin,2025-04-01,5.0,99,22,1,False,positive,False,True,False,False,1,0,0,0,0,0,0
5348,2120200990,Eucerin,2025-04-01,5.0,117,25,1,False,positive,False,True,False,False,0,1,0,0,0,0,0
5349,2120200990,Eucerin,2025-04-01,5.0,58,15,1,False,positive,False,True,False,False,0,1,0,0,0,0,0
5350,2120200990,Eucerin,2025-04-01,5.0,49,11,1,False,neutral,False,False,False,False,0,1,0,0,0,0,0
5351,2120200990,Eucerin,2025-04-01,5.0,95,20,1,False,positive,False,True,False,False,0,0,0,0,1,0,0
5352,2120200990,Eucerin,2025-04-01,5.0,146,32,1,False,,,,,,0,0,0,0,0,0,0
5353,2120200990,Eucerin,2025-04-01,5.0,78,17,1,False,,,,,,0,0,0,0,0,0,0
5354,2120200990,Eucerin,2025-03-01,5.0,90,19,1,False,positive,False,True,False,False,0,1,0,0,0,0,0
5355,2120200990,Eucerin,2025-03-01,5.0,108,20,1,False,positive,False,True,False,False,0,0,0,0,1,0,0
5356,2120200990,Eucerin,2025-03-01,5.0,22,5,1,False,,,,,,0,0,0,0,0,0,0
5357,2120200990,Eucerin,2025-03-01,5.0,109,21,1,False,positive,False,True,False,False,0,0,0,0,1,0,0
5358,2120200990,Eucerin,2025-03-01,5.0,138,25,1,False,positive,False,True,False,False,1,0,0,0,0,0,0
5359,2120200990,Eucerin,2025-03-01,5.0,107,22,1,False,neutral,False,False,False,False,0,0,0,0,1,0,0
5360,2120200990,Eucerin,2025-03-01,5.0,87,18,1,False,,,,,,0,0,0,0,0,0,0
5361,2120200990,Eucerin,2025-03-01,5.0,77,17,1,False,neutral,False,False,False,False,0,0,0,0,1,0,0
5362,2120200990,Eucerin,2025-03-01,5.0,243,48,1,False,positive,False,True,False,False,0,0,0,0,1,0,0
5363,2120200990,Eucerin,2025-03-01,5.0,279,68,1,False,,,,,,0,0,0,0,0,0,0
5364,2120200990,Eucerin,2025-03-01,5.0,28,7,1,False,positive,False,True,False,False,0,1,0,0,0,0,0
5365,2120200990,Eucerin,2025-03-01,5.0,92,18,1,False,,,,,,0,0,0,0,0,0,0
5366,2120200990,Eucerin,2025-03-01,5.0,90,20,1,False,,,,,,0,0,0,0,0,0,0
5367,2120200990,Eucerin,2025-03-01,5.0,79,17,1,False,positive,False,True,False,False,1,0,0,0,0,0,0
5368,2120200990,Eucerin,2025-03-01,5.0,106,24,1,False,neutral,False,True,True,False,0,0,1,1,0,0,0
5369,2120200990,Eucerin,2025-03-01,5.0,70,16,1,False,neutral,False,False,False,False,0,1,0,0,0,0,0
5370,2120200990,Eucerin,2025-03-01,5.0,51,11,1,False,,,,,,0,0,0,0,0,0,0
5371,2120200990,Eucerin,2025-03-01,5.0,73,15,1,False,,,,,,0,0,0,0,0,0,0
5372,2120200990,Eucerin,2025-03-01,5.0,64,14,1,False,positive,False,True,False,False,1,0,0,0,0,0,0
5373,2120200990,Eucerin,2025-03-01,5.0,33,6,1,False,,,,,,0,0,0,0,0,0,0
5374,2120200990,Eucerin,2025-03-01,5.0,103,23,1,False,positive,False,True,False,False,1,0,0,0,0,0,0
5375,2120200990,Eucerin,2025-03-01,5.0,116,26,1,False,positive,False,True,False,False,0,1,0,0,0,0,0
5376,2120200990,Eucerin,2025-03-01,5.0,97,21,1,False,,,,,,0,0,0,0,0,0,0
5377,2120200990,Eucerin,2025-03-01,5.0,148,30,1,False,neutral,False,True,True,False,0,0,1,1,1,0,0
5378,2120200990,Eucerin,2025-03-01,5.0,90,20,1,False,neutral,False,False,False,False,0,0,1,0,1,0,0
5379,2120201999,Eucerin,2023-10-01,1.0,12,3,1,False,negative,True,False,False,False,0,0,1,0,0,0,0
5380,2120201999,Eucerin,2024-12-01,3.0,146,32,1,False,positive,True,True,True,False,0,1,1,0,0,0,0
5381,2120201999,Eucerin,2023-12-01,3.0,125,34,1,False,,,,,,0,0,0,0,0,0,0
5382,2120201999,Eucerin,2023-04-01,3.0,51,12,1,False,neutral,False,False,False,False,0,0,0,1,0,0,0
5383,2120201999,Eucerin,2022-05-01,3.0,96,22,1,False,neutral,False,True,True,False,0,0,1,0,0,0,1
5384,2120201999,Eucerin,2021-12-01,3.0,63,15,1,False,,,,,,0,0,0,0,0,0,0
5385,2120201999,Eucerin,2023-12-01,4.0,35,8,1,False,,,,,,0,0,0,0,0,0,0
5386,2120201999,Eucerin,2022-11-01,4.0,111,25,1,False,neutral,False,False,False,False,0,0,1,1,0,0,0
5387,2120201999,Eucerin,2022-04-01,4.0,11,3,1,False,,,,,,0,0,0,0,0,0,0
5388,2120201999,Eucerin,2021-03-01,4.0,39,11,1,False,neutral,False,False,False,False,0,0,1,0,0,0,0
5389,2120201999,Eucerin,2026-04-01,5.0,197,45,1,False,positive,False,True,False,False,1,0,0,0,1,0,0
5390,2120201999,Eucerin,2026-03-01,5.0,3,1,23,True,,,,,,0,0,0,0,0,0,0
5391,2120201999,Eucerin,2025-11-01,5.0,68,17,1,False,,,,,,0,0,0,0,0,0,0
5392,2120201999,Eucerin,2025-11-01,5.0,80,18,1,False,positive,False,True,False,False,1,1,0,0,1,1,0
5393,2120201999,Eucerin,2025-10-01,5.0,116,27,1,False,positive,False,True,False,False,1,0,0,0,0,0,0
5394,2120201999,Eucerin,2025-10-01,5.0,47,12,1,False,,,,,,0,0,0,0,0,0,0
5395,2120201999,Eucerin,2025-09-01,5.0,87,14,3,False,positive,False,True,False,False,0,0,1,0,0,0,1
5396,2120201999,Eucerin,2025-09-01,5.0,10,2,1,False,neutral,False,False,False,False,0,0,0,0,1,0,0
5397,2120201999,Eucerin,2025-09-01,5.0,35,8,1,False,positive,False,True,False,False,1,0,0,0,0,0,0
5398,2120201999,Eucerin,2025-07-01,5.0,98,12,1,False,positive,False,True,False,False,0,0,0,0,0,1,0
5399,2120201999,Eucerin,2025-07-01,5.0,175,40,1,False,positive,False,True,True,False,1,0,0,0,1,0,0
5400,2120201999,Eucerin,2025-07-01,5.0,121,29,1,False,positive,False,True,True,False,1,0,0,0,0,0,0
5401,2120201999,Eucerin,2025-07-01,5.0,109,25,1,False,positive,False,True,False,False,1,0,0,0,1,0,0
5402,2120201999,Eucerin,2025-07-01,5.0,83,18,1,False,,,,,,0,0,0,0,0,0,0
5403,2120201999,Eucerin,2025-06-01,5.0,158,35,1,False,neutral,False,False,False,False,0,0,1,1,0,0,0
5404,2120201999,Eucerin,2025-06-01,5.0,12,3,2,False,,,,,,0,0,0,0,0,0,0
5405,2120201999,Eucerin,2025-06-01,5.0,209,51,1,False,neutral,False,False,False,False,0,1,0,0,0,0,0
5406,2120201999,Eucerin,2025-06-01,5.0,95,23,1,False,neutral,False,False,False,False,1,0,0,0,0,0,0
5407,2120201999,Eucerin,2025-05-01,5.0,35,8,1,False,positive,False,True,False,False,1,0,0,0,0,0,0
5408,2120201999,Eucerin,2025-05-01,5.0,79,19,1,False,,,,,,0,0,0,0,0,0,0
5409,2120201999,Eucerin,2025-05-01,5.0,100,24,1,False,,,,,,0,0,0,0,0,0,0
5410,2120201999,Eucerin,2025-04-01,5.0,110,26,1,False,positive,False,True,False,False,1,0,0,0,0,0,0
5411,2120201999,Eucerin,2025-03-01,5.0,129,29,1,False,positive,False,True,False,False,1,0,0,0,1,0,0
5412,2120201999,Eucerin,2025-03-01,5.0,107,25,1,False,,,,,,0,0,0,0,0,0,0
5413,2120201999,Eucerin,2025-03-01,5.0,59,14,1,False,,,,,,0,0,0,0,0,0,0
5414,2120201999,Eucerin,2025-03-01,5.0,136,33,1,False,positive,False,True,False,False,1,0,0,0,0,0,0
5415,2120201999,Eucerin,2025-02-01,5.0,107,25,1,False,,,,,,0,0,0,0,0,0,0
5416,2120201999,Eucerin,2025-02-01,5.0,25,7,1,False,,,,,,0,0,0,0,0,0,0
5417,2120201999,Eucerin,2025-02-01,5.0,88,20,1,False,positive,False,True,True,False,1,0,0,0,1,0,0
5418,2120201999,Eucerin,2025-02-01,5.0,293,68,1,False,neutral,False,False,False,False,0,0,0,1,0,0,0
5419,2120201999,Eucerin,2025-02-01,5.0,37,9,1,False,,,,,,0,0,0,0,0,0,0
5420,2120201999,Eucerin,2025-01-01,5.0,283,59,1,False,positive,True,True,True,True,1,1,1,0,0,1,1
5421,2120201999,Eucerin,2025-01-01,5.0,48,9,1,False,positive,False,True,False,False,1,0,0,0,1,0,0
5422,2120201999,Eucerin,2025-01-01,5.0,269,60,1,False,positive,False,True,True,False,1,0,0,1,1,0,0
5423,2120201999,Eucerin,2025-01-01,5.0,153,33,1,False,positive,False,True,True,False,1,0,0,0,0,0,0
5424,2120201999,Eucerin,2025-01-01,5.0,91,22,1,False,positive,False,True,False,False,1,0,0,0,1,0,0
5425,2120201999,Eucerin,2025-01-01,5.0,110,27,1,False,neutral,False,True,True,False,1,0,0,0,0,0,0
5426,2120201999,Eucerin,2025-01-01,5.0,102,25,1,False,positive,False,True,False,False,1,0,0,0,1,0,0
5427,2120201999,Eucerin,2025-01-01,5.0,146,33,1,False,neutral,False,False,False,False,0,0,1,1,0,0,0
5428,2120201999,Eucerin,2025-01-01,5.0,72,17,1,False,,,,,,0,0,0,0,0,0,0
5429,2120201999,Eucerin,2025-01-01,5.0,173,38,1,False,positive,False,True,True,False,1,0,0,0,1,0,0
5430,2120201999,Eucerin,2025-01-01,5.0,176,42,1,False,positive,False,True,True,False,1,0,0,0,0,0,0
5431,2120201999,Eucerin,2025-01-01,5.0,127,30,1,False,positive,False,True,False,False,1,0,0,0,0,0,0
5432,2120201999,Eucerin,2024-12-01,5.0,65,16,1,False,positive,False,True,False,False,1,0,0,0,0,0,0
5433,2120201999,Eucerin,2024-12-01,5.0,637,147,1,False,,,,,,0,0,0,0,0,0,0
5434,2120201999,Eucerin,2024-12-01,5.0,83,20,1,False,neutral,False,False,False,False,1,0,0,0,0,0,0
5435,2120201999,Eucerin,2024-12-01,5.0,135,31,1,False,,,,,,0,0,0,0,0,0,0
5436,2120201999,Eucerin,2024-12-01,5.0,136,32,1,False,positive,False,True,True,False,1,0,0,0,0,0,0
5437,2120201999,Eucerin,2024-11-01,5.0,118,27,1,False,positive,False,True,False,False,0,1,1,0,0,0,1
5438,2120201999,Eucerin,2024-11-01,5.0,71,17,1,False,positive,False,True,True,False,1,0,0,0,0,0,0
5439,2120201999,Eucerin,2024-11-01,5.0,100,24,1,False,,,,,,0,0,0,0,0,0,0
5440,2120201999,Eucerin,2024-11-01,5.0,70,16,1,False,positive,False,True,False,False,1,0,0,0,0,0,0
5441,2120201999,Eucerin,2024-11-01,5.0,120,28,1,False,positive,False,True,False,False,1,0,0,0,1,0,0
5442,2120201999,Eucerin,2024-10-01,5.0,141,32,1,False,positive,False,True,False,False,1,0,0,0,1,0,0
5443,2120201999,Eucerin,2024-10-01,5.0,115,29,1,False,positive,False,True,True,False,1,0,0,0,1,0,0
5444,2120201999,Eucerin,2024-10-01,5.0,103,25,1,False,neutral,False,False,False,False,1,0,0,0,0,0,0
5445,2120201999,Eucerin,2024-10-01,5.0,12,2,4,False,positive,False,True,False,False,1,0,0,0,0,0,0
5446,2120201999,Eucerin,2024-09-01,5.0,78,18,1,False,neutral,False,False,False,False,0,0,0,0,1,0,0
5447,2120201999,Eucerin,2024-09-01,5.0,86,19,1,False,,,,,,0,0,0,0,0,0,0
5448,2120201999,Eucerin,2024-09-01,5.0,68,16,1,False,neutral,False,False,False,False,0,1,0,0,0,0,0
5449,2120201999,Eucerin,2024-09-01,5.0,325,78,1,False,positive,False,True,False,False,1,0,0,0,1,0,0
5450,2120201999,Eucerin,2024-09-01,5.0,86,19,1,False,positive,False,True,False,False,1,0,0,0,0,0,0
5451,2120201999,Eucerin,2024-09-01,5.0,124,29,1,False,positive,False,True,False,False,1,0,0,0,0,0,0
5452,2120201999,Eucerin,2024-08-01,5.0,83,18,1,False,,,,,,0,0,0,0,0,0,0
5453,2120201999,Eucerin,2024-08-01,5.0,145,33,1,False,positive,False,True,False,False,1,0,0,0,0,0,0
5454,2120201999,Eucerin,2024-08-01,5.0,94,21,1,False,positive,False,True,False,False,1,0,0,0,0,0,0
5455,2120201999,Eucerin,2024-08-01,5.0,70,16,1,False,positive,False,True,False,False,1,0,0,0,0,0,0
5456,2120201999,Eucerin,2024-07-01,5.0,207,46,1,False,neutral,False,True,True,False,1,0,0,0,0,0,0
5457,2120201999,Eucerin,2024-07-01,5.0,75,18,1,False,neutral,False,False,False,False,1,0,0,0,0,0,0
5458,2120201999,Eucerin,2024-07-01,5.0,200,42,1,False,positive,False,True,False,False,0,1,0,0,0,0,0
5459,2120201999,Eucerin,2024-07-01,5.0,92,21,1,False,neutral,False,False,False,False,1,0,1,0,0,0,0
5460,2120201999,Eucerin,2024-06-01,5.0,52,12,1,False,neutral,False,False,False,False,1,0,0,0,0,0,0
5461,2120201999,Eucerin,2024-06-01,5.0,83,17,1,False,positive,False,True,False,False,1,0,0,0,0,0,0
5462,2120201999,Eucerin,2024-06-01,5.0,120,28,1,False,neutral,False,False,False,False,1,0,0,0,0,0,0
5463,2120201999,Eucerin,2024-06-01,5.0,73,18,1,False,neutral,False,True,True,False,1,0,0,0,0,0,0
5464,2120201999,Eucerin,2024-06-01,5.0,96,22,1,False,neutral,False,False,False,False,1,0,0,0,0,0,0
5465,2120201999,Eucerin,2024-06-01,5.0,23,6,1,False,positive,False,True,False,False,1,0,0,0,0,0,0
5466,2120201999,Eucerin,2024-06-01,5.0,82,20,1,False,positive,False,True,True,False,1,0,0,0,0,0,0
5467,2120201999,Eucerin,2024-06-01,5.0,21,5,1,False,neutral,False,False,False,False,1,0,0,0,0,0,0
5468,2120201999,Eucerin,2024-06-01,5.0,69,17,1,False,,,,,,0,0,0,0,0,0,0
5469,2120201999,Eucerin,2024-06-01,5.0,84,20,1,False,positive,False,True,False,False,1,0,0,0,0,0,0
5470,2120201999,Eucerin,2024-06-01,5.0,84,20,1,False,neutral,False,False,False,False,1,0,0,0,0,0,0
5471,2120201999,Eucerin,2024-06-01,5.0,105,25,1,False,neutral,False,False,False,False,1,0,0,0,0,0,0
5472,2120201999,Eucerin,2024-06-01,5.0,163,38,1,False,positive,False,True,True,False,1,0,0,0,0,0,0
5473,2120201999,Eucerin,2024-05-01,5.0,67,16,1,False,neutral,False,False,False,False,1,0,0,0,0,0,0
5474,2120201999,Eucerin,2024-05-01,5.0,124,29,1,False,positive,False,True,False,False,1,0,0,0,0,0,0
5475,2120201999,Eucerin,2024-05-01,5.0,134,31,1,False,positive,False,True,False,False,1,0,0,0,0,0,0
5476,2120201999,Eucerin,2024-05-01,5.0,65,15,1,False,neutral,False,False,False,False,0,1,0,0,0,0,0
5477,2120201999,Eucerin,2024-05-01,5.0,23,5,1,False,positive,False,True,False,False,1,0,0,0,0,0,0
5478,2120201999,Eucerin,2024-05-01,5.0,87,20,1,False,neutral,False,False,False,False,1,0,0,0,0,0,0
5479,2120201999,Eucerin,2024-05-01,5.0,83,16,1,False,neutral,False,False,False,False,0,1,1,1,0,0,0
5480,2120201999,Eucerin,2024-05-01,5.0,82,19,1,False,positive,False,True,False,False,1,0,0,0,0,0,0
5481,2120201999,Eucerin,2024-05-01,5.0,72,17,1,False,,,,,,0,0,0,0,0,0,0
5482,2029022120,CeraVe,2026-04-01,1.0,480,115,3,False,neutral,True,False,True,False,0,1,0,0,0,0,1
5483,2029022120,CeraVe,2025-12-01,1.0,19,4,1,False,neutral,False,False,False,False,0,0,1,0,0,0,0
5484,2029022120,CeraVe,2025-10-01,1.0,291,66,1,False,neutral,True,False,True,False,1,0,0,0,0,0,1
5485,2029022120,CeraVe,2025-06-01,1.0,32,8,1,False,neutral,False,False,False,False,0,1,0,0,0,0,0
5486,2029022120,CeraVe,2025-04-01,1.0,42,9,1,False,,,,,,0,0,0,0,0,0,0
5487,2029022120,CeraVe,2025-04-01,1.0,256,59,1,False,neutral,False,False,False,False,0,1,0,1,0,0,0
5488,2029022120,CeraVe,2024-11-01,1.0,204,46,1,False,neutral,True,False,True,False,0,1,0,0,1,0,1
5489,2029022120,CeraVe,2024-09-01,1.0,272,60,1,False,neutral,False,False,False,False,0,1,0,0,1,0,0
5490,2029022120,CeraVe,2024-09-01,1.0,92,23,1,False,neutral,False,False,False,False,0,0,0,0,1,0,0
5491,2029022120,CeraVe,2024-09-01,1.0,125,31,1,False,neutral,False,False,False,False,0,1,0,1,0,0,0
5492,2029022120,CeraVe,2024-09-01,1.0,19,4,1,False,,,,,,0,0,0,0,0,0,0
5493,2029022120,CeraVe,2024-08-01,1.0,748,165,1,False,neutral,False,False,False,False,0,0,0,0,1,0,1
5494,2029022120,CeraVe,2024-07-01,1.0,245,56,1,False,neutral,False,False,False,False,0,0,0,0,0,0,1
5495,2029022120,CeraVe,2024-07-01,1.0,87,21,1,False,,,,,,0,0,0,0,0,0,0
5496,2029022120,CeraVe,2024-07-01,1.0,86,18,1,False,neutral,False,False,False,False,0,0,0,0,0,0,1
5497,2029022120,CeraVe,2024-06-01,1.0,144,38,1,False,neutral,False,False,False,False,1,0,0,0,0,0,1
5498,2029022120,CeraVe,2024-06-01,1.0,372,87,1,False,neutral,False,False,False,False,0,0,0,0,0,0,1
5499,2029022120,CeraVe,2024-06-01,1.0,58,15,1,False,,,,,,0,0,0,0,0,0,0
5500,2029022120,CeraVe,2024-05-01,1.0,126,33,1,False,negative,True,False,False,False,0,0,1,0,0,0,0
5501,2029022120,CeraVe,2024-05-01,1.0,43,11,1,False,negative,True,False,False,False,1,0,0,0,0,0,0
5502,2029022120,CeraVe,2024-03-01,1.0,46,10,1,False,neutral,False,False,False,False,0,0,1,0,0,0,0
5503,2029022120,CeraVe,2023-12-01,1.0,299,67,1,False,,,,,,0,0,0,0,0,0,0
5504,2029022120,CeraVe,2023-11-01,1.0,268,62,1,False,positive,False,True,False,False,1,0,0,0,1,0,0
5505,2029022120,CeraVe,2023-11-01,1.0,245,50,1,False,neutral,True,False,True,False,0,1,1,1,0,0,1
5506,2029022120,CeraVe,2023-11-01,1.0,32,8,1,False,neutral,False,False,False,False,0,0,1,0,0,0,0
5507,2029022120,CeraVe,2023-11-01,1.0,202,46,1,False,neutral,True,False,True,False,0,0,1,0,0,0,0
5508,2029022120,CeraVe,2023-11-01,1.0,91,21,1,False,negative,True,False,True,False,0,0,1,0,0,0,0
5509,2029022120,CeraVe,2023-11-01,1.0,205,46,1,False,neutral,False,False,False,False,0,1,0,1,0,0,0
5510,2029022120,CeraVe,2023-11-01,1.0,90,21,1,False,negative,True,False,False,False,0,0,1,0,0,0,0
5511,2029022120,CeraVe,2023-10-01,1.0,583,136,1,False,negative,True,False,True,False,1,0,0,0,1,0,0
5512,2029022120,CeraVe,2023-10-01,1.0,173,39,1,False,neutral,False,False,False,False,1,0,1,0,0,0,0
5513,2029022120,CeraVe,2023-10-01,1.0,865,197,1,False,neutral,False,True,True,False,1,1,1,0,0,0,1
5514,2029022120,CeraVe,2023-09-01,1.0,229,57,1,False,neutral,False,False,False,False,0,1,0,0,0,0,0
5515,2029022120,CeraVe,2023-09-01,1.0,189,43,1,False,,,,,,0,0,0,0,0,0,0
5516,2029022120,CeraVe,2023-09-01,1.0,211,50,1,False,negative,True,False,True,False,0,0,1,0,0,0,0
5517,2029022120,CeraVe,2023-09-01,1.0,72,18,1,False,,,,,,0,0,0,0,0,0,0
5518,2029022120,CeraVe,2023-08-01,1.0,290,66,1,False,negative,True,True,True,False,1,1,1,0,0,0,0
5519,2029022120,CeraVe,2023-07-01,1.0,36,9,1,False,,,,,,0,0,0,0,0,0,0
5520,2029022120,CeraVe,2023-07-01,1.0,254,55,1,False,neutral,False,False,False,False,0,0,1,0,0,0,1
5521,2029022120,CeraVe,2023-06-01,1.0,48,10,1,False,,,,,,0,0,0,0,0,0,0
5522,2029022120,CeraVe,2023-06-01,1.0,17,4,1,False,,,,,,0,0,0,0,0,0,0
5523,2029022120,CeraVe,2023-06-01,1.0,104,23,1,False,negative,True,False,False,False,0,0,1,0,0,0,0
5524,2029022120,CeraVe,2023-06-01,1.0,31,8,1,False,neutral,False,False,False,False,0,0,1,0,0,0,0
5525,2029022120,CeraVe,2023-06-01,1.0,99,22,1,False,,,,,,0,0,0,0,0,0,0
5526,2029022120,CeraVe,2023-06-01,1.0,52,12,1,False,,,,,,0,0,0,0,0,0,0
5527,2029022120,CeraVe,2023-06-01,1.0,28,6,1,False,,,,,,0,0,0,0,0,0,0
5528,2029022120,CeraVe,2023-06-01,1.0,298,67,1,False,neutral,False,True,True,False,0,1,1,1,0,0,1
5529,2029022120,CeraVe,2023-06-01,1.0,57,14,1,False,,,,,,0,0,0,0,0,0,0
5530,2029022120,CeraVe,2023-06-01,1.0,55,13,1,False,neutral,False,False,False,False,0,0,1,1,0,0,0
5531,2029022120,CeraVe,2023-06-01,1.0,118,27,1,False,neutral,True,False,True,False,0,0,1,0,0,0,1
5532,2029022120,CeraVe,2023-06-01,1.0,35,8,1,False,,,,,,0,0,0,0,0,0,0
5533,2029022120,CeraVe,2023-06-01,1.0,96,24,1,False,neutral,False,False,False,False,0,0,1,0,0,0,1
5534,2029022120,CeraVe,2023-05-01,1.0,38,8,1,False,negative,True,False,True,False,0,0,1,1,0,0,0
5535,2029022120,CeraVe,2023-05-01,1.0,55,15,1,False,,,,,,0,0,0,0,0,0,0
5536,2029022120,CeraVe,2023-05-01,1.0,149,36,1,False,,,,,,0,0,0,0,0,0,0
5537,2029022120,CeraVe,2023-05-01,1.0,164,39,1,False,neutral,False,False,False,False,0,0,1,0,0,0,0
5538,2029022120,CeraVe,2023-05-01,1.0,119,28,1,False,neutral,True,False,True,False,0,0,0,0,0,0,1
5539,2029022120,CeraVe,2023-04-01,1.0,100,24,1,False,neutral,False,False,False,False,0,0,0,0,0,0,1
5540,2029022120,CeraVe,2023-04-01,1.0,615,139,1,False,neutral,False,True,True,False,1,1,1,0,0,0,1
5541,2029022120,CeraVe,2023-04-01,1.0,70,17,1,False,neutral,False,False,False,False,0,0,1,0,0,0,0
5542,2029022120,CeraVe,2023-04-01,1.0,146,35,1,False,negative,True,True,True,False,0,0,1,0,0,0,0
5543,2029022120,CeraVe,2023-04-01,1.0,227,48,1,False,neutral,True,False,True,False,0,1,1,0,0,0,0
5544,2029022120,CeraVe,2023-04-01,1.0,17,4,1,False,,,,,,0,0,0,0,0,0,0
5545,2029022120,CeraVe,2023-02-01,1.0,242,53,1,False,neutral,False,False,False,False,0,0,0,0,0,1,0
5546,2029022120,CeraVe,2023-02-01,1.0,11,3,1,False,,,,,,0,0,0,0,0,0,0
5547,2029022120,CeraVe,2022-10-01,1.0,105,24,1,False,neutral,False,False,False,False,0,0,0,0,1,0,0
5548,2029022120,CeraVe,2022-10-01,1.0,379,85,1,False,positive,True,True,True,False,0,0,1,0,0,0,1
5549,2029022120,CeraVe,2022-10-01,1.0,116,27,1,False,negative,True,False,True,False,0,0,1,1,0,0,0
5550,2029022120,CeraVe,2025-04-01,2.0,14,3,1,False,,,,,,0,0,0,0,0,0,0
5551,2029022120,CeraVe,2024-10-01,2.0,88,21,1,False,negative,True,False,True,False,0,0,0,0,1,0,0
5552,2029022120,CeraVe,2024-06-01,2.0,263,57,1,False,neutral,False,False,False,False,1,1,0,0,0,0,0
5553,2029022120,CeraVe,2024-05-01,2.0,73,17,1,False,neutral,False,False,False,False,0,0,1,0,0,0,0
5554,2029022120,CeraVe,2023-12-01,2.0,31,8,1,False,,,,,,0,0,0,0,0,0,0
5555,2029022120,CeraVe,2023-11-01,2.0,70,17,1,False,neutral,False,False,False,False,0,0,1,0,0,0,0
5556,2029022120,CeraVe,2023-11-01,2.0,92,20,1,False,,,,,,0,0,0,0,0,0,0
5557,2029022120,CeraVe,2023-10-01,2.0,58,15,1,False,neutral,False,False,False,False,0,0,1,0,0,0,0
5558,2029022120,CeraVe,2023-10-01,2.0,182,44,1,False,neutral,False,False,False,False,0,0,0,0,0,0,1
5559,2029022120,CeraVe,2023-07-01,2.0,107,24,1,False,neutral,True,False,True,False,0,0,1,1,0,0,0
5560,2029022120,CeraVe,2023-06-01,2.0,94,25,1,False,neutral,False,False,False,False,0,0,1,0,0,0,0
5561,2029022120,CeraVe,2023-04-01,2.0,131,31,1,False,neutral,False,True,True,False,0,1,1,0,0,0,0
5562,2029022120,CeraVe,2023-04-01,2.0,126,27,1,False,negative,True,False,True,False,0,0,1,0,0,0,0
5563,2029022120,CeraVe,2023-04-01,2.0,100,23,1,False,,,,,,0,0,0,0,0,0,0
5564,2029022120,CeraVe,2023-02-01,2.0,32,8,1,False,,,,,,0,0,0,0,0,0,0
5565,2029022120,CeraVe,2022-10-01,2.0,207,45,1,False,neutral,False,False,False,False,0,0,0,0,0,0,1
5566,2029022120,CeraVe,2024-12-01,3.0,99,23,3,False,,,,,,0,0,0,0,0,0,0
5567,2029022120,CeraVe,2024-10-01,3.0,120,27,1,False,neutral,False,False,False,False,0,0,0,0,1,0,0
5568,2029022120,CeraVe,2024-10-01,3.0,100,24,1,False,,,,,,0,0,0,0,0,0,0
5569,2029022120,CeraVe,2024-06-01,3.0,123,28,1,False,,,,,,0,0,0,0,0,0,0
5570,2029022120,CeraVe,2024-06-01,3.0,84,18,1,False,neutral,False,False,False,False,1,0,0,0,0,0,0
5571,2029022120,CeraVe,2024-06-01,3.0,120,26,1,False,neutral,True,False,True,False,0,1,1,0,0,0,0
5572,2029022120,CeraVe,2023-12-01,3.0,156,34,1,False,positive,True,True,True,False,0,1,0,0,1,1,0
5573,2029022120,CeraVe,2023-11-01,3.0,95,22,1,False,neutral,False,False,False,False,0,0,1,0,0,0,0
5574,2029022120,CeraVe,2023-11-01,3.0,345,79,1,False,neutral,False,False,False,False,0,1,0,1,0,0,0
5575,2029022120,CeraVe,2023-11-01,3.0,99,26,1,False,neutral,False,False,False,False,0,0,1,0,0,0,0
5576,2029022120,CeraVe,2023-11-01,3.0,141,32,1,False,neutral,False,False,False,False,0,0,0,1,0,0,0
5577,2029022120,CeraVe,2023-11-01,3.0,183,46,1,False,,,,,,0,0,0,0,0,0,0
5578,2029022120,CeraVe,2023-09-01,3.0,130,29,1,False,positive,False,True,False,False,1,0,1,0,1,0,0
5579,2029022120,CeraVe,2023-09-01,3.0,154,34,1,False,neutral,True,False,True,False,0,0,1,0,0,0,1
5580,2029022120,CeraVe,2023-09-01,3.0,36,9,1,False,,,,,,0,0,0,0,0,0,0
5581,2029022120,CeraVe,2023-07-01,3.0,49,11,1,False,neutral,False,False,False,False,0,0,1,0,0,0,0
5582,2029022120,CeraVe,2023-07-01,3.0,75,17,1,False,negative,True,False,False,False,0,0,1,0,0,0,0
5583,2029022120,CeraVe,2023-07-01,3.0,67,17,1,False,neutral,False,False,False,False,0,0,1,0,0,0,0
5584,2029022120,CeraVe,2023-07-01,3.0,67,16,1,False,,,,,,0,0,0,0,0,0,0
5585,2029022120,CeraVe,2023-07-01,3.0,29,8,1,False,,,,,,0,0,0,0,0,0,0
5586,2029022120,CeraVe,2023-06-01,3.0,99,22,1,False,neutral,False,False,False,False,0,0,0,1,0,0,1
5587,2029022120,CeraVe,2023-06-01,3.0,141,33,1,False,positive,False,True,False,False,0,0,1,0,0,0,0
5588,2029022120,CeraVe,2023-06-01,3.0,65,16,1,False,,,,,,0,0,0,0,0,0,0
5589,2029022120,CeraVe,2023-06-01,3.0,338,80,1,False,neutral,True,False,True,False,0,0,1,0,0,0,1
5590,2029022120,CeraVe,2023-05-01,3.0,458,110,1,False,neutral,True,False,True,False,0,0,1,1,0,0,0
5591,2029022120,CeraVe,2023-05-01,3.0,119,26,1,False,neutral,False,False,False,False,0,0,0,0,0,0,1
5592,2029022120,CeraVe,2023-05-01,3.0,74,16,1,False,positive,False,True,False,False,1,0,0,0,0,0,1
5593,2029022120,CeraVe,2023-05-01,3.0,40,10,1,False,,,,,,0,0,0,0,0,0,0
5594,2029022120,CeraVe,2023-05-01,3.0,58,8,1,False,neutral,False,False,False,False,0,0,1,0,0,0,0
5595,2029022120,CeraVe,2023-05-01,3.0,64,13,1,False,positive,False,True,False,False,0,0,1,0,0,0,0
5596,2029022120,CeraVe,2023-04-01,3.0,62,14,1,False,positive,False,True,False,False,0,0,1,0,0,0,0
5597,2029022120,CeraVe,2023-04-01,3.0,113,25,1,False,neutral,False,False,False,False,0,0,0,1,0,0,0
5598,2029022120,CeraVe,2023-03-01,3.0,139,31,1,False,neutral,False,False,False,False,0,0,1,0,0,0,1
5599,2029022120,CeraVe,2023-03-01,3.0,138,31,1,False,positive,False,True,True,False,0,1,1,0,1,0,0
5600,2029022120,CeraVe,2023-03-01,3.0,320,74,1,False,positive,False,True,True,False,0,1,1,0,0,0,1
5601,2029022120,CeraVe,2023-03-01,3.0,33,8,1,False,,,,,,0,0,0,0,0,0,0
5602,2029022120,CeraVe,2023-03-01,3.0,117,27,1,False,neutral,False,False,False,False,0,0,1,1,0,0,0
5603,2029022120,CeraVe,2023-02-01,3.0,112,27,1,False,neutral,False,False,False,False,0,0,0,1,0,0,1
5604,2029022120,CeraVe,2024-12-01,4.0,84,18,1,False,,,,,,0,0,0,0,0,0,0
5605,2029022120,CeraVe,2024-12-01,4.0,150,34,1,False,negative,True,False,True,True,0,0,0,0,1,0,0
5606,2029022120,CeraVe,2024-10-01,4.0,113,27,1,False,,,,,,0,0,0,0,0,0,0
5607,2029022120,CeraVe,2024-07-01,4.0,286,65,1,False,neutral,False,True,True,False,0,0,1,0,0,0,1
5608,2029022120,CeraVe,2024-07-01,4.0,219,51,1,False,positive,False,True,False,False,0,1,0,0,0,0,0
5609,2029022120,CeraVe,2024-06-01,4.0,192,43,1,False,neutral,False,True,True,False,0,0,1,0,0,0,0
5610,2029022120,CeraVe,2024-04-01,4.0,58,13,1,False,,,,,,0,0,0,0,0,0,0
5611,2029022120,CeraVe,2024-04-01,4.0,66,16,1,False,positive,False,True,False,False,0,0,1,0,0,0,0
5612,2029022120,CeraVe,2024-03-01,4.0,79,19,1,False,,,,,,0,0,0,0,0,0,0
5613,2029022120,CeraVe,2024-02-01,4.0,95,23,1,False,,,,,,0,0,0,0,0,0,0
5614,2029022120,CeraVe,2024-01-01,4.0,32,8,1,False,neutral,False,False,False,False,0,0,0,0,1,0,0
5615,2029022120,CeraVe,2023-12-01,4.0,67,11,1,False,positive,True,True,True,True,1,0,1,0,1,0,0
5616,2029022120,CeraVe,2023-11-01,4.0,208,46,1,False,positive,False,True,True,False,0,1,0,0,0,0,1
5617,2029022120,CeraVe,2023-11-01,4.0,154,34,1,False,neutral,False,False,False,False,0,0,1,0,0,0,0
5618,2029022120,CeraVe,2023-11-01,4.0,86,21,1,False,,,,,,0,0,0,0,0,0,0
5619,2029022120,CeraVe,2023-09-01,4.0,224,52,1,False,neutral,False,False,False,False,0,0,1,1,0,0,0
5620,2029022120,CeraVe,2023-09-01,4.0,98,23,1,False,positive,False,True,False,False,1,0,1,0,1,0,0
5621,2029022120,CeraVe,2023-07-01,4.0,76,17,1,False,neutral,False,False,False,False,0,0,0,1,1,0,0
5622,2029022120,CeraVe,2023-07-01,4.0,71,16,1,False,positive,False,True,False,False,0,0,1,0,0,0,0
5623,2029022120,CeraVe,2023-07-01,4.0,238,51,1,False,neutral,True,False,True,True,1,1,1,1,0,0,1
5624,2029022120,CeraVe,2023-06-01,4.0,231,54,1,False,neutral,True,False,True,True,0,0,1,0,0,0,1
5625,2029022120,CeraVe,2023-06-01,4.0,77,19,1,False,neutral,False,False,False,False,0,0,0,0,1,0,0
5626,2029022120,CeraVe,2023-06-01,4.0,57,14,1,False,neutral,False,False,False,False,0,0,0,0,0,0,1
5627,2029022120,CeraVe,2023-06-01,4.0,290,62,1,False,positive,True,True,True,True,1,0,1,1,1,0,1
5628,2029022120,CeraVe,2023-06-01,4.0,170,41,1,False,,,,,,0,0,0,0,0,0,0
5629,2029022120,CeraVe,2023-06-01,4.0,239,55,1,False,neutral,False,True,True,False,0,1,1,1,0,0,1
5630,2029022120,CeraVe,2023-06-01,4.0,50,12,1,False,,,,,,0,0,0,0,0,0,0
5631,2029022120,CeraVe,2023-06-01,4.0,70,15,1,False,,,,,,0,0,0,0,0,0,0
5632,2029022120,CeraVe,2023-05-01,4.0,72,18,1,False,positive,False,True,True,False,0,0,1,0,1,0,0
5633,2029022120,CeraVe,2023-05-01,4.0,106,23,1,False,neutral,False,False,False,False,0,0,0,0,1,0,1
5634,2029022120,CeraVe,2023-05-01,4.0,112,24,1,False,neutral,False,False,False,False,0,0,1,1,0,0,1
5635,2029022120,CeraVe,2023-04-01,4.0,125,29,1,False,positive,False,True,True,False,0,0,1,0,0,0,1
5636,2029022120,CeraVe,2023-04-01,4.0,138,33,1,False,positive,False,True,True,False,0,1,1,0,0,0,0
5637,2029022120,CeraVe,2023-03-01,4.0,83,18,1,False,positive,False,True,False,False,0,1,1,0,0,0,0
5638,2029022120,CeraVe,2023-03-01,4.0,177,40,1,False,negative,True,False,True,True,0,0,1,0,0,0,1
5639,2029022120,CeraVe,2023-03-01,4.0,164,44,1,False,negative,True,False,False,True,0,0,1,0,0,0,0
5640,2029022120,CeraVe,2023-02-01,4.0,265,60,1,False,neutral,False,False,False,False,0,0,0,1,0,0,0
5641,2029022120,CeraVe,2023-02-01,4.0,64,17,1,False,neutral,False,False,False,False,0,0,1,0,0,0,0
5642,2029022120,CeraVe,2023-02-01,4.0,486,116,1,False,neutral,False,True,True,False,0,1,1,0,1,0,0
5643,2029022120,CeraVe,2026-04-01,5.0,204,45,1,False,,,,,,0,0,0,0,0,0,0
5644,2029022120,CeraVe,2026-04-01,5.0,147,34,1,False,positive,False,True,False,False,1,1,0,0,0,0,0
5645,2029022120,CeraVe,2026-04-01,5.0,172,38,1,False,,,,,,0,0,0,0,0,0,0
5646,2029022120,CeraVe,2026-04-01,5.0,172,37,1,False,neutral,False,False,False,False,1,0,0,0,0,0,0
5647,2029022120,CeraVe,2026-04-01,5.0,77,18,1,False,positive,False,True,False,False,1,1,0,0,0,0,0
5648,2029022120,CeraVe,2026-04-01,5.0,126,31,1,False,positive,False,True,False,False,1,1,0,0,0,0,0
5649,2029022120,CeraVe,2026-04-01,5.0,118,27,1,False,,,,,,0,0,0,0,0,0,0
5650,2029022120,CeraVe,2026-04-01,5.0,98,23,1,False,positive,False,True,False,False,1,1,0,0,0,0,0
5651,2029022120,CeraVe,2026-04-01,5.0,205,46,1,False,neutral,False,False,False,False,1,0,0,0,0,0,0
5652,2029022120,CeraVe,2026-04-01,5.0,72,16,1,False,,,,,,0,0,0,0,0,0,0
5653,2029022120,CeraVe,2026-04-01,5.0,97,22,1,False,,,,,,0,0,0,0,0,0,0
5654,2029022120,CeraVe,2026-04-01,5.0,47,11,1,False,,,,,,0,0,0,0,0,0,0
5655,2029022120,CeraVe,2026-04-01,5.0,131,25,1,False,,,,,,0,0,0,0,0,0,0
5656,2029022120,CeraVe,2026-04-01,5.0,78,17,1,False,,,,,,0,0,0,0,0,0,0
5657,2029022120,CeraVe,2026-04-01,5.0,18,5,2,False,,,,,,0,0,0,0,0,0,0
5658,2029022120,CeraVe,2026-04-01,5.0,71,16,1,False,positive,False,True,True,False,0,0,1,1,0,0,0
5659,2029022120,CeraVe,2026-04-01,5.0,106,23,1,False,,,,,,0,0,0,0,0,0,0
5660,2029022120,CeraVe,2026-04-01,5.0,224,51,1,False,positive,False,True,True,False,1,1,0,0,0,0,0
5661,2029022120,CeraVe,2026-04-01,5.0,86,20,1,False,positive,False,True,False,False,1,1,0,0,0,0,0
5662,2029022120,CeraVe,2026-04-01,5.0,190,40,1,False,neutral,False,False,False,False,0,1,0,0,0,0,0
5663,2029022120,CeraVe,2026-04-01,5.0,181,40,1,False,positive,False,True,False,False,1,1,0,0,0,0,0
5664,2029022120,CeraVe,2026-03-01,5.0,127,28,1,False,positive,False,True,False,False,1,1,1,0,0,0,1
5665,2029022120,CeraVe,2026-03-01,5.0,70,16,1,False,,,,,,0,0,0,0,0,0,0
5666,2029022120,CeraVe,2026-03-01,5.0,142,32,1,False,,,,,,0,0,0,0,0,0,0
5667,2029022120,CeraVe,2026-03-01,5.0,97,23,1,False,,,,,,0,0,0,0,0,0,0
5668,2029022120,CeraVe,2026-03-01,5.0,107,23,1,False,positive,False,True,False,False,0,1,0,0,0,1,0
5669,2029022120,CeraVe,2026-03-01,5.0,179,43,1,False,positive,False,True,False,False,1,1,0,0,0,0,0
5670,2029022120,CeraVe,2026-03-01,5.0,88,20,1,False,,,,,,0,0,0,0,0,0,0
5671,2029022120,CeraVe,2026-03-01,5.0,103,24,1,False,,,,,,0,0,0,0,0,0,0
5672,2029022120,CeraVe,2026-03-01,5.0,104,23,1,False,,,,,,0,0,0,0,0,0,0
5673,2029022120,CeraVe,2026-03-01,5.0,128,29,1,False,neutral,False,True,True,False,0,0,0,1,0,0,1
5674,2029022120,CeraVe,2026-03-01,5.0,123,27,1,False,,,,,,0,0,0,0,0,0,0
5675,2029022120,CeraVe,2026-03-01,5.0,159,35,1,False,neutral,False,True,True,False,1,0,0,0,0,1,0
5676,2029022120,CeraVe,2026-03-01,5.0,100,23,1,False,positive,False,True,False,False,0,1,1,0,0,0,1
5677,2029022120,CeraVe,2026-03-01,5.0,240,52,1,False,neutral,False,False,False,False,1,0,0,0,0,0,0
5678,2029022120,CeraVe,2026-03-01,5.0,131,29,1,False,,,,,,0,0,0,0,0,0,0
5679,2029022120,CeraVe,2026-03-01,5.0,203,46,1,False,neutral,False,True,True,False,1,0,1,1,0,0,0
5680,2029022120,CeraVe,2026-03-01,5.0,93,20,1,False,neutral,False,False,False,False,1,0,0,0,0,0,0
5681,2029022120,CeraVe,2026-03-01,5.0,74,17,1,False,,,,,,0,0,0,0,0,0,0
5682,2029022120,CeraVe,2026-03-01,5.0,58,12,1,False,,,,,,0,0,0,0,0,0,0
5683,2029022120,CeraVe,2026-03-01,5.0,180,43,1,False,positive,False,True,False,False,1,1,0,0,0,0,0
5684,2029022120,CeraVe,2026-03-01,5.0,121,26,1,False,neutral,False,False,False,False,1,0,0,0,0,0,0
5685,2029022120,CeraVe,2026-03-01,5.0,153,33,1,False,neutral,False,False,False,False,1,0,0,0,0,0,0
5686,2029022120,CeraVe,2026-03-01,5.0,124,28,1,False,,,,,,0,0,0,0,0,0,0
5687,2029022120,CeraVe,2026-03-01,5.0,68,15,1,False,,,,,,0,0,0,0,0,0,0
5688,2029022120,CeraVe,2026-03-01,5.0,105,24,1,False,neutral,False,False,False,False,0,1,0,0,0,0,0
5689,2029022120,CeraVe,2026-03-01,5.0,115,26,1,False,neutral,False,False,False,False,0,0,1,1,0,0,0
5690,2029022120,CeraVe,2026-03-01,5.0,274,58,1,False,neutral,False,False,False,False,1,0,0,0,0,0,0
5691,2029022120,CeraVe,2026-03-01,5.0,102,22,1,False,,,,,,0,0,0,0,0,0,0
5692,2029022120,CeraVe,2026-03-01,5.0,161,36,1,False,neutral,False,False,False,False,1,0,0,0,0,0,0
5693,2029022120,CeraVe,2026-03-01,5.0,87,19,1,False,,,,,,0,0,0,0,0,0,0
5694,2029022120,CeraVe,2026-03-01,5.0,70,16,1,False,,,,,,0,0,0,0,0,0,0
5695,2029022120,CeraVe,2026-03-01,5.0,151,33,1,False,neutral,False,True,True,False,0,1,0,1,0,1,1
5696,2029022120,CeraVe,2026-03-01,5.0,64,14,1,False,,,,,,0,0,0,0,0,0,0
5697,2029022120,CeraVe,2026-03-01,5.0,173,37,1,False,neutral,False,True,True,False,0,0,1,1,0,0,0
5698,2029022120,CeraVe,2026-03-01,5.0,139,32,1,False,,,,,,0,0,0,0,0,0,0
5699,2029022120,CeraVe,2026-03-01,5.0,156,35,1,False,positive,False,True,False,False,1,1,0,0,0,0,0
5700,2029022120,CeraVe,2026-03-01,5.0,141,31,1,False,,,,,,0,0,0,0,0,0,0
5701,2029022120,CeraVe,2026-03-01,5.0,114,26,1,False,positive,False,True,True,False,1,1,0,0,0,1,0
5702,2029022120,CeraVe,2026-03-01,5.0,116,28,1,False,neutral,False,False,False,False,1,1,0,0,0,0,0
5703,2029022120,CeraVe,2026-03-01,5.0,108,23,1,False,,,,,,0,0,0,0,0,0,0
5704,2029022120,CeraVe,2026-03-01,5.0,155,35,1,False,,,,,,0,0,0,0,0,0,0
5705,2029022120,CeraVe,2026-03-01,5.0,121,28,1,False,neutral,False,False,False,False,1,0,0,0,0,0,0
5706,2029022120,CeraVe,2026-03-01,5.0,128,28,1,False,,,,,,0,0,0,0,0,0,0
5707,2029022120,CeraVe,2026-03-01,5.0,78,16,1,False,,,,,,0,0,0,0,0,0,0
5708,2029022120,CeraVe,2026-03-01,5.0,111,25,1,False,positive,False,True,True,False,1,1,0,1,1,0,0
5709,2029022120,CeraVe,2026-03-01,5.0,148,33,1,False,,,,,,0,0,0,0,0,0,0
5710,2029022120,CeraVe,2026-03-01,5.0,224,52,1,False,,,,,,0,0,0,0,0,0,0
5711,2029022120,CeraVe,2026-02-01,5.0,101,24,1,False,positive,False,True,False,False,1,1,0,0,0,0,0
5712,2029022120,CeraVe,2026-02-01,5.0,121,27,1,False,neutral,False,False,False,False,1,0,0,0,0,0,0
5713,2029022120,CeraVe,2026-02-01,5.0,191,43,1,False,neutral,False,False,False,False,1,0,0,0,0,0,0
5714,2029022120,CeraVe,2026-02-01,5.0,252,56,1,False,,,,,,0,0,0,0,0,0,0
5715,2029022120,CeraVe,2026-02-01,5.0,138,32,1,False,positive,False,True,True,False,1,1,0,0,1,0,0
5716,2029022120,CeraVe,2026-02-01,5.0,150,33,1,False,positive,False,True,False,False,1,1,0,0,0,0,0
5717,2029022120,CeraVe,2026-02-01,5.0,152,35,1,False,positive,False,True,True,False,1,1,0,0,0,1,0
5718,2029022120,CeraVe,2026-02-01,5.0,98,22,1,False,,,,,,0,0,0,0,0,0,0
5719,2029022120,CeraVe,2026-02-01,5.0,41,9,1,False,neutral,False,False,False,False,0,0,1,1,0,0,1
5720,2029022120,CeraVe,2026-02-01,5.0,82,19,1,False,,,,,,0,0,0,0,0,0,0
5721,2029022120,CeraVe,2026-02-01,5.0,92,23,1,False,positive,False,True,False,False,1,1,0,0,0,0,0
5722,2029022120,CeraVe,2026-01-01,5.0,78,17,1,False,,,,,,0,0,0,0,0,0,0
5723,2029022120,CeraVe,2026-01-01,5.0,113,25,1,False,,,,,,0,0,0,0,0,0,0
5724,2029022120,CeraVe,2026-01-01,5.0,156,33,1,False,positive,False,True,False,False,1,1,0,0,0,1,0
5725,2029022120,CeraVe,2026-01-01,5.0,83,17,1,False,positive,False,True,True,False,1,0,0,0,0,1,0
5726,2029022120,CeraVe,2025-12-01,5.0,66,15,1,False,neutral,False,False,False,False,0,0,0,0,0,0,1
5727,2029022120,CeraVe,2025-12-01,5.0,56,13,1,False,,,,,,0,0,0,0,0,0,0
5728,2029022120,CeraVe,2025-12-01,5.0,106,25,1,False,,,,,,0,0,0,0,0,0,0
5729,2029022120,CeraVe,2025-12-01,5.0,168,39,1,False,,,,,,0,0,0,0,0,0,0
5730,2029022120,CeraVe,2025-12-01,5.0,297,67,1,False,positive,False,True,False,False,1,1,0,0,0,0,0
5731,2029022120,CeraVe,2025-11-01,5.0,97,21,2,False,positive,False,True,True,False,0,0,1,1,0,0,0
5732,2029022120,CeraVe,2025-11-01,5.0,132,31,1,False,positive,False,True,False,False,0,1,1,0,0,0,0
5733,2029022120,CeraVe,2025-11-01,5.0,18,5,2,False,,,,,,0,0,0,0,0,0,0
5734,2029022120,CeraVe,2025-11-01,5.0,32,8,1,False,,,,,,0,0,0,0,0,0,0
5735,2029022120,CeraVe,2025-11-01,5.0,114,24,1,False,positive,False,True,True,False,1,1,0,1,0,1,0
5736,2028836862,CeraVe,2026-04-01,1.0,480,115,3,False,neutral,True,False,True,False,0,1,0,0,0,0,1
5737,2028836862,CeraVe,2025-04-01,1.0,176,42,1,False,negative,True,False,False,False,1,0,0,0,0,0,1
5738,2028836862,CeraVe,2024-12-01,1.0,582,137,1,False,neutral,False,False,False,False,0,0,1,0,0,0,1
5739,2028836862,CeraVe,2024-11-01,1.0,95,20,1,False,,,,,,0,0,0,0,0,0,0
5740,2028836862,CeraVe,2024-10-01,1.0,41,10,1,False,neutral,False,False,False,False,0,0,1,0,0,0,1
5741,2028836862,CeraVe,2024-08-01,1.0,96,22,1,False,neutral,False,False,False,False,0,0,0,0,0,0,1
5742,2028836862,CeraVe,2024-07-01,1.0,227,51,1,False,neutral,False,False,False,False,0,0,1,0,1,0,1
5743,2028836862,CeraVe,2024-03-01,1.0,11,3,1,False,,,,,,0,0,0,0,0,0,0
5744,2028836862,CeraVe,2024-02-01,1.0,268,61,1,False,neutral,False,False,False,False,0,0,0,0,0,0,1
5745,2028836862,CeraVe,2023-12-01,1.0,28,6,1,False,,,,,,0,0,0,0,0,0,0
5746,2028836862,CeraVe,2023-09-01,1.0,86,20,1,False,neutral,False,False,False,False,0,0,0,0,0,0,1
5747,2028836862,CeraVe,2023-08-01,1.0,64,15,1,False,,,,,,0,0,0,0,0,0,0
5748,2028836862,CeraVe,2023-08-01,1.0,178,39,1,False,,,,,,0,0,0,0,0,0,0
5749,2028836862,CeraVe,2023-05-01,1.0,78,18,1,False,positive,True,True,True,False,0,0,1,0,0,0,0
5750,2028836862,CeraVe,2023-05-01,1.0,29,6,1,False,neutral,False,False,False,False,0,0,1,0,0,0,0
5751,2028836862,CeraVe,2023-03-01,1.0,95,22,1,False,neutral,False,False,False,False,0,0,1,0,0,0,1
5752,2028836862,CeraVe,2023-02-01,1.0,47,11,1,False,,,,,,0,0,0,0,0,0,0
5753,2028836862,CeraVe,2022-12-01,1.0,392,97,1,False,neutral,False,True,True,False,0,0,1,1,0,0,1
5754,2028836862,CeraVe,2022-11-01,1.0,91,21,1,False,,,,,,0,0,0,0,0,0,0
5755,2028836862,CeraVe,2022-11-01,1.0,30,6,1,False,,,,,,0,0,0,0,0,0,0
5756,2028836862,CeraVe,2022-10-01,1.0,238,52,1,False,neutral,False,False,False,False,0,0,0,0,0,0,1
5757,2028836862,CeraVe,2022-10-01,1.0,243,58,1,False,neutral,False,False,False,False,0,0,0,0,0,0,1
5758,2028836862,CeraVe,2022-10-01,1.0,88,22,1,False,,,,,,0,0,0,0,0,0,0
5759,2028836862,CeraVe,2025-04-01,2.0,113,26,1,False,negative,True,False,False,False,0,0,0,0,0,0,1
5760,2028836862,CeraVe,2025-02-01,2.0,473,115,1,False,neutral,False,True,True,False,0,1,1,0,0,0,0
5761,2028836862,CeraVe,2023-10-01,2.0,153,38,1,False,,,,,,0,0,0,0,0,0,0
5762,2028836862,CeraVe,2023-09-01,2.0,690,159,1,False,neutral,False,False,False,False,0,1,0,1,0,0,1
5763,2028836862,CeraVe,2023-08-01,2.0,499,130,1,False,neutral,False,False,False,False,0,0,1,0,0,0,0
5764,2028836862,CeraVe,2023-06-01,2.0,132,29,1,False,negative,True,False,False,False,1,0,0,0,0,0,0
5765,2028836862,CeraVe,2023-06-01,2.0,116,27,1,False,,,,,,0,0,0,0,0,0,0
5766,2028836862,CeraVe,2023-05-01,2.0,160,41,1,False,neutral,False,False,False,False,0,0,0,0,0,0,1
5767,2028836862,CeraVe,2023-05-01,2.0,38,8,1,False,,,,,,0,0,0,0,0,0,0
5768,2028836862,CeraVe,2023-03-01,2.0,214,50,1,False,neutral,False,False,False,False,0,1,1,0,0,0,1
5769,2028836862,CeraVe,2023-03-01,2.0,71,17,1,False,positive,False,True,False,False,0,0,1,0,0,0,1
5770,2028836862,CeraVe,2024-06-01,3.0,221,56,1,False,neutral,False,False,False,False,0,0,1,0,1,0,0
5771,2028836862,CeraVe,2024-01-01,3.0,296,68,1,False,,,,,,0,0,0,0,0,0,0
5772,2028836862,CeraVe,2023-11-01,3.0,209,45,1,False,,,,,,0,0,0,0,0,0,0
5773,2028836862,CeraVe,2023-11-01,3.0,89,22,1,False,neutral,True,False,True,False,0,0,1,0,0,0,0
5774,2028836862,CeraVe,2023-11-01,3.0,173,36,1,False,neutral,False,False,False,False,0,1,0,0,0,0,0
5775,2028836862,CeraVe,2023-10-01,3.0,43,11,1,False,neutral,False,False,False,False,0,0,0,1,0,0,1
5776,2028836862,CeraVe,2023-09-01,3.0,144,33,1,False,neutral,True,False,True,False,1,1,0,0,0,0,0
5777,2028836862,CeraVe,2023-09-01,3.0,53,13,1,False,,,,,,0,0,0,0,0,0,0
5778,2028836862,CeraVe,2023-08-01,3.0,87,21,2,False,,,,,,0,0,0,0,0,0,0
5779,2028836862,CeraVe,2023-07-01,3.0,281,63,1,False,neutral,False,False,False,False,0,0,0,0,0,0,1
5780,2028836862,CeraVe,2023-06-01,3.0,124,27,1,False,neutral,False,False,False,False,1,1,0,1,0,0,0
5781,2028836862,CeraVe,2023-06-01,3.0,140,30,1,False,,,,,,0,0,0,0,0,0,0
5782,2028836862,CeraVe,2023-06-01,3.0,33,8,1,False,negative,True,False,False,False,0,0,1,0,0,0,0
5783,2028836862,CeraVe,2023-05-01,3.0,162,37,1,False,neutral,False,False,False,False,0,0,0,0,0,0,1
5784,2028836862,CeraVe,2023-03-01,3.0,83,20,1,False,positive,False,True,False,False,0,0,1,0,0,0,0
5785,2028836862,CeraVe,2023-03-01,3.0,61,14,1,False,,,,,,0,0,0,0,0,0,0
5786,2028836862,CeraVe,2023-02-01,3.0,185,43,1,False,neutral,False,False,False,False,0,0,0,1,0,0,0
5787,2028836862,CeraVe,2023-01-01,3.0,70,17,1,False,positive,False,True,False,False,0,0,1,0,0,0,0
5788,2028836862,CeraVe,2022-12-01,3.0,108,29,1,False,,,,,,0,0,0,0,0,0,0
5789,2028836862,CeraVe,2025-06-01,4.0,59,13,1,False,,,,,,0,0,0,0,0,0,0
5790,2028836862,CeraVe,2024-11-01,4.0,171,39,1,False,neutral,False,True,True,False,1,0,0,0,0,0,1
5791,2028836862,CeraVe,2024-10-01,4.0,104,23,1,False,positive,False,True,False,False,1,0,0,0,0,0,0
5792,2028836862,CeraVe,2024-07-01,4.0,92,23,1,False,,,,,,0,0,0,0,0,0,0
5793,2028836862,CeraVe,2024-06-01,4.0,65,15,1,False,,,,,,0,0,0,0,0,0,0
5794,2028836862,CeraVe,2024-06-01,4.0,22,5,1,False,,,,,,0,0,0,0,0,0,0
5795,2028836862,CeraVe,2024-05-01,4.0,68,16,1,False,positive,False,True,True,False,1,1,0,0,0,0,0
5796,2028836862,CeraVe,2023-12-01,4.0,86,22,1,False,,,,,,0,0,0,0,0,0,0
5797,2028836862,CeraVe,2023-11-01,4.0,312,72,1,False,positive,False,True,False,False,0,1,1,1,0,0,0
5798,2028836862,CeraVe,2023-10-01,4.0,125,26,1,False,neutral,False,False,False,False,0,0,0,1,0,0,1
5799,2028836862,CeraVe,2023-10-01,4.0,121,27,1,False,positive,False,True,False,False,1,1,0,0,0,0,0
5800,2028836862,CeraVe,2023-08-01,4.0,106,23,1,False,neutral,False,True,True,False,0,0,1,1,0,0,0
5801,2028836862,CeraVe,2023-08-01,4.0,63,16,1,False,,,,,,0,0,0,0,0,0,0
5802,2028836862,CeraVe,2023-08-01,4.0,135,33,1,False,positive,False,True,False,False,0,1,0,0,0,0,0
5803,2028836862,CeraVe,2023-08-01,4.0,67,16,1,False,,,,,,0,0,0,0,0,0,0
5804,2028836862,CeraVe,2023-06-01,4.0,103,23,1,False,,,,,,0,0,0,0,0,0,0
5805,2028836862,CeraVe,2023-06-01,4.0,68,16,1,False,,,,,,0,0,0,0,0,0,0
5806,2028836862,CeraVe,2023-05-01,4.0,116,27,1,False,neutral,False,False,False,False,0,0,0,1,0,0,0
5807,2028836862,CeraVe,2023-04-01,4.0,122,29,1,False,positive,False,True,False,False,0,0,1,0,0,0,0
5808,2028836862,CeraVe,2023-03-01,4.0,66,16,1,False,,,,,,0,0,0,0,0,0,0
5809,2028836862,CeraVe,2023-03-01,4.0,29,8,1,False,,,,,,0,0,0,0,0,0,0
5810,2028836862,CeraVe,2022-12-01,4.0,53,10,1,False,neutral,False,False,False,False,0,0,1,1,0,0,0
5811,2028836862,CeraVe,2022-11-01,4.0,6,2,1,True,,,,,,0,0,0,0,0,0,0
5812,2028836862,CeraVe,2022-11-01,4.0,132,31,1,False,neutral,False,False,False,False,0,0,0,0,0,0,1
5813,2028836862,CeraVe,2026-04-01,5.0,83,19,1,False,neutral,False,False,False,False,1,0,0,0,0,0,0
5814,2028836862,CeraVe,2026-04-01,5.0,112,26,1,False,neutral,False,True,True,False,1,1,0,0,0,0,0
5815,2028836862,CeraVe,2026-04-01,5.0,36,8,2,False,,,,,,0,0,0,0,0,0,0
5816,2028836862,CeraVe,2026-04-01,5.0,36,9,1,False,neutral,False,False,False,False,0,1,0,0,0,0,0
5817,2028836862,CeraVe,2026-04-01,5.0,164,36,1,False,neutral,False,False,False,False,0,1,0,0,0,0,0
5818,2028836862,CeraVe,2026-03-01,5.0,66,15,1,False,,,,,,0,0,0,0,0,0,0
5819,2028836862,CeraVe,2026-03-01,5.0,138,31,1,False,neutral,False,True,True,False,1,1,0,0,0,0,0
5820,2028836862,CeraVe,2026-03-01,5.0,69,16,1,False,neutral,False,True,True,False,1,0,0,0,0,0,0
5821,2028836862,CeraVe,2026-03-01,5.0,177,40,1,False,positive,False,True,True,False,1,0,0,0,0,0,0
5822,2028836862,CeraVe,2026-03-01,5.0,101,24,1,False,neutral,False,True,True,False,1,0,0,0,0,0,0
5823,2028836862,CeraVe,2026-03-01,5.0,305,71,1,False,neutral,False,True,True,False,1,1,0,1,0,0,0
5824,2028836862,CeraVe,2026-03-01,5.0,126,29,1,False,positive,False,True,False,False,1,0,0,0,0,0,0
5825,2028836862,CeraVe,2026-03-01,5.0,87,18,1,False,,,,,,0,0,0,0,0,0,0
5826,2028836862,CeraVe,2026-03-01,5.0,15,4,1,False,positive,False,True,False,False,1,0,0,0,0,0,0
5827,2028836862,CeraVe,2026-02-01,5.0,141,30,1,False,neutral,False,False,False,False,1,0,0,0,0,0,0
5828,2028836862,CeraVe,2026-01-01,5.0,61,13,1,False,positive,False,True,False,False,1,1,0,0,0,1,0
5829,2028836862,CeraVe,2025-12-01,5.0,114,26,1,False,positive,False,True,True,False,1,1,0,0,0,0,0
5830,2028836862,CeraVe,2025-12-01,5.0,64,16,1,False,positive,False,True,False,False,1,0,0,0,0,0,0
5831,2028836862,CeraVe,2025-12-01,5.0,79,19,1,False,neutral,False,False,False,False,1,1,0,0,0,0,0
5832,2028836862,CeraVe,2025-11-01,5.0,163,35,1,False,neutral,False,True,True,False,1,1,0,0,0,1,0
5833,2028836862,CeraVe,2025-11-01,5.0,107,24,1,False,positive,False,True,False,False,1,0,0,0,0,0,0
5834,2028836862,CeraVe,2025-11-01,5.0,67,16,1,False,positive,False,True,True,False,1,1,0,0,0,0,0
5835,2028836862,CeraVe,2025-11-01,5.0,148,34,1,False,positive,False,True,True,False,1,1,0,0,0,0,0
5836,2028836862,CeraVe,2025-11-01,5.0,17,5,1,False,,,,,,0,0,0,0,0,0,0
5837,2028836862,CeraVe,2025-10-01,5.0,81,18,1,False,,,,,,0,0,0,0,0,0,0
5838,2028836862,CeraVe,2025-10-01,5.0,112,25,1,False,positive,False,True,False,False,1,0,0,0,0,0,0
5839,2028836862,CeraVe,2025-10-01,5.0,31,7,1,False,positive,False,True,False,False,1,0,0,0,0,0,0
5840,2028836862,CeraVe,2025-10-01,5.0,108,24,1,False,positive,False,True,True,False,1,0,1,1,0,0,0
5841,2028836862,CeraVe,2025-10-01,5.0,93,22,1,False,positive,False,True,True,False,1,0,0,0,1,0,0
5842,2028836862,CeraVe,2025-09-01,5.0,94,21,1,False,positive,False,True,True,False,0,0,1,1,0,0,1
5843,2028836862,CeraVe,2025-09-01,5.0,105,25,1,False,,,,,,0,0,0,0,0,0,0
5844,2028836862,CeraVe,2025-08-01,5.0,98,22,1,False,neutral,False,False,False,False,0,1,0,0,0,0,0
5845,2028836862,CeraVe,2025-08-01,5.0,93,19,1,False,positive,False,True,True,False,1,0,0,1,0,0,0
5846,2028836862,CeraVe,2025-08-01,5.0,92,21,1,False,positive,False,True,False,False,1,0,0,0,0,0,0
5847,2028836862,CeraVe,2025-08-01,5.0,69,14,1,False,,,,,,0,0,0,0,0,0,0
5848,2028836862,CeraVe,2025-08-01,5.0,132,26,1,False,positive,False,True,False,False,1,0,0,0,0,1,0
5849,2028836862,CeraVe,2025-07-01,5.0,75,17,1,False,,,,,,0,0,0,0,0,0,0
5850,2028836862,CeraVe,2025-07-01,5.0,21,5,1,False,,,,,,0,0,0,0,0,0,0
5851,2028836862,CeraVe,2025-07-01,5.0,65,15,1,False,,,,,,0,0,0,0,0,0,0
5852,2028836862,CeraVe,2025-07-01,5.0,69,15,1,False,positive,False,True,False,False,1,0,0,0,0,0,0
5853,2028836862,CeraVe,2025-07-01,5.0,98,21,1,False,neutral,False,False,False,False,1,0,0,0,0,0,0
5854,2028836862,CeraVe,2025-07-01,5.0,105,24,1,False,neutral,False,False,False,False,1,1,0,0,0,0,0
5855,2028836862,CeraVe,2025-07-01,5.0,239,57,1,False,positive,False,True,True,False,1,1,0,0,0,0,0
5856,2028836862,CeraVe,2025-07-01,5.0,135,31,1,False,positive,False,True,False,False,1,0,0,0,0,0,0
5857,2028836862,CeraVe,2025-07-01,5.0,63,14,1,False,positive,False,True,True,False,0,1,1,1,0,0,0
5858,2028836862,CeraVe,2025-07-01,5.0,102,24,1,False,positive,False,True,False,False,1,0,0,0,0,0,0
5859,2028836862,CeraVe,2025-07-01,5.0,89,21,1,False,neutral,False,False,False,False,1,0,0,0,0,0,0
5860,2028836862,CeraVe,2025-06-01,5.0,119,26,1,False,positive,False,True,False,False,1,0,0,0,0,0,0
5861,2028836862,CeraVe,2025-06-01,5.0,65,16,1,False,positive,False,True,False,False,1,0,0,0,0,0,0
5862,2028836862,CeraVe,2025-06-01,5.0,150,36,1,False,positive,False,True,True,False,1,1,0,0,0,0,0
5863,2028836862,CeraVe,2025-06-01,5.0,81,15,1,False,positive,False,True,False,False,1,1,0,0,0,1,0
5864,2028836862,CeraVe,2025-06-01,5.0,121,29,1,False,positive,False,True,False,False,1,0,0,0,0,0,0
5865,2028836862,CeraVe,2025-06-01,5.0,117,26,1,False,neutral,False,False,False,False,0,1,0,0,0,0,0
5866,2028836862,CeraVe,2025-06-01,5.0,72,16,1,False,neutral,False,False,False,False,1,1,0,0,0,0,0
5867,2028836862,CeraVe,2025-05-01,5.0,253,59,1,False,neutral,False,True,True,False,0,0,0,1,1,0,0
5868,2028836862,CeraVe,2025-05-01,5.0,125,27,1,False,neutral,False,False,False,False,1,0,0,0,0,0,0
5869,2028836862,CeraVe,2025-05-01,5.0,15,3,2,False,,,,,,0,0,0,0,0,0,0
5870,2028836862,CeraVe,2025-05-01,5.0,146,34,1,False,,,,,,0,0,0,0,0,0,0
5871,2028836862,CeraVe,2025-05-01,5.0,191,46,1,False,positive,False,True,True,False,1,0,0,0,0,0,0
5872,2028836862,CeraVe,2025-05-01,5.0,97,21,2,False,positive,False,True,True,False,0,0,1,1,0,0,0
5873,2028836862,CeraVe,2025-05-01,5.0,69,17,1,False,neutral,False,True,True,False,1,1,0,0,0,0,0
5874,2028836862,CeraVe,2025-04-01,5.0,144,33,1,False,positive,False,True,True,False,0,1,0,1,0,0,1
5875,2028836862,CeraVe,2025-04-01,5.0,102,23,1,False,positive,False,True,True,False,1,0,0,0,0,0,0
5876,2028836862,CeraVe,2025-04-01,5.0,85,19,1,False,positive,False,True,False,False,1,0,0,0,0,0,0
5877,2028836862,CeraVe,2025-04-01,5.0,180,42,1,False,neutral,False,False,False,False,1,1,0,0,0,0,0
5878,2028836862,CeraVe,2025-04-01,5.0,67,14,1,False,neutral,False,True,True,False,0,0,1,1,0,0,0
5879,2028836862,CeraVe,2025-04-01,5.0,102,23,1,False,positive,False,True,False,False,1,0,0,0,0,0,0
5880,2028836862,CeraVe,2025-04-01,5.0,111,25,1,False,positive,False,True,False,False,1,0,0,0,0,0,0
5881,2028836862,CeraVe,2025-04-01,5.0,196,46,1,False,positive,False,True,True,False,1,0,0,0,0,0,0
5882,2028836862,CeraVe,2025-04-01,5.0,112,26,1,False,positive,False,True,True,False,1,0,0,0,0,0,0
5883,2028836862,CeraVe,2025-04-01,5.0,124,28,1,False,,,,,,0,0,0,0,0,0,0
5884,2028836862,CeraVe,2025-04-01,5.0,94,21,1,False,,,,,,0,0,0,0,0,0,0
5885,2028836862,CeraVe,2025-04-01,5.0,210,50,1,False,neutral,False,False,False,False,1,0,0,0,0,0,0
5886,2028836862,CeraVe,2025-03-01,5.0,84,20,1,False,positive,False,True,False,False,1,0,0,0,0,0,0
5887,2028836862,CeraVe,2025-03-01,5.0,75,14,1,False,positive,False,True,False,False,1,1,0,0,0,1,0
5888,2028836862,CeraVe,2025-03-01,5.0,86,21,1,False,neutral,False,False,False,False,1,1,0,0,0,0,0
5889,2028836862,CeraVe,2025-03-01,5.0,69,15,1,False,neutral,False,False,False,False,1,0,0,0,0,0,0
5890,2028836862,CeraVe,2025-03-01,5.0,108,28,1,False,neutral,False,True,True,False,0,1,0,0,0,0,0
5891,2028836862,CeraVe,2025-03-01,5.0,168,41,1,False,positive,False,True,False,False,1,0,0,0,0,0,0
5892,2028836862,CeraVe,2025-03-01,5.0,138,31,1,False,positive,False,True,False,False,1,0,0,0,0,0,0
5893,2028836862,CeraVe,2025-03-01,5.0,142,32,1,False,positive,False,True,False,False,1,0,0,0,0,0,0
5894,2028836862,CeraVe,2025-03-01,5.0,89,21,1,False,positive,False,True,False,False,1,0,0,0,0,0,0
5895,2028836862,CeraVe,2025-03-01,5.0,191,43,1,False,neutral,False,False,False,False,0,1,0,0,0,0,0
5896,2028836862,CeraVe,2025-03-01,5.0,98,22,1,False,neutral,False,False,False,False,0,1,0,0,0,0,0
5897,2028836862,CeraVe,2025-03-01,5.0,124,28,1,False,positive,False,True,False,False,1,0,0,0,0,0,0
5898,2028836862,CeraVe,2025-03-01,5.0,120,30,1,False,positive,False,True,False,False,1,0,0,0,0,0,0
5899,2028836862,CeraVe,2025-03-01,5.0,77,19,1,False,,,,,,0,0,0,0,0,0,0
5900,2028836862,CeraVe,2025-03-01,5.0,112,27,1,False,neutral,False,False,False,False,1,0,0,0,0,0,0
5901,2028836862,CeraVe,2025-03-01,5.0,118,26,1,False,neutral,False,False,False,False,0,1,0,0,0,0,0
5902,2028836862,CeraVe,2025-03-01,5.0,139,31,1,False,neutral,False,False,False,False,1,0,0,0,0,0,0
5903,3080296662,CeraVe,2025-12-01,5.0,201,43,1,False,neutral,False,True,True,False,0,1,0,0,0,0,1
5904,3080296662,CeraVe,2025-07-01,5.0,62,12,1,False,neutral,False,False,False,False,0,0,0,0,0,1,0
5905,3080296662,CeraVe,2025-06-01,5.0,116,28,1,False,positive,False,True,False,False,0,1,1,0,0,0,0
5906,3080296662,CeraVe,2025-05-01,5.0,206,46,1,False,neutral,False,False,False,False,1,0,0,0,0,0,0
5907,3085554774,CeraVe,2026-04-01,5.0,136,29,1,False,neutral,False,False,False,False,0,0,1,1,0,0,1
5908,3085554774,CeraVe,2026-04-01,5.0,72,17,1,False,positive,False,True,False,False,0,1,1,0,0,0,0
5909,3085554774,CeraVe,2026-04-01,5.0,138,26,1,False,positive,False,True,True,False,1,0,0,0,0,0,0
5910,3085554774,CeraVe,2026-03-01,5.0,104,22,1,False,positive,False,True,False,False,1,0,0,0,0,0,0
5911,3085554774,CeraVe,2026-03-01,5.0,210,46,1,False,positive,False,True,True,False,1,0,1,0,0,0,0
5912,3085554774,CeraVe,2026-03-01,5.0,107,20,1,False,,,,,,0,0,0,0,0,0,0
5913,3085554774,CeraVe,2026-03-01,5.0,109,27,1,False,positive,False,True,False,False,0,0,1,0,0,0,0
5914,3085554774,CeraVe,2026-03-01,5.0,133,26,1,False,positive,False,True,False,False,1,0,0,0,0,0,0
5915,3085554774,CeraVe,2026-03-01,5.0,101,19,1,False,positive,False,True,False,False,1,0,0,0,0,0,0
5916,3085554774,CeraVe,2026-03-01,5.0,75,18,1,False,positive,False,True,False,False,0,1,0,0,0,0,0
5917,3085554774,CeraVe,2026-03-01,5.0,167,38,1,False,positive,False,True,False,False,0,1,0,0,0,0,0
5918,3085554774,CeraVe,2026-03-01,5.0,71,13,1,False,,,,,,0,0,0,0,0,0,0
5919,3085554774,CeraVe,2026-03-01,5.0,79,17,1,False,,,,,,0,0,0,0,0,0,0
5920,3085554774,CeraVe,2026-03-01,5.0,80,20,1,False,neutral,False,False,False,False,0,1,0,0,0,0,0
5921,3085554774,CeraVe,2026-02-01,5.0,120,28,1,False,positive,False,True,True,False,1,1,0,0,0,0,0
5922,3085554774,CeraVe,2026-02-01,5.0,219,51,1,False,positive,False,True,False,False,1,0,0,0,0,0,0
5923,3085554774,CeraVe,2026-02-01,5.0,57,12,1,False,neutral,False,False,False,False,1,0,0,0,0,0,0
5924,3085554774,CeraVe,2026-01-01,5.0,131,27,1,False,positive,False,True,True,False,1,0,0,0,0,0,0
5925,3085554774,CeraVe,2026-01-01,5.0,586,122,1,False,neutral,False,False,False,False,1,0,0,0,0,0,0
5926,3085554774,CeraVe,2026-01-01,5.0,168,35,1,False,positive,False,True,False,False,1,0,1,0,0,0,0
5927,3085554774,CeraVe,2026-01-01,5.0,151,30,1,False,positive,False,True,True,False,1,0,0,0,0,0,0
5928,3085554774,CeraVe,2025-12-01,5.0,73,16,1,False,positive,False,True,True,False,1,0,0,0,0,0,0
5929,3085554774,CeraVe,2025-12-01,5.0,112,23,1,False,positive,False,True,False,False,1,0,0,0,0,0,0
5930,3085554774,CeraVe,2025-12-01,5.0,88,17,1,False,neutral,False,True,True,False,1,0,0,0,0,0,0
5931,3085554774,CeraVe,2025-12-01,5.0,164,35,1,False,positive,False,True,False,False,1,0,0,0,0,0,0
5932,3085554774,CeraVe,2025-11-01,5.0,167,34,1,False,neutral,False,True,True,False,1,0,0,0,0,0,0
5933,3085554774,CeraVe,2025-11-01,5.0,237,47,1,False,positive,False,True,True,False,1,0,0,0,0,0,0
5934,3085554774,CeraVe,2025-11-01,5.0,54,10,1,False,positive,False,True,False,False,1,0,0,0,0,0,0
5935,3085554774,CeraVe,2025-11-01,5.0,100,23,1,False,neutral,False,False,False,False,1,1,1,1,0,0,0
5936,3085554774,CeraVe,2025-11-01,5.0,71,17,1,False,positive,False,True,False,False,1,0,0,0,0,0,0
5937,3085554774,CeraVe,2025-11-01,5.0,102,20,1,False,,,,,,0,0,0,0,0,0,0
5938,3085554774,CeraVe,2025-10-01,5.0,108,25,1,False,,,,,,0,0,0,0,0,0,0
5939,3085554774,CeraVe,2025-10-01,5.0,36,7,1,False,positive,False,True,False,False,1,0,0,0,1,1,0
5940,3085554774,CeraVe,2025-10-01,5.0,95,20,1,False,positive,False,True,False,False,1,0,0,0,0,0,0
5941,3085554774,CeraVe,2025-10-01,5.0,76,18,1,False,positive,False,True,False,False,0,0,1,0,0,0,0
5942,3085554774,CeraVe,2025-10-01,5.0,110,27,1,False,positive,False,True,False,False,0,1,0,0,0,0,0
5943,3085554774,CeraVe,2025-09-01,5.0,77,14,1,False,positive,False,True,False,False,1,0,0,0,0,0,0
5944,3085554774,CeraVe,2025-09-01,5.0,95,22,1,False,positive,False,True,False,False,1,0,0,0,0,0,0
5945,3085554774,CeraVe,2025-09-01,5.0,74,15,1,False,positive,False,True,False,False,1,0,0,0,1,1,0
5946,3085554774,CeraVe,2025-09-01,5.0,76,17,1,False,positive,False,True,False,False,1,0,0,0,0,0,0
5947,3085554774,CeraVe,2025-09-01,5.0,76,17,1,False,neutral,False,False,False,False,0,1,1,1,0,0,1
5948,3085554774,CeraVe,2025-09-01,5.0,246,52,1,False,positive,False,True,False,False,1,0,0,0,0,0,0
5949,3085554774,CeraVe,2025-09-01,5.0,30,6,1,False,positive,False,True,False,False,1,0,0,0,0,0,0
5950,3085554774,CeraVe,2025-09-01,5.0,104,20,1,False,neutral,False,False,False,False,1,0,0,0,0,0,0
5951,3085554774,CeraVe,2025-09-01,5.0,76,16,1,False,neutral,False,True,True,False,1,1,0,0,0,0,0
5952,3085554774,CeraVe,2025-09-01,5.0,3,1,23,True,,,,,,0,0,0,0,0,0,0
5953,3085554774,CeraVe,2025-08-01,5.0,94,19,1,False,neutral,False,True,True,False,1,1,0,0,0,0,0
5954,3085554774,CeraVe,2025-08-01,5.0,88,18,1,False,positive,False,True,False,False,1,0,0,0,0,0,0
5955,3085554774,CeraVe,2025-08-01,5.0,119,27,1,False,positive,False,True,False,False,0,1,1,0,0,0,0
5956,3085554774,CeraVe,2025-08-01,5.0,110,22,1,False,positive,False,True,False,False,1,0,0,0,0,0,0
5957,3085554774,CeraVe,2025-08-01,5.0,109,24,1,False,positive,False,True,False,False,1,0,0,0,0,0,0
5958,3085554774,CeraVe,2025-08-01,5.0,74,15,1,False,positive,False,True,True,False,1,0,0,1,0,0,0
5959,3085554774,CeraVe,2025-08-01,5.0,147,30,1,False,positive,False,True,False,False,1,0,0,0,0,0,0
5960,3085554774,CeraVe,2025-08-01,5.0,69,14,1,False,positive,False,True,True,False,0,1,1,1,0,0,1
5961,3085554774,CeraVe,2025-07-01,5.0,143,31,1,False,positive,False,True,False,False,0,1,1,0,0,0,0
5962,3085554774,CeraVe,2025-07-01,5.0,64,13,1,False,positive,False,True,True,False,0,1,1,1,0,0,0
5963,3085554774,CeraVe,2025-07-01,5.0,160,39,1,False,positive,False,True,False,False,1,1,1,0,0,0,0
5964,3085554774,CeraVe,2025-07-01,5.0,160,29,1,False,,,,,,0,0,0,0,0,0,0
5965,3085554774,CeraVe,2025-07-01,5.0,117,25,1,False,,,,,,0,0,0,0,0,0,0
5966,3085554774,CeraVe,2025-07-01,5.0,79,17,1,False,positive,False,True,False,False,0,1,0,0,0,0,0
5967,3085554774,CeraVe,2025-07-01,5.0,95,12,1,False,positive,False,True,False,False,1,1,0,0,0,1,0
5968,3085554774,CeraVe,2025-07-01,5.0,126,30,1,False,neutral,False,False,False,False,1,1,0,1,0,0,0
5969,3085554774,CeraVe,2025-07-01,5.0,119,24,1,False,neutral,False,False,False,False,0,1,1,1,0,0,1
5970,3085554774,CeraVe,2025-07-01,5.0,15,5,1,False,,,,,,0,0,0,0,0,0,0
5971,3085554774,CeraVe,2025-06-01,5.0,78,17,1,False,positive,False,True,False,False,1,1,0,0,1,0,1
5972,3085554774,CeraVe,2025-06-01,5.0,83,18,1,False,neutral,False,False,False,False,0,0,0,1,0,0,1
5973,3085554774,CeraVe,2025-06-01,5.0,70,17,1,False,positive,False,True,False,False,0,1,0,0,0,0,0
5974,3085554774,CeraVe,2025-06-01,5.0,76,15,1,False,neutral,False,False,False,False,1,1,0,0,0,0,0
5975,3085554774,CeraVe,2025-06-01,5.0,77,17,1,False,positive,False,True,False,False,1,1,0,0,0,1,0
5976,3085554774,CeraVe,2025-06-01,5.0,77,18,1,False,positive,False,True,False,False,0,0,0,0,1,0,0
5977,3085554774,CeraVe,2025-06-01,5.0,61,12,1,False,positive,False,True,True,False,1,1,0,0,1,0,0
5978,3085554774,CeraVe,2025-06-01,5.0,116,25,1,False,neutral,False,False,False,False,0,1,0,0,0,0,0
5979,3085554774,CeraVe,2025-06-01,5.0,73,14,1,False,,,,,,0,0,0,0,0,0,0
5980,3085554774,CeraVe,2025-06-01,5.0,128,30,1,False,positive,False,True,False,False,1,1,0,0,0,1,0
5981,3085554774,CeraVe,2025-06-01,5.0,77,19,1,False,positive,False,True,False,False,1,0,0,0,0,0,0
5982,3085554774,CeraVe,2025-06-01,5.0,70,16,1,False,positive,False,True,False,False,0,1,1,0,0,0,0
5983,3085554774,CeraVe,2025-06-01,5.0,92,18,1,False,positive,False,True,False,False,0,0,1,0,0,0,1
5984,3085554774,CeraVe,2025-06-01,5.0,142,25,1,False,neutral,False,False,False,False,1,1,0,0,0,1,0
5985,3085554774,CeraVe,2025-06-01,5.0,75,18,1,False,positive,False,True,False,False,0,0,1,1,0,0,0
5986,3085554774,CeraVe,2025-06-01,5.0,147,35,1,False,positive,False,True,False,False,0,0,0,0,1,0,0
5987,3085554774,CeraVe,2025-06-01,5.0,38,9,1,False,positive,False,True,False,False,1,1,0,0,0,1,0
5988,3085554774,CeraVe,2025-06-01,5.0,97,20,1,False,,,,,,0,0,0,0,0,0,0
5989,3085554774,CeraVe,2025-06-01,5.0,62,13,1,False,positive,False,True,False,False,0,0,1,1,0,0,0
5990,3085554774,CeraVe,2025-06-01,5.0,348,75,1,False,positive,False,True,True,False,1,1,0,0,1,1,0
5991,3085554774,CeraVe,2025-06-01,5.0,108,24,1,False,neutral,False,True,True,False,0,1,1,1,0,0,1
5992,3085554774,CeraVe,2025-06-01,5.0,66,14,1,False,,,,,,0,0,0,0,0,0,0
5993,3085554774,CeraVe,2025-06-01,5.0,90,18,1,False,neutral,False,True,True,False,0,0,1,1,0,0,1
5994,3085554774,CeraVe,2025-06-01,5.0,68,14,1,False,positive,False,True,False,False,0,0,1,1,0,0,0
5995,3085554774,CeraVe,2025-06-01,5.0,85,21,1,False,,,,,,0,0,0,0,0,0,0
5996,3085554774,CeraVe,2025-06-01,5.0,119,26,1,False,neutral,False,False,False,False,0,0,1,1,0,0,0
5997,3092556110,CeraVe,2026-04-01,1.0,480,115,3,False,neutral,True,False,True,False,0,1,0,0,0,0,1
5998,3092556110,CeraVe,2026-03-01,1.0,122,27,1,False,neutral,False,False,False,False,0,0,0,0,0,0,1
5999,3092556110,CeraVe,2026-03-01,1.0,89,21,1,False,neutral,False,False,False,False,0,1,0,0,0,0,0
6000,3092556110,CeraVe,2025-12-01,4.0,57,14,1,False,positive,False,True,False,False,1,0,0,0,0,0,0
6001,3092556110,CeraVe,2026-04-01,5.0,114,25,1,False,,,,,,0,0,0,0,0,0,0
6002,3092556110,CeraVe,2026-04-01,5.0,105,25,1,False,,,,,,0,0,0,0,0,0,0
6003,3092556110,CeraVe,2026-04-01,5.0,30,8,1,False,,,,,,0,0,0,0,0,0,0
6004,3092556110,CeraVe,2026-04-01,5.0,66,12,1,False,neutral,False,False,False,False,0,0,0,0,0,0,1
6005,3092556110,CeraVe,2026-04-01,5.0,133,27,1,False,positive,False,True,False,False,0,0,0,0,1,0,0
6006,3092556110,CeraVe,2026-04-01,5.0,141,28,1,False,positive,False,True,False,False,1,0,0,0,0,0,0
6007,3092556110,CeraVe,2026-04-01,5.0,137,28,1,False,positive,False,True,False,False,0,0,0,0,1,0,0
6008,3092556110,CeraVe,2026-04-01,5.0,156,34,1,False,neutral,False,False,False,False,0,1,0,0,0,0,0
6009,3092556110,CeraVe,2026-04-01,5.0,206,50,1,False,positive,False,True,True,False,1,1,0,0,1,1,0
6010,3092556110,CeraVe,2026-04-01,5.0,118,26,1,False,neutral,False,False,False,False,0,1,0,0,0,0,0
6011,3092556110,CeraVe,2026-03-01,5.0,160,34,1,False,positive,False,True,True,False,1,1,1,0,0,0,1
6012,3092556110,CeraVe,2026-03-01,5.0,105,21,1,False,positive,False,True,True,False,1,1,0,0,1,0,0
6013,3092556110,CeraVe,2026-03-01,5.0,69,15,1,False,neutral,False,False,False,False,0,1,0,0,0,0,0
6014,3092556110,CeraVe,2026-03-01,5.0,121,26,1,False,positive,False,True,False,False,0,1,0,1,0,0,0
6015,3092556110,CeraVe,2026-03-01,5.0,101,20,1,False,positive,False,True,True,False,0,1,1,1,0,0,1
6016,3092556110,CeraVe,2026-03-01,5.0,144,29,1,False,neutral,False,True,True,False,1,1,0,0,0,0,0
6017,3092556110,CeraVe,2026-03-01,5.0,154,34,1,False,positive,False,True,True,False,1,1,0,0,1,0,0
6018,3092556110,CeraVe,2026-03-01,5.0,100,22,1,False,neutral,False,False,False,False,0,1,0,0,0,0,0
6019,3092556110,CeraVe,2026-03-01,5.0,152,33,1,False,positive,False,True,False,False,1,1,0,0,1,0,0
6020,3092556110,CeraVe,2026-03-01,5.0,101,23,1,False,neutral,False,True,True,False,1,1,0,0,0,1,0
6021,3092556110,CeraVe,2026-03-01,5.0,100,22,1,False,neutral,False,False,False,False,0,1,0,0,0,0,0
6022,3092556110,CeraVe,2026-03-01,5.0,112,24,1,False,positive,False,True,True,False,1,1,0,0,0,0,0
6023,3092556110,CeraVe,2026-03-01,5.0,132,28,1,False,neutral,False,False,False,False,0,1,0,0,0,1,0
6024,3092556110,CeraVe,2026-03-01,5.0,35,6,2,False,positive,False,True,False,False,1,1,0,0,0,1,0
6025,3092556110,CeraVe,2026-03-01,5.0,13,3,6,True,positive,False,True,False,False,1,0,0,0,0,0,0
6026,3092556110,CeraVe,2026-03-01,5.0,258,57,1,False,neutral,False,False,False,False,0,1,0,0,0,0,0
6027,3092556110,CeraVe,2026-03-01,5.0,150,38,1,False,positive,False,True,False,False,1,1,0,0,0,0,0
6028,3092556110,CeraVe,2026-03-01,5.0,54,13,1,False,positive,False,True,False,False,0,0,0,0,1,0,0
6029,3092556110,CeraVe,2026-03-01,5.0,131,29,1,False,,,,,,0,0,0,0,0,0,0
6030,3092556110,CeraVe,2026-03-01,5.0,183,39,1,False,neutral,False,True,True,False,1,1,0,0,0,1,0
6031,3092556110,CeraVe,2026-03-01,5.0,152,30,1,False,positive,False,True,False,False,1,0,0,0,0,0,0
6032,3092556110,CeraVe,2026-03-01,5.0,116,26,1,False,positive,False,True,False,False,0,0,1,0,0,0,0
6033,3092556110,CeraVe,2026-01-01,5.0,162,33,1,False,positive,False,True,False,False,1,1,0,0,0,1,0
6034,3092556110,CeraVe,2025-12-01,5.0,40,10,1,False,,,,,,0,0,0,0,0,0,0
6035,3092556110,CeraVe,2025-12-01,5.0,240,49,1,False,positive,False,True,True,False,0,1,1,0,0,0,1
6036,3092556110,CeraVe,2025-12-01,5.0,74,17,1,False,,,,,,0,0,0,0,0,0,0
6037,3092556110,CeraVe,2025-12-01,5.0,116,26,2,False,positive,False,True,True,False,0,1,0,0,0,0,1
6038,3092556110,CeraVe,2025-12-01,5.0,133,28,1,False,positive,False,True,False,False,0,0,0,0,1,0,0
6039,3092556110,CeraVe,2025-12-01,5.0,79,16,1,False,positive,False,True,False,False,0,0,0,0,1,0,0
6040,3092556110,CeraVe,2025-12-01,5.0,113,26,1,False,positive,False,True,False,False,0,0,0,0,1,0,0
6041,3092556110,CeraVe,2025-12-01,5.0,131,31,1,False,neutral,False,False,False,False,0,1,0,0,0,0,0
6042,3092556110,CeraVe,2025-12-01,5.0,94,21,1,False,positive,False,True,False,False,1,0,0,0,0,0,0
6043,3092556110,CeraVe,2025-12-01,5.0,46,12,1,False,,,,,,0,0,0,0,0,0,0
6044,3092556110,CeraVe,2025-11-01,5.0,97,23,1,False,positive,False,True,False,False,1,1,0,0,0,1,0
6045,3092556110,CeraVe,2025-11-01,5.0,50,12,1,False,,,,,,0,0,0,0,0,0,0
6046,3092556110,CeraVe,2025-11-01,5.0,89,19,1,False,,,,,,0,0,0,0,0,0,0
6047,3092556110,CeraVe,2025-11-01,5.0,44,9,1,False,,,,,,0,0,0,0,0,0,0
6048,3092556110,CeraVe,2025-11-01,5.0,98,22,1,False,positive,False,True,False,False,1,0,0,0,0,0,0
6049,3092556110,CeraVe,2025-11-01,5.0,227,49,1,False,positive,False,True,False,False,1,1,0,0,0,1,0
6050,3092556110,CeraVe,2025-11-01,5.0,29,7,1,False,,,,,,0,0,0,0,0,0,0
6051,3092556110,CeraVe,2025-11-01,5.0,144,30,1,False,positive,False,True,True,False,1,1,0,0,0,0,0
6052,3092556110,CeraVe,2025-11-01,5.0,136,30,1,False,neutral,False,True,True,False,0,1,0,0,1,0,0
6053,3092556110,CeraVe,2025-11-01,5.0,5,1,1,True,,,,,,0,0,0,0,0,0,0
6054,3092556110,CeraVe,2025-11-01,5.0,133,29,1,False,,,,,,0,0,0,0,0,0,0
6055,3092556110,CeraVe,2025-11-01,5.0,12,2,4,False,positive,False,True,False,False,1,0,0,0,0,0,0
6056,3092556110,CeraVe,2025-11-01,5.0,128,28,1,False,positive,False,True,False,False,1,0,0,0,0,0,0
6057,3092556110,CeraVe,2025-11-01,5.0,76,14,1,False,positive,False,True,False,False,1,0,0,0,0,0,0
6058,3092556110,CeraVe,2025-11-01,5.0,136,30,1,False,neutral,False,True,True,False,1,1,0,0,0,0,1
6059,3092556110,CeraVe,2025-11-01,5.0,68,15,1,False,positive,False,True,False,False,1,1,0,0,0,0,1
6060,3092556110,CeraVe,2025-11-01,5.0,151,33,1,False,neutral,False,True,True,False,0,1,0,1,0,0,1
6061,3092556110,CeraVe,2025-11-01,5.0,156,29,1,False,,,,,,0,0,0,0,0,0,0
6062,3092556110,CeraVe,2025-10-01,5.0,131,29,1,False,positive,False,True,True,False,1,1,0,0,0,0,0
6063,3092556110,CeraVe,2025-10-01,5.0,81,17,1,False,neutral,False,False,False,False,0,1,0,0,0,0,0
6064,3092556110,CeraVe,2025-10-01,5.0,151,34,1,False,neutral,False,False,False,False,0,1,0,0,0,0,0
6065,3092556110,CeraVe,2025-10-01,5.0,140,31,1,False,neutral,False,False,False,False,0,1,0,0,0,0,0
6066,3092556110,CeraVe,2025-10-01,5.0,65,14,1,False,,,,,,0,0,0,0,0,0,0
6067,3092556110,CeraVe,2025-10-01,5.0,74,16,1,False,,,,,,0,0,0,0,0,0,0
6068,3092556110,CeraVe,2025-10-01,5.0,142,28,1,False,,,,,,0,0,0,0,0,0,0
6069,3092556110,CeraVe,2025-10-01,5.0,74,16,1,False,,,,,,0,0,0,0,0,0,0
6070,3092556110,CeraVe,2025-10-01,5.0,75,15,1,False,neutral,False,True,True,False,0,0,1,0,0,0,0
6071,3092556110,CeraVe,2025-10-01,5.0,78,17,1,False,,,,,,0,0,0,0,0,0,0
6072,3092556110,CeraVe,2025-10-01,5.0,79,19,1,False,,,,,,0,0,0,0,0,0,0
6073,3092556110,CeraVe,2025-09-01,5.0,70,13,1,False,neutral,False,False,False,False,0,1,0,0,0,0,0
6074,3092556110,CeraVe,2025-09-01,5.0,81,18,1,False,neutral,False,False,False,False,0,1,0,0,0,0,0
6075,3092556110,CeraVe,2025-09-01,5.0,57,12,1,False,neutral,False,False,False,False,0,0,1,1,0,0,0
6076,3092556110,CeraVe,2025-09-01,5.0,117,24,1,False,positive,False,True,False,False,0,0,0,0,1,0,0
6077,3092556110,CeraVe,2025-09-01,5.0,63,14,1,False,,,,,,0,0,0,0,0,0,0
6078,3092556110,CeraVe,2025-09-01,5.0,81,18,1,False,,,,,,0,0,0,0,0,0,0
6079,3092556110,CeraVe,2025-09-01,5.0,74,17,1,False,,,,,,0,0,0,0,0,0,0
6080,3092556110,CeraVe,2025-09-01,5.0,62,11,1,False,positive,False,True,False,False,1,0,0,0,0,0,0
6081,3092556110,CeraVe,2025-09-01,5.0,75,17,1,False,positive,False,True,True,False,0,1,0,0,1,0,0
6082,3092556110,CeraVe,2025-08-01,5.0,11,3,1,False,,,,,,0,0,0,0,0,0,0
6083,3092556110,CeraVe,2025-08-01,5.0,61,12,1,False,positive,False,True,False,False,0,0,0,0,1,0,0
6084,3092556110,CeraVe,2025-08-01,5.0,58,13,1,False,positive,False,True,False,False,0,0,0,0,1,0,0
6085,3092556110,CeraVe,2025-08-01,5.0,73,16,1,False,positive,False,True,False,False,1,0,0,0,0,0,0
6086,3092556110,CeraVe,2025-08-01,5.0,134,32,1,False,positive,False,True,True,False,0,1,0,0,1,0,0
6087,2029044077,CeraVe,2024-05-01,1.0,145,31,1,False,neutral,False,True,True,False,0,0,1,0,0,0,0
6088,2029044077,CeraVe,2023-06-01,1.0,205,50,1,False,,,,,,0,0,0,0,0,0,0
6089,2029044077,CeraVe,2023-04-01,1.0,233,53,1,False,,,,,,0,0,0,0,0,0,0
6090,2029044077,CeraVe,2023-05-01,2.0,170,40,1,False,,,,,,0,0,0,0,0,0,0
6091,2029044077,CeraVe,2023-02-01,2.0,497,118,1,False,neutral,True,False,True,False,0,1,1,0,0,0,0
6092,2029044077,CeraVe,2023-02-01,2.0,142,34,1,False,neutral,False,False,False,False,0,0,0,0,0,0,1
6093,2029044077,CeraVe,2023-04-01,3.0,95,20,1,False,,,,,,0,0,0,0,0,0,0
6094,2029044077,CeraVe,2023-03-01,3.0,134,28,1,False,,,,,,0,0,0,0,0,0,0
6095,2029044077,CeraVe,2023-03-01,3.0,11,3,1,False,negative,True,False,False,False,0,0,1,0,0,0,0
6096,2029044077,CeraVe,2023-02-01,3.0,55,12,1,False,,,,,,0,0,0,0,0,0,0
6097,2029044077,CeraVe,2025-03-01,4.0,269,61,1,False,,,,,,0,0,0,0,0,0,0
6098,2029044077,CeraVe,2024-05-01,4.0,146,34,1,False,neutral,False,False,False,False,0,1,0,0,0,0,0
6099,2029044077,CeraVe,2023-05-01,4.0,250,56,1,False,negative,True,True,True,True,1,1,1,0,1,0,0
6100,2029044077,CeraVe,2026-01-01,5.0,121,29,1,False,neutral,False,False,False,False,1,0,0,0,0,0,0
6101,2029044077,CeraVe,2025-06-01,5.0,33,9,1,False,,,,,,0,0,0,0,0,0,0
6102,2029044077,CeraVe,2025-06-01,5.0,57,13,1,False,positive,False,True,False,False,1,0,0,0,1,0,0
6103,2029044077,CeraVe,2025-02-01,5.0,127,26,1,False,positive,False,True,False,False,1,1,0,0,1,1,0
6104,2029044077,CeraVe,2025-02-01,5.0,92,22,1,False,positive,False,True,False,False,1,1,0,0,0,0,0
6105,2029044077,CeraVe,2025-02-01,5.0,95,23,1,False,positive,False,True,False,False,1,1,0,0,1,0,0
6106,2029044077,CeraVe,2025-01-01,5.0,84,19,1,False,,,,,,0,0,0,0,0,0,0
6107,2029044077,CeraVe,2024-12-01,5.0,142,31,1,False,positive,False,True,False,False,1,1,0,0,1,0,0
6108,2029044077,CeraVe,2024-12-01,5.0,87,22,1,False,positive,False,True,False,False,1,1,0,0,0,0,0
6109,2029044077,CeraVe,2024-12-01,5.0,68,15,1,False,neutral,False,True,True,False,1,0,0,0,0,0,0
6110,2029044077,CeraVe,2024-12-01,5.0,36,9,1,False,,,,,,0,0,0,0,0,0,0
6111,2029044077,CeraVe,2024-11-01,5.0,61,13,1,False,positive,False,True,True,False,1,1,0,0,1,0,0
6112,2029044077,CeraVe,2024-11-01,5.0,122,31,1,False,neutral,False,True,True,False,1,1,0,0,0,0,0
6113,2029044077,CeraVe,2024-10-01,5.0,104,24,2,False,neutral,False,False,False,False,0,1,0,0,0,0,0
6114,2029044077,CeraVe,2024-10-01,5.0,68,16,1,False,positive,False,True,True,False,1,0,0,0,1,0,0
6115,2029044077,CeraVe,2024-10-01,5.0,163,38,1,False,neutral,False,False,False,False,1,0,0,0,0,0,0
6116,2029044077,CeraVe,2024-09-01,5.0,82,20,1,False,neutral,False,True,True,False,1,0,0,0,1,0,0
6117,2029044077,CeraVe,2024-09-01,5.0,123,29,1,False,positive,False,True,False,False,1,1,0,0,1,0,0
6118,2029044077,CeraVe,2024-09-01,5.0,84,18,1,False,neutral,False,False,False,False,1,0,0,0,0,1,0
6119,2029044077,CeraVe,2024-08-01,5.0,59,10,1,False,,,,,,0,0,0,0,0,0,0
6120,2029044077,CeraVe,2024-05-01,5.0,104,20,1,False,neutral,False,False,False,False,0,0,0,0,1,0,0
6121,2029044077,CeraVe,2024-05-01,5.0,91,21,1,False,neutral,False,False,False,False,0,0,0,1,0,0,0
6122,2029044077,CeraVe,2024-03-01,5.0,68,15,1,False,neutral,False,False,False,False,1,0,0,0,0,0,0
6123,2029044077,CeraVe,2024-03-01,5.0,77,17,1,False,,,,,,0,0,0,0,0,0,0
6124,2029044077,CeraVe,2024-03-01,5.0,97,20,1,False,neutral,False,False,False,False,0,0,1,1,0,0,1
6125,2029044077,CeraVe,2024-01-01,5.0,58,14,1,False,neutral,False,False,False,False,1,0,0,0,0,0,0
6126,2029044077,CeraVe,2024-01-01,5.0,113,24,1,False,positive,False,True,False,False,1,0,0,0,1,0,0
6127,2029044077,CeraVe,2024-01-01,5.0,64,14,1,False,positive,False,True,False,False,1,0,0,0,1,0,0
6128,2029044077,CeraVe,2024-01-01,5.0,175,40,1,False,neutral,False,False,False,False,1,0,0,0,0,0,0
6129,2029044077,CeraVe,2023-12-01,5.0,79,7,1,False,,,,,,0,0,0,0,0,0,0
6130,2029044077,CeraVe,2023-12-01,5.0,74,17,1,False,neutral,False,False,False,False,0,0,1,1,0,0,1
6131,2029044077,CeraVe,2023-12-01,5.0,83,20,1,False,neutral,False,False,False,False,0,0,0,0,0,0,1
6132,2029044077,CeraVe,2023-12-01,5.0,88,20,1,False,neutral,False,True,True,False,0,1,1,0,0,0,1
6133,2029044077,CeraVe,2023-11-01,5.0,146,34,1,False,positive,False,True,False,False,1,0,0,0,1,0,0
6134,2029044077,CeraVe,2023-11-01,5.0,61,15,1,False,positive,False,True,False,False,0,0,1,0,0,0,1
6135,2029044077,CeraVe,2023-11-01,5.0,159,30,1,False,positive,False,True,True,False,1,1,1,0,1,0,0
6136,2029044077,CeraVe,2023-11-01,5.0,78,17,1,False,neutral,False,False,False,False,0,0,0,1,0,0,0
6137,2029044077,CeraVe,2023-11-01,5.0,20,4,1,False,neutral,False,False,False,False,0,0,0,0,1,0,0
6138,2029044077,CeraVe,2023-11-01,5.0,54,12,1,False,positive,False,True,False,False,1,0,0,0,0,0,0
6139,2029044077,CeraVe,2023-10-01,5.0,190,40,1,False,neutral,False,True,True,False,0,1,1,0,1,0,0
6140,2029044077,CeraVe,2023-09-01,5.0,104,7,1,False,,,,,,0,0,0,0,0,0,0
6141,2029044077,CeraVe,2023-09-01,5.0,229,51,1,False,neutral,False,False,False,False,0,0,0,0,1,0,0
6142,2029044077,CeraVe,2023-09-01,5.0,133,27,1,False,positive,False,True,True,False,1,0,1,1,1,1,0
6143,2029044077,CeraVe,2023-09-01,5.0,101,23,1,False,neutral,False,True,True,False,1,0,0,1,0,0,1
6144,2029044077,CeraVe,2023-09-01,5.0,30,6,19,True,positive,False,True,False,False,1,0,1,0,1,0,0
6145,2029044077,CeraVe,2023-08-01,5.0,27,7,1,False,,,,,,0,0,0,0,0,0,0
6146,2029044077,CeraVe,2023-08-01,5.0,113,25,1,False,positive,False,True,False,False,1,0,0,0,0,0,0
6147,2029044077,CeraVe,2023-07-01,5.0,81,21,1,False,positive,False,True,False,False,1,0,0,0,0,0,0
6148,2029044077,CeraVe,2023-07-01,5.0,36,9,1,False,,,,,,0,0,0,0,0,0,0
6149,2029044077,CeraVe,2023-07-01,5.0,71,16,1,False,neutral,False,False,False,False,0,0,0,0,0,0,1
6150,2029044077,CeraVe,2023-07-01,5.0,29,7,1,False,neutral,False,False,False,False,0,0,0,0,1,0,0
6151,2029044077,CeraVe,2023-06-01,5.0,24,5,1,False,positive,False,True,False,False,1,0,0,0,0,0,0
6152,2029044077,CeraVe,2023-06-01,5.0,142,29,1,False,positive,False,True,False,False,1,0,1,0,1,0,0
6153,2029044077,CeraVe,2023-06-01,5.0,80,19,1,False,positive,False,True,False,False,1,0,0,0,0,0,0
6154,2029044077,CeraVe,2023-04-01,5.0,170,40,1,False,,,,,,0,0,0,0,0,0,0
6155,2029044077,CeraVe,2023-03-01,5.0,87,19,1,False,neutral,False,False,False,False,0,0,0,1,0,0,0
6156,2029044077,CeraVe,2023-03-01,5.0,177,39,1,False,neutral,False,True,True,False,1,0,1,1,1,0,0
6157,2029044077,CeraVe,2023-02-01,5.0,97,24,1,False,neutral,False,False,False,False,0,0,1,1,0,0,0
6158,2029044077,CeraVe,2023-02-01,5.0,6,2,1,True,,,,,,0,0,0,0,0,0,0
6159,2029044077,CeraVe,2023-01-01,5.0,87,20,1,False,neutral,False,False,False,False,1,0,0,0,0,0,0
6160,2029044077,CeraVe,2022-12-01,5.0,107,25,1,False,neutral,False,False,False,False,0,0,1,0,0,0,0
6161,2029044077,CeraVe,2022-11-01,5.0,124,29,1,False,,,,,,0,0,0,0,0,0,0
6162,2029044077,CeraVe,2022-10-01,5.0,95,21,1,False,neutral,False,False,False,False,0,1,0,1,1,0,0
6163,2028969337,CeraVe,2024-07-01,1.0,181,43,1,False,,,,,,0,0,0,0,0,0,0
6164,2028969337,CeraVe,2024-03-01,1.0,66,16,1,False,,,,,,0,0,0,0,0,0,0
6165,2028969337,CeraVe,2024-02-01,1.0,107,25,1,False,,,,,,0,0,0,0,0,0,0
6166,2028969337,CeraVe,2023-06-01,1.0,194,44,1,False,neutral,False,False,False,False,0,0,0,0,1,0,0
6167,2028969337,CeraVe,2023-06-01,1.0,33,8,1,False,negative,True,False,False,False,0,1,0,0,0,0,0
6168,2028969337,CeraVe,2023-04-01,1.0,97,21,1,False,neutral,False,False,False,False,0,0,0,0,0,0,1
6169,2028969337,CeraVe,2023-04-01,1.0,162,39,1,False,neutral,False,False,False,False,0,0,0,0,0,0,1
6170,2028969337,CeraVe,2023-01-01,1.0,130,29,1,False,neutral,False,False,False,False,1,0,0,0,0,0,0
6171,2028969337,CeraVe,2022-12-01,1.0,24,6,1,False,,,,,,0,0,0,0,0,0,0
6172,2028969337,CeraVe,2024-06-01,2.0,111,26,2,False,neutral,False,False,False,False,0,0,0,1,0,0,0
6173,2028969337,CeraVe,2023-06-01,2.0,131,31,1,False,,,,,,0,0,0,0,0,0,0
6174,2028969337,CeraVe,2024-01-01,3.0,80,18,1,False,neutral,False,False,False,False,0,0,0,1,0,0,1
6175,2028969337,CeraVe,2023-04-01,3.0,141,31,1,False,neutral,False,False,False,False,0,1,0,1,0,0,0
6176,2028969337,CeraVe,2022-12-01,3.0,32,7,1,False,,,,,,0,0,0,0,0,0,0
6177,2028969337,CeraVe,2023-09-01,4.0,15,3,3,False,neutral,False,False,False,False,0,0,0,1,0,0,0
6178,2028969337,CeraVe,2023-08-01,4.0,65,15,1,False,neutral,False,False,False,False,1,1,0,0,0,0,0
6179,2028969337,CeraVe,2023-04-01,4.0,169,36,1,False,positive,False,True,False,False,0,0,1,0,0,0,0
6180,2028969337,CeraVe,2023-04-01,4.0,175,41,1,False,neutral,False,False,False,False,0,0,1,0,0,0,0
6181,2028969337,CeraVe,2023-03-01,4.0,22,5,1,False,neutral,False,False,False,False,0,0,0,1,0,0,0
6182,2028969337,CeraVe,2022-12-01,4.0,115,29,1,False,neutral,False,True,True,False,1,0,0,0,1,0,0
6183,2028969337,CeraVe,2026-04-01,5.0,123,30,1,False,positive,False,True,False,False,0,0,0,0,1,0,0
6184,2028969337,CeraVe,2026-02-01,5.0,31,8,1,False,positive,False,True,False,False,0,0,0,0,1,0,0
6185,2028969337,CeraVe,2026-01-01,5.0,82,21,1,False,,,,,,0,0,0,0,0,0,0
6186,2028969337,CeraVe,2026-01-01,5.0,136,30,2,False,neutral,False,True,True,False,0,0,0,1,0,0,1
6187,2028969337,CeraVe,2025-08-01,5.0,140,33,1,False,positive,False,True,False,False,1,0,0,0,1,0,0
6188,2028969337,CeraVe,2025-06-01,5.0,191,48,1,False,positive,False,True,False,False,0,0,0,0,1,0,0
6189,2028969337,CeraVe,2025-04-01,5.0,3,1,1,True,,,,,,0,0,0,0,0,0,0
6190,2028969337,CeraVe,2025-03-01,5.0,144,35,1,False,neutral,False,True,True,False,1,0,0,0,1,1,0
6191,2028969337,CeraVe,2025-03-01,5.0,65,14,1,False,,,,,,0,0,0,0,0,0,0
6192,2028969337,CeraVe,2025-03-01,5.0,38,8,1,False,,,,,,0,0,0,0,0,0,0
6193,2028969337,CeraVe,2025-03-01,5.0,96,20,1,False,neutral,False,True,True,False,0,0,1,1,0,0,0
6194,2028969337,CeraVe,2025-03-01,5.0,146,35,1,False,neutral,False,False,False,False,1,0,0,0,0,1,0
6195,2028969337,CeraVe,2025-02-01,5.0,126,30,1,False,positive,False,True,False,False,1,0,0,0,1,0,0
6196,2028969337,CeraVe,2025-02-01,5.0,82,19,1,False,neutral,False,False,False,False,1,0,0,0,0,0,0
6197,2028969337,CeraVe,2025-01-01,5.0,25,6,1,False,,,,,,0,0,0,0,0,0,0
6198,2028969337,CeraVe,2025-01-01,5.0,54,12,1,False,positive,False,True,False,False,1,0,0,0,0,0,0
6199,2028969337,CeraVe,2024-12-01,5.0,134,31,1,False,positive,False,True,True,False,1,0,0,0,1,0,0
6200,2028969337,CeraVe,2024-12-01,5.0,106,24,1,False,positive,False,True,False,False,1,0,0,0,0,0,0
6201,2028969337,CeraVe,2024-12-01,5.0,154,35,1,False,neutral,False,True,True,False,1,0,0,0,0,1,0
6202,2028969337,CeraVe,2024-12-01,5.0,85,19,1,False,neutral,False,False,False,False,0,0,0,0,0,1,0
6203,2028969337,CeraVe,2024-12-01,5.0,124,25,1,False,positive,False,True,False,False,1,1,0,0,0,1,0
6204,2028969337,CeraVe,2024-11-01,5.0,72,17,1,False,neutral,False,True,True,False,1,0,0,0,0,0,0
6205,2028969337,CeraVe,2024-11-01,5.0,76,18,1,False,neutral,False,True,True,False,0,0,1,1,0,0,0
6206,2028969337,CeraVe,2024-11-01,5.0,96,20,1,False,neutral,False,False,False,False,0,0,0,0,0,1,0
6207,2028969337,CeraVe,2024-11-01,5.0,136,33,1,False,positive,False,True,False,False,1,0,0,0,1,0,0
6208,2028969337,CeraVe,2024-11-01,5.0,97,24,1,False,positive,False,True,False,False,0,0,0,0,1,0,0
6209,2028969337,CeraVe,2024-10-01,5.0,138,32,1,False,positive,False,True,True,False,1,0,0,0,0,1,0
6210,2028969337,CeraVe,2024-10-01,5.0,66,13,1,False,positive,False,True,True,False,1,1,0,0,1,1,0
6211,2028969337,CeraVe,2024-10-01,5.0,104,24,2,False,neutral,False,False,False,False,0,1,0,0,0,0,0
6212,2028969337,CeraVe,2024-09-01,5.0,193,47,1,False,neutral,False,True,True,False,1,0,0,0,1,1,0
6213,2028969337,CeraVe,2024-09-01,5.0,63,14,1,False,neutral,False,False,False,False,0,0,0,1,0,0,0
6214,2028969337,CeraVe,2024-09-01,5.0,113,26,1,False,positive,False,True,False,False,0,0,0,0,1,0,0
6215,2028969337,CeraVe,2024-09-01,5.0,74,17,1,False,positive,False,True,False,False,1,0,0,0,1,0,0
6216,2028969337,CeraVe,2024-08-01,5.0,139,33,1,False,,,,,,0,0,0,0,0,0,0
6217,2028969337,CeraVe,2024-08-01,5.0,80,18,1,False,neutral,False,False,False,False,1,0,0,0,0,1,0
6218,2028969337,CeraVe,2024-08-01,5.0,67,16,1,False,neutral,False,False,False,False,1,0,0,0,0,0,0
6219,2028969337,CeraVe,2024-08-01,5.0,17,4,1,False,negative,True,False,False,True,1,0,0,0,0,0,0
6220,2028969337,CeraVe,2024-08-01,5.0,83,19,2,False,positive,False,True,False,False,1,0,0,0,0,0,0
6221,2028969337,CeraVe,2024-08-01,5.0,149,35,1,False,positive,False,True,False,False,1,0,0,0,1,0,0
6222,2028969337,CeraVe,2024-08-01,5.0,164,38,1,False,positive,False,True,False,False,1,0,0,0,1,0,0
6223,2028969337,CeraVe,2024-08-01,5.0,179,44,1,False,positive,False,True,True,False,1,0,0,0,1,0,0
6224,2028969337,CeraVe,2024-08-01,5.0,91,19,1,False,neutral,False,False,False,False,0,1,1,1,0,0,0
6225,2028969337,CeraVe,2024-08-01,5.0,107,26,1,False,positive,False,True,False,False,0,1,0,0,0,0,0
6226,2028969337,CeraVe,2024-08-01,5.0,126,29,1,False,positive,False,True,True,False,1,0,0,0,0,0,0
6227,2028969337,CeraVe,2024-08-01,5.0,126,29,1,False,positive,False,True,False,False,1,0,0,0,0,0,0
6228,2028969337,CeraVe,2024-08-01,5.0,73,17,1,False,,,,,,0,0,0,0,0,0,0
6229,2028969337,CeraVe,2024-08-01,5.0,148,33,1,False,positive,False,True,False,False,1,0,0,0,0,0,0
6230,2028969337,CeraVe,2024-07-01,5.0,138,32,1,False,positive,False,True,False,False,1,0,0,0,0,0,0
6231,2028969337,CeraVe,2024-07-01,5.0,77,18,1,False,,,,,,0,0,0,0,0,0,0
6232,2028969337,CeraVe,2024-07-01,5.0,124,29,1,False,neutral,False,True,True,False,1,0,0,0,0,0,0
6233,2028969337,CeraVe,2024-07-01,5.0,365,82,1,False,positive,False,True,True,False,1,0,0,0,0,0,0
6234,2028969337,CeraVe,2024-07-01,5.0,334,75,1,False,,,,,,0,0,0,0,0,0,0
6235,2028969337,CeraVe,2024-07-01,5.0,65,15,1,False,,,,,,0,0,0,0,0,0,0
6236,2028969337,CeraVe,2024-07-01,5.0,130,30,1,False,positive,False,True,False,False,1,0,0,0,0,0,0
6237,2028969337,CeraVe,2024-07-01,5.0,76,19,1,False,neutral,False,False,False,False,0,0,0,0,0,1,0
6238,2028969337,CeraVe,2024-07-01,5.0,295,70,1,False,neutral,False,True,True,False,1,1,0,0,0,1,0
6239,2028969337,CeraVe,2024-06-01,5.0,64,15,1,False,,,,,,0,0,0,0,0,0,0
6240,2028969337,CeraVe,2024-06-01,5.0,123,29,1,False,neutral,False,False,False,False,1,0,0,0,0,0,0
6241,2028969337,CeraVe,2024-06-01,5.0,29,7,2,False,,,,,,0,0,0,0,0,0,0
6242,2028969337,CeraVe,2024-06-01,5.0,629,144,1,False,,,,,,0,0,0,0,0,0,0
6243,2028969337,CeraVe,2024-06-01,5.0,31,8,1,False,,,,,,0,0,0,0,0,0,0
6244,2028969337,CeraVe,2024-06-01,5.0,53,11,1,False,neutral,False,False,False,False,0,0,1,1,0,0,0
6245,2028969337,CeraVe,2024-06-01,5.0,52,11,1,False,positive,False,True,False,False,0,0,1,0,0,0,0
6246,2028969337,CeraVe,2024-06-01,5.0,225,54,1,False,neutral,False,False,False,False,0,0,0,0,0,1,0
6247,2028969337,CeraVe,2024-06-01,5.0,70,17,1,False,positive,False,True,False,False,1,0,0,0,0,0,0
6248,2028969337,CeraVe,2024-05-01,5.0,115,28,1,False,positive,False,True,True,False,1,0,0,0,0,0,0
6249,2028969337,CeraVe,2024-05-01,5.0,79,17,1,False,positive,False,True,False,False,1,0,0,0,0,0,0
6250,2028969337,CeraVe,2024-05-01,5.0,127,29,1,False,neutral,False,True,True,False,1,0,0,0,0,0,0
6251,2028969337,CeraVe,2024-04-01,5.0,77,17,1,False,,,,,,0,0,0,0,0,0,0
6252,2028969337,CeraVe,2024-04-01,5.0,89,19,1,False,negative,True,False,True,True,0,1,1,0,0,0,1
6253,2028969337,CeraVe,2024-04-01,5.0,51,1,1,False,,,,,,0,0,0,0,0,0,0
6254,2028969337,CeraVe,2024-04-01,5.0,93,22,1,False,,,,,,0,0,0,0,0,0,0
6255,2028969337,CeraVe,2024-03-01,5.0,116,28,1,False,positive,False,True,False,False,1,0,0,0,0,0,0
6256,2028969337,CeraVe,2024-03-01,5.0,108,25,1,False,,,,,,0,0,0,0,0,0,0
6257,2028969337,CeraVe,2024-03-01,5.0,62,13,1,False,,,,,,0,0,0,0,0,0,0
6258,2028969337,CeraVe,2024-03-01,5.0,36,8,1,False,,,,,,0,0,0,0,0,0,0
6259,2028969337,CeraVe,2024-03-01,5.0,32,8,1,False,,,,,,0,0,0,0,0,0,0
6260,2028969337,CeraVe,2024-03-01,5.0,66,15,1,False,,,,,,0,0,0,0,0,0,0
6261,2028969337,CeraVe,2024-03-01,5.0,61,12,1,False,neutral,False,True,True,False,0,0,0,1,0,0,1
6262,2028969337,CeraVe,2024-02-01,5.0,87,21,1,False,neutral,False,True,True,False,1,0,0,0,0,0,0
6263,2028969337,CeraVe,2024-02-01,5.0,45,10,1,False,neutral,False,False,False,False,0,0,1,0,0,0,0
6264,2028969337,CeraVe,2024-01-01,5.0,67,12,1,False,,,,,,0,0,0,0,0,0,0
6265,2028969337,CeraVe,2024-01-01,5.0,58,7,1,False,,,,,,0,0,0,0,0,0,0
6266,2028969337,CeraVe,2023-12-01,5.0,130,30,1,False,neutral,False,True,True,False,1,0,0,0,0,0,0
6267,2028969337,CeraVe,2023-12-01,5.0,81,17,1,False,positive,False,True,False,False,1,0,0,0,0,0,0
6268,2028969337,CeraVe,2023-12-01,5.0,105,25,1,False,neutral,False,True,True,False,0,1,0,0,0,0,1
6269,2028969337,CeraVe,2023-12-01,5.0,97,22,1,False,positive,False,True,False,False,1,0,1,0,1,0,0
6270,2028969337,CeraVe,2023-12-01,5.0,71,16,1,False,positive,False,True,False,False,1,0,0,0,0,0,0
6271,2028969337,CeraVe,2023-12-01,5.0,148,33,1,False,,,,,,0,0,0,0,0,0,0
6272,2028969337,CeraVe,2023-12-01,5.0,63,14,1,False,neutral,False,False,False,False,0,0,1,0,0,0,0
6273,2028969337,CeraVe,2023-12-01,5.0,29,7,2,False,,,,,,0,0,0,0,0,0,0
6274,3070441311,CeraVe,2025-12-01,1.0,29,6,1,False,,,,,,0,0,0,0,0,0,0
6275,3070441311,CeraVe,2025-12-01,5.0,113,26,1,False,,,,,,0,0,0,0,0,0,0
6276,3070441311,CeraVe,2025-08-01,5.0,143,36,1,False,positive,False,True,False,False,1,0,0,0,1,0,0
6277,3070441311,CeraVe,2025-07-01,5.0,116,27,1,False,positive,False,True,False,False,1,0,1,0,0,0,0
6278,2028967302,CeraVe,2026-02-01,1.0,25,5,1,False,,,,,,0,0,0,0,0,0,0
6279,2028967302,CeraVe,2024-06-01,1.0,48,13,1,False,,,,,,0,0,0,0,0,0,0
6280,2028967302,CeraVe,2024-06-01,1.0,418,95,1,False,neutral,False,False,False,False,0,1,0,0,0,0,0
6281,2028967302,CeraVe,2023-10-01,1.0,603,139,1,False,positive,False,True,True,False,1,0,1,0,1,0,0
6282,2028967302,CeraVe,2024-03-01,2.0,29,7,1,False,,,,,,0,0,0,0,0,0,0
6283,2028967302,CeraVe,2024-07-01,3.0,80,20,1,False,,,,,,0,0,0,0,0,0,0
6284,2028967302,CeraVe,2024-06-01,3.0,62,13,1,False,,,,,,0,0,0,0,0,0,0
6285,2028967302,CeraVe,2023-08-01,3.0,66,16,1,False,neutral,False,False,False,False,0,0,1,0,0,0,0
6286,2028967302,CeraVe,2023-08-01,3.0,87,21,2,False,,,,,,0,0,0,0,0,0,0
6287,2028967302,CeraVe,2023-10-01,4.0,243,54,1,False,neutral,False,True,True,False,1,1,1,0,1,0,1
6288,2028967302,CeraVe,2023-01-01,4.0,72,15,1,False,neutral,False,False,False,False,1,0,0,0,0,0,0
6289,2028967302,CeraVe,2026-04-01,5.0,114,29,1,False,neutral,False,True,True,False,1,1,0,0,0,0,1
6290,2028967302,CeraVe,2026-04-01,5.0,81,18,1,False,neutral,False,False,False,False,1,0,0,0,1,0,0
6291,2028967302,CeraVe,2026-03-01,5.0,122,26,1,False,positive,True,True,True,True,1,0,1,1,1,0,0
6292,2028967302,CeraVe,2026-03-01,5.0,233,53,1,False,neutral,False,True,True,False,1,1,1,0,0,0,0
6293,2028967302,CeraVe,2026-03-01,5.0,77,17,1,False,neutral,False,False,False,False,1,0,0,0,0,0,0
6294,2028967302,CeraVe,2026-03-01,5.0,165,34,1,False,positive,False,True,False,False,1,0,0,0,1,1,0
6295,2028967302,CeraVe,2026-03-01,5.0,76,17,1,False,,,,,,0,0,0,0,0,0,0
6296,2028967302,CeraVe,2026-03-01,5.0,102,24,2,False,neutral,False,False,False,False,0,0,0,0,0,0,1
6297,2028967302,CeraVe,2026-02-01,5.0,76,17,1,False,positive,False,True,False,False,1,0,0,0,0,0,0
6298,2028967302,CeraVe,2026-02-01,5.0,215,47,1,False,neutral,False,False,False,False,1,1,0,1,0,0,1
6299,2028967302,CeraVe,2026-02-01,5.0,132,30,3,False,neutral,False,True,True,False,0,1,0,1,0,0,1
6300,2028967302,CeraVe,2026-02-01,5.0,79,15,1,False,positive,False,True,False,False,1,0,0,0,0,1,0
6301,2028967302,CeraVe,2026-01-01,5.0,123,28,2,False,neutral,False,False,False,False,0,0,0,0,0,0,1
6302,2028967302,CeraVe,2026-01-01,5.0,74,16,1,False,positive,False,True,True,False,1,0,0,0,1,0,0
6303,2028967302,CeraVe,2026-01-01,5.0,70,16,1,False,positive,False,True,False,False,1,0,0,0,0,0,0
6304,2028967302,CeraVe,2026-01-01,5.0,85,17,1,False,neutral,False,True,True,False,1,0,0,0,1,0,0
6305,2028967302,CeraVe,2025-12-01,5.0,60,14,1,False,positive,False,True,False,False,1,0,0,0,0,0,0
6306,2028967302,CeraVe,2025-12-01,5.0,125,24,1,False,positive,False,True,True,False,0,1,1,1,0,0,0
6307,2028967302,CeraVe,2025-12-01,5.0,109,24,1,False,neutral,False,True,True,False,0,0,0,1,0,0,1
6308,2028967302,CeraVe,2025-11-01,5.0,97,21,1,False,positive,False,True,True,False,1,0,0,0,1,0,0
6309,2028967302,CeraVe,2025-11-01,5.0,122,29,1,False,neutral,False,True,True,False,0,0,1,0,1,0,0
6310,2028967302,CeraVe,2025-11-01,5.0,55,13,1,False,positive,False,True,True,False,1,0,0,0,1,0,0
6311,2028967302,CeraVe,2025-11-01,5.0,108,23,2,False,neutral,False,True,True,False,0,0,1,1,0,0,1
6312,2028967302,CeraVe,2025-10-01,5.0,112,27,1,False,positive,False,True,True,False,1,0,0,0,1,0,0
6313,2028967302,CeraVe,2025-10-01,5.0,81,19,1,False,positive,False,True,False,False,1,0,0,0,1,0,0
6314,2028967302,CeraVe,2025-10-01,5.0,97,21,1,False,neutral,False,False,False,False,0,0,0,1,0,0,1
6315,2028967302,CeraVe,2025-09-01,5.0,146,35,2,False,neutral,False,True,True,False,0,0,1,1,0,0,1
6316,2028967302,CeraVe,2025-09-01,5.0,118,28,1,False,neutral,False,False,False,False,0,0,0,1,0,0,0
6317,2028967302,CeraVe,2025-09-01,5.0,170,39,1,False,positive,False,True,False,False,1,0,0,0,0,0,0
6318,2028967302,CeraVe,2025-09-01,5.0,161,34,2,False,neutral,False,True,True,False,0,0,1,1,0,0,1
6319,2028967302,CeraVe,2025-08-01,5.0,107,25,1,False,,,,,,0,0,0,0,0,0,0
6320,2028967302,CeraVe,2025-08-01,5.0,183,39,1,False,positive,False,True,True,False,1,0,1,1,0,0,1
6321,2028967302,CeraVe,2025-08-01,5.0,78,17,1,False,neutral,False,True,True,False,1,0,0,0,0,0,0
6322,2028967302,CeraVe,2025-07-01,5.0,63,16,2,False,neutral,False,False,False,False,1,0,0,0,0,0,0
6323,2028967302,CeraVe,2025-06-01,5.0,66,15,1,False,neutral,False,False,False,False,0,0,0,0,1,0,0
6324,2028967302,CeraVe,2025-06-01,5.0,125,30,1,False,neutral,False,False,False,False,1,0,0,0,0,0,0
6325,2028967302,CeraVe,2025-05-01,5.0,128,29,1,False,neutral,False,False,False,False,0,0,0,1,0,0,1
6326,2028967302,CeraVe,2025-05-01,5.0,44,9,1,False,,,,,,0,0,0,0,0,0,0
6327,2028967302,CeraVe,2025-05-01,5.0,61,14,1,False,negative,True,False,False,True,0,0,0,0,1,0,0
6328,2028967302,CeraVe,2025-05-01,5.0,78,18,1,False,neutral,False,False,False,False,1,0,0,0,1,0,0
6329,2028967302,CeraVe,2025-05-01,5.0,199,43,1,False,neutral,False,True,True,False,1,0,0,0,0,0,0
6330,2028967302,CeraVe,2025-05-01,5.0,104,23,2,False,neutral,False,True,True,False,0,0,0,0,0,0,1
6331,2028967302,CeraVe,2025-05-01,5.0,201,44,1,False,neutral,False,True,True,False,1,0,0,0,1,1,0
6332,2028967302,CeraVe,2025-04-01,5.0,83,18,1,False,neutral,False,True,True,False,0,0,1,1,0,0,1
6333,2028967302,CeraVe,2025-04-01,5.0,132,30,1,False,neutral,False,False,False,False,1,0,0,0,0,0,0
6334,2028967302,CeraVe,2025-04-01,5.0,122,27,1,False,positive,False,True,True,False,1,0,1,0,0,0,1
6335,2028967302,CeraVe,2025-04-01,5.0,483,112,1,False,positive,True,True,True,True,1,0,0,0,1,0,0
6336,2028967302,CeraVe,2025-03-01,5.0,143,31,1,False,positive,False,True,False,False,0,1,1,1,0,0,0
6337,2028967302,CeraVe,2025-03-01,5.0,19,4,1,False,,,,,,0,0,0,0,0,0,0
6338,2028967302,CeraVe,2025-03-01,5.0,110,24,1,False,neutral,False,True,True,False,1,0,1,1,0,0,0
6339,2028967302,CeraVe,2025-03-01,5.0,89,19,1,False,neutral,False,False,False,False,0,0,1,1,0,0,1
6340,2028967302,CeraVe,2025-03-01,5.0,125,27,1,False,positive,False,True,True,False,0,0,0,0,1,0,0
6341,2028967302,CeraVe,2025-03-01,5.0,161,39,1,False,neutral,False,True,True,False,1,0,0,0,1,0,0
6342,2028967302,CeraVe,2025-01-01,5.0,99,23,1,False,positive,False,True,True,False,0,0,1,1,0,0,1
6343,2028967302,CeraVe,2025-01-01,5.0,83,21,1,False,neutral,False,False,False,False,1,0,0,0,0,0,0
6344,2028967302,CeraVe,2025-01-01,5.0,112,23,1,False,positive,False,True,False,False,1,0,0,0,0,0,0
6345,2028967302,CeraVe,2024-12-01,5.0,95,21,1,False,neutral,False,False,False,False,0,0,0,1,0,0,1
6346,2028967302,CeraVe,2024-12-01,5.0,64,14,1,False,,,,,,0,0,0,0,0,0,0
6347,2028967302,CeraVe,2024-12-01,5.0,54,14,1,False,,,,,,0,0,0,0,0,0,0
6348,2028967302,CeraVe,2024-12-01,5.0,262,59,1,False,positive,False,True,True,False,1,0,0,0,1,1,0
6349,2028967302,CeraVe,2024-12-01,5.0,144,32,1,False,neutral,False,False,False,False,1,0,0,0,0,0,0
6350,2028967302,CeraVe,2024-12-01,5.0,135,29,1,False,neutral,False,True,True,False,1,0,1,1,0,0,1
6351,2028967302,CeraVe,2024-12-01,5.0,105,20,1,False,,,,,,0,0,0,0,0,0,0
6352,2028967302,CeraVe,2024-12-01,5.0,127,29,1,False,positive,False,True,True,False,1,0,0,0,1,0,0
6353,2028967302,CeraVe,2024-11-01,5.0,11,3,1,False,,,,,,0,0,0,0,0,0,0
6354,2028967302,CeraVe,2024-11-01,5.0,111,25,1,False,neutral,False,False,False,False,0,0,0,0,1,0,0
6355,2028967302,CeraVe,2024-11-01,5.0,80,18,1,False,,,,,,0,0,0,0,0,0,0
6356,2028967302,CeraVe,2024-11-01,5.0,65,16,1,False,neutral,False,False,False,False,1,0,0,0,1,0,0
6357,2028967302,CeraVe,2024-11-01,5.0,120,28,1,False,,,,,,0,0,0,0,0,0,0
6358,2028967302,CeraVe,2024-11-01,5.0,133,30,1,False,neutral,False,False,False,False,1,0,0,0,1,0,0
6359,2028967302,CeraVe,2024-11-01,5.0,75,18,1,False,neutral,False,False,False,False,1,0,0,0,1,0,0
6360,2028967302,CeraVe,2024-10-01,5.0,49,12,1,False,negative,True,False,False,True,1,0,0,0,0,0,0
6361,2028967302,CeraVe,2024-10-01,5.0,68,17,1,False,positive,False,True,False,False,1,0,0,0,0,0,0
6362,2028967302,CeraVe,2024-10-01,5.0,146,33,1,False,positive,False,True,True,False,1,0,0,0,1,0,0
6363,2028967302,CeraVe,2024-10-01,5.0,118,28,1,False,neutral,False,False,False,False,0,1,0,0,0,0,0
6364,2028967302,CeraVe,2024-10-01,5.0,63,16,2,False,neutral,False,False,False,False,1,0,0,0,0,0,0
6365,2028967302,CeraVe,2024-10-01,5.0,75,18,1,False,neutral,False,True,True,False,1,0,0,0,0,0,0
6366,2028967302,CeraVe,2024-10-01,5.0,138,33,1,False,neutral,False,True,True,False,1,0,0,0,1,0,0
6367,2028967302,CeraVe,2024-10-01,5.0,119,26,1,False,neutral,False,True,True,False,1,0,0,0,0,0,0
6368,2028967302,CeraVe,2024-10-01,5.0,106,23,1,False,neutral,False,False,False,False,1,0,0,0,1,0,0
6369,2028967302,CeraVe,2024-10-01,5.0,83,20,1,False,positive,False,True,False,False,1,1,0,0,0,0,0
6370,2028967302,CeraVe,2024-10-01,5.0,123,27,1,False,positive,False,True,True,False,1,0,0,0,1,0,0
6371,2028967302,CeraVe,2024-10-01,5.0,91,21,1,False,positive,False,True,False,False,0,0,0,0,1,0,0
6372,2028967302,CeraVe,2024-10-01,5.0,76,17,1,False,positive,False,True,True,False,1,0,0,0,1,0,0
6373,2028976344,CeraVe,2024-07-01,1.0,96,22,1,False,neutral,False,False,False,False,0,0,1,0,0,0,0
6374,2028976344,CeraVe,2024-07-01,1.0,95,20,1,False,neutral,False,False,False,False,0,0,1,0,0,0,0
6375,2028976344,CeraVe,2024-06-01,1.0,223,50,1,False,neutral,False,False,False,False,0,0,1,0,0,1,0
6376,2028976344,CeraVe,2023-03-01,1.0,252,60,1,False,neutral,True,False,True,False,1,0,1,1,0,0,0
6377,2028976344,CeraVe,2022-10-01,1.0,127,31,1,False,neutral,False,False,False,False,0,1,0,0,0,0,0
6378,2028976344,CeraVe,2025-02-01,2.0,14,4,1,False,negative,True,False,False,False,0,0,1,0,0,0,0
6379,2028976344,CeraVe,2024-02-01,2.0,69,16,1,False,neutral,False,False,False,False,0,0,1,0,0,0,0
6380,2028976344,CeraVe,2024-01-01,2.0,75,18,1,False,neutral,False,False,False,False,0,0,1,0,0,0,0
6381,2028976344,CeraVe,2024-07-01,3.0,139,33,1,False,negative,True,False,False,False,0,0,1,0,1,0,0
6382,2028976344,CeraVe,2023-12-01,3.0,24,5,1,False,,,,,,0,0,0,0,0,0,0
6383,2028976344,CeraVe,2023-04-01,3.0,129,29,1,False,,,,,,0,0,0,0,0,0,0
6384,2028976344,CeraVe,2025-01-01,4.0,31,8,1,False,,,,,,0,0,0,0,0,0,0
6385,2028976344,CeraVe,2024-01-01,4.0,63,13,1,False,neutral,False,False,False,False,0,0,0,0,1,0,0
6386,2028976344,CeraVe,2024-01-01,4.0,109,24,1,False,neutral,False,False,False,False,0,1,0,0,0,0,0
6387,2028976344,CeraVe,2023-12-01,4.0,126,29,1,False,neutral,False,True,True,False,1,0,0,0,1,0,1
6388,2028976344,CeraVe,2023-12-01,4.0,85,20,1,False,positive,False,True,False,False,1,0,0,0,0,0,0
6389,2028976344,CeraVe,2023-12-01,4.0,67,17,1,False,negative,True,False,False,True,1,0,1,0,0,0,0
6390,2028976344,CeraVe,2023-03-01,4.0,78,15,1,False,positive,False,True,False,False,0,0,0,0,1,0,0
6391,2028976344,CeraVe,2026-02-01,5.0,132,30,3,False,neutral,False,True,True,False,0,1,0,1,0,0,1
6392,2028976344,CeraVe,2026-02-01,5.0,71,18,1,False,negative,True,False,False,True,0,0,1,0,0,0,0
6393,2028976344,CeraVe,2025-12-01,5.0,3,1,23,True,,,,,,0,0,0,0,0,0,0
6394,2028976344,CeraVe,2025-11-01,5.0,66,14,1,False,positive,False,True,False,False,0,0,1,1,0,0,0
6395,2028976344,CeraVe,2025-09-01,5.0,41,9,1,False,neutral,False,False,False,False,1,1,0,0,0,0,0
6396,2028976344,CeraVe,2025-08-01,5.0,45,11,1,False,neutral,False,False,False,False,1,0,0,0,0,0,0
6397,2028976344,CeraVe,2025-07-01,5.0,47,11,1,False,negative,True,False,True,True,1,0,0,0,1,0,0
6398,2028976344,CeraVe,2025-03-01,5.0,112,27,1,False,positive,False,True,True,False,1,0,0,0,1,0,0
6399,2028976344,CeraVe,2025-01-01,5.0,20,5,1,False,neutral,False,False,False,False,1,0,0,0,0,0,0
6400,2028976344,CeraVe,2024-12-01,5.0,67,16,1,False,,,,,,0,0,0,0,0,0,0
6401,2028976344,CeraVe,2024-12-01,5.0,100,24,1,False,positive,False,True,True,False,1,0,0,0,1,0,0
6402,2028976344,CeraVe,2024-12-01,5.0,76,18,1,False,neutral,False,True,True,False,1,0,0,0,1,0,0
6403,2028976344,CeraVe,2024-12-01,5.0,162,41,1,False,negative,True,False,False,True,1,0,1,0,0,0,0
6404,2028976344,CeraVe,2024-12-01,5.0,51,10,1,False,positive,False,True,False,False,1,0,0,0,0,0,0
6405,2028976344,CeraVe,2024-12-01,5.0,91,23,1,False,positive,False,True,False,False,1,0,0,0,0,0,0
6406,2028976344,CeraVe,2024-12-01,5.0,66,16,1,False,positive,False,True,False,False,1,1,0,0,1,0,0
6407,2028976344,CeraVe,2024-11-01,5.0,92,22,1,False,positive,False,True,False,False,1,0,0,0,0,0,0
6408,2028976344,CeraVe,2024-11-01,5.0,20,5,1,False,,,,,,0,0,0,0,0,0,0
6409,2028976344,CeraVe,2024-11-01,5.0,94,22,1,False,neutral,False,False,False,False,0,0,1,0,0,0,0
6410,2028976344,CeraVe,2024-11-01,5.0,102,23,1,False,neutral,False,True,True,False,1,1,0,0,0,0,0
6411,2028976344,CeraVe,2024-11-01,5.0,76,16,1,False,positive,False,True,False,False,1,0,0,0,1,0,0
6412,2028976344,CeraVe,2024-11-01,5.0,116,23,1,False,positive,False,True,False,False,1,0,0,0,1,1,0
6413,2028976344,CeraVe,2024-10-01,5.0,73,16,1,False,negative,True,False,False,True,1,0,0,0,0,0,0
6414,2028976344,CeraVe,2024-10-01,5.0,214,49,1,False,positive,False,True,True,False,1,0,0,0,1,0,0
6415,2028976344,CeraVe,2024-10-01,5.0,101,20,1,False,neutral,False,True,True,False,0,1,1,1,0,0,0
6416,2028976344,CeraVe,2024-10-01,5.0,83,19,1,False,positive,False,True,True,False,1,0,0,0,1,0,0
6417,2028976344,CeraVe,2024-10-01,5.0,95,20,1,False,neutral,False,False,False,False,1,1,0,0,1,0,0
6418,2028976344,CeraVe,2024-10-01,5.0,156,38,1,False,neutral,True,True,True,True,1,0,0,0,0,1,0
6419,2028976344,CeraVe,2024-10-01,5.0,130,31,1,False,neutral,True,True,True,True,1,1,0,0,0,0,0
6420,2028976344,CeraVe,2024-10-01,5.0,90,21,1,False,positive,False,True,True,False,1,0,0,0,1,0,0
6421,2028976344,CeraVe,2024-10-01,5.0,89,21,1,False,neutral,True,True,True,True,1,0,0,0,1,0,0
6422,2028976344,CeraVe,2024-10-01,5.0,139,30,1,False,positive,False,True,True,False,1,0,0,0,1,0,0
6423,2028976344,CeraVe,2024-09-01,5.0,116,26,1,False,neutral,False,True,True,False,1,1,0,0,0,0,0
6424,2028976344,CeraVe,2024-09-01,5.0,114,25,1,False,neutral,False,False,False,False,1,1,0,0,0,0,0
6425,2028976344,CeraVe,2024-09-01,5.0,89,20,1,False,positive,False,True,True,False,0,0,0,0,1,0,0
6426,2028976344,CeraVe,2024-09-01,5.0,74,19,1,False,neutral,False,False,False,False,1,0,0,0,0,0,0
6427,2028976344,CeraVe,2024-09-01,5.0,203,48,1,False,neutral,False,True,True,False,1,0,0,0,1,0,0
6428,2028976344,CeraVe,2024-08-01,5.0,37,10,1,False,,,,,,0,0,0,0,0,0,0
6429,2028976344,CeraVe,2024-08-01,5.0,53,10,1,False,positive,False,True,False,False,1,0,0,0,0,0,0
6430,2028976344,CeraVe,2024-08-01,5.0,98,22,1,False,,,,,,0,0,0,0,0,0,0
6431,2028976344,CeraVe,2024-08-01,5.0,194,44,1,False,positive,False,True,True,False,1,0,1,0,1,0,0
6432,2028976344,CeraVe,2024-08-01,5.0,93,21,1,False,positive,False,True,True,False,1,1,0,0,0,0,0
6433,2028976344,CeraVe,2024-07-01,5.0,80,19,1,False,positive,False,True,False,False,1,0,0,0,1,0,0
6434,2028976344,CeraVe,2024-07-01,5.0,68,15,1,False,neutral,False,False,False,False,1,1,0,0,0,0,0
6435,2028976344,CeraVe,2024-07-01,5.0,121,27,1,False,positive,False,True,True,False,1,0,0,0,1,0,0
6436,2028976344,CeraVe,2024-07-01,5.0,65,15,1,False,,,,,,0,0,0,0,0,0,0
6437,2028976344,CeraVe,2024-07-01,5.0,132,31,1,False,positive,False,True,True,False,1,0,0,0,1,0,0
6438,2028976344,CeraVe,2024-07-01,5.0,117,26,1,False,positive,False,True,False,False,1,0,0,0,1,0,0
6439,2028976344,CeraVe,2024-07-01,5.0,68,15,2,False,neutral,False,False,False,False,1,1,0,0,0,0,0
6440,2028976344,CeraVe,2024-07-01,5.0,171,39,1,False,neutral,False,True,True,False,1,0,0,0,1,0,0
6441,2028976344,CeraVe,2024-06-01,5.0,90,21,1,False,neutral,False,False,False,False,1,1,0,0,1,0,0
6442,2028976344,CeraVe,2024-06-01,5.0,81,21,1,False,neutral,False,False,False,False,1,0,0,0,0,0,0
6443,2028976344,CeraVe,2024-06-01,5.0,182,41,1,False,neutral,False,True,True,False,1,0,0,0,0,0,0
6444,2028976344,CeraVe,2024-06-01,5.0,94,23,1,False,positive,False,True,False,False,1,0,0,0,0,0,0
6445,2028976344,CeraVe,2024-06-01,5.0,129,28,1,False,neutral,False,True,True,False,1,0,0,0,1,0,0
6446,2028976344,CeraVe,2024-05-01,5.0,64,14,1,False,positive,False,True,True,False,1,0,0,0,1,0,0
6447,2028976344,CeraVe,2024-04-01,5.0,86,19,1,False,positive,False,True,True,False,1,0,0,0,0,0,0
6448,2028976344,CeraVe,2024-03-01,5.0,94,21,1,False,,,,,,0,0,0,0,0,0,0
6449,2028976344,CeraVe,2024-03-01,5.0,54,4,1,False,,,,,,0,0,0,0,0,0,0
6450,2028976344,CeraVe,2024-02-01,5.0,99,23,1,False,positive,False,True,True,False,1,1,0,0,1,1,0
6451,2028976344,CeraVe,2024-01-01,5.0,34,8,1,False,neutral,False,False,False,False,0,0,0,0,1,0,0
6452,2028976344,CeraVe,2024-01-01,5.0,138,29,1,False,positive,False,True,True,False,0,1,1,1,0,0,0
6453,2028976344,CeraVe,2024-01-01,5.0,64,15,1,False,,,,,,0,0,0,0,0,0,0
6454,2028976344,CeraVe,2024-01-01,5.0,41,9,1,False,,,,,,0,0,0,0,0,0,0
6455,2028976344,CeraVe,2024-01-01,5.0,4,1,6,True,,,,,,0,0,0,0,0,0,0
6456,2028976344,CeraVe,2024-01-01,5.0,68,15,2,False,neutral,False,False,False,False,1,1,0,0,0,0,0
6457,2028976344,CeraVe,2024-01-01,5.0,100,23,1,False,neutral,False,False,False,False,1,0,0,0,0,0,0
6458,2028976344,CeraVe,2024-01-01,5.0,89,20,1,False,positive,False,True,True,False,1,0,0,0,1,0,0
6459,2028976344,CeraVe,2024-01-01,5.0,72,19,1,False,,,,,,0,0,0,0,0,0,0
6460,2028976344,CeraVe,2024-01-01,5.0,94,23,1,False,,,,,,0,0,0,0,0,0,0
6461,2028976344,CeraVe,2024-01-01,5.0,79,20,1,False,,,,,,0,0,0,0,0,0,0
6462,2028976344,CeraVe,2024-01-01,5.0,79,18,1,False,neutral,False,False,False,False,0,0,0,1,0,0,0
6463,2028976344,CeraVe,2024-01-01,5.0,66,15,1,False,neutral,False,False,False,False,1,1,0,0,0,0,0
6464,2028976344,CeraVe,2024-01-01,5.0,91,19,1,False,positive,False,True,True,False,1,0,0,0,1,0,0
6465,2028976344,CeraVe,2024-01-01,5.0,65,16,1,False,positive,False,True,False,False,0,1,0,0,0,0,0
6466,2028976344,CeraVe,2024-01-01,5.0,71,16,1,False,neutral,False,True,True,False,1,0,0,0,1,0,0
6467,2028976344,CeraVe,2024-01-01,5.0,61,12,1,False,neutral,False,True,True,False,0,1,0,1,0,0,0
6468,2028976344,CeraVe,2023-12-01,5.0,70,16,1,False,neutral,False,False,False,False,0,1,0,1,0,0,0
6469,2028976344,CeraVe,2023-12-01,5.0,133,27,1,False,neutral,False,False,False,False,0,1,0,0,0,0,1
6470,2028976344,CeraVe,2023-12-01,5.0,92,22,1,False,neutral,False,False,False,False,1,1,0,0,0,0,0
6471,2028976344,CeraVe,2023-12-01,5.0,60,9,1,False,positive,False,True,True,False,1,0,1,1,0,0,0
6472,2028976344,CeraVe,2023-12-01,5.0,125,28,1,False,neutral,False,False,False,False,0,1,0,0,0,0,0
6473,2028976344,CeraVe,2023-12-01,5.0,206,47,1,False,positive,False,True,False,False,0,0,1,0,0,0,0
6474,2028976344,CeraVe,2023-12-01,5.0,102,21,1,False,neutral,False,True,True,False,1,1,0,0,1,0,0
6475,2028976344,CeraVe,2023-12-01,5.0,122,30,1,False,neutral,False,False,False,False,1,0,0,0,0,0,0
6476,2028976344,CeraVe,2023-12-01,5.0,124,28,1,False,neutral,False,True,True,False,1,0,1,1,0,0,0
6477,2028976344,CeraVe,2023-12-01,5.0,91,23,1,False,neutral,False,False,False,False,1,0,1,0,0,0,0
6478,2028976344,CeraVe,2023-12-01,5.0,65,15,1,False,positive,False,True,False,False,0,1,1,0,0,0,1
6479,2028976344,CeraVe,2023-11-01,5.0,71,17,1,False,neutral,False,False,False,False,1,0,0,0,1,0,0
6480,2028976344,CeraVe,2023-11-01,5.0,48,12,1,False,,,,,,0,0,0,0,0,0,0
6481,3148877020,CeraVe,2025-09-01,5.0,204,47,1,False,negative,True,False,False,True,1,0,0,0,0,0,0
6482,3148747785,CeraVe,2026-03-01,5.0,41,9,1,False,neutral,False,False,False,False,1,0,0,0,0,0,0
6483,2028781933,CeraVe,2025-10-01,1.0,74,15,1,False,positive,False,True,False,False,0,0,0,0,1,0,0
6484,2028781933,CeraVe,2023-06-01,1.0,177,39,1,False,positive,False,True,True,False,1,0,1,0,1,0,0
6485,2028781933,CeraVe,2023-11-01,3.0,189,44,1,False,neutral,False,False,False,False,0,0,1,0,0,0,0
6486,2028781933,CeraVe,2026-02-01,4.0,68,16,1,False,positive,True,True,True,True,1,0,0,0,1,0,0
6487,2028781933,CeraVe,2024-12-01,4.0,109,18,1,False,positive,False,True,True,False,0,0,1,1,0,0,0
6488,2028781933,CeraVe,2023-03-01,4.0,119,28,1,False,,,,,,0,0,0,0,0,0,0
6489,2028781933,CeraVe,2026-03-01,5.0,143,33,1,False,positive,False,True,False,False,1,0,0,0,0,0,0
6490,2028781933,CeraVe,2026-03-01,5.0,129,31,1,False,positive,False,True,False,False,1,1,0,0,0,0,0
6491,2028781933,CeraVe,2026-03-01,5.0,77,25,1,False,,,,,,0,0,0,0,0,0,0
6492,2028781933,CeraVe,2026-03-01,5.0,135,31,1,False,,,,,,0,0,0,0,0,0,0
6493,2028781933,CeraVe,2026-03-01,5.0,148,32,1,False,positive,False,True,True,False,1,1,1,1,0,0,1
6494,2028781933,CeraVe,2026-03-01,5.0,83,19,1,False,positive,False,True,False,False,1,0,0,0,1,0,0
6495,2028781933,CeraVe,2026-02-01,5.0,33,8,1,False,,,,,,0,0,0,0,0,0,0
6496,2028781933,CeraVe,2026-02-01,5.0,71,17,1,False,,,,,,0,0,0,0,0,0,0
6497,2028781933,CeraVe,2026-02-01,5.0,107,25,1,False,positive,False,True,False,False,0,0,0,0,1,0,0
6498,2028781933,CeraVe,2026-02-01,5.0,124,27,1,False,positive,False,True,False,False,1,0,0,0,1,0,0
6499,2028781933,CeraVe,2026-01-01,5.0,3,1,23,True,,,,,,0,0,0,0,0,0,0
6500,2028781933,CeraVe,2026-01-01,5.0,96,22,1,False,positive,False,True,True,False,0,1,0,0,1,0,0
6501,2028781933,CeraVe,2025-12-01,5.0,152,36,1,False,positive,False,True,False,False,1,0,0,0,1,0,0
6502,2028781933,CeraVe,2025-12-01,5.0,99,23,1,False,positive,False,True,False,False,1,0,0,0,1,0,0
6503,2028781933,CeraVe,2025-12-01,5.0,4,1,6,True,,,,,,0,0,0,0,0,0,0
6504,2028781933,CeraVe,2025-11-01,5.0,67,16,1,False,neutral,True,False,True,True,1,0,0,0,0,0,0
6505,2028781933,CeraVe,2025-11-01,5.0,160,36,1,False,positive,True,True,True,True,1,0,0,0,1,0,0
6506,2028781933,CeraVe,2025-11-01,5.0,63,14,4,False,positive,False,True,False,False,0,0,0,1,0,0,1
6507,2028781933,CeraVe,2025-11-01,5.0,70,17,1,False,positive,False,True,False,False,1,0,0,0,0,0,0
6508,2028781933,CeraVe,2025-10-01,5.0,66,13,2,False,positive,False,True,False,False,0,0,0,0,1,0,0
6509,2028781933,CeraVe,2025-09-01,5.0,74,18,1,False,,,,,,0,0,0,0,0,0,0
6510,2028781933,CeraVe,2025-09-01,5.0,74,18,1,False,neutral,False,False,False,False,0,0,0,0,0,0,1
6511,2028781933,CeraVe,2025-09-01,5.0,104,26,1,False,,,,,,0,0,0,0,0,0,0
6512,2028781933,CeraVe,2025-09-01,5.0,76,18,1,False,positive,True,True,True,True,1,0,0,0,1,0,0
6513,2028781933,CeraVe,2025-08-01,5.0,143,32,1,False,positive,False,True,False,False,1,0,0,0,1,0,0
6514,2028781933,CeraVe,2025-08-01,5.0,96,22,1,False,positive,False,True,False,False,1,0,0,0,0,0,0
6515,2028781933,CeraVe,2025-08-01,5.0,207,51,1,False,positive,False,True,True,False,1,1,0,0,1,0,0
6516,2028781933,CeraVe,2025-08-01,5.0,73,17,1,False,positive,False,True,False,False,1,0,0,0,1,0,0
6517,2028781933,CeraVe,2025-07-01,5.0,12,3,1,False,,,,,,0,0,0,0,0,0,0
6518,2028781933,CeraVe,2025-07-01,5.0,75,18,1,False,positive,True,True,True,True,1,0,0,0,0,0,0
6519,2028781933,CeraVe,2025-06-01,5.0,150,34,1,False,positive,False,True,False,False,1,0,0,0,0,0,0
6520,2028781933,CeraVe,2025-06-01,5.0,55,14,1,False,neutral,False,False,False,False,0,1,0,0,0,0,0
6521,2028781933,CeraVe,2025-06-01,5.0,65,15,1,False,positive,False,True,False,False,1,1,0,0,1,0,0
6522,2028781933,CeraVe,2025-06-01,5.0,63,14,4,False,positive,False,True,False,False,0,0,0,1,0,0,1
6523,2028781933,CeraVe,2025-05-01,5.0,108,24,1,False,positive,False,True,False,False,0,0,0,1,0,0,1
6524,2028781933,CeraVe,2025-05-01,5.0,193,47,1,False,positive,False,True,False,False,1,1,0,0,0,0,0
6525,2028781933,CeraVe,2025-04-01,5.0,98,22,1,False,positive,False,True,True,False,1,0,0,0,0,0,0
6526,2028781933,CeraVe,2025-04-01,5.0,114,27,1,False,negative,True,False,False,True,1,0,0,0,0,0,0
6527,2028781933,CeraVe,2025-04-01,5.0,94,22,1,False,positive,False,True,True,False,1,1,0,0,1,0,0
6528,2028781933,CeraVe,2025-04-01,5.0,99,23,1,False,positive,True,True,True,True,1,0,0,0,1,0,0
6529,2028781933,CeraVe,2025-03-01,5.0,99,23,1,False,positive,False,True,False,False,1,1,0,0,1,0,0
6530,2028781933,CeraVe,2025-03-01,5.0,25,6,1,False,neutral,False,False,False,False,0,0,0,1,0,0,0
6531,2028781933,CeraVe,2025-03-01,5.0,81,20,1,False,positive,False,True,False,False,1,1,0,0,0,0,0
6532,2028781933,CeraVe,2025-03-01,5.0,99,23,1,False,positive,False,True,True,False,1,1,0,0,1,0,0
6533,2028781933,CeraVe,2025-03-01,5.0,158,39,1,False,positive,False,True,False,False,1,0,0,0,0,0,0
6534,2028781933,CeraVe,2025-03-01,5.0,287,62,1,False,neutral,False,True,True,False,1,0,0,0,1,1,0
6535,2028781933,CeraVe,2025-03-01,5.0,87,20,1,False,positive,False,True,True,False,1,0,0,0,1,0,0
6536,2028781933,CeraVe,2025-02-01,5.0,107,27,1,False,positive,False,True,False,False,1,1,0,0,0,0,0
6537,2028781933,CeraVe,2025-02-01,5.0,103,23,1,False,,,,,,0,0,0,0,0,0,0
6538,2028781933,CeraVe,2025-01-01,5.0,118,27,1,False,neutral,False,False,False,False,0,0,0,0,1,0,0
6539,2028781933,CeraVe,2025-01-01,5.0,78,17,1,False,,,,,,0,0,0,0,0,0,0
6540,2028781933,CeraVe,2024-12-01,5.0,116,28,1,False,neutral,False,False,False,False,0,0,0,0,1,0,0
6541,2028781933,CeraVe,2024-12-01,5.0,371,82,1,False,neutral,False,True,True,False,1,1,1,0,1,0,0
6542,2028781933,CeraVe,2024-12-01,5.0,95,23,1,False,positive,False,True,False,False,0,0,0,0,1,0,0
6543,2028781933,CeraVe,2024-12-01,5.0,128,32,1,False,positive,True,True,True,True,1,1,0,0,0,0,0
6544,2028781933,CeraVe,2024-12-01,5.0,143,34,1,False,positive,False,True,False,False,1,1,0,0,1,0,0
6545,2028781933,CeraVe,2024-12-01,5.0,86,21,1,False,neutral,False,False,False,False,0,0,0,0,1,0,0
6546,2028781933,CeraVe,2024-12-01,5.0,114,27,1,False,neutral,False,False,False,False,1,0,0,0,0,0,0
6547,2028781933,CeraVe,2024-12-01,5.0,112,24,1,False,neutral,False,True,True,False,0,1,1,1,0,0,1
6548,2028781933,CeraVe,2024-12-01,5.0,156,41,1,False,neutral,False,False,False,False,1,0,0,0,0,0,0
6549,2028781933,CeraVe,2024-12-01,5.0,102,24,1,False,positive,True,True,True,True,1,0,0,0,1,0,0
6550,2028781933,CeraVe,2024-12-01,5.0,132,27,1,False,neutral,False,True,True,False,1,0,0,0,1,0,0
6551,2028781933,CeraVe,2024-11-01,5.0,120,30,1,False,positive,False,True,False,False,1,1,0,0,0,0,0
6552,2028781933,CeraVe,2024-11-01,5.0,99,22,1,False,neutral,False,True,True,False,1,0,0,0,1,0,0
6553,2028781933,CeraVe,2024-11-01,5.0,203,48,1,False,neutral,False,False,False,False,1,0,0,0,1,0,0
6554,2028781933,CeraVe,2024-11-01,5.0,57,14,1,False,negative,True,True,True,True,1,0,0,0,0,0,0
6555,2028781933,CeraVe,2024-11-01,5.0,76,18,1,False,positive,False,True,False,False,1,1,0,0,1,0,0
6556,2028781933,CeraVe,2024-11-01,5.0,18,5,1,False,,,,,,0,0,0,0,0,0,0
6557,2028781933,CeraVe,2024-11-01,5.0,74,15,1,False,negative,True,False,False,True,0,0,1,0,0,0,0
6558,2028781933,CeraVe,2024-11-01,5.0,75,18,1,False,neutral,True,False,True,True,1,0,0,0,0,0,0
6559,2028781933,CeraVe,2024-11-01,5.0,99,20,1,False,neutral,False,False,False,False,0,0,1,1,0,0,0
6560,2028781933,CeraVe,2024-11-01,5.0,65,15,1,False,positive,False,True,False,False,1,0,0,0,1,0,0
6561,2028781933,CeraVe,2024-11-01,5.0,78,17,1,False,neutral,False,False,False,False,0,1,0,0,0,0,0
6562,2028781933,CeraVe,2024-11-01,5.0,115,26,1,False,neutral,False,False,False,False,1,0,0,0,0,0,0
6563,2028781933,CeraVe,2024-11-01,5.0,73,16,1,False,neutral,False,False,False,False,0,0,0,0,0,0,1
6564,2028781933,CeraVe,2024-11-01,5.0,103,24,1,False,positive,False,True,False,False,1,0,0,0,1,0,0
6565,2028781933,CeraVe,2024-10-01,5.0,214,46,1,False,positive,False,True,False,False,1,0,0,0,1,1,0
6566,2028781933,CeraVe,2024-10-01,5.0,112,25,1,False,positive,False,True,False,False,0,1,0,0,0,0,0
6567,2028781933,CeraVe,2024-10-01,5.0,98,22,1,False,,,,,,0,0,0,0,0,0,0
6568,2028781933,CeraVe,2024-10-01,5.0,92,24,1,False,positive,False,True,False,False,1,1,0,0,0,0,0
6569,2028781933,CeraVe,2024-10-01,5.0,128,29,1,False,positive,False,True,False,False,0,0,1,0,0,0,1
6570,2028781933,CeraVe,2024-10-01,5.0,87,19,1,False,positive,False,True,False,False,1,0,0,0,1,0,0
6571,2028781933,CeraVe,2024-10-01,5.0,80,19,1,False,neutral,True,False,True,True,1,0,0,0,0,0,0
6572,2028781933,CeraVe,2024-09-01,5.0,248,54,1,False,positive,True,True,True,True,1,1,0,0,1,0,0
6573,2028781933,CeraVe,2024-09-01,5.0,149,37,1,False,,,,,,0,0,0,0,0,0,0
6574,3092416553,CeraVe,2025-08-01,1.0,384,98,1,False,neutral,False,False,False,False,0,0,0,0,0,0,1
6575,3092416553,CeraVe,2026-01-01,5.0,96,21,1,False,neutral,False,True,True,False,1,1,0,0,0,1,0
6576,3092416553,CeraVe,2025-12-01,5.0,116,26,2,False,positive,False,True,True,False,0,1,0,0,0,0,1
6577,3092416553,CeraVe,2025-11-01,5.0,98,24,1,False,,,,,,0,0,0,0,0,0,0
6578,3092416553,CeraVe,2025-10-01,5.0,224,51,1,False,positive,False,True,True,False,1,1,0,0,0,1,0
6579,3092416553,CeraVe,2025-10-01,5.0,144,30,1,False,neutral,False,False,False,False,0,0,1,1,0,0,0
6580,3092416553,CeraVe,2025-10-01,5.0,126,25,1,False,neutral,False,False,False,False,1,1,0,0,0,0,0
6581,3092416553,CeraVe,2025-10-01,5.0,97,23,1,False,neutral,False,False,False,False,0,1,0,0,0,0,0
6582,3092416553,CeraVe,2025-10-01,5.0,167,38,1,False,positive,False,True,False,False,0,1,0,0,0,0,0
6583,3092416553,CeraVe,2025-08-01,5.0,37,8,1,False,,,,,,0,0,0,0,0,0,0
6584,3092416553,CeraVe,2025-07-01,5.0,77,8,1,False,,,,,,0,0,0,0,0,0,0
6585,3092416553,CeraVe,2025-06-01,5.0,73,17,1,False,neutral,False,False,False,False,1,1,0,1,0,0,0
6586,2447385502,CeraVe,2024-09-01,1.0,125,27,1,False,neutral,False,False,False,False,0,0,0,1,0,0,1
6587,2447385502,CeraVe,2024-08-01,1.0,112,28,1,False,,,,,,0,0,0,0,0,0,0
6588,2447385502,CeraVe,2024-07-01,1.0,38,9,1,False,,,,,,0,0,0,0,0,0,0
6589,2447385502,CeraVe,2024-06-01,1.0,158,38,1,False,,,,,,0,0,0,0,0,0,0
6590,2447385502,CeraVe,2023-12-01,1.0,88,20,1,False,negative,True,False,False,False,0,0,0,0,1,0,0
6591,2447385502,CeraVe,2025-02-01,2.0,28,7,1,False,,,,,,0,0,0,0,0,0,0
6592,2447385502,CeraVe,2024-10-01,2.0,15,4,1,False,neutral,False,False,False,False,0,1,0,0,0,0,0
6593,2447385502,CeraVe,2024-07-01,2.0,75,17,1,False,neutral,False,True,True,False,0,0,1,0,1,0,0
6594,2447385502,CeraVe,2024-05-01,4.0,101,23,1,False,neutral,False,False,False,False,0,1,0,0,0,0,0
6595,2447385502,CeraVe,2026-01-01,5.0,175,42,1,False,positive,False,True,True,False,1,0,0,0,0,0,0
6596,2447385502,CeraVe,2026-01-01,5.0,92,21,1,False,positive,False,True,False,False,1,0,0,0,0,0,0
6597,2447385502,CeraVe,2025-12-01,5.0,141,32,1,False,neutral,False,True,True,False,0,1,0,0,1,0,1
6598,2447385502,CeraVe,2025-11-01,5.0,120,26,1,False,positive,False,True,False,False,1,0,0,0,0,0,0
6599,2447385502,CeraVe,2025-09-01,5.0,69,18,1,False,positive,False,True,False,False,1,0,0,0,0,0,0
6600,2447385502,CeraVe,2025-09-01,5.0,73,16,2,False,neutral,False,False,False,False,1,0,0,0,0,0,0
6601,2447385502,CeraVe,2025-08-01,5.0,83,21,1,False,positive,False,True,False,False,1,0,0,0,0,0,0
6602,2447385502,CeraVe,2025-08-01,5.0,65,9,1,False,positive,False,True,False,False,1,0,0,0,0,0,0
6603,2447385502,CeraVe,2025-06-01,5.0,63,14,1,False,negative,True,False,False,True,0,0,1,0,0,0,0
6604,2447385502,CeraVe,2025-06-01,5.0,69,18,1,False,positive,False,True,False,False,1,0,0,0,0,0,0
6605,2447385502,CeraVe,2025-05-01,5.0,21,5,1,False,,,,,,0,0,0,0,0,0,0
6606,2447385502,CeraVe,2025-04-01,5.0,3,1,23,True,,,,,,0,0,0,0,0,0,0
6607,2447385502,CeraVe,2025-03-01,5.0,120,28,1,False,positive,False,True,False,False,1,0,0,0,0,0,0
6608,2447385502,CeraVe,2025-03-01,5.0,202,42,1,False,positive,False,True,True,False,1,1,0,0,0,1,0
6609,2447385502,CeraVe,2025-03-01,5.0,69,14,1,False,positive,False,True,False,False,1,0,0,0,0,0,0
6610,2447385502,CeraVe,2025-03-01,5.0,91,21,1,False,positive,False,True,False,False,0,0,1,0,0,0,0
6611,2447385502,CeraVe,2025-03-01,5.0,255,61,1,False,positive,False,True,False,False,1,0,0,0,0,0,0
6612,2447385502,CeraVe,2025-03-01,5.0,102,25,1,False,positive,False,True,False,False,1,0,0,0,0,0,0
6613,2447385502,CeraVe,2025-02-01,5.0,91,21,1,False,positive,False,True,False,False,1,0,0,0,0,0,0
6614,2447385502,CeraVe,2025-02-01,5.0,95,23,1,False,,,,,,0,0,0,0,0,0,0
6615,2447385502,CeraVe,2025-02-01,5.0,139,33,1,False,neutral,False,False,False,False,1,0,0,0,0,0,0
6616,2447385502,CeraVe,2025-01-01,5.0,237,54,1,False,positive,False,True,True,False,1,0,0,0,0,0,0
6617,2447385502,CeraVe,2025-01-01,5.0,87,20,1,False,neutral,False,True,True,False,1,0,1,0,0,0,0
6618,2447385502,CeraVe,2024-12-01,5.0,91,20,1,False,,,,,,0,0,0,0,0,0,0
6619,2447385502,CeraVe,2024-12-01,5.0,77,18,1,False,positive,False,True,False,False,0,1,0,0,0,0,1
6620,2447385502,CeraVe,2024-12-01,5.0,63,14,2,False,neutral,False,True,True,False,1,1,1,1,0,0,0
6621,2447385502,CeraVe,2024-12-01,5.0,95,22,2,False,,,,,,0,0,0,0,0,0,0
6622,2447385502,CeraVe,2024-12-01,5.0,72,16,1,False,,,,,,0,0,0,0,0,0,0
6623,2447385502,CeraVe,2024-12-01,5.0,132,30,1,False,positive,False,True,False,False,1,0,0,0,0,0,0
6624,2447385502,CeraVe,2024-12-01,5.0,80,19,1,False,positive,False,True,False,False,1,0,0,0,0,0,0
6625,2447385502,CeraVe,2024-12-01,5.0,80,20,1,False,positive,False,True,False,False,1,0,0,0,0,0,0
6626,2447385502,CeraVe,2024-11-01,5.0,120,29,1,False,positive,False,True,False,False,1,0,0,0,0,0,0
6627,2447385502,CeraVe,2024-11-01,5.0,80,17,1,False,,,,,,0,0,0,0,0,0,0
6628,2447385502,CeraVe,2024-11-01,5.0,105,26,1,False,positive,False,True,False,False,1,0,0,0,0,0,0
6629,2447385502,CeraVe,2024-11-01,5.0,143,31,1,False,neutral,False,False,False,False,0,0,1,0,0,0,1
6630,2447385502,CeraVe,2024-11-01,5.0,107,26,1,False,positive,False,True,True,False,1,0,0,0,0,0,0
6631,2447385502,CeraVe,2024-11-01,5.0,80,17,1,False,,,,,,0,0,0,0,0,0,0
6632,2447385502,CeraVe,2024-11-01,5.0,86,20,1,False,positive,False,True,False,False,0,0,1,0,0,0,0
6633,2447385502,CeraVe,2024-11-01,5.0,154,36,1,False,positive,False,True,False,False,1,0,0,0,0,0,0
6634,2447385502,CeraVe,2024-11-01,5.0,66,16,1,False,,,,,,0,0,0,0,0,0,0
6635,2447385502,CeraVe,2024-11-01,5.0,111,24,1,False,,,,,,0,0,0,0,0,0,0
6636,2447385502,CeraVe,2024-11-01,5.0,65,16,1,False,,,,,,0,0,0,0,0,0,0
6637,2447385502,CeraVe,2024-11-01,5.0,66,16,1,False,positive,False,True,False,False,1,0,0,0,0,0,0
6638,2447385502,CeraVe,2024-10-01,5.0,98,23,1,False,positive,False,True,True,False,0,1,1,0,0,0,0
6639,2447385502,CeraVe,2024-10-01,5.0,114,27,1,False,positive,False,True,False,False,1,0,0,0,0,0,0
6640,2447385502,CeraVe,2024-10-01,5.0,131,30,1,False,positive,False,True,False,False,1,0,0,0,0,0,0
6641,2447385502,CeraVe,2024-10-01,5.0,92,21,1,False,positive,False,True,False,False,0,0,1,0,0,0,0
6642,2447385502,CeraVe,2024-10-01,5.0,65,15,1,False,neutral,False,False,False,False,1,0,0,0,1,0,0
6643,2447385502,CeraVe,2024-10-01,5.0,172,38,1,False,,,,,,0,0,0,0,0,0,0
6644,2447385502,CeraVe,2024-10-01,5.0,231,54,1,False,positive,False,True,True,False,1,0,1,0,0,0,0
6645,2447385502,CeraVe,2024-10-01,5.0,95,22,2,False,,,,,,0,0,0,0,0,0,0
6646,2447385502,CeraVe,2024-10-01,5.0,68,17,1,False,positive,False,True,False,False,0,1,0,0,0,0,1
6647,2447385502,CeraVe,2024-10-01,5.0,67,15,1,False,,,,,,0,0,0,0,0,0,0
6648,2447385502,CeraVe,2024-10-01,5.0,78,18,1,False,,,,,,0,0,0,0,0,0,0
6649,2447385502,CeraVe,2024-10-01,5.0,122,29,1,False,positive,False,True,False,False,1,0,0,0,0,0,0
6650,2447385502,CeraVe,2024-10-01,5.0,67,14,1,False,,,,,,0,0,0,0,0,0,0
6651,2447385502,CeraVe,2024-10-01,5.0,78,20,1,False,positive,True,True,True,True,1,1,0,0,1,0,0
6652,2447385502,CeraVe,2024-09-01,5.0,103,26,1,False,positive,False,True,False,False,1,0,0,0,0,0,0
6653,2447385502,CeraVe,2024-09-01,5.0,93,22,1,False,neutral,False,False,False,False,1,0,0,0,0,0,0
6654,2447385502,CeraVe,2024-09-01,5.0,111,26,1,False,neutral,False,False,False,False,1,0,0,0,0,0,0
6655,2447385502,CeraVe,2024-09-01,5.0,88,20,1,False,positive,False,True,False,False,1,1,0,0,0,0,0
6656,2447385502,CeraVe,2024-09-01,5.0,93,20,1,False,,,,,,0,0,0,0,0,0,0
6657,2447385502,CeraVe,2024-09-01,5.0,167,37,1,False,positive,False,True,True,False,1,0,0,0,1,0,0
6658,2447385502,CeraVe,2024-09-01,5.0,82,19,1,False,positive,False,True,False,False,1,0,0,0,0,0,0
6659,2447385502,CeraVe,2024-08-01,5.0,105,24,1,False,positive,False,True,False,False,1,0,0,0,0,0,0
6660,2447385502,CeraVe,2024-08-01,5.0,83,19,2,False,positive,False,True,False,False,1,0,0,0,0,0,0
6661,2447385502,CeraVe,2024-08-01,5.0,211,50,1,False,positive,False,True,True,False,1,0,0,0,0,0,0
6662,2447385502,CeraVe,2024-08-01,5.0,65,16,1,False,,,,,,0,0,0,0,0,0,0
6663,2447385502,CeraVe,2024-08-01,5.0,82,20,1,False,neutral,False,False,False,False,1,0,0,0,0,0,0
6664,2447385502,CeraVe,2024-08-01,5.0,107,23,1,False,neutral,False,False,False,False,1,0,0,0,0,0,0
6665,2447385502,CeraVe,2024-08-01,5.0,149,34,1,False,positive,False,True,False,False,1,0,0,0,0,0,0
6666,2447385502,CeraVe,2024-08-01,5.0,135,31,1,False,neutral,False,False,False,False,0,0,0,1,0,0,0
6667,2447385502,CeraVe,2024-08-01,5.0,130,30,1,False,neutral,False,True,True,False,1,0,0,0,0,0,0
6668,2447385502,CeraVe,2024-08-01,5.0,73,16,2,False,neutral,False,False,False,False,1,0,0,0,0,0,0
6669,2447385502,CeraVe,2024-08-01,5.0,93,22,1,False,neutral,False,False,False,False,1,0,0,0,0,0,0
6670,2447385502,CeraVe,2024-08-01,5.0,121,28,1,False,positive,False,True,False,False,1,0,0,0,0,0,0
6671,2447385502,CeraVe,2024-07-01,5.0,77,17,1,False,positive,False,True,False,False,0,1,0,0,0,0,0
6672,2447385502,CeraVe,2024-07-01,5.0,122,28,1,False,neutral,False,True,True,False,1,0,0,0,0,0,0
6673,2447385502,CeraVe,2024-07-01,5.0,81,18,1,False,positive,False,True,False,False,1,0,0,0,0,0,0
6674,2447385502,CeraVe,2024-07-01,5.0,103,23,1,False,positive,False,True,False,False,1,0,0,0,0,0,0
6675,2028939549,CeraVe,2025-07-01,1.0,75,20,2,False,,,,,,0,0,0,0,0,0,0
6676,2028939549,CeraVe,2022-12-01,3.0,116,27,1,False,negative,True,False,False,False,0,0,0,0,0,0,1
6677,2028939549,CeraVe,2025-03-01,4.0,924,211,1,False,positive,False,True,True,False,1,1,0,0,1,0,0
6678,2028939549,CeraVe,2023-09-01,4.0,85,20,1,False,,,,,,0,0,0,0,0,0,0
6679,2028939549,CeraVe,2023-09-01,4.0,101,21,1,False,positive,False,True,False,False,1,1,1,1,1,0,0
6680,2028939549,CeraVe,2026-04-01,5.0,95,22,1,False,positive,False,True,False,False,0,1,0,0,1,0,0
6681,2028939549,CeraVe,2025-09-01,5.0,628,132,1,False,neutral,False,True,True,False,1,0,0,0,1,1,0
6682,2028939549,CeraVe,2025-05-01,5.0,138,32,1,False,positive,False,True,False,False,0,1,0,0,1,0,0
6683,2028939549,CeraVe,2025-03-01,5.0,25,6,1,False,neutral,False,False,False,False,1,0,0,0,0,0,0
6684,2028939549,CeraVe,2025-03-01,5.0,140,30,1,False,neutral,False,True,True,False,1,0,0,0,1,1,0
6685,2028939549,CeraVe,2025-03-01,5.0,119,27,1,False,positive,False,True,True,False,1,0,0,0,1,0,0
6686,2028939549,CeraVe,2025-01-01,5.0,67,17,1,False,,,,,,0,0,0,0,0,0,0
6687,2028939549,CeraVe,2025-01-01,5.0,98,22,1,False,neutral,True,False,True,True,0,1,0,1,0,0,0
6688,2028939549,CeraVe,2024-12-01,5.0,189,46,1,False,neutral,False,False,False,False,1,0,0,0,1,0,0
6689,2028939549,CeraVe,2024-12-01,5.0,65,15,2,False,neutral,False,True,True,False,0,1,1,0,0,0,0
6690,2028939549,CeraVe,2024-12-01,5.0,129,31,1,False,positive,False,True,True,False,1,1,0,0,1,0,0
6691,2028939549,CeraVe,2024-12-01,5.0,104,25,1,False,neutral,False,False,False,False,1,0,0,0,0,0,0
6692,2028939549,CeraVe,2024-12-01,5.0,109,26,1,False,positive,False,True,True,False,1,1,0,0,1,0,0
6693,2028939549,CeraVe,2024-12-01,5.0,64,14,1,False,neutral,False,False,False,False,0,1,0,0,0,0,0
6694,2028939549,CeraVe,2024-12-01,5.0,67,17,1,False,neutral,False,False,False,False,1,0,0,0,0,0,0
6695,2028939549,CeraVe,2024-12-01,5.0,99,25,1,False,neutral,False,False,False,False,1,0,0,0,0,0,0
6696,2028939549,CeraVe,2024-11-01,5.0,176,38,1,False,positive,False,True,False,False,1,0,0,0,1,1,0
6697,2028939549,CeraVe,2024-11-01,5.0,142,31,1,False,positive,False,True,True,False,1,0,0,0,1,1,0
6698,2028939549,CeraVe,2024-11-01,5.0,103,23,1,False,positive,False,True,False,False,0,1,0,0,1,0,0
6699,2028939549,CeraVe,2024-10-01,5.0,160,38,1,False,positive,False,True,True,False,1,1,0,0,1,1,0
6700,2028939549,CeraVe,2024-10-01,5.0,63,14,4,False,positive,False,True,False,False,0,0,0,1,0,0,1
6701,2028939549,CeraVe,2024-10-01,5.0,76,19,1,False,positive,False,True,False,False,1,1,0,0,0,0,0
6702,2028939549,CeraVe,2024-08-01,5.0,78,18,1,False,neutral,False,False,False,False,0,1,0,0,0,0,0
6703,2028939549,CeraVe,2024-08-01,5.0,36,8,2,False,,,,,,0,0,0,0,0,0,0
6704,2028939549,CeraVe,2024-08-01,5.0,83,18,1,False,neutral,False,False,False,False,0,0,0,0,1,0,0
6705,2028939549,CeraVe,2024-07-01,5.0,64,17,1,False,,,,,,0,0,0,0,0,0,0
6706,2028939549,CeraVe,2024-07-01,5.0,67,18,1,False,neutral,False,False,False,False,1,0,0,0,0,0,0
6707,2028939549,CeraVe,2024-07-01,5.0,144,35,1,False,positive,False,True,False,False,1,1,0,0,1,0,0
6708,2028939549,CeraVe,2024-06-01,5.0,105,26,1,False,positive,False,True,False,False,1,0,0,0,0,0,0
6709,2028939549,CeraVe,2024-06-01,5.0,109,24,1,False,positive,False,True,False,False,1,0,0,0,0,0,0
6710,2028939549,CeraVe,2024-06-01,5.0,69,16,1,False,positive,False,True,False,False,1,0,0,0,0,0,0
6711,2028939549,CeraVe,2024-06-01,5.0,76,17,1,False,neutral,False,False,False,False,0,0,1,1,0,0,0
6712,2028939549,CeraVe,2024-05-01,5.0,222,52,1,False,positive,False,True,True,False,1,0,0,0,0,1,0
6713,2028939549,CeraVe,2024-05-01,5.0,144,32,1,False,positive,False,True,False,False,1,1,0,0,1,0,0
6714,2028939549,CeraVe,2024-03-01,5.0,18,5,1,False,positive,False,True,False,False,1,0,0,0,0,0,0
6715,2028939549,CeraVe,2024-03-01,5.0,136,35,1,False,neutral,False,True,True,False,1,0,0,0,0,1,0
6716,2028939549,CeraVe,2024-02-01,5.0,46,6,1,False,,,,,,0,0,0,0,0,0,0
6717,2028939549,CeraVe,2024-02-01,5.0,132,30,1,False,neutral,False,False,False,False,0,0,1,0,0,0,0
6718,2028939549,CeraVe,2024-01-01,5.0,101,24,1,False,positive,False,True,False,False,1,0,0,0,0,0,0
6719,2028939549,CeraVe,2024-01-01,5.0,162,39,1,False,positive,False,True,False,False,1,0,0,0,0,0,0
6720,2028939549,CeraVe,2023-12-01,5.0,85,16,1,False,positive,False,True,False,False,1,0,1,0,1,0,0
6721,2028939549,CeraVe,2023-12-01,5.0,14,4,1,False,,,,,,0,0,0,0,0,0,0
6722,2028939549,CeraVe,2023-11-01,5.0,127,29,1,False,positive,False,True,True,False,0,1,0,0,1,1,0
6723,2028939549,CeraVe,2023-11-01,5.0,133,31,1,False,positive,False,True,False,False,1,1,0,0,1,0,0
6724,2028939549,CeraVe,2023-11-01,5.0,64,15,1,False,positive,False,True,False,False,0,0,0,1,0,0,0
6725,2028939549,CeraVe,2023-11-01,5.0,111,25,1,False,positive,False,True,False,False,1,0,0,0,1,0,0
6726,2028939549,CeraVe,2023-10-01,5.0,152,37,1,False,positive,False,True,True,False,1,0,0,0,0,0,0
6727,2028939549,CeraVe,2023-10-01,5.0,64,16,1,False,neutral,False,False,False,False,1,0,0,0,0,0,0
6728,2028939549,CeraVe,2023-09-01,5.0,118,26,1,False,positive,False,True,False,False,1,0,0,0,1,0,0
6729,2028939549,CeraVe,2023-09-01,5.0,222,48,1,False,positive,False,True,False,False,1,0,1,0,1,0,0
6730,2028939549,CeraVe,2023-08-01,5.0,111,21,1,False,positive,False,True,False,False,1,0,0,0,0,0,0
6731,2028939549,CeraVe,2023-07-01,5.0,70,16,1,False,positive,False,True,False,False,1,0,0,0,0,0,0
6732,2028939549,CeraVe,2023-07-01,5.0,62,12,1,False,,,,,,0,0,0,0,0,0,0
6733,2028939549,CeraVe,2023-07-01,5.0,63,14,1,False,neutral,False,False,False,False,0,1,0,0,0,0,0
6734,2028939549,CeraVe,2023-07-01,5.0,416,94,1,False,neutral,False,False,False,False,1,0,0,0,0,0,0
6735,2028939549,CeraVe,2023-07-01,5.0,102,23,1,False,neutral,False,False,False,False,0,0,1,1,0,0,0
6736,2028939549,CeraVe,2023-07-01,5.0,81,17,1,False,neutral,False,False,False,False,0,1,1,1,0,0,1
6737,2028939549,CeraVe,2023-07-01,5.0,31,8,1,False,,,,,,0,0,0,0,0,0,0
6738,2028939549,CeraVe,2023-07-01,5.0,168,40,1,False,neutral,False,False,False,False,0,0,0,1,1,0,0
6739,2028939549,CeraVe,2023-07-01,5.0,166,35,1,False,positive,False,True,True,False,0,1,1,1,1,0,0
6740,2028939549,CeraVe,2023-07-01,5.0,102,22,1,False,neutral,True,False,True,True,0,0,1,1,0,0,0
6741,2028939549,CeraVe,2023-07-01,5.0,82,19,1,False,positive,False,True,True,False,1,0,0,0,1,0,0
6742,2028939549,CeraVe,2023-07-01,5.0,304,67,1,False,positive,False,True,True,False,1,0,1,0,1,0,0
6743,2028939549,CeraVe,2023-07-01,5.0,78,17,1,False,neutral,False,True,True,False,0,0,1,1,0,0,0
6744,2028939549,CeraVe,2023-07-01,5.0,81,17,1,False,neutral,False,False,False,False,0,0,1,1,0,0,0
6745,2028939549,CeraVe,2023-07-01,5.0,182,40,1,False,neutral,False,False,False,False,0,1,0,0,1,0,0
6746,2028939549,CeraVe,2023-07-01,5.0,70,15,1,False,neutral,False,False,False,False,0,0,0,1,0,0,0
6747,2028939549,CeraVe,2023-07-01,5.0,76,16,1,False,neutral,False,False,False,False,0,1,0,1,0,0,1
6748,2028939549,CeraVe,2023-06-01,5.0,85,18,1,False,neutral,False,False,False,False,0,1,0,1,0,0,0
6749,2028939549,CeraVe,2023-06-01,5.0,68,16,1,False,neutral,False,True,True,False,0,1,0,0,0,0,1
6750,2028939549,CeraVe,2023-06-01,5.0,81,15,1,False,neutral,False,False,False,False,0,0,1,1,0,0,0
6751,2028939549,CeraVe,2023-06-01,5.0,86,16,1,False,neutral,False,False,False,False,0,0,1,1,0,0,0
6752,2028939549,CeraVe,2023-06-01,5.0,252,55,1,False,neutral,False,False,False,False,0,1,0,0,1,0,0
6753,2028939549,CeraVe,2023-06-01,5.0,74,16,1,False,neutral,False,True,True,False,0,0,1,0,0,0,1
6754,2028939549,CeraVe,2023-06-01,5.0,125,29,1,False,,,,,,0,0,0,0,0,0,0
6755,2028939549,CeraVe,2023-06-01,5.0,53,13,1,False,positive,False,True,False,False,0,0,0,0,1,0,0
6756,2028939549,CeraVe,2023-06-01,5.0,96,20,1,False,neutral,False,False,False,False,0,0,0,0,0,0,1
6757,2028939549,CeraVe,2023-06-01,5.0,89,17,1,False,positive,False,True,True,False,1,0,1,0,1,0,0
6758,2028939549,CeraVe,2023-06-01,5.0,95,21,1,False,positive,False,True,True,False,1,1,0,0,0,0,0
6759,2028939549,CeraVe,2023-06-01,5.0,155,34,1,False,,,,,,0,0,0,0,0,0,0
6760,2028939549,CeraVe,2023-06-01,5.0,71,17,1,False,,,,,,0,0,0,0,0,0,0
6761,2028939549,CeraVe,2023-06-01,5.0,96,24,1,False,neutral,True,True,True,True,1,0,1,0,0,0,0
6762,2028939549,CeraVe,2023-05-01,5.0,113,24,1,False,positive,False,True,False,False,1,0,1,0,1,0,0
6763,2028939549,CeraVe,2023-05-01,5.0,147,33,1,False,positive,False,True,False,False,1,0,1,0,1,0,0
6764,2028939549,CeraVe,2023-05-01,5.0,89,23,1,False,positive,False,True,False,False,0,0,0,0,1,0,0
6765,2028939549,CeraVe,2023-05-01,5.0,68,16,1,False,neutral,False,False,False,False,1,0,0,0,0,0,0
6766,2028939549,CeraVe,2023-05-01,5.0,43,10,1,False,neutral,True,False,True,True,1,0,0,0,1,0,0
6767,2028939549,CeraVe,2023-05-01,5.0,86,20,1,False,neutral,False,False,False,False,0,0,0,1,0,0,0
6768,3036046665,CeraVe,2026-02-01,4.0,27,7,1,False,,,,,,0,0,0,0,0,0,0
6769,3036046665,CeraVe,2025-11-01,5.0,105,23,1,False,neutral,False,False,False,False,1,0,0,0,0,0,0
6770,3036046665,CeraVe,2025-09-01,5.0,185,41,1,False,positive,False,True,True,False,1,1,0,1,0,1,0
6771,3036046665,CeraVe,2025-08-01,5.0,185,44,2,False,neutral,False,False,False,False,0,0,0,0,0,0,1
6772,3036046665,CeraVe,2025-04-01,5.0,38,8,1,False,neutral,False,False,False,False,0,0,0,0,1,0,0
6773,3036046665,CeraVe,2025-04-01,5.0,38,6,1,False,positive,False,True,False,False,1,0,0,0,0,1,0
6774,2028954414,CeraVe,2025-07-01,1.0,75,20,2,False,,,,,,0,0,0,0,0,0,0
6775,2028954414,CeraVe,2023-09-01,1.0,8,2,1,False,,,,,,0,0,0,0,0,0,0
6776,2028954414,CeraVe,2024-06-01,2.0,111,26,2,False,neutral,False,False,False,False,0,0,0,1,0,0,0
6777,2028954414,CeraVe,2023-08-01,2.0,55,14,1,False,negative,True,False,False,False,0,0,1,0,0,0,0
6778,2028954414,CeraVe,2023-07-01,2.0,101,24,1,False,,,,,,0,0,0,0,0,0,0
6779,2028954414,CeraVe,2023-07-01,2.0,102,22,1,False,neutral,False,False,False,False,0,0,0,0,1,0,0
6780,2028954414,CeraVe,2023-07-01,2.0,104,25,1,False,,,,,,0,0,0,0,0,0,0
6781,2028954414,CeraVe,2022-11-01,2.0,80,19,1,False,,,,,,0,0,0,0,0,0,0
6782,2028954414,CeraVe,2024-01-01,3.0,64,14,1,False,,,,,,0,0,0,0,0,0,0
6783,2028954414,CeraVe,2023-08-01,3.0,141,34,1,False,neutral,False,False,False,False,0,0,0,0,1,0,0
6784,2028954414,CeraVe,2023-06-01,3.0,63,14,1,False,,,,,,0,0,0,0,0,0,0
6785,2028954414,CeraVe,2023-05-01,3.0,23,5,1,False,,,,,,0,0,0,0,0,0,0
6786,2028954414,CeraVe,2023-03-01,3.0,32,8,1,False,,,,,,0,0,0,0,0,0,0
6787,2028954414,CeraVe,2023-10-01,4.0,125,31,1,False,,,,,,0,0,0,0,0,0,0
6788,2028954414,CeraVe,2023-10-01,4.0,195,46,1,False,neutral,False,True,True,False,0,0,1,1,0,0,0
6789,2028954414,CeraVe,2023-08-01,4.0,96,20,1,False,positive,False,True,True,False,0,0,1,1,0,0,0
6790,2028954414,CeraVe,2023-04-01,4.0,72,17,1,False,neutral,False,False,False,False,0,0,1,0,0,0,0
6791,2028954414,CeraVe,2026-03-01,5.0,73,18,1,False,,,,,,0,0,0,0,0,0,0
6792,2028954414,CeraVe,2026-02-01,5.0,73,17,1,False,negative,True,False,False,True,1,0,0,0,0,0,0
6793,2028954414,CeraVe,2025-12-01,5.0,91,21,1,False,neutral,False,True,True,False,1,1,0,0,0,0,0
6794,2028954414,CeraVe,2025-10-01,5.0,12,3,1,False,positive,False,True,False,False,1,0,0,0,0,0,0
6795,2028954414,CeraVe,2025-10-01,5.0,92,21,1,False,,,,,,0,0,0,0,0,0,0
6796,2028954414,CeraVe,2025-10-01,5.0,71,18,1,False,positive,False,True,False,False,1,0,0,0,0,0,0
6797,2028954414,CeraVe,2025-09-01,5.0,143,31,1,False,positive,False,True,False,False,1,1,0,0,0,1,0
6798,2028954414,CeraVe,2025-09-01,5.0,86,21,1,False,positive,False,True,False,False,1,0,0,0,1,0,0
6799,2028954414,CeraVe,2025-09-01,5.0,96,23,1,False,neutral,False,False,False,False,0,1,0,0,0,0,0
6800,2028954414,CeraVe,2025-09-01,5.0,61,13,1,False,positive,False,True,False,False,1,1,0,0,0,0,0
6801,2028954414,CeraVe,2025-06-01,5.0,18,4,3,False,,,,,,0,0,0,0,0,0,0
6802,2028954414,CeraVe,2025-06-01,5.0,73,17,1,False,,,,,,0,0,0,0,0,0,0
6803,2028954414,CeraVe,2025-06-01,5.0,74,19,1,False,,,,,,0,0,0,0,0,0,0
6804,2028954414,CeraVe,2025-06-01,5.0,105,24,1,False,neutral,False,False,False,False,1,0,0,0,0,0,0
6805,2028954414,CeraVe,2025-05-01,5.0,128,30,1,False,neutral,False,False,False,False,0,0,0,1,0,0,1
6806,2028954414,CeraVe,2025-05-01,5.0,102,25,1,False,positive,False,True,True,False,1,1,0,0,1,0,0
6807,2028954414,CeraVe,2025-05-01,5.0,497,119,1,False,positive,False,True,True,False,1,1,1,0,0,0,1
6808,2028954414,CeraVe,2025-05-01,5.0,9,2,1,False,positive,False,True,False,False,1,0,0,0,0,0,0
6809,2028954414,CeraVe,2025-03-01,5.0,76,18,1,False,neutral,False,False,False,False,0,0,0,0,0,0,1
6810,2028954414,CeraVe,2025-03-01,5.0,290,68,1,False,positive,False,True,True,False,1,0,0,0,1,0,0
6811,2028954414,CeraVe,2025-03-01,5.0,76,17,1,False,,,,,,0,0,0,0,0,0,0
6812,2028954414,CeraVe,2025-02-01,5.0,38,9,1,False,,,,,,0,0,0,0,0,0,0
6813,2028954414,CeraVe,2025-02-01,5.0,24,7,1,False,,,,,,0,0,0,0,0,0,0
6814,2028954414,CeraVe,2025-01-01,5.0,91,21,1,False,neutral,False,False,False,False,0,1,0,0,0,0,0
6815,2028954414,CeraVe,2025-01-01,5.0,186,43,1,False,,,,,,0,0,0,0,0,0,0
6816,2028954414,CeraVe,2025-01-01,5.0,117,28,1,False,positive,False,True,True,False,1,1,0,0,1,0,0
6817,2028954414,CeraVe,2025-01-01,5.0,79,17,1,False,positive,False,True,False,False,1,0,0,0,0,0,0
6818,2028954414,CeraVe,2025-01-01,5.0,64,15,1,False,,,,,,0,0,0,0,0,0,0
6819,2028954414,CeraVe,2024-12-01,5.0,75,17,1,False,neutral,False,False,False,False,0,1,0,0,0,0,1
6820,2028954414,CeraVe,2024-12-01,5.0,102,24,1,False,neutral,False,False,False,False,0,1,0,0,0,0,0
6821,2028954414,CeraVe,2024-12-01,5.0,99,23,3,False,,,,,,0,0,0,0,0,0,0
6822,2028954414,CeraVe,2024-12-01,5.0,47,10,1,False,positive,False,True,True,False,1,1,0,0,0,0,0
6823,2028954414,CeraVe,2024-12-01,5.0,139,32,1,False,positive,False,True,True,False,1,0,0,0,1,0,0
6824,2028954414,CeraVe,2024-12-01,5.0,71,17,1,False,positive,False,True,False,False,1,0,0,0,1,0,0
6825,2028954414,CeraVe,2024-12-01,5.0,29,7,1,False,,,,,,0,0,0,0,0,0,0
6826,2028954414,CeraVe,2024-12-01,5.0,65,15,1,False,,,,,,0,0,0,0,0,0,0
6827,2028954414,CeraVe,2024-12-01,5.0,60,9,1,False,,,,,,0,0,0,0,0,0,0
6828,2028954414,CeraVe,2024-11-01,5.0,110,26,1,False,positive,False,True,False,False,1,1,0,0,0,1,0
6829,2028954414,CeraVe,2024-11-01,5.0,140,32,1,False,neutral,False,False,False,False,1,0,0,0,0,0,0
6830,2028954414,CeraVe,2024-11-01,5.0,90,19,1,False,positive,False,True,True,False,0,0,0,1,0,0,1
6831,2028954414,CeraVe,2024-11-01,5.0,85,19,1,False,positive,False,True,True,False,1,1,0,0,0,0,0
6832,2028954414,CeraVe,2024-11-01,5.0,133,31,1,False,neutral,False,False,False,False,1,0,0,0,0,0,0
6833,2028954414,CeraVe,2024-11-01,5.0,20,5,1,False,,,,,,0,0,0,0,0,0,0
6834,2028954414,CeraVe,2024-11-01,5.0,146,32,1,False,positive,False,True,False,False,1,0,0,0,0,0,0
6835,2028954414,CeraVe,2024-11-01,5.0,87,19,1,False,positive,False,True,False,False,1,0,1,1,0,0,0
6836,2028954414,CeraVe,2024-11-01,5.0,275,63,1,False,neutral,False,True,True,False,1,1,0,0,1,0,0
6837,2028954414,CeraVe,2024-11-01,5.0,121,28,1,False,neutral,False,False,False,False,0,1,0,0,0,0,0
6838,2028954414,CeraVe,2024-11-01,5.0,87,22,1,False,neutral,False,False,False,False,0,1,0,0,0,0,0
6839,2028954414,CeraVe,2024-11-01,5.0,97,21,1,False,neutral,False,False,False,False,1,0,0,0,0,0,0
6840,2028954414,CeraVe,2024-11-01,5.0,108,25,1,False,positive,False,True,False,False,1,0,0,0,0,0,0
6841,2028954414,CeraVe,2024-10-01,5.0,64,15,1,False,positive,False,True,True,False,0,1,1,0,1,0,0
6842,2028954414,CeraVe,2024-10-01,5.0,84,19,1,False,,,,,,0,0,0,0,0,0,0
6843,2028954414,CeraVe,2024-10-01,5.0,152,35,1,False,positive,False,True,True,False,1,1,0,0,0,0,0
6844,2028954414,CeraVe,2024-10-01,5.0,107,24,1,False,,,,,,0,0,0,0,0,0,0
6845,2028954414,CeraVe,2024-10-01,5.0,117,25,1,False,positive,False,True,False,False,0,1,0,0,0,0,0
6846,2028954414,CeraVe,2024-10-01,5.0,7,2,1,True,,,,,,0,0,0,0,0,0,0
6847,2028954414,CeraVe,2024-10-01,5.0,91,21,1,False,neutral,False,False,False,False,0,1,0,0,0,0,0
6848,2028954414,CeraVe,2024-10-01,5.0,361,82,1,False,neutral,False,False,False,False,1,1,0,0,0,0,0
6849,2028954414,CeraVe,2024-10-01,5.0,69,16,1,False,,,,,,0,0,0,0,0,0,0
6850,2028954414,CeraVe,2024-10-01,5.0,317,68,1,False,positive,False,True,False,False,1,0,0,0,0,0,0
6851,2028954414,CeraVe,2024-10-01,5.0,107,24,1,False,positive,False,True,True,False,1,0,0,0,0,0,0
6852,2028954414,CeraVe,2024-10-01,5.0,69,16,1,False,neutral,False,False,False,False,0,1,0,0,0,0,0
6853,2028954414,CeraVe,2024-10-01,5.0,8,2,1,False,,,,,,0,0,0,0,0,0,0
6854,2028954414,CeraVe,2024-10-01,5.0,84,20,1,False,positive,False,True,True,False,1,0,0,0,1,0,0
6855,2028954414,CeraVe,2024-10-01,5.0,66,13,1,False,positive,False,True,False,False,1,0,0,0,0,0,0
6856,2028954414,CeraVe,2024-10-01,5.0,66,14,1,False,neutral,False,False,False,False,0,0,1,1,0,0,0
6857,2028954414,CeraVe,2024-10-01,5.0,69,16,1,False,,,,,,0,0,0,0,0,0,0
6858,2028954414,CeraVe,2024-10-01,5.0,70,18,1,False,positive,False,True,False,False,1,1,0,0,0,0,0
6859,2028954414,CeraVe,2024-10-01,5.0,69,16,1,False,neutral,False,False,False,False,1,0,0,0,0,0,0
6860,2028954414,CeraVe,2024-10-01,5.0,100,24,1,False,neutral,False,False,False,False,1,0,0,0,0,0,0
6861,2028954414,CeraVe,2024-10-01,5.0,95,21,1,False,positive,False,True,False,False,1,1,1,0,0,0,0
6862,2028954414,CeraVe,2024-10-01,5.0,104,26,1,False,positive,False,True,False,False,0,1,0,0,0,0,0
6863,2028954414,CeraVe,2024-09-01,5.0,101,23,1,False,,,,,,0,0,0,0,0,0,0
6864,2028954414,CeraVe,2024-09-01,5.0,69,15,1,False,,,,,,0,0,0,0,0,0,0
6865,2028954414,CeraVe,2024-09-01,5.0,146,32,1,False,positive,False,True,False,False,1,0,0,0,0,0,0
6866,2028954414,CeraVe,2024-09-01,5.0,72,16,1,False,,,,,,0,0,0,0,0,0,0
6867,2028954414,CeraVe,2024-09-01,5.0,72,16,1,False,neutral,False,False,False,False,1,0,0,0,0,0,0
6868,2028954414,CeraVe,2024-09-01,5.0,99,23,1,False,neutral,False,False,False,False,1,0,0,0,0,0,0
6869,2028954414,CeraVe,2024-09-01,5.0,186,44,1,False,positive,False,True,False,False,1,0,0,0,1,0,0
6870,2028954414,CeraVe,2024-09-01,5.0,65,16,1,False,positive,False,True,False,False,1,0,0,0,1,0,0
6871,2028954414,CeraVe,2024-09-01,5.0,51,11,1,False,,,,,,0,0,0,0,0,0,0
6872,2028954414,CeraVe,2024-09-01,5.0,74,17,1,False,neutral,False,False,False,False,0,0,1,0,0,0,1
6873,2028954414,CeraVe,2024-09-01,5.0,130,29,1,False,neutral,False,False,False,False,1,0,0,0,0,0,0
6874,2028954414,CeraVe,2024-09-01,5.0,104,25,1,False,neutral,False,False,False,False,0,1,0,0,0,0,0
6875,2028954414,CeraVe,2024-08-01,5.0,87,21,1,False,,,,,,0,0,0,0,0,0,0
6876,2028954414,CeraVe,2024-08-01,5.0,106,24,1,False,positive,False,True,False,False,1,0,0,0,0,0,0
6877,2028954414,CeraVe,2024-08-01,5.0,75,17,1,False,positive,False,True,True,False,1,1,0,0,0,0,0
6878,2028954414,CeraVe,2024-08-01,5.0,3,1,23,True,,,,,,0,0,0,0,0,0,0
6879,2028954414,CeraVe,2024-08-01,5.0,68,15,1,False,positive,False,True,False,False,1,0,0,0,0,0,0
6880,2028954414,CeraVe,2024-08-01,5.0,10,3,1,False,,,,,,0,0,0,0,0,0,0
6881,2028954414,CeraVe,2024-08-01,5.0,72,16,1,False,positive,False,True,False,False,1,0,0,0,0,0,0
6882,2028954414,CeraVe,2024-08-01,5.0,90,20,1,False,,,,,,0,0,0,0,0,0,0
6883,3029571068,CeraVe,2026-03-01,5.0,24,6,1,False,positive,False,True,False,False,1,1,0,0,0,0,0
6884,3029571068,CeraVe,2026-01-01,5.0,3,1,23,True,,,,,,0,0,0,0,0,0,0
6885,3029571068,CeraVe,2025-10-01,5.0,264,56,1,False,neutral,False,True,True,False,1,0,0,0,1,0,0
6886,3029571068,CeraVe,2025-09-01,5.0,18,4,1,False,,,,,,0,0,0,0,0,0,0
6887,3029571068,CeraVe,2025-09-01,5.0,48,10,1,False,neutral,False,False,False,False,1,0,0,0,0,0,0
6888,3029571068,CeraVe,2025-09-01,5.0,31,7,1,False,positive,False,True,False,False,0,0,1,0,0,0,0
6889,3029571068,CeraVe,2025-08-01,5.0,67,16,1,False,positive,False,True,False,False,1,0,0,0,0,0,0
6890,3029571068,CeraVe,2025-07-01,5.0,86,18,1,False,neutral,False,False,False,False,0,0,0,1,0,0,0
6891,2028922907,CeraVe,2025-12-01,1.0,199,47,1,False,,,,,,0,0,0,0,0,0,0
6892,2028922907,CeraVe,2024-08-01,1.0,315,65,1,False,,,,,,0,0,0,0,0,0,0
6893,2028922907,CeraVe,2024-07-01,1.0,90,19,1,False,positive,False,True,False,False,0,0,0,0,0,0,1
6894,2028922907,CeraVe,2024-03-01,1.0,35,9,1,False,,,,,,0,0,0,0,0,0,0
6895,2028922907,CeraVe,2023-08-01,1.0,196,44,1,False,neutral,False,False,False,False,0,0,0,1,0,0,0
6896,2028922907,CeraVe,2023-06-01,1.0,97,23,1,False,neutral,False,False,False,False,1,0,0,0,0,0,0
6897,2028922907,CeraVe,2023-06-01,1.0,180,42,1,False,negative,True,False,False,False,0,0,0,1,0,0,0
6898,2028922907,CeraVe,2023-06-01,1.0,100,23,1,False,neutral,False,False,False,False,0,0,0,0,0,0,1
6899,2028922907,CeraVe,2023-05-01,1.0,35,9,1,False,neutral,False,False,False,False,0,0,1,0,0,0,0
6900,2028922907,CeraVe,2023-05-01,1.0,278,66,1,False,negative,True,False,True,False,0,0,1,0,0,0,0
6901,2028922907,CeraVe,2023-05-01,1.0,55,11,1,False,neutral,False,False,False,False,1,0,0,0,0,0,0
6902,2028922907,CeraVe,2023-05-01,1.0,22,5,1,False,,,,,,0,0,0,0,0,0,0
6903,2028922907,CeraVe,2023-04-01,1.0,76,18,1,False,,,,,,0,0,0,0,0,0,0
6904,2028922907,CeraVe,2023-04-01,1.0,94,22,1,False,,,,,,0,0,0,0,0,0,0
6905,2028922907,CeraVe,2023-03-01,1.0,67,16,1,False,,,,,,0,0,0,0,0,0,0
6906,2028922907,CeraVe,2023-02-01,1.0,12,3,1,False,,,,,,0,0,0,0,0,0,0
6907,2028922907,CeraVe,2023-01-01,1.0,22,6,1,False,,,,,,0,0,0,0,0,0,0
6908,2028922907,CeraVe,2022-12-01,1.0,25,6,1,False,,,,,,0,0,0,0,0,0,0
6909,2028922907,CeraVe,2022-12-01,1.0,117,27,1,False,negative,True,False,False,False,0,0,1,0,0,0,0
6910,2028922907,CeraVe,2022-11-01,1.0,52,15,1,False,,,,,,0,0,0,0,0,0,0
6911,2028922907,CeraVe,2025-06-01,2.0,43,10,1,False,,,,,,0,0,0,0,0,0,0
6912,2028922907,CeraVe,2024-12-01,2.0,79,16,1,False,neutral,False,False,False,False,1,0,0,0,1,0,0
6913,2028922907,CeraVe,2022-12-01,2.0,79,22,1,False,,,,,,0,0,0,0,0,0,0
6914,2028922907,CeraVe,2022-11-01,2.0,17,4,1,False,,,,,,0,0,0,0,0,0,0
6915,2028922907,CeraVe,2022-11-01,2.0,236,53,1,False,neutral,False,False,False,False,0,1,0,0,0,0,1
6916,2028922907,CeraVe,2024-06-01,3.0,73,17,1,False,,,,,,0,0,0,0,0,0,0
6917,2028922907,CeraVe,2024-05-01,3.0,348,79,1,False,negative,True,False,False,False,0,0,0,0,0,0,1
6918,2028922907,CeraVe,2024-01-01,3.0,35,8,1,False,negative,True,False,False,False,0,0,0,1,0,0,0
6919,2028922907,CeraVe,2023-12-01,3.0,80,17,1,False,neutral,False,False,False,False,0,0,0,0,0,0,1
6920,2028922907,CeraVe,2023-09-01,3.0,91,22,1,False,,,,,,0,0,0,0,0,0,0
6921,2028922907,CeraVe,2023-09-01,3.0,48,11,1,False,neutral,False,False,False,False,0,0,1,0,0,0,0
6922,2028922907,CeraVe,2023-08-01,3.0,87,18,1,False,negative,True,False,False,False,0,0,1,0,0,0,0
6923,2028922907,CeraVe,2023-06-01,3.0,68,16,1,False,neutral,False,False,False,False,0,0,0,1,0,0,0
6924,2028922907,CeraVe,2023-06-01,3.0,129,27,1,False,neutral,False,False,False,False,0,0,0,0,0,0,1
6925,2028922907,CeraVe,2023-05-01,3.0,56,14,1,False,neutral,False,False,False,False,0,0,0,1,0,0,0
6926,2028922907,CeraVe,2023-02-01,3.0,53,13,1,False,neutral,True,False,True,False,0,1,1,0,0,0,0
6927,2028922907,CeraVe,2022-12-01,3.0,48,12,1,False,neutral,False,False,False,False,0,1,0,0,0,0,0
6928,2028922907,CeraVe,2022-11-01,3.0,26,7,1,False,neutral,False,False,False,False,0,0,1,0,0,0,0
6929,2028922907,CeraVe,2022-11-01,3.0,333,76,1,False,negative,True,False,False,False,0,1,0,0,0,0,0
6930,2028922907,CeraVe,2022-11-01,3.0,68,16,1,False,neutral,False,False,False,False,0,1,0,0,0,0,1
6931,2028922907,CeraVe,2024-10-01,4.0,124,28,1,False,neutral,False,False,False,False,1,0,0,0,0,0,0
6932,2028922907,CeraVe,2024-06-01,4.0,48,11,1,False,neutral,False,False,False,False,1,0,0,0,0,0,0
6933,2028922907,CeraVe,2024-04-01,4.0,66,15,1,False,,,,,,0,0,0,0,0,0,0
6934,2028922907,CeraVe,2023-09-01,4.0,122,29,1,False,positive,False,True,False,False,0,0,1,0,0,0,0
6935,2028922907,CeraVe,2023-09-01,4.0,6,2,1,True,,,,,,0,0,0,0,0,0,0
6936,2028922907,CeraVe,2023-07-01,4.0,64,14,1,False,neutral,False,False,False,False,0,0,0,1,0,0,0
6937,2028922907,CeraVe,2023-06-01,4.0,10,3,1,False,neutral,False,False,False,False,0,0,0,0,1,0,0
6938,2028922907,CeraVe,2023-06-01,4.0,82,19,1,False,,,,,,0,0,0,0,0,0,0
6939,2028922907,CeraVe,2023-05-01,4.0,27,7,1,False,,,,,,0,0,0,0,0,0,0
6940,2028922907,CeraVe,2023-04-01,4.0,18,5,1,False,,,,,,0,0,0,0,0,0,0
6941,2028922907,CeraVe,2023-03-01,4.0,110,24,1,False,neutral,False,False,False,False,0,1,0,1,0,0,0
6942,2028922907,CeraVe,2023-03-01,4.0,60,12,1,False,neutral,False,False,False,False,0,1,0,0,0,0,1
6943,2028922907,CeraVe,2023-03-01,4.0,76,17,1,False,neutral,False,False,False,False,0,0,0,1,0,0,1
6944,2028922907,CeraVe,2023-02-01,4.0,76,17,1,False,positive,False,True,False,False,0,0,1,0,0,0,1
6945,2028922907,CeraVe,2023-01-01,4.0,23,5,1,False,,,,,,0,0,0,0,0,0,0
6946,2028922907,CeraVe,2023-01-01,4.0,69,16,1,False,neutral,False,False,False,False,0,0,0,0,1,0,0
6947,2028922907,CeraVe,2022-12-01,4.0,48,11,1,False,neutral,False,False,False,False,0,1,0,0,0,0,0
6948,2028922907,CeraVe,2022-11-01,4.0,103,23,1,False,neutral,False,True,True,False,0,1,1,1,0,0,0
6949,2028922907,CeraVe,2022-11-01,4.0,105,23,1,False,neutral,False,True,True,False,0,1,1,0,0,0,1
6950,2028922907,CeraVe,2026-04-01,5.0,80,19,1,False,positive,False,True,False,False,1,1,0,0,0,0,0
6951,2028922907,CeraVe,2026-04-01,5.0,142,32,1,False,neutral,False,True,True,False,1,0,0,0,0,1,0
6952,2028922907,CeraVe,2026-04-01,5.0,254,57,1,False,positive,False,True,True,False,1,1,0,0,0,0,0
6953,2028922907,CeraVe,2026-04-01,5.0,38,9,1,False,,,,,,0,0,0,0,0,0,0
6954,2028922907,CeraVe,2026-04-01,5.0,169,37,1,False,neutral,False,False,False,False,0,1,0,0,0,0,0
6955,2028922907,CeraVe,2026-04-01,5.0,121,27,1,False,neutral,False,False,False,False,0,1,0,0,0,0,0
6956,2028922907,CeraVe,2026-03-01,5.0,185,43,1,False,positive,False,True,True,False,1,1,0,0,0,0,0
6957,2028922907,CeraVe,2026-03-01,5.0,111,24,1,False,neutral,False,True,True,False,0,0,0,1,0,0,1
6958,2028922907,CeraVe,2026-03-01,5.0,87,20,1,False,neutral,False,False,False,False,0,1,0,0,0,0,0
6959,2028922907,CeraVe,2026-03-01,5.0,151,34,1,False,neutral,False,False,False,False,1,1,0,0,0,0,0
6960,2028922907,CeraVe,2026-03-01,5.0,140,34,1,False,positive,False,True,True,False,1,1,0,0,0,0,0
6961,2028922907,CeraVe,2026-03-01,5.0,144,32,1,False,positive,False,True,True,False,1,1,0,0,0,1,0
6962,2028922907,CeraVe,2026-02-01,5.0,179,42,1,False,neutral,False,True,True,False,1,1,0,0,0,1,0
6963,2028922907,CeraVe,2026-02-01,5.0,137,30,1,False,neutral,False,False,False,False,0,1,0,0,0,0,0
6964,2028922907,CeraVe,2026-02-01,5.0,82,19,1,False,neutral,False,False,False,False,0,0,0,0,0,1,0
6965,2028922907,CeraVe,2026-02-01,5.0,40,9,1,False,neutral,False,False,False,False,0,1,0,0,0,0,0
6966,2028922907,CeraVe,2026-02-01,5.0,125,30,1,False,positive,False,True,True,False,1,1,0,0,0,0,0
6967,2028922907,CeraVe,2026-02-01,5.0,96,17,1,False,neutral,False,False,False,False,0,0,0,0,0,1,0
6968,2028922907,CeraVe,2026-01-01,5.0,56,13,1,False,neutral,False,False,False,False,0,0,0,0,0,1,0
6969,2028922907,CeraVe,2026-01-01,5.0,73,18,1,False,positive,False,True,False,False,1,1,0,0,0,0,0
6970,2028922907,CeraVe,2026-01-01,5.0,217,48,1,False,neutral,False,True,True,False,1,0,0,0,0,1,0
6971,2028922907,CeraVe,2026-01-01,5.0,133,30,1,False,neutral,False,False,False,False,1,1,0,0,0,1,0
6972,2028922907,CeraVe,2026-01-01,5.0,93,21,1,False,neutral,False,True,True,False,0,0,1,0,0,0,1
6973,2028922907,CeraVe,2025-12-01,5.0,102,23,1,False,neutral,False,False,False,False,0,1,1,0,0,0,0
6974,2028922907,CeraVe,2025-12-01,5.0,14,4,1,False,,,,,,0,0,0,0,0,0,0
6975,2028922907,CeraVe,2025-09-01,5.0,63,14,1,False,,,,,,0,0,0,0,0,0,0
6976,2028922907,CeraVe,2025-09-01,5.0,65,13,1,False,positive,False,True,True,False,1,1,0,0,0,0,0
6977,2028922907,CeraVe,2025-09-01,5.0,18,4,3,False,,,,,,0,0,0,0,0,0,0
6978,2028922907,CeraVe,2025-09-01,5.0,30,6,1,False,positive,False,True,False,False,1,0,0,0,0,0,0
6979,2028922907,CeraVe,2025-09-01,5.0,101,23,1,False,,,,,,0,0,0,0,0,0,0
6980,2028922907,CeraVe,2025-09-01,5.0,89,20,1,False,neutral,False,False,False,False,1,1,0,0,0,0,0
6981,2028922907,CeraVe,2025-08-01,5.0,96,14,1,False,negative,True,False,False,True,1,0,0,0,0,0,0
6982,2028922907,CeraVe,2025-08-01,5.0,85,18,1,False,neutral,False,False,False,False,0,1,0,0,0,0,0
6983,2028922907,CeraVe,2025-08-01,5.0,89,20,1,False,neutral,False,False,False,False,1,1,0,0,0,0,0
6984,2028922907,CeraVe,2025-07-01,5.0,179,40,1,False,positive,False,True,False,False,1,0,1,0,0,0,0
6985,2028922907,CeraVe,2025-07-01,5.0,56,4,1,False,,,,,,0,0,0,0,0,0,0
6986,2028922907,CeraVe,2025-06-01,5.0,59,10,1,False,positive,False,True,False,False,1,0,0,0,0,0,0
6987,2028922907,CeraVe,2025-06-01,5.0,85,20,1,False,,,,,,0,0,0,0,0,0,0
6988,2028922907,CeraVe,2025-06-01,5.0,89,19,1,False,neutral,False,True,True,False,1,1,0,0,0,0,0
6989,2028922907,CeraVe,2025-06-01,5.0,35,8,1,False,,,,,,0,0,0,0,0,0,0
6990,2028922907,CeraVe,2025-06-01,5.0,219,51,1,False,positive,False,True,False,False,1,1,0,0,0,0,0
6991,2028922907,CeraVe,2025-05-01,5.0,71,16,1,False,neutral,False,False,False,False,0,1,0,0,0,0,0
6992,2028922907,CeraVe,2025-04-01,5.0,68,15,1,False,positive,False,True,True,False,0,0,1,1,0,0,0
6993,2028922907,CeraVe,2025-04-01,5.0,148,33,1,False,positive,False,True,True,False,1,0,0,0,0,0,0
6994,2028922907,CeraVe,2025-04-01,5.0,39,8,1,False,positive,False,True,False,False,1,0,0,0,0,0,0
6995,2028922907,CeraVe,2025-04-01,5.0,71,16,1,False,neutral,False,False,False,False,0,1,0,0,0,0,0
6996,2028922907,CeraVe,2025-04-01,5.0,111,24,1,False,positive,False,True,False,False,1,0,0,0,0,0,0
6997,2028922907,CeraVe,2025-04-01,5.0,147,33,1,False,neutral,False,False,False,False,1,0,0,0,0,0,0
6998,2028922907,CeraVe,2025-04-01,5.0,78,17,1,False,,,,,,0,0,0,0,0,0,0
6999,2028922907,CeraVe,2025-04-01,5.0,149,34,1,False,neutral,False,False,False,False,1,0,0,0,0,0,0
7000,2028922907,CeraVe,2025-04-01,5.0,171,40,1,False,positive,False,True,True,False,1,1,0,0,0,1,0
7001,2028922907,CeraVe,2025-04-01,5.0,117,27,1,False,positive,False,True,False,False,1,1,0,0,0,0,0
7002,2028922907,CeraVe,2025-03-01,5.0,62,16,1,False,positive,False,True,False,False,1,1,0,0,0,0,0
7003,2028922907,CeraVe,2025-03-01,5.0,117,26,1,False,positive,False,True,True,False,1,1,0,0,0,1,0
7004,2028922907,CeraVe,2025-03-01,5.0,133,31,1,False,,,,,,0,0,0,0,0,0,0
7005,2028922907,CeraVe,2025-03-01,5.0,81,16,1,False,,,,,,0,0,0,0,0,0,0
7006,2028922907,CeraVe,2025-03-01,5.0,167,36,1,False,neutral,False,False,False,False,1,1,0,0,0,0,0
7007,2028922907,CeraVe,2025-03-01,5.0,115,26,1,False,neutral,False,False,False,False,1,1,0,0,0,0,0
7008,2028922907,CeraVe,2025-03-01,5.0,85,20,1,False,neutral,False,False,False,False,0,0,1,1,0,0,0
7009,2028922907,CeraVe,2025-03-01,5.0,96,21,1,False,positive,False,True,True,False,1,1,0,0,0,0,0
7010,2028922907,CeraVe,2025-03-01,5.0,52,11,1,False,,,,,,0,0,0,0,0,0,0
7011,2028922907,CeraVe,2025-02-01,5.0,158,36,1,False,positive,False,True,True,False,1,1,0,0,0,0,0
7012,2028922907,CeraVe,2025-02-01,5.0,98,23,1,False,,,,,,0,0,0,0,0,0,0
7013,2028922907,CeraVe,2025-02-01,5.0,92,21,1,False,neutral,False,False,False,False,0,0,0,0,0,1,0
7014,2028922907,CeraVe,2025-02-01,5.0,133,28,1,False,neutral,False,True,True,False,1,1,0,0,0,1,0
7015,2028922907,CeraVe,2025-02-01,5.0,65,15,1,False,neutral,False,False,False,False,0,1,0,0,0,0,0
7016,2028922907,CeraVe,2025-01-01,5.0,104,23,1,False,positive,False,True,True,False,1,1,0,0,0,1,0
7017,2028922907,CeraVe,2025-01-01,5.0,127,28,1,False,neutral,False,True,True,False,1,1,0,0,0,1,0
7018,2028922907,CeraVe,2025-01-01,5.0,74,18,1,False,,,,,,0,0,0,0,0,0,0
7019,2028922907,CeraVe,2025-01-01,5.0,168,40,1,False,positive,False,True,False,False,1,1,0,0,0,0,0
7020,2028922907,CeraVe,2025-01-01,5.0,171,40,1,False,positive,False,True,False,False,1,1,0,0,0,0,0
7021,2028922907,CeraVe,2025-01-01,5.0,19,4,1,False,,,,,,0,0,0,0,0,0,0
7022,2028922907,CeraVe,2025-01-01,5.0,18,4,3,False,,,,,,0,0,0,0,0,0,0
7023,2028922907,CeraVe,2025-01-01,5.0,102,23,1,False,,,,,,0,0,0,0,0,0,0
7024,2028922907,CeraVe,2025-01-01,5.0,104,23,1,False,,,,,,0,0,0,0,0,0,0
7025,2028922907,CeraVe,2025-01-01,5.0,66,16,1,False,neutral,False,False,False,False,0,0,0,1,0,0,1
7026,2028922907,CeraVe,2025-01-01,5.0,83,19,1,False,neutral,False,False,False,False,0,0,0,0,0,1,0
7027,2028922907,CeraVe,2025-01-01,5.0,84,19,1,False,positive,False,True,True,False,1,1,0,0,0,0,0
7028,2028922907,CeraVe,2025-01-01,5.0,90,22,1,False,positive,False,True,True,False,1,1,0,0,0,0,0
7029,2028922907,CeraVe,2024-12-01,5.0,69,17,1,False,positive,False,True,False,False,1,1,0,0,0,0,0
7030,2028922907,CeraVe,2024-12-01,5.0,228,52,1,False,neutral,False,True,True,False,1,0,0,0,0,1,0
7031,2028922907,CeraVe,2024-12-01,5.0,85,19,1,False,neutral,False,False,False,False,1,1,0,0,0,0,0
7032,2028922907,CeraVe,2024-12-01,5.0,138,31,1,False,neutral,False,False,False,False,1,1,0,0,0,0,0
7033,2028922907,CeraVe,2024-12-01,5.0,102,24,1,False,positive,False,True,False,False,1,1,0,0,0,0,0
7034,2028874804,CeraVe,2025-01-01,1.0,136,29,1,False,neutral,True,False,True,False,0,0,0,1,0,0,1
7035,2028874804,CeraVe,2024-04-01,1.0,427,100,1,False,positive,True,True,True,False,1,0,1,0,0,0,0
7036,2028874804,CeraVe,2023-10-01,1.0,64,14,1,False,negative,True,False,False,False,0,0,0,0,0,0,1
7037,2028874804,CeraVe,2023-04-01,1.0,225,54,1,False,neutral,False,False,False,False,0,1,1,0,0,0,0
7038,2028874804,CeraVe,2023-12-01,2.0,60,14,1,False,neutral,False,False,False,False,0,0,1,0,1,0,0
7039,2028874804,CeraVe,2023-09-01,2.0,294,67,1,False,neutral,True,False,True,False,1,1,0,0,0,0,1
7040,2028874804,CeraVe,2023-01-01,2.0,95,21,1,False,,,,,,0,0,0,0,0,0,0
7041,2028874804,CeraVe,2022-12-01,3.0,165,39,1,False,negative,True,False,False,False,0,0,1,0,0,0,0
7042,2028874804,CeraVe,2024-11-01,4.0,65,15,1,False,neutral,False,True,True,False,0,0,0,0,1,0,0
7043,2028874804,CeraVe,2024-10-01,4.0,429,97,1,False,neutral,False,True,True,False,1,1,0,1,1,0,1
7044,2028874804,CeraVe,2023-09-01,4.0,231,50,1,False,neutral,True,True,True,True,0,1,1,1,0,0,0
7045,2028874804,CeraVe,2023-05-01,4.0,83,20,1,False,,,,,,0,0,0,0,0,0,0
7046,2028874804,CeraVe,2023-03-01,4.0,172,42,1,False,negative,True,False,False,True,1,0,0,0,0,0,0
7047,2028874804,CeraVe,2026-02-01,5.0,29,5,1,False,positive,False,True,False,False,1,0,0,0,0,0,0
7048,2028874804,CeraVe,2025-11-01,5.0,110,24,1,False,negative,True,False,True,True,0,1,1,0,0,0,0
7049,2028874804,CeraVe,2025-11-01,5.0,105,23,1,False,neutral,False,True,True,False,1,0,0,0,0,0,0
7050,2028874804,CeraVe,2025-11-01,5.0,123,29,1,False,positive,False,True,True,False,1,0,0,0,0,0,0
7051,2028874804,CeraVe,2025-09-01,5.0,98,21,1,False,neutral,False,True,True,False,1,0,0,0,0,0,0
7052,2028874804,CeraVe,2025-09-01,5.0,145,35,1,False,neutral,False,True,True,False,1,0,0,0,0,0,0
7053,2028874804,CeraVe,2025-09-01,5.0,86,19,1,False,positive,False,True,True,False,1,0,0,0,0,0,1
7054,2028874804,CeraVe,2025-08-01,5.0,131,26,1,False,neutral,False,True,True,False,1,0,1,0,1,0,1
7055,2028874804,CeraVe,2025-08-01,5.0,110,26,1,False,neutral,False,True,True,False,1,0,0,0,0,0,0
7056,2028874804,CeraVe,2025-08-01,5.0,65,16,1,False,positive,False,True,False,False,1,0,0,0,0,0,0
7057,2028874804,CeraVe,2025-06-01,5.0,101,25,1,False,positive,False,True,False,False,1,0,0,0,0,0,0
7058,2028874804,CeraVe,2025-06-01,5.0,96,21,1,False,positive,False,True,False,False,0,0,0,0,1,0,0
7059,2028874804,CeraVe,2025-05-01,5.0,109,26,1,False,positive,False,True,False,False,1,0,0,0,0,0,0
7060,2028874804,CeraVe,2025-04-01,5.0,99,22,2,False,,,,,,0,0,0,0,0,0,0
7061,2028874804,CeraVe,2025-04-01,5.0,79,20,1,False,positive,False,True,False,False,1,1,0,0,0,0,0
7062,2028874804,CeraVe,2025-04-01,5.0,123,27,1,False,,,,,,0,0,0,0,0,0,0
7063,2028874804,CeraVe,2025-04-01,5.0,16,4,1,False,positive,False,True,False,False,1,0,0,0,0,0,0
7064,2028874804,CeraVe,2025-04-01,5.0,121,30,1,False,,,,,,0,0,0,0,0,0,0
7065,2028874804,CeraVe,2025-04-01,5.0,76,16,1,False,positive,False,True,False,False,1,0,0,0,1,0,0
7066,2028874804,CeraVe,2025-04-01,5.0,115,27,1,False,neutral,False,False,False,False,1,0,0,0,0,0,0
7067,2028874804,CeraVe,2025-04-01,5.0,128,28,1,False,positive,False,True,True,False,0,1,1,1,0,0,1
7068,2028874804,CeraVe,2025-03-01,5.0,307,70,1,False,neutral,False,False,False,False,0,1,1,1,0,0,1
7069,2028874804,CeraVe,2025-03-01,5.0,21,5,1,False,positive,False,True,True,False,1,1,0,0,0,0,0
7070,2028874804,CeraVe,2025-03-01,5.0,89,18,1,False,neutral,False,False,False,False,1,0,0,0,0,0,0
7071,2028874804,CeraVe,2025-03-01,5.0,77,16,1,False,positive,False,True,False,False,1,0,0,0,0,0,0
7072,2028874804,CeraVe,2025-03-01,5.0,189,42,1,False,positive,False,True,True,False,1,0,0,0,1,0,0
7073,2028874804,CeraVe,2025-03-01,5.0,49,11,1,False,positive,False,True,True,False,1,0,0,0,1,0,0
7074,2028874804,CeraVe,2025-03-01,5.0,134,34,1,False,neutral,False,True,True,False,1,0,0,0,0,0,0
7075,2028874804,CeraVe,2025-03-01,5.0,127,29,1,False,positive,False,True,True,False,1,0,0,0,1,0,0
7076,2028874804,CeraVe,2025-03-01,5.0,105,25,1,False,positive,False,True,True,False,1,0,0,0,1,0,0
7077,2028874804,CeraVe,2025-03-01,5.0,124,29,1,False,positive,False,True,True,False,1,0,0,0,1,0,0
7078,2028874804,CeraVe,2025-03-01,5.0,314,67,1,False,neutral,False,False,False,False,1,0,1,1,0,0,0
7079,2028874804,CeraVe,2025-03-01,5.0,115,28,1,False,,,,,,0,0,0,0,0,0,0
7080,2028874804,CeraVe,2025-03-01,5.0,25,6,1,False,,,,,,0,0,0,0,0,0,0
7081,2028874804,CeraVe,2025-03-01,5.0,319,65,1,False,positive,False,True,True,False,1,0,0,0,1,1,0
7082,2028874804,CeraVe,2025-03-01,5.0,97,23,1,False,neutral,False,False,False,False,1,0,0,0,0,0,0
7083,2028874804,CeraVe,2025-03-01,5.0,116,25,1,False,positive,False,True,True,False,1,0,0,0,1,1,0
7084,2028874804,CeraVe,2025-03-01,5.0,121,28,1,False,neutral,False,True,True,False,1,0,0,0,0,1,0
7085,2028874804,CeraVe,2025-02-01,5.0,90,22,1,False,neutral,False,False,False,False,1,0,0,0,0,0,0
7086,2028874804,CeraVe,2025-02-01,5.0,64,15,1,False,neutral,False,True,True,False,1,0,0,0,0,0,0
7087,2028874804,CeraVe,2025-02-01,5.0,40,10,2,False,positive,False,True,False,False,1,0,0,0,0,0,0
7088,2028874804,CeraVe,2025-02-01,5.0,125,29,1,False,neutral,False,True,True,False,1,0,0,0,1,1,0
7089,2028874804,CeraVe,2025-02-01,5.0,140,34,1,False,positive,True,True,True,True,1,1,0,0,0,0,0
7090,2028874804,CeraVe,2025-02-01,5.0,84,18,1,False,positive,False,True,False,False,1,0,0,0,1,0,0
7091,2028874804,CeraVe,2025-02-01,5.0,66,13,2,False,positive,False,True,False,False,0,0,0,0,1,0,0
7092,2028874804,CeraVe,2025-02-01,5.0,64,14,1,False,neutral,False,False,False,False,1,0,1,0,0,0,1
7093,2028874804,CeraVe,2025-01-01,5.0,32,7,3,False,positive,False,True,False,False,1,0,0,0,0,0,0
7094,2028874804,CeraVe,2025-01-01,5.0,105,23,1,False,,,,,,0,0,0,0,0,0,0
7095,2028874804,CeraVe,2025-01-01,5.0,133,30,1,False,positive,False,True,True,False,1,0,0,0,1,0,0
7096,2028874804,CeraVe,2025-01-01,5.0,236,55,1,False,positive,False,True,True,False,1,0,0,0,0,0,0
7097,2028874804,CeraVe,2025-01-01,5.0,63,13,1,False,,,,,,0,0,0,0,0,0,0
7098,2028874804,CeraVe,2025-01-01,5.0,54,15,1,False,,,,,,0,0,0,0,0,0,0
7099,2028874804,CeraVe,2025-01-01,5.0,16,4,2,False,positive,False,True,False,False,1,0,0,0,0,0,0
7100,2028874804,CeraVe,2025-01-01,5.0,38,9,1,False,neutral,False,False,False,False,1,0,0,0,0,0,0
7101,2028874804,CeraVe,2025-01-01,5.0,127,27,1,False,positive,False,True,False,False,1,0,0,0,0,0,0
7102,2028874804,CeraVe,2024-12-01,5.0,126,28,1,False,positive,False,True,True,False,1,0,0,0,1,0,0
7103,2028874804,CeraVe,2024-12-01,5.0,149,32,1,False,positive,False,True,False,False,1,0,0,0,0,0,0
7104,2028874804,CeraVe,2024-12-01,5.0,230,50,1,False,negative,True,False,False,True,1,0,0,0,1,0,0
7105,2028874804,CeraVe,2024-12-01,5.0,65,13,1,False,neutral,False,True,True,False,0,1,1,1,0,0,0
7106,2028874804,CeraVe,2024-12-01,5.0,87,19,1,False,positive,False,True,False,False,1,0,0,0,1,0,0
7107,2028874804,CeraVe,2024-12-01,5.0,77,18,1,False,neutral,False,True,True,False,0,0,1,1,0,0,0
7108,2028874804,CeraVe,2024-12-01,5.0,77,15,1,False,positive,False,True,True,False,1,0,1,1,0,0,0
7109,2028874804,CeraVe,2024-12-01,5.0,156,34,1,False,neutral,False,False,False,False,1,0,0,1,0,0,1
7110,2028874804,CeraVe,2024-12-01,5.0,117,27,1,False,neutral,False,False,False,False,1,0,0,0,0,0,0
7111,2028874804,CeraVe,2024-12-01,5.0,86,21,1,False,positive,False,True,False,False,1,0,0,0,0,0,0
7112,2028874804,CeraVe,2024-12-01,5.0,154,34,1,False,positive,False,True,False,False,1,0,0,0,1,1,0
7113,2028874804,CeraVe,2024-12-01,5.0,76,19,1,False,positive,False,True,False,False,1,0,0,0,0,0,0
7114,2028874804,CeraVe,2024-12-01,5.0,65,15,2,False,neutral,False,True,True,False,0,1,1,0,0,0,0
7115,2028874804,CeraVe,2024-12-01,5.0,135,29,1,False,positive,False,True,False,False,0,0,0,0,1,0,0
7116,2028874804,CeraVe,2024-12-01,5.0,67,15,1,False,neutral,False,True,True,False,1,0,0,0,1,0,0
7117,2028874804,CeraVe,2024-12-01,5.0,91,21,1,False,positive,False,True,True,False,1,0,0,0,1,1,0
7118,2028874804,CeraVe,2024-11-01,5.0,76,18,1,False,positive,False,True,False,False,0,0,0,0,1,0,0
7119,2028874804,CeraVe,2024-11-01,5.0,92,19,1,False,neutral,False,True,True,False,1,0,1,1,1,0,0
7120,2028874804,CeraVe,2024-11-01,5.0,173,40,1,False,positive,False,True,False,False,1,0,0,0,1,0,0
7121,2028874804,CeraVe,2024-11-01,5.0,48,12,1,False,neutral,False,False,False,False,1,0,0,0,0,0,0
7122,2028874804,CeraVe,2024-11-01,5.0,217,48,1,False,positive,False,True,False,False,1,0,0,0,0,0,0
7123,2028874804,CeraVe,2024-11-01,5.0,87,20,1,False,positive,False,True,True,False,1,0,0,0,1,0,0
7124,2028874804,CeraVe,2024-11-01,5.0,103,24,1,False,positive,False,True,False,False,1,0,0,0,1,0,0
7125,2028874804,CeraVe,2024-11-01,5.0,112,25,1,False,neutral,False,False,False,False,1,0,0,0,0,0,0
7126,2028874804,CeraVe,2024-11-01,5.0,63,14,4,False,positive,False,True,False,False,0,0,0,1,0,0,1
7127,2028874804,CeraVe,2024-11-01,5.0,131,31,1,False,neutral,False,False,False,False,1,0,0,0,1,0,0
7128,2028874804,CeraVe,2024-11-01,5.0,165,38,1,False,neutral,False,True,True,False,1,0,0,0,1,0,0
7129,2028874804,CeraVe,2024-11-01,5.0,111,25,1,False,positive,False,True,True,False,1,0,0,0,1,0,0
7130,2028874804,CeraVe,2024-11-01,5.0,74,18,1,False,positive,False,True,True,False,1,0,0,0,1,0,0
7131,2028874804,CeraVe,2024-11-01,5.0,66,16,1,False,positive,False,True,False,False,1,1,0,0,0,0,0
7132,2028874804,CeraVe,2024-11-01,5.0,85,20,1,False,positive,False,True,True,False,1,0,0,0,1,0,0
7133,2028874804,CeraVe,2024-10-01,5.0,94,22,1,False,positive,False,True,True,False,1,0,0,0,1,0,0
7134,2028874804,CeraVe,2024-10-01,5.0,92,19,1,False,positive,False,True,True,False,0,1,1,1,0,0,0
7135,2028874804,CeraVe,2024-10-01,5.0,95,22,1,False,neutral,False,True,True,False,1,0,0,0,1,0,0
7136,2028874804,CeraVe,2024-10-01,5.0,82,18,1,False,positive,False,True,True,False,1,0,0,0,1,0,0
7137,2028874804,CeraVe,2024-10-01,5.0,27,7,1,False,neutral,False,False,False,False,1,0,0,0,0,0,0
7138,2028874804,CeraVe,2024-10-01,5.0,123,30,1,False,neutral,False,False,False,False,1,0,0,0,0,0,0
7139,2028930571,CeraVe,2023-06-01,1.0,42,12,1,False,,,,,,0,0,0,0,0,0,0
7140,2028930571,CeraVe,2023-05-01,1.0,37,10,1,False,,,,,,0,0,0,0,0,0,0
7141,2028930571,CeraVe,2023-11-01,3.0,167,40,1,False,positive,False,True,False,False,0,1,1,0,0,0,1
7142,2028930571,CeraVe,2023-03-01,3.0,150,36,1,False,negative,True,False,False,False,0,0,1,0,0,0,1
7143,2028930571,CeraVe,2023-06-01,4.0,142,33,1,False,positive,False,True,True,False,0,1,0,0,1,0,0
7144,2028930571,CeraVe,2026-02-01,5.0,78,18,1,False,neutral,False,False,False,False,1,0,0,0,0,0,0
7145,2028930571,CeraVe,2025-10-01,5.0,87,20,1,False,positive,False,True,False,False,1,0,0,0,1,0,0
7146,2028930571,CeraVe,2025-06-01,5.0,106,25,1,False,neutral,False,True,True,False,1,1,0,0,0,0,0
7147,2028930571,CeraVe,2025-06-01,5.0,128,27,1,False,,,,,,0,0,0,0,0,0,0
7148,2028930571,CeraVe,2025-04-01,5.0,122,27,1,False,positive,False,True,True,False,1,0,0,0,1,0,0
7149,2028930571,CeraVe,2025-04-01,5.0,187,44,1,False,neutral,False,True,True,False,1,1,0,0,1,0,0
7150,2028930571,CeraVe,2025-03-01,5.0,33,8,1,False,,,,,,0,0,0,0,0,0,0
7151,2028930571,CeraVe,2025-01-01,5.0,92,20,1,False,neutral,False,False,False,False,1,0,0,0,0,0,0
7152,2028930571,CeraVe,2025-01-01,5.0,125,30,1,False,neutral,False,False,False,False,1,0,0,0,0,0,0
7153,2028930571,CeraVe,2025-01-01,5.0,116,27,1,False,neutral,False,False,False,False,1,0,0,0,0,0,0
7154,2028930571,CeraVe,2024-12-01,5.0,103,24,1,False,neutral,False,False,False,False,1,1,0,0,0,0,0
7155,2028930571,CeraVe,2024-12-01,5.0,58,13,1,False,,,,,,0,0,0,0,0,0,0
7156,2028930571,CeraVe,2024-12-01,5.0,133,30,1,False,positive,False,True,True,False,1,0,1,0,0,0,0
7157,2028930571,CeraVe,2024-11-01,5.0,175,40,1,False,positive,False,True,True,False,1,0,0,0,1,0,0
7158,2028930571,CeraVe,2024-11-01,5.0,76,18,1,False,neutral,False,False,False,False,1,1,0,0,0,0,0
7159,2028930571,CeraVe,2024-11-01,5.0,160,34,1,False,positive,False,True,True,False,1,0,0,0,0,1,0
7160,2028930571,CeraVe,2024-09-01,5.0,149,33,1,False,neutral,False,False,False,False,1,0,0,0,0,0,0
7161,2028930571,CeraVe,2024-09-01,5.0,98,23,1,False,positive,False,True,True,False,1,0,0,0,1,0,0
7162,2028930571,CeraVe,2024-09-01,5.0,98,21,1,False,,,,,,0,0,0,0,0,0,0
7163,2028930571,CeraVe,2024-09-01,5.0,64,15,1,False,neutral,False,False,False,False,1,0,0,0,0,0,0
7164,2028930571,CeraVe,2024-08-01,5.0,135,33,1,False,neutral,False,False,False,False,0,1,0,0,0,0,0
7165,2028930571,CeraVe,2024-07-01,5.0,108,25,1,False,,,,,,0,0,0,0,0,0,0
7166,2028930571,CeraVe,2024-07-01,5.0,109,26,1,False,,,,,,0,0,0,0,0,0,0
7167,2028930571,CeraVe,2024-07-01,5.0,122,27,1,False,positive,False,True,False,False,0,0,1,0,0,0,0
7168,2028930571,CeraVe,2024-07-01,5.0,103,24,1,False,neutral,False,False,False,False,0,1,0,0,0,0,0
7169,2028930571,CeraVe,2024-07-01,5.0,111,28,1,False,neutral,False,False,False,False,1,0,0,0,0,0,0
7170,2028930571,CeraVe,2024-07-01,5.0,87,22,1,False,neutral,False,False,False,False,1,0,0,0,0,0,0
7171,2028930571,CeraVe,2024-06-01,5.0,73,16,1,False,neutral,False,False,False,False,1,0,0,0,0,0,0
7172,2028930571,CeraVe,2024-06-01,5.0,75,17,1,False,positive,False,True,False,False,1,0,0,0,1,0,0
7173,2028930571,CeraVe,2024-06-01,5.0,126,30,1,False,positive,False,True,True,False,1,0,0,0,1,0,0
7174,2028930571,CeraVe,2024-06-01,5.0,82,21,1,False,neutral,False,False,False,False,1,0,0,0,0,0,0
7175,2028930571,CeraVe,2024-06-01,5.0,67,14,1,False,neutral,False,False,False,False,0,0,1,1,0,0,0
7176,2028930571,CeraVe,2024-06-01,5.0,60,14,1,False,neutral,False,False,False,False,1,0,0,0,0,0,0
7177,2028930571,CeraVe,2024-03-01,5.0,95,21,1,False,neutral,False,False,False,False,0,0,0,1,0,0,0
7178,2028930571,CeraVe,2024-03-01,5.0,68,15,1,False,positive,False,True,False,False,0,0,1,0,0,0,0
7179,2028930571,CeraVe,2024-03-01,5.0,146,34,1,False,neutral,False,False,False,False,0,1,0,0,0,0,0
7180,2028930571,CeraVe,2024-03-01,5.0,41,10,1,False,,,,,,0,0,0,0,0,0,0
7181,2028930571,CeraVe,2024-02-01,5.0,38,8,1,False,positive,False,True,False,False,0,0,1,1,0,0,0
7182,2028930571,CeraVe,2024-01-01,5.0,69,16,1,False,,,,,,0,0,0,0,0,0,0
7183,2028930571,CeraVe,2024-01-01,5.0,83,19,1,False,,,,,,0,0,0,0,0,0,0
7184,2028930571,CeraVe,2024-01-01,5.0,63,13,1,False,,,,,,0,0,0,0,0,0,0
7185,2028930571,CeraVe,2023-12-01,5.0,124,29,1,False,positive,False,True,True,False,0,1,1,0,0,0,0
7186,2028930571,CeraVe,2023-12-01,5.0,75,13,1,False,positive,False,True,False,False,0,0,1,0,0,0,0
7187,2028930571,CeraVe,2023-12-01,5.0,120,28,1,False,neutral,False,False,False,False,1,0,0,0,0,0,0
7188,2028930571,CeraVe,2023-12-01,5.0,98,23,1,False,neutral,False,False,False,False,1,0,0,0,0,0,0
7189,2028930571,CeraVe,2023-11-01,5.0,70,16,1,False,positive,False,True,True,False,1,0,1,0,1,0,0
7190,2028930571,CeraVe,2023-11-01,5.0,174,35,1,False,,,,,,0,0,0,0,0,0,0
7191,2028930571,CeraVe,2023-11-01,5.0,87,22,1,False,neutral,False,False,False,False,1,0,0,0,0,0,0
7192,2028930571,CeraVe,2023-11-01,5.0,65,16,1,False,neutral,False,False,False,False,0,0,0,1,0,0,0
7193,2028930571,CeraVe,2023-11-01,5.0,79,16,1,False,,,,,,0,0,0,0,0,0,0
7194,2028930571,CeraVe,2023-11-01,5.0,93,22,1,False,neutral,False,False,False,False,1,0,0,0,0,0,0
7195,2028930571,CeraVe,2023-11-01,5.0,80,16,1,False,neutral,False,False,False,False,0,1,0,1,0,0,0
7196,2028930571,CeraVe,2023-11-01,5.0,75,16,1,False,positive,False,True,False,False,0,1,1,0,0,0,0
7197,2028930571,CeraVe,2023-11-01,5.0,87,20,1,False,,,,,,0,0,0,0,0,0,0
7198,2028930571,CeraVe,2023-10-01,5.0,112,26,1,False,positive,False,True,False,False,1,0,1,0,1,0,1
7199,2028930571,CeraVe,2023-10-01,5.0,152,35,1,False,,,,,,0,0,0,0,0,0,0
7200,2028930571,CeraVe,2023-10-01,5.0,63,14,1,False,negative,True,False,False,True,0,0,1,0,0,0,0
7201,2028930571,CeraVe,2023-10-01,5.0,24,5,1,False,positive,False,True,False,False,1,0,0,0,0,0,0
7202,2028930571,CeraVe,2023-10-01,5.0,110,23,1,False,positive,False,True,False,False,0,0,1,0,0,0,0
7203,2028930571,CeraVe,2023-10-01,5.0,4,1,2,True,,,,,,0,0,0,0,0,0,0
7204,2028930571,CeraVe,2023-10-01,5.0,81,17,1,False,negative,True,True,True,True,1,0,1,0,0,0,0
7205,2028930571,CeraVe,2023-10-01,5.0,65,6,1,False,positive,False,True,False,False,1,0,1,0,1,0,0
7206,2028930571,CeraVe,2023-10-01,5.0,278,63,1,False,neutral,False,False,False,False,0,1,0,0,1,0,0
7207,2028930571,CeraVe,2023-09-01,5.0,86,22,1,False,neutral,False,False,False,False,0,1,0,0,0,0,0
7208,2028930571,CeraVe,2023-09-01,5.0,99,22,1,False,positive,False,True,True,False,1,1,1,0,1,0,0
7209,2028930571,CeraVe,2023-09-01,5.0,59,9,1,False,,,,,,0,0,0,0,0,0,0
7210,2028930571,CeraVe,2023-09-01,5.0,30,6,19,True,positive,False,True,False,False,1,0,1,0,1,0,0
7211,2028930571,CeraVe,2023-09-01,5.0,84,18,1,False,neutral,False,False,False,False,0,0,0,1,0,0,0
7212,2028930571,CeraVe,2023-09-01,5.0,11,2,3,False,positive,False,True,False,False,0,0,1,0,0,0,0
7213,2028930571,CeraVe,2023-09-01,5.0,87,23,1,False,neutral,False,False,False,False,0,1,0,0,0,0,0
7214,2028930571,CeraVe,2023-09-01,5.0,111,26,1,False,,,,,,0,0,0,0,0,0,0
7215,2028930571,CeraVe,2023-08-01,5.0,86,19,1,False,positive,False,True,False,False,0,0,1,0,0,0,0
7216,2028930571,CeraVe,2023-08-01,5.0,69,16,1,False,positive,False,True,False,False,0,0,0,0,1,0,0
7217,2028930571,CeraVe,2023-08-01,5.0,21,4,1,False,positive,False,True,False,False,1,0,1,0,0,0,0
7218,2028930571,CeraVe,2023-08-01,5.0,176,40,1,False,neutral,False,False,False,False,0,0,0,1,0,0,0
7219,2028930571,CeraVe,2023-08-01,5.0,30,6,19,True,positive,False,True,False,False,1,0,1,0,1,0,0
7220,2028930571,CeraVe,2023-08-01,5.0,99,26,1,False,,,,,,0,0,0,0,0,0,0
7221,2028930571,CeraVe,2023-07-01,5.0,106,23,1,False,neutral,False,False,False,False,1,0,1,1,0,0,0
7222,2028930571,CeraVe,2023-07-01,5.0,90,21,1,False,neutral,False,False,False,False,1,1,1,0,0,0,1
7223,2028930571,CeraVe,2023-07-01,5.0,66,15,1,False,positive,False,True,False,False,0,0,0,0,1,0,0
7224,2028930571,CeraVe,2023-07-01,5.0,110,26,1,False,neutral,False,False,False,False,1,1,0,0,0,0,0
7225,2028930571,CeraVe,2023-06-01,5.0,66,14,1,False,positive,False,True,False,False,0,1,0,0,0,0,0
7226,2028930571,CeraVe,2023-06-01,5.0,64,14,1,False,positive,False,True,False,False,0,0,1,0,0,0,0
7227,2028930571,CeraVe,2023-06-01,5.0,93,22,1,False,neutral,False,False,False,False,0,1,0,0,0,0,0
7228,2028930571,CeraVe,2023-06-01,5.0,131,33,1,False,neutral,False,False,False,False,0,0,1,1,0,0,0
7229,3057000585,CeraVe,2026-02-01,5.0,79,14,1,False,neutral,False,True,True,False,1,1,0,0,0,1,0
7230,3057000585,CeraVe,2025-12-01,5.0,3,1,23,True,,,,,,0,0,0,0,0,0,0
7231,3057000585,CeraVe,2025-10-01,5.0,56,10,1,False,,,,,,0,0,0,0,0,0,0
7232,3057000585,CeraVe,2025-07-01,5.0,12,2,4,False,positive,False,True,False,False,1,0,0,0,0,0,0
7233,3057000585,CeraVe,2025-05-01,5.0,36,8,1,False,positive,False,True,False,False,0,0,1,0,0,0,0
7234,2836044322,CeraVe,2025-01-01,2.0,18,5,1,False,negative,True,False,False,False,1,0,0,0,0,0,0
7235,2836044322,CeraVe,2025-09-01,3.0,16,4,1,False,,,,,,0,0,0,0,0,0,0
7236,2836044322,CeraVe,2025-08-01,3.0,130,31,1,False,neutral,False,False,False,False,1,0,0,0,0,0,0
7237,2836044322,CeraVe,2025-03-01,3.0,220,46,1,False,neutral,False,False,False,False,0,1,0,0,1,0,0
7238,2836044322,CeraVe,2026-04-01,5.0,73,13,1,False,positive,False,True,False,False,1,0,0,0,0,1,0
7239,2836044322,CeraVe,2026-04-01,5.0,115,22,1,False,neutral,False,False,False,False,0,0,0,0,0,1,0
7240,2836044322,CeraVe,2026-04-01,5.0,34,9,1,False,,,,,,0,0,0,0,0,0,0
7241,2836044322,CeraVe,2026-03-01,5.0,111,23,1,False,,,,,,0,0,0,0,0,0,0
7242,2836044322,CeraVe,2026-03-01,5.0,102,24,2,False,neutral,False,False,False,False,0,0,0,0,0,0,1
7243,2836044322,CeraVe,2026-02-01,5.0,132,30,3,False,neutral,False,True,True,False,0,1,0,1,0,0,1
7244,2836044322,CeraVe,2026-01-01,5.0,123,28,2,False,neutral,False,False,False,False,0,0,0,0,0,0,1
7245,2836044322,CeraVe,2025-11-01,5.0,108,23,2,False,neutral,False,True,True,False,0,0,1,1,0,0,1
7246,2836044322,CeraVe,2025-09-01,5.0,146,35,2,False,neutral,False,True,True,False,0,0,1,1,0,0,1
7247,2836044322,CeraVe,2025-08-01,5.0,185,44,2,False,neutral,False,False,False,False,0,0,0,0,0,0,1
7248,2836044322,CeraVe,2025-05-01,5.0,104,23,2,False,neutral,False,True,True,False,0,0,0,0,0,0,1
7249,2836044322,CeraVe,2025-04-01,5.0,93,20,1,False,neutral,False,True,True,False,0,0,1,1,0,0,1
7250,2836044322,CeraVe,2025-03-01,5.0,163,36,1,False,neutral,False,True,True,False,0,1,0,1,0,0,0
7251,2836044322,CeraVe,2025-03-01,5.0,99,23,1,False,positive,False,True,False,False,1,1,0,0,0,1,0
7252,2836044322,CeraVe,2025-03-01,5.0,32,8,1,False,,,,,,0,0,0,0,0,0,0
7253,2836044322,CeraVe,2025-01-01,5.0,85,20,1,False,neutral,False,False,False,False,1,0,0,0,1,0,0
7254,2836044322,CeraVe,2024-12-01,5.0,63,14,2,False,neutral,False,True,True,False,1,1,1,1,0,0,0
7255,2836044322,CeraVe,2024-12-01,5.0,85,17,1,False,positive,False,True,False,False,1,1,0,0,0,1,0
7256,2836044322,CeraVe,2024-12-01,5.0,76,18,1,False,positive,False,True,False,False,0,0,1,0,1,0,0
7257,2836044322,CeraVe,2024-12-01,5.0,4,1,1,True,positive,False,True,False,False,0,0,0,0,1,0,0
7258,2836044322,CeraVe,2024-12-01,5.0,27,7,1,False,,,,,,0,0,0,0,0,0,0
7259,2836044322,CeraVe,2024-11-01,5.0,114,26,1,False,,,,,,0,0,0,0,0,0,0
7260,2836044322,CeraVe,2024-11-01,5.0,87,20,1,False,positive,False,True,False,False,0,1,0,0,0,0,0
7261,3102329976,CeraVe,2026-03-01,5.0,165,37,1,False,,,,,,0,0,0,0,0,0,0
7262,3102329976,CeraVe,2025-12-01,5.0,66,16,1,False,positive,False,True,False,False,1,0,0,0,1,0,0
7263,3102329976,CeraVe,2025-10-01,5.0,212,50,1,False,positive,False,True,False,False,1,1,0,0,0,0,0
7264,3102329976,CeraVe,2025-10-01,5.0,86,18,1,False,neutral,False,True,True,False,1,0,0,0,0,1,0
7265,3102329976,CeraVe,2025-10-01,5.0,65,10,1,False,neutral,False,False,False,False,0,0,0,0,0,1,0
7266,3102329976,CeraVe,2025-10-01,5.0,210,46,1,False,positive,False,True,True,False,0,0,1,0,0,0,0
7267,3102329976,CeraVe,2025-09-01,5.0,83,17,1,False,positive,False,True,True,False,1,0,0,0,1,1,0
7268,2929082006,CeraVe,2025-03-01,5.0,232,54,2,False,neutral,False,False,False,False,0,1,1,1,0,0,1
7269,2929082006,CeraVe,2025-01-01,5.0,54,10,1,False,positive,False,True,False,False,1,1,0,0,0,1,0
7270,2028966367,CeraVe,2025-02-01,2.0,193,46,1,False,negative,True,False,True,False,1,0,1,0,0,0,0
7271,2028966367,CeraVe,2024-06-01,2.0,15,4,1,False,neutral,False,False,False,False,0,0,1,0,0,0,0
7272,2028966367,CeraVe,2023-02-01,2.0,31,6,1,False,neutral,False,False,False,False,0,0,0,1,0,0,0
7273,2028966367,CeraVe,2025-06-01,3.0,77,18,1,False,,,,,,0,0,0,0,0,0,0
7274,2028966367,CeraVe,2023-04-01,3.0,62,13,1,False,neutral,False,False,False,False,0,0,0,0,0,0,1
7275,2028966367,CeraVe,2024-05-01,4.0,15,4,2,False,,,,,,0,0,0,0,0,0,0
7276,2028966367,CeraVe,2026-04-01,5.0,55,12,1,False,,,,,,0,0,0,0,0,0,0
7277,2028966367,CeraVe,2026-03-01,5.0,112,26,1,False,positive,False,True,False,False,1,1,0,0,0,0,0
7278,2028966367,CeraVe,2026-03-01,5.0,38,9,1,False,,,,,,0,0,0,0,0,0,0
7279,2028966367,CeraVe,2026-03-01,5.0,194,47,1,False,neutral,False,True,True,False,0,0,1,1,0,0,1
7280,2028966367,CeraVe,2026-01-01,5.0,70,17,1,False,neutral,False,False,False,False,0,0,0,0,0,1,0
7281,2028966367,CeraVe,2026-01-01,5.0,136,30,2,False,neutral,False,True,True,False,0,0,0,1,0,0,1
7282,2028966367,CeraVe,2025-11-01,5.0,77,14,1,False,neutral,False,False,False,False,1,0,0,0,0,1,0
7283,2028966367,CeraVe,2025-10-01,5.0,186,45,1,False,neutral,False,False,False,False,0,0,0,0,1,0,0
7284,2028966367,CeraVe,2025-09-01,5.0,161,34,2,False,neutral,False,True,True,False,0,0,1,1,0,0,1
7285,2028966367,CeraVe,2025-08-01,5.0,121,26,1,False,positive,False,True,True,False,1,1,0,0,1,0,0
7286,2028966367,CeraVe,2025-08-01,5.0,50,11,1,False,neutral,False,False,False,False,0,0,1,1,0,0,0
7287,2028966367,CeraVe,2025-07-01,5.0,39,9,1,False,positive,False,True,False,False,1,0,0,0,0,0,0
7288,2028966367,CeraVe,2025-06-01,5.0,68,16,1,False,,,,,,0,0,0,0,0,0,0
7289,2028966367,CeraVe,2025-06-01,5.0,43,9,1,False,,,,,,0,0,0,0,0,0,0
7290,2028966367,CeraVe,2025-05-01,5.0,92,20,1,False,,,,,,0,0,0,0,0,0,0
7291,2028966367,CeraVe,2025-04-01,5.0,99,22,2,False,,,,,,0,0,0,0,0,0,0
7292,2028966367,CeraVe,2025-04-01,5.0,81,18,1,False,neutral,False,False,False,False,0,0,0,0,0,1,0
7293,2028966367,CeraVe,2025-03-01,5.0,232,54,2,False,neutral,False,False,False,False,0,1,1,1,0,0,1
7294,2028966367,CeraVe,2025-03-01,5.0,69,16,1,False,positive,False,True,False,False,0,0,0,0,1,0,0
7295,2028966367,CeraVe,2025-02-01,5.0,102,24,1,False,neutral,False,True,True,False,1,0,0,0,1,1,0
7296,2028966367,CeraVe,2025-02-01,5.0,81,19,1,False,positive,False,True,True,False,1,0,0,0,1,1,0
7297,2028966367,CeraVe,2025-02-01,5.0,101,23,1,False,neutral,False,False,False,False,1,0,0,0,0,0,0
7298,2028966367,CeraVe,2025-02-01,5.0,52,10,1,False,neutral,False,True,True,False,0,0,1,1,0,0,0
7299,2028966367,CeraVe,2025-02-01,5.0,109,26,1,False,neutral,False,False,False,False,1,0,0,0,0,0,0
7300,2028966367,CeraVe,2025-01-01,5.0,61,13,1,False,,,,,,0,0,0,0,0,0,0
7301,2028966367,CeraVe,2025-01-01,5.0,135,30,1,False,neutral,False,True,True,False,1,0,0,0,1,1,0
7302,2028966367,CeraVe,2024-12-01,5.0,92,20,1,False,positive,False,True,True,False,1,0,0,0,1,0,0
7303,2028966367,CeraVe,2024-12-01,5.0,77,16,1,False,neutral,False,True,True,False,1,0,0,0,0,0,0
7304,2028966367,CeraVe,2024-12-01,5.0,52,12,1,False,positive,False,True,False,False,1,0,0,0,0,0,0
7305,2028966367,CeraVe,2024-12-01,5.0,75,16,1,False,neutral,False,True,True,False,1,0,0,0,1,0,0
7306,2028966367,CeraVe,2024-12-01,5.0,74,17,1,False,positive,False,True,False,False,0,0,1,0,0,0,0
7307,2028966367,CeraVe,2024-12-01,5.0,108,25,1,False,neutral,False,True,True,False,1,0,0,0,1,0,0
7308,2028966367,CeraVe,2024-12-01,5.0,71,17,1,False,,,,,,0,0,0,0,0,0,0
7309,2028966367,CeraVe,2024-11-01,5.0,119,26,1,False,neutral,False,False,False,False,0,1,0,1,0,0,0
7310,2028966367,CeraVe,2024-11-01,5.0,101,25,1,False,neutral,False,True,True,False,1,0,0,0,1,0,0
7311,2028966367,CeraVe,2024-11-01,5.0,77,17,1,False,neutral,False,False,False,False,1,0,1,1,0,0,0
7312,2028966367,CeraVe,2024-11-01,5.0,58,16,1,False,neutral,False,False,False,False,1,0,0,0,0,0,0
7313,2028966367,CeraVe,2024-11-01,5.0,64,14,1,False,positive,False,True,True,False,1,0,0,0,1,0,0
7314,2028966367,CeraVe,2024-11-01,5.0,69,14,1,False,positive,False,True,False,False,1,1,0,0,0,0,0
7315,2028966367,CeraVe,2024-11-01,5.0,70,17,1,False,negative,True,False,False,True,0,0,0,1,0,0,0
7316,2028966367,CeraVe,2024-11-01,5.0,83,18,1,False,neutral,False,False,False,False,1,0,0,0,0,0,0
7317,2028966367,CeraVe,2024-11-01,5.0,79,17,1,False,positive,False,True,True,False,1,1,0,0,0,0,0
7318,2028966367,CeraVe,2024-11-01,5.0,63,16,1,False,positive,False,True,False,False,1,0,0,0,0,0,0
7319,2028966367,CeraVe,2024-11-01,5.0,102,22,1,False,neutral,False,False,False,False,1,1,0,0,0,0,0
7320,2028966367,CeraVe,2024-11-01,5.0,175,37,1,False,neutral,False,False,False,False,1,0,0,0,0,0,0
7321,2028966367,CeraVe,2024-11-01,5.0,120,26,1,False,neutral,False,False,False,False,1,0,0,0,0,1,0
7322,2028966367,CeraVe,2024-11-01,5.0,64,14,1,False,positive,False,True,False,False,0,0,1,0,0,0,0
7323,2028966367,CeraVe,2024-11-01,5.0,107,23,1,False,,,,,,0,0,0,0,0,0,0
7324,2028966367,CeraVe,2024-10-01,5.0,93,21,1,False,,,,,,0,0,0,0,0,0,0
7325,2028966367,CeraVe,2024-10-01,5.0,149,30,1,False,positive,False,True,False,False,1,0,0,0,1,0,0
7326,2028966367,CeraVe,2024-10-01,5.0,68,14,1,False,,,,,,0,0,0,0,0,0,0
7327,2028966367,CeraVe,2024-10-01,5.0,110,22,1,False,,,,,,0,0,0,0,0,0,0
7328,2028966367,CeraVe,2024-10-01,5.0,80,16,1,False,neutral,False,False,False,False,1,0,0,0,0,0,0
7329,2028966367,CeraVe,2024-10-01,5.0,72,15,1,False,neutral,False,False,False,False,1,0,0,0,0,0,0
7330,2028966367,CeraVe,2024-10-01,5.0,81,19,1,False,,,,,,0,0,0,0,0,0,0
7331,2028966367,CeraVe,2024-10-01,5.0,49,10,1,False,,,,,,0,0,0,0,0,0,0
7332,2028966367,CeraVe,2024-10-01,5.0,103,24,1,False,neutral,False,False,False,False,1,0,0,0,0,1,0
7333,2028966367,CeraVe,2024-10-01,5.0,70,16,1,False,neutral,False,False,False,False,1,0,0,0,0,1,0
7334,2028966367,CeraVe,2024-10-01,5.0,75,17,1,False,neutral,False,True,True,False,1,0,0,0,1,1,0
7335,2028966367,CeraVe,2024-09-01,5.0,81,17,1,False,positive,False,True,True,False,1,0,0,0,1,0,0
7336,2028966367,CeraVe,2024-09-01,5.0,92,20,1,False,neutral,False,True,True,False,1,0,0,0,1,1,0
7337,2028966367,CeraVe,2024-09-01,5.0,126,28,1,False,,,,,,0,0,0,0,0,0,0
7338,2028966367,CeraVe,2024-09-01,5.0,95,22,1,False,neutral,False,True,True,False,1,0,0,0,1,0,0
7339,2028966367,CeraVe,2024-09-01,5.0,191,41,1,False,positive,False,True,True,False,1,1,0,0,0,1,0
7340,2028966367,CeraVe,2024-09-01,5.0,107,24,1,False,neutral,False,True,True,False,1,0,0,0,0,0,0
7341,2028966367,CeraVe,2024-09-01,5.0,72,17,1,False,neutral,False,False,False,False,1,0,0,0,0,0,0
7342,2028966367,CeraVe,2024-09-01,5.0,115,26,1,False,neutral,False,False,False,False,1,0,0,0,0,0,0
7343,2028966367,CeraVe,2024-09-01,5.0,113,28,1,False,neutral,False,False,False,False,1,0,0,0,0,0,0
7344,2028966367,CeraVe,2024-08-01,5.0,66,13,1,False,neutral,False,False,False,False,1,0,0,0,0,0,0
7345,2028966367,CeraVe,2024-08-01,5.0,292,63,1,False,neutral,False,False,False,False,1,0,0,0,0,0,0
7346,2028966367,CeraVe,2024-08-01,5.0,133,32,1,False,neutral,False,False,False,False,1,0,0,0,0,0,0
7347,2028966367,CeraVe,2024-08-01,5.0,77,19,1,False,positive,False,True,True,False,1,0,0,0,1,0,0
7348,2028966367,CeraVe,2024-07-01,5.0,36,8,1,False,neutral,False,False,False,False,1,0,0,0,1,0,0
7349,2028966367,CeraVe,2024-07-01,5.0,113,27,1,False,positive,False,True,True,False,1,0,0,0,0,1,0
7350,2028966367,CeraVe,2024-07-01,5.0,100,23,1,False,neutral,False,False,False,False,0,0,0,0,1,0,0
7351,2028966367,CeraVe,2024-07-01,5.0,117,27,1,False,neutral,False,True,True,False,1,0,0,0,1,0,0
7352,2028966367,CeraVe,2024-07-01,5.0,133,30,1,False,neutral,False,False,False,False,0,0,0,1,1,0,0
7353,2028966367,CeraVe,2024-07-01,5.0,62,10,1,False,positive,False,True,False,False,0,0,1,0,0,0,0
7354,2028966367,CeraVe,2024-07-01,5.0,39,10,1,False,,,,,,0,0,0,0,0,0,0
7355,2028966367,CeraVe,2024-07-01,5.0,76,17,1,False,positive,False,True,False,False,1,0,0,0,1,0,0
7356,2028966367,CeraVe,2024-07-01,5.0,94,22,1,False,neutral,False,False,False,False,0,0,0,0,1,0,0
7357,2028966367,CeraVe,2024-06-01,5.0,66,15,1,False,neutral,False,True,True,False,1,0,0,0,1,0,0
7358,2028966367,CeraVe,2024-06-01,5.0,70,16,1,False,neutral,False,False,False,False,0,0,0,0,1,0,0
7359,2028966367,CeraVe,2024-06-01,5.0,34,8,1,False,,,,,,0,0,0,0,0,0,0
7360,2028966367,CeraVe,2024-06-01,5.0,244,56,1,False,neutral,False,False,False,False,1,1,1,1,0,0,1
7361,2028966367,CeraVe,2024-06-01,5.0,98,22,1,False,neutral,False,False,False,False,0,0,0,0,1,1,0
7362,2028966367,CeraVe,2024-06-01,5.0,84,19,1,False,neutral,False,False,False,False,0,0,0,0,1,0,0
7363,2028966367,CeraVe,2024-05-01,5.0,81,19,1,False,,,,,,0,0,0,0,0,0,0
