review_id,n_aspect_mentions,n_distinct_aspects,primary_sentiment,has_negative_aspect,has_positive_aspect,is_mixed_sentiment,review_score,brand_name,product_id,hidden_complaint
0,6,2,positive,False,True,True,2.0,Murad,2070262528,False
1,6,2,positive,False,True,True,5.0,Murad,2070262528,False
2,3,1,positive,False,True,True,5.0,Murad,2070262528,False
3,4,2,positive,False,True,True,5.0,Murad,2070262528,False
5,1,1,positive,False,True,False,5.0,Murad,2070262528,False
6,4,1,positive,False,True,False,5.0,Murad,2070262528,False
10,2,1,positive,False,True,True,5.0,Murad,2070262528,False
11,3,3,positive,False,True,False,5.0,Murad,2070262528,False
12,2,1,neutral,False,True,True,5.0,Murad,2070262528,False
13,4,3,positive,False,True,True,5.0,Murad,2070262528,False
14,3,2,neutral,False,True,True,5.0,Murad,2070262528,False
15,3,2,neutral,False,False,False,5.0,Murad,2070262528,False
16,2,1,positive,False,True,True,5.0,Murad,2070262528,False
17,1,1,neutral,False,False,False,5.0,Murad,2070262528,False
18,2,2,positive,False,True,False,5.0,Murad,2070262528,False
19,2,2,positive,False,True,False,5.0,Murad,2070262528,False
20,1,1,neutral,False,False,False,5.0,Murad,2070262528,False
21,2,2,neutral,False,True,True,5.0,Murad,2070262528,False
22,2,2,neutral,True,False,True,5.0,Murad,2070262528,True
23,3,1,neutral,False,True,True,5.0,Murad,2070262528,False
24,5,2,positive,False,True,True,5.0,Murad,2070262528,False
25,1,1,negative,True,False,False,5.0,Murad,2070262528,True
26,2,2,neutral,False,True,True,5.0,Murad,2070262528,False
27,1,1,neutral,False,False,False,5.0,Murad,2070262528,False
30,3,1,neutral,False,True,True,5.0,Murad,2070262528,False
31,1,1,neutral,False,False,False,5.0,Murad,2070262528,False
32,1,1,neutral,False,False,False,5.0,Murad,2070262528,False
35,8,2,positive,False,True,True,5.0,Murad,2070262528,False
36,3,1,neutral,False,False,False,5.0,Murad,2070262528,False
37,1,1,negative,True,False,False,5.0,Murad,2070262528,True
38,5,2,positive,False,True,True,5.0,Murad,2070262528,False
39,7,1,positive,False,True,True,5.0,Murad,2070262528,False
40,4,1,positive,False,True,True,5.0,Murad,2070262528,False
41,2,2,positive,False,True,False,5.0,Murad,2070262528,False
42,1,1,neutral,False,False,False,5.0,Murad,2070262528,False
43,2,2,positive,False,True,False,5.0,Murad,2070262528,False
44,2,1,positive,False,True,True,5.0,Murad,2070262528,False
45,3,1,positive,False,True,True,5.0,Murad,2070262528,False
46,1,1,positive,False,True,False,5.0,Murad,2070262528,False
47,1,1,positive,False,True,False,5.0,Murad,2070262528,False
48,2,1,positive,False,True,False,5.0,Murad,2070262528,False
49,3,2,positive,False,True,True,5.0,Murad,2070262528,False
50,2,1,positive,False,True,True,5.0,Murad,2070262528,False
51,2,1,positive,False,True,True,5.0,Murad,2070262528,False
52,2,1,neutral,False,True,True,5.0,Murad,2070262528,False
54,1,1,positive,False,True,False,5.0,Murad,2070262528,False
55,3,1,positive,False,True,False,5.0,Murad,2070262528,False
56,1,1,negative,True,False,False,5.0,Murad,2070262528,True
57,3,1,positive,False,True,True,5.0,Murad,2070262528,False
59,4,1,neutral,False,True,True,5.0,Murad,2070262528,False
60,1,1,neutral,False,False,False,5.0,Murad,2070262528,False
61,1,1,positive,False,True,False,5.0,Murad,2070262528,False
62,1,1,neutral,False,False,False,5.0,Murad,2070262528,False
63,3,1,positive,False,True,False,5.0,Murad,2070262528,False
64,2,2,neutral,False,False,False,5.0,Murad,2070262528,False
65,4,3,neutral,False,True,True,5.0,Murad,2070262528,False
66,2,2,positive,False,True,True,5.0,Murad,2070262528,False
67,2,2,positive,False,True,True,5.0,Murad,2070262528,False
68,4,3,positive,False,True,False,5.0,Murad,2070262528,False
69,3,3,positive,False,True,False,5.0,Murad,2070262528,False
70,1,1,positive,False,True,False,5.0,Murad,2070262528,False
71,2,2,positive,False,True,False,5.0,Murad,2070262528,False
73,2,2,neutral,True,False,True,5.0,Murad,2070262528,True
74,2,1,neutral,False,True,True,5.0,Murad,2070262528,False
75,1,1,neutral,False,False,False,5.0,Murad,2070262528,False
76,3,3,positive,False,True,True,5.0,Murad,2070262528,False
78,1,1,positive,False,True,False,5.0,Murad,2070262528,False
79,1,1,positive,False,True,False,5.0,Murad,2070262528,False
80,2,2,neutral,False,False,False,5.0,Murad,2070262528,False
81,3,2,neutral,False,True,True,5.0,Murad,2070262528,False
82,2,2,neutral,False,True,True,5.0,Murad,2070262528,False
84,3,2,neutral,True,False,True,5.0,Murad,2070262528,True
85,3,2,positive,False,True,True,5.0,Murad,2070262528,False
86,1,1,positive,False,True,False,5.0,Murad,2070262528,False
89,2,2,neutral,False,False,False,5.0,Murad,2070262528,False
92,1,1,negative,True,False,False,1.0,Murad,1999474295,False
93,1,1,neutral,False,False,False,2.0,Murad,1999474295,False
94,1,1,negative,True,False,False,3.0,Murad,1999474295,False
95,2,1,negative,True,False,True,3.0,Murad,1999474295,False
96,1,1,neutral,False,False,False,5.0,Murad,1999474295,False
97,3,2,positive,False,True,False,5.0,Murad,1999474295,False
98,3,1,positive,False,True,False,5.0,Murad,1999474295,False
99,1,1,positive,False,True,False,5.0,Murad,1999474295,False
100,1,1,neutral,False,False,False,5.0,Murad,1999474295,False
101,2,1,positive,False,True,False,5.0,Murad,1999474295,False
102,1,1,positive,False,True,False,5.0,Murad,1999474295,False
103,2,2,neutral,False,False,False,5.0,Murad,1999474295,False
106,4,2,positive,False,True,True,5.0,Murad,1999474295,False
107,5,4,positive,False,True,True,5.0,Murad,1999474295,False
108,2,1,neutral,False,True,True,5.0,Murad,1999474295,False
109,1,1,neutral,False,False,False,5.0,Murad,1999474295,False
110,2,1,positive,False,True,True,5.0,Murad,1999474295,False
111,4,3,positive,False,True,False,5.0,Murad,1999474295,False
113,1,1,neutral,False,False,False,5.0,Murad,1999474295,False
114,2,1,neutral,False,True,True,5.0,Murad,1999474295,False
115,4,1,positive,False,True,True,5.0,Murad,1999474295,False
117,2,1,positive,False,True,True,5.0,Murad,1999474295,False
118,2,2,positive,False,True,True,5.0,Murad,1999474295,False
119,2,2,neutral,True,False,True,5.0,Murad,1999474295,True
120,1,1,neutral,False,False,False,5.0,Murad,1999474295,False
121,1,1,neutral,False,False,False,5.0,Murad,1999474295,False
122,4,1,positive,False,True,True,5.0,Murad,1999474295,False
123,2,2,positive,False,True,False,5.0,Murad,1999474295,False
124,3,3,positive,False,True,False,5.0,Murad,1999474295,False
126,4,1,neutral,False,True,True,5.0,Murad,1999474295,False
127,1,1,negative,True,False,False,5.0,Murad,1999474295,True
128,1,1,positive,False,True,False,5.0,Murad,1999474295,False
129,1,1,positive,False,True,False,5.0,Murad,1999474295,False
130,4,3,neutral,False,True,True,5.0,Murad,1999474295,False
131,1,1,positive,False,True,False,5.0,Murad,1999474295,False
132,2,2,positive,False,True,False,5.0,Murad,1999474295,False
133,2,2,neutral,False,False,False,5.0,Murad,1999474295,False
134,3,2,neutral,False,True,True,5.0,Murad,1999474295,False
135,2,1,neutral,False,False,False,5.0,Murad,1999474295,False
136,1,1,neutral,False,False,False,5.0,Murad,1999474295,False
137,1,1,positive,False,True,False,5.0,Murad,1999474295,False
138,3,3,positive,False,True,False,5.0,Murad,1999474295,False
139,4,4,positive,False,True,False,5.0,Murad,1999474295,False
140,3,3,positive,False,True,False,5.0,Murad,1999474295,False
142,2,1,positive,False,True,True,5.0,Murad,1999474295,False
143,3,3,neutral,False,True,True,5.0,Murad,1999474295,False
144,3,3,positive,False,True,False,5.0,Murad,1999474295,False
145,3,2,positive,False,True,True,5.0,Murad,1999474295,False
146,1,1,neutral,False,False,False,5.0,Murad,1999474295,False
147,1,1,neutral,False,False,False,5.0,Murad,1999474295,False
148,2,2,neutral,False,False,False,5.0,Murad,1999474295,False
149,3,3,neutral,False,True,True,5.0,Murad,1999474295,False
150,1,1,neutral,False,False,False,5.0,Murad,1999474295,False
151,1,1,positive,False,True,False,5.0,Murad,1999474295,False
152,2,1,positive,False,True,False,5.0,Murad,1999474295,False
153,1,1,positive,False,True,False,5.0,Murad,1999474295,False
154,1,1,positive,False,True,False,5.0,Murad,1999474295,False
157,4,3,neutral,False,False,False,5.0,Murad,1999474295,False
158,1,1,positive,False,True,False,5.0,Murad,1999474295,False
159,3,3,positive,False,True,False,5.0,Murad,1999474295,False
160,2,1,neutral,False,False,False,5.0,Murad,1999474295,False
162,2,2,positive,True,True,True,5.0,Murad,1999474295,True
163,3,3,positive,False,True,True,5.0,Murad,1999474295,False
164,3,3,neutral,False,True,True,5.0,Murad,1999474295,False
165,1,1,positive,False,True,False,5.0,Murad,1999474295,False
166,1,1,positive,False,True,False,5.0,Murad,1999474295,False
167,2,2,positive,False,True,False,5.0,Murad,1999474295,False
168,1,1,neutral,False,False,False,5.0,Murad,1999474295,False
170,2,2,neutral,False,False,False,5.0,Murad,1999474295,False
171,3,2,neutral,False,True,True,5.0,Murad,1999474295,False
172,2,2,neutral,False,False,False,5.0,Murad,1999474295,False
175,1,1,neutral,False,False,False,5.0,Murad,1999474295,False
176,1,1,positive,False,True,False,5.0,Murad,1999474295,False
177,3,2,positive,False,True,True,5.0,Murad,1999474295,False
181,2,2,positive,False,True,True,5.0,Murad,1999468969,False
182,2,2,neutral,False,True,True,5.0,Murad,1999468969,False
183,2,2,neutral,False,False,False,1.0,Murad,1999570180,False
184,1,1,negative,True,False,False,1.0,Murad,1999570180,False
186,3,2,neutral,False,True,True,5.0,Murad,1999570180,False
187,3,2,neutral,False,False,False,5.0,Murad,1999570180,False
188,2,1,neutral,False,True,True,5.0,Murad,1999570180,False
190,3,3,positive,False,True,False,5.0,Murad,1999570180,False
191,2,2,neutral,False,True,True,5.0,Murad,1999570180,False
192,1,1,neutral,False,False,False,5.0,Murad,1999570180,False
194,1,1,positive,False,True,False,5.0,Murad,1999570180,False
195,4,1,neutral,False,False,False,5.0,Murad,1999570180,False
196,2,2,positive,False,True,False,5.0,Murad,1999570180,False
197,1,1,neutral,False,False,False,5.0,Murad,1999570180,False
198,2,2,positive,False,True,False,5.0,Murad,1999570180,False
199,1,1,neutral,False,False,False,5.0,Murad,1999570180,False
202,2,1,neutral,False,True,True,5.0,Murad,1999570180,False
204,1,1,neutral,False,False,False,5.0,Murad,1999570180,False
205,1,1,neutral,False,False,False,5.0,Murad,1999570180,False
208,1,1,positive,False,True,False,5.0,Murad,1999570180,False
210,1,1,neutral,False,False,False,5.0,Murad,1999570180,False
211,2,1,neutral,False,True,True,5.0,Murad,1999570180,False
214,1,1,positive,False,True,False,3.0,Murad,1999512677,False
216,1,1,neutral,False,False,False,5.0,Murad,1999512677,False
217,1,1,neutral,False,False,False,5.0,Murad,1999512677,False
218,1,1,positive,False,True,False,5.0,Murad,1999512677,False
219,4,3,neutral,False,True,True,5.0,Murad,1999512677,False
220,1,1,positive,False,True,False,5.0,Murad,1999512677,False
221,5,2,negative,True,True,True,5.0,Murad,1999512677,True
222,4,3,positive,False,True,True,5.0,Murad,1999512677,False
223,2,2,neutral,False,True,True,5.0,Murad,1999512677,False
225,2,1,neutral,False,True,True,5.0,Murad,1999512677,False
227,2,1,neutral,False,False,False,5.0,Murad,1999512677,False
229,3,2,neutral,False,True,True,5.0,Murad,1999428938,False
230,4,2,positive,False,True,True,5.0,Murad,1999428938,False
231,1,1,neutral,False,False,False,5.0,Murad,1999428938,False
233,1,1,neutral,False,False,False,5.0,Murad,1999428938,False
235,2,1,positive,False,True,False,5.0,Murad,1999428938,False
236,1,1,neutral,False,False,False,5.0,Murad,1999428938,False
237,2,2,neutral,True,False,True,1.0,Murad,1999567409,False
238,1,1,neutral,False,False,False,3.0,Murad,1999567409,False
239,1,1,negative,True,False,False,4.0,Murad,1999567409,True
240,2,2,neutral,False,True,True,5.0,Murad,1999567409,False
241,5,3,neutral,False,True,True,5.0,Murad,1999567409,False
242,1,1,neutral,False,False,False,5.0,Murad,1999567409,False
243,3,2,positive,False,True,False,5.0,Murad,1999567409,False
244,1,1,positive,False,True,False,5.0,Murad,1999567409,False
245,5,4,positive,False,True,True,5.0,Murad,1999567409,False
246,1,1,positive,False,True,False,5.0,Murad,1999567409,False
247,2,2,positive,False,True,False,5.0,Murad,1999567409,False
248,2,1,positive,True,True,True,5.0,Murad,1999567409,True
249,2,2,neutral,False,True,True,5.0,Murad,1999567409,False
251,1,1,positive,False,True,False,5.0,Murad,1999567409,False
252,5,3,positive,False,True,True,5.0,Murad,1999567409,False
253,1,1,positive,False,True,False,5.0,Murad,1999567409,False
255,4,3,positive,False,True,False,5.0,Murad,1999567409,False
256,1,1,positive,False,True,False,5.0,Murad,3172657876,False
259,3,2,neutral,False,True,True,5.0,Murad,2612411027,False
260,2,2,positive,False,True,False,5.0,Murad,2612411027,False
261,2,2,neutral,False,True,True,5.0,Murad,2612411027,False
262,3,3,positive,False,True,False,5.0,Murad,2612411027,False
263,2,2,positive,False,True,True,5.0,Murad,2612411027,False
264,3,3,positive,False,True,False,5.0,Murad,2612411027,False
265,5,2,positive,True,True,True,5.0,Murad,3001185622,True
267,3,2,neutral,False,False,False,5.0,Murad,3001185622,False
268,2,2,positive,False,True,False,5.0,Murad,3001185622,False
270,2,2,neutral,False,False,False,5.0,Obagi,3061281641,False
271,4,3,positive,False,True,True,5.0,Obagi,3061281641,False
272,2,1,positive,False,True,False,5.0,Obagi,3064161529,False
273,2,1,neutral,False,True,True,5.0,Obagi,2995389616,False
276,2,2,positive,False,True,False,5.0,Obagi,3001271404,False
277,3,3,positive,False,True,False,5.0,Obagi,3001271404,False
278,1,1,positive,False,True,False,5.0,Obagi,3001271404,False
279,1,1,positive,False,True,False,5.0,Obagi,3001271404,False
280,1,1,neutral,False,False,False,5.0,Obagi,3001271404,False
281,3,2,neutral,False,True,True,5.0,Obagi,3001271404,False
282,4,3,positive,False,True,False,5.0,Obagi,3001271404,False
283,1,1,negative,True,False,False,5.0,Obagi,3001271404,True
284,2,2,positive,False,True,False,5.0,Obagi,3001271404,False
285,1,1,neutral,False,False,False,5.0,Obagi,3001271404,False
286,1,1,positive,False,True,False,5.0,Obagi,3001271404,False
287,3,3,positive,False,True,True,5.0,Obagi,3001271404,False
289,3,2,positive,False,True,False,5.0,Obagi,3001271404,False
290,3,3,positive,False,True,False,5.0,Obagi,3001271404,False
291,3,3,positive,False,True,True,5.0,Obagi,3001271404,False
292,2,2,positive,False,True,False,5.0,Obagi,3001271404,False
293,4,2,positive,False,True,False,5.0,Obagi,3001271404,False
294,2,2,positive,False,True,False,5.0,Obagi,3001271404,False
296,2,2,neutral,False,True,True,5.0,Obagi,3001271404,False
297,3,3,positive,False,True,False,5.0,Obagi,3001271404,False
298,6,3,neutral,True,True,True,5.0,Obagi,3001271404,True
299,1,1,neutral,False,False,False,3.0,Obagi,2965410910,False
301,3,3,positive,False,True,False,5.0,Obagi,2965410910,False
302,2,1,neutral,False,True,True,5.0,Obagi,2965410910,False
303,1,1,neutral,False,False,False,5.0,Obagi,2965410910,False
304,2,1,neutral,False,True,True,5.0,Obagi,2965410910,False
305,6,4,neutral,False,True,True,5.0,Obagi,2965410910,False
306,1,1,positive,False,True,False,5.0,Obagi,2965410910,False
307,1,1,positive,False,True,False,5.0,Obagi,2965410910,False
308,4,2,neutral,False,True,True,5.0,Obagi,2965410910,False
309,1,1,neutral,False,False,False,5.0,Obagi,2965410910,False
311,2,2,neutral,False,True,True,5.0,Obagi,2965410910,False
314,2,2,positive,False,True,False,5.0,Obagi,2965410910,False
315,2,2,neutral,False,False,False,5.0,Obagi,2965410910,False
316,3,3,positive,False,True,True,5.0,Obagi,2965410910,False
317,4,4,positive,False,True,True,5.0,Obagi,2965410910,False
318,2,2,positive,False,True,True,5.0,Obagi,2965410910,False
320,3,3,positive,False,True,False,5.0,Obagi,2965410910,False
321,4,3,negative,True,True,True,5.0,Obagi,2965410910,True
322,4,3,positive,False,True,False,5.0,Obagi,2965410910,False
323,3,3,positive,False,True,False,5.0,Obagi,2965410910,False
324,1,1,neutral,False,False,False,5.0,Obagi,2965410910,False
325,3,3,negative,True,False,False,5.0,Obagi,2965410910,True
326,3,2,neutral,False,False,False,5.0,Obagi,2965410910,False
328,3,2,negative,True,False,False,1.0,Obagi,2397779456,False
329,6,3,neutral,False,False,False,1.0,Obagi,2397779456,False
331,2,2,positive,False,True,True,5.0,Obagi,2397779456,False
332,1,1,positive,False,True,False,5.0,Obagi,2397779456,False
333,1,1,positive,False,True,False,5.0,Obagi,2397779456,False
334,1,1,positive,False,True,False,5.0,Obagi,2397779456,False
335,4,1,neutral,False,True,True,5.0,Obagi,2397779456,False
336,5,1,positive,False,True,False,5.0,Obagi,2397779456,False
337,1,1,neutral,False,False,False,5.0,Obagi,2397779456,False
338,4,3,positive,False,True,True,5.0,Obagi,2397779456,False
339,5,3,positive,False,True,True,5.0,Obagi,2397779456,False
340,2,2,positive,False,True,True,5.0,Obagi,2397779456,False
341,1,1,positive,False,True,False,5.0,Obagi,2397779456,False
343,2,2,positive,False,True,False,5.0,Obagi,2397779456,False
344,1,1,positive,False,True,False,5.0,Obagi,2397779456,False
345,2,1,positive,False,True,False,5.0,Obagi,2397779456,False
346,1,1,positive,False,True,False,5.0,Obagi,2397779456,False
347,1,1,neutral,False,False,False,5.0,Obagi,2397779456,False
348,3,3,positive,False,True,True,5.0,Obagi,2397779456,False
349,3,1,positive,False,True,True,5.0,Obagi,2397779456,False
352,2,1,positive,True,True,True,5.0,Obagi,2397779456,True
353,1,1,positive,False,True,False,5.0,Obagi,2397779456,False
356,3,3,positive,False,True,False,5.0,Obagi,2397779456,False
357,1,1,positive,False,True,False,5.0,Obagi,2397779456,False
358,4,3,positive,False,True,False,5.0,Obagi,2397779456,False
359,1,1,positive,False,True,False,5.0,Obagi,2397779456,False
360,1,1,neutral,False,False,False,5.0,Obagi,2397779456,False
361,3,3,positive,False,True,False,5.0,Obagi,2397779456,False
363,1,1,positive,False,True,False,5.0,Obagi,2397779456,False
364,1,1,neutral,False,False,False,5.0,Obagi,2397779456,False
365,3,3,positive,False,True,False,5.0,Obagi,2397779456,False
366,1,1,positive,False,True,False,5.0,Obagi,2397779456,False
367,1,1,neutral,False,False,False,5.0,Obagi,2397779456,False
368,3,2,neutral,False,True,True,5.0,Obagi,2397779456,False
369,1,1,positive,False,True,False,5.0,Obagi,2397779456,False
370,1,1,neutral,False,False,False,5.0,Obagi,2397779456,False
372,1,1,positive,False,True,False,5.0,Obagi,2397779456,False
374,1,1,positive,False,True,False,5.0,Obagi,2397779456,False
375,4,3,neutral,False,True,True,5.0,Obagi,2397779456,False
376,2,2,positive,False,True,False,5.0,Obagi,2397779456,False
378,1,1,neutral,False,False,False,5.0,Obagi,2397779456,False
379,1,1,positive,False,True,False,5.0,Obagi,2397779456,False
381,1,1,positive,False,True,False,5.0,Obagi,2397779456,False
382,2,2,neutral,False,False,False,5.0,Obagi,2397779456,False
383,2,2,neutral,False,False,False,5.0,Obagi,2397779456,False
384,1,1,positive,False,True,False,5.0,Obagi,2397779456,False
385,1,1,neutral,False,False,False,5.0,Obagi,2397779456,False
387,1,1,positive,False,True,False,5.0,Obagi,2397779456,False
389,1,1,positive,False,True,False,5.0,Obagi,2397779456,False
390,3,3,positive,False,True,False,5.0,Obagi,2397779456,False
391,5,5,neutral,True,False,True,3.0,Obagi,2392971001,False
392,3,3,neutral,False,True,True,4.0,Obagi,2392971001,False
394,1,1,negative,True,False,False,5.0,Obagi,2392971001,True
395,2,2,neutral,False,True,True,5.0,Obagi,2392971001,False
396,1,1,neutral,False,False,False,5.0,Obagi,2392971001,False
398,2,2,neutral,False,False,False,5.0,Obagi,2392971001,False
399,4,3,neutral,False,True,True,5.0,Obagi,2392971001,False
400,2,1,neutral,False,True,True,5.0,Obagi,2392971001,False
401,2,2,neutral,False,False,False,5.0,Obagi,2392971001,False
402,7,3,positive,False,True,True,5.0,Obagi,2392971001,False
403,3,3,positive,False,True,False,5.0,Obagi,2392971001,False
405,1,1,neutral,False,False,False,5.0,Obagi,2392971001,False
407,4,3,neutral,False,True,True,5.0,Obagi,2392971001,False
408,4,3,positive,False,True,True,5.0,Obagi,2392971001,False
409,2,1,positive,False,True,False,5.0,Obagi,2392971001,False
410,1,1,neutral,False,False,False,5.0,Obagi,2392971001,False
411,5,3,neutral,True,False,True,1.0,Obagi,2397873395,False
412,3,3,neutral,True,False,True,1.0,Obagi,2397873395,False
414,1,1,neutral,False,False,False,4.0,Obagi,2397873395,False
415,2,2,neutral,False,False,False,4.0,Obagi,2397873395,False
416,1,1,negative,True,False,False,4.0,Obagi,2397873395,True
417,3,1,neutral,False,True,True,5.0,Obagi,2397873395,False
418,1,1,positive,False,True,False,5.0,Obagi,2397873395,False
419,1,1,neutral,False,False,False,5.0,Obagi,2397873395,False
420,2,2,neutral,False,True,True,5.0,Obagi,2397873395,False
421,3,2,positive,False,True,True,5.0,Obagi,2397873395,False
422,3,2,positive,False,True,True,5.0,Obagi,2397873395,False
424,3,3,positive,False,True,False,5.0,Obagi,2397873395,False
426,1,1,positive,False,True,False,5.0,Obagi,2397873395,False
427,3,2,neutral,False,True,True,5.0,Obagi,2397873395,False
428,2,1,neutral,False,False,False,5.0,Obagi,2397873395,False
429,2,1,positive,False,True,True,5.0,Obagi,2397873395,False
431,2,2,positive,False,True,False,5.0,Obagi,2397873395,False
432,2,2,positive,False,True,False,5.0,Obagi,2397873395,False
433,2,1,positive,False,True,True,5.0,Obagi,2397873395,False
434,1,1,neutral,False,False,False,5.0,Obagi,2397873395,False
435,1,1,positive,False,True,False,5.0,Obagi,2397873395,False
436,1,1,neutral,False,False,False,5.0,Obagi,2397873395,False
437,3,3,positive,False,True,False,5.0,Obagi,2397873395,False
438,2,1,positive,False,True,True,5.0,Obagi,2397873395,False
439,2,2,positive,False,True,False,5.0,Obagi,2397873395,False
440,1,1,positive,False,True,False,5.0,Obagi,2397873395,False
441,2,1,neutral,False,False,False,5.0,Obagi,2397873395,False
442,1,1,positive,False,True,False,5.0,Obagi,2397873395,False
443,3,1,neutral,False,False,False,5.0,Obagi,2397873395,False
444,5,3,positive,False,True,True,5.0,Obagi,2397873395,False
446,5,4,positive,False,True,False,5.0,Obagi,2397873395,False
447,1,1,positive,False,True,False,5.0,Obagi,2397873395,False
448,1,1,neutral,False,False,False,5.0,Obagi,2397873395,False
449,2,2,positive,False,True,False,5.0,Obagi,2397873395,False
451,2,1,positive,False,True,True,5.0,Obagi,2397873395,False
452,5,2,positive,False,True,False,5.0,Obagi,2397873395,False
454,6,4,positive,False,True,False,5.0,Obagi,2397873395,False
455,1,1,positive,False,True,False,5.0,Obagi,2397873395,False
456,4,2,positive,False,True,True,5.0,Obagi,2397873395,False
457,2,2,positive,False,True,False,5.0,Obagi,2397873395,False
458,2,2,positive,False,True,False,5.0,Obagi,2397873395,False
459,1,1,positive,False,True,False,5.0,Obagi,2397873395,False
460,2,2,positive,False,True,True,5.0,Obagi,2397873395,False
461,2,1,positive,False,True,True,5.0,Obagi,2397873395,False
462,2,2,positive,False,True,False,5.0,Obagi,2397873395,False
463,1,1,negative,True,False,False,5.0,Obagi,2397873395,True
464,6,2,neutral,False,True,True,5.0,Obagi,2397873395,False
465,4,2,neutral,False,True,True,5.0,Obagi,2397873395,False
466,4,1,positive,False,True,True,5.0,Obagi,2397873395,False
467,1,1,positive,False,True,False,5.0,Obagi,2397873395,False
468,1,1,positive,False,True,False,5.0,Obagi,2397873395,False
473,2,2,positive,False,True,False,5.0,Obagi,2397873395,False
474,3,2,positive,False,True,True,5.0,Obagi,2397873395,False
476,5,2,positive,False,True,True,5.0,Obagi,2397873395,False
477,1,1,positive,False,True,False,5.0,Obagi,2397873395,False
478,3,2,neutral,False,False,False,5.0,Obagi,2397873395,False
481,1,1,neutral,False,False,False,5.0,Obagi,2397873395,False
482,5,2,positive,False,True,True,5.0,Obagi,2397873395,False
483,1,1,neutral,False,False,False,5.0,Obagi,2397873395,False
484,1,1,positive,False,True,False,5.0,Obagi,2397873395,False
486,1,1,neutral,False,False,False,5.0,Obagi,2397873395,False
487,7,3,positive,False,True,True,5.0,Obagi,2397873395,False
489,1,1,positive,False,True,False,5.0,Obagi,2397873395,False
490,2,2,neutral,False,False,False,5.0,Obagi,2397873395,False
491,2,1,positive,False,True,False,5.0,Obagi,2397873395,False
492,1,1,positive,False,True,False,5.0,Obagi,2397873395,False
493,2,2,positive,False,True,False,5.0,Obagi,2397873395,False
494,1,1,neutral,False,False,False,5.0,Obagi,2397873395,False
495,3,1,positive,False,True,True,5.0,Obagi,2397873395,False
497,1,1,neutral,False,False,False,5.0,Obagi,2397873395,False
498,3,1,neutral,False,False,False,5.0,Obagi,2397873395,False
499,1,1,neutral,False,False,False,5.0,Obagi,2397873395,False
500,3,3,positive,False,True,False,5.0,Obagi,2397873395,False
501,1,1,neutral,False,False,False,5.0,Obagi,2397873395,False
502,1,1,positive,False,True,False,5.0,Obagi,2397873395,False
503,1,1,neutral,False,False,False,5.0,Obagi,2397873395,False
504,1,1,neutral,False,False,False,5.0,Obagi,2397873395,False
506,1,1,positive,False,True,False,5.0,Obagi,2397873395,False
508,2,2,positive,False,True,True,5.0,Obagi,2397873395,False
509,2,2,positive,False,True,False,5.0,Obagi,2397873395,False
511,3,1,negative,True,False,True,3.0,Obagi,2997446023,False
512,4,3,neutral,True,False,True,5.0,Obagi,2997446023,True
513,1,1,neutral,False,False,False,5.0,Obagi,2997446023,False
514,1,1,positive,False,True,False,5.0,Obagi,2997446023,False
515,2,2,negative,True,False,True,5.0,Obagi,2997446023,True
516,3,3,positive,False,True,False,5.0,Obagi,2997446023,False
518,5,3,positive,False,True,True,5.0,Obagi,2997446023,False
519,3,3,neutral,False,True,True,5.0,Obagi,2997446023,False
521,4,3,positive,False,True,True,5.0,Obagi,2997446023,False
522,2,2,positive,False,True,False,5.0,Obagi,2997446023,False
523,3,2,neutral,False,False,False,5.0,Obagi,3135559245,False
525,2,2,positive,False,True,True,5.0,Obagi,3135559245,False
527,1,1,neutral,False,False,False,5.0,Obagi,3135559245,False
528,3,3,positive,False,True,True,5.0,Obagi,3135559245,False
529,5,4,positive,False,True,True,5.0,Obagi,3135559245,False
532,2,1,neutral,False,True,True,5.0,Obagi,3135559245,False
533,3,2,positive,False,True,False,5.0,Obagi,3135559245,False
534,2,2,positive,False,True,False,5.0,Obagi,3135559245,False
535,7,3,positive,True,True,True,5.0,Obagi,3135559245,True
536,1,1,positive,False,True,False,5.0,Obagi,3135559245,False
538,1,1,neutral,False,False,False,3.0,Obagi,2397924237,False
540,2,1,positive,True,True,True,4.0,Obagi,2397924237,True
541,2,2,neutral,False,False,False,4.0,Obagi,2397924237,False
542,1,1,positive,False,True,False,4.0,Obagi,2397924237,False
543,4,3,positive,False,True,False,4.0,Obagi,2397924237,False
544,4,2,neutral,False,True,True,4.0,Obagi,2397924237,False
545,1,1,positive,False,True,False,5.0,Obagi,2397924237,False
546,1,1,positive,False,True,False,5.0,Obagi,2397924237,False
547,2,1,negative,True,False,True,5.0,Obagi,2397924237,True
548,1,1,positive,False,True,False,5.0,Obagi,2397924237,False
549,1,1,positive,False,True,False,5.0,Obagi,2397924237,False
550,1,1,positive,False,True,False,5.0,Obagi,2397924237,False
551,2,1,positive,False,True,False,5.0,Obagi,2397924237,False
552,1,1,positive,False,True,False,5.0,Obagi,2397924237,False
554,3,1,positive,False,True,True,5.0,Obagi,2397924237,False
555,2,1,positive,False,True,True,5.0,Obagi,2397924237,False
556,1,1,negative,True,False,False,5.0,Obagi,2397924237,True
558,1,1,neutral,False,False,False,5.0,Obagi,2397924237,False
559,2,1,positive,False,True,False,5.0,Obagi,2397924237,False
560,3,2,neutral,False,True,True,5.0,Obagi,2397924237,False
561,2,1,positive,False,True,False,5.0,Obagi,2397924237,False
562,1,1,negative,True,False,False,5.0,Obagi,2397924237,True
563,1,1,neutral,False,False,False,5.0,Obagi,2397924237,False
565,3,2,positive,False,True,False,5.0,Obagi,2397924237,False
566,2,1,neutral,False,False,False,5.0,Obagi,2397924237,False
567,3,1,neutral,False,True,True,5.0,Obagi,2397924237,False
568,1,1,positive,False,True,False,5.0,Obagi,2397924237,False
570,2,1,neutral,False,True,True,5.0,Obagi,2397924237,False
571,3,2,positive,False,True,False,5.0,Obagi,2397924237,False
572,1,1,positive,False,True,False,5.0,Obagi,2397924237,False
573,1,1,neutral,False,False,False,5.0,Obagi,2397924237,False
575,2,1,positive,False,True,False,5.0,Obagi,2397924237,False
577,2,1,neutral,False,False,False,5.0,Obagi,2397924237,False
578,6,2,positive,False,True,True,5.0,Obagi,2397924237,False
580,4,2,positive,False,True,True,5.0,Obagi,2397924237,False
581,1,1,positive,False,True,False,5.0,Obagi,2397924237,False
582,2,1,neutral,False,False,False,5.0,Obagi,2397924237,False
583,5,2,positive,False,True,True,5.0,Obagi,2397924237,False
584,2,2,neutral,False,False,False,5.0,Obagi,2397924237,False
585,1,1,neutral,False,False,False,5.0,Obagi,2397924237,False
586,1,1,neutral,False,False,False,5.0,Obagi,2397924237,False
587,2,2,neutral,True,False,True,5.0,Obagi,2397924237,True
589,3,2,negative,True,True,True,5.0,Obagi,2397924237,True
590,1,1,positive,False,True,False,5.0,Obagi,2397924237,False
593,2,2,positive,False,True,True,5.0,Obagi,2397924237,False
595,2,1,negative,True,True,True,5.0,Obagi,2397924237,True
596,1,1,neutral,False,False,False,5.0,Obagi,2397924237,False
597,4,3,neutral,False,True,True,5.0,Obagi,2397924237,False
598,1,1,neutral,False,False,False,5.0,Obagi,2397924237,False
599,3,2,neutral,False,True,True,5.0,Obagi,2397924237,False
600,1,1,positive,False,True,False,5.0,Obagi,2397924237,False
601,2,2,positive,False,True,True,5.0,Obagi,2397924237,False
602,2,1,positive,False,True,False,5.0,Obagi,2397924237,False
603,3,2,positive,False,True,False,5.0,Obagi,2397924237,False
604,1,1,neutral,False,False,False,5.0,Obagi,2397924237,False
605,2,2,neutral,False,False,False,5.0,Obagi,2397924237,False
606,1,1,positive,False,True,False,5.0,Obagi,2397924237,False
607,4,1,neutral,False,False,False,5.0,Obagi,2397924237,False
610,1,1,positive,False,True,False,5.0,Obagi,2397924237,False
612,1,1,positive,False,True,False,5.0,Obagi,2397924237,False
613,3,3,positive,False,True,False,5.0,Obagi,2397924237,False
614,2,2,positive,False,True,False,5.0,Obagi,2397924237,False
616,3,3,neutral,False,True,True,5.0,Obagi,2397924237,False
617,1,1,neutral,False,False,False,5.0,Obagi,2397924237,False
618,3,3,positive,False,True,False,5.0,Obagi,2397924237,False
621,1,1,positive,False,True,False,5.0,Obagi,2397924237,False
623,4,3,positive,False,True,False,5.0,Obagi,2397924237,False
624,3,2,neutral,True,False,True,5.0,Obagi,2397924237,True
625,5,2,neutral,False,True,True,5.0,Obagi,2397924237,False
626,2,2,positive,False,True,False,5.0,Obagi,2397924237,False
627,1,1,neutral,False,False,False,5.0,Obagi,2397924237,False
628,1,1,positive,False,True,False,5.0,Obagi,2397924237,False
629,1,1,neutral,False,False,False,5.0,Obagi,2397924237,False
630,2,2,positive,False,True,True,5.0,Obagi,2397924237,False
631,3,2,neutral,False,True,True,5.0,Obagi,2397924237,False
632,2,2,positive,False,True,True,5.0,Obagi,2397924237,False
633,1,1,negative,True,False,False,5.0,Obagi,2397924237,True
634,1,1,neutral,False,False,False,5.0,Obagi,2397924237,False
635,4,3,neutral,False,True,True,5.0,Obagi,2397924237,False
636,1,1,positive,False,True,False,5.0,Obagi,2397924237,False
639,5,3,neutral,True,False,True,5.0,Obagi,2392814305,True
640,4,4,neutral,False,True,True,5.0,Obagi,2392814305,False
641,2,2,negative,True,True,True,5.0,Obagi,2392814305,True
642,1,1,neutral,False,False,False,5.0,Obagi,2392814305,False
646,1,1,positive,False,True,False,5.0,Obagi,2997466004,False
647,4,3,positive,False,True,True,5.0,Obagi,2997466004,False
648,2,1,positive,False,True,True,5.0,Obagi,2997466004,False
649,1,1,positive,False,True,False,5.0,Obagi,2997466004,False
650,1,1,positive,False,True,False,5.0,Obagi,2997466004,False
652,1,1,positive,False,True,False,5.0,Obagi,2997466004,False
655,1,1,positive,False,True,False,5.0,Obagi,2880693154,False
656,2,1,positive,False,True,False,5.0,Obagi,2880693154,False
657,1,1,positive,False,True,False,5.0,Obagi,3064046678,False
658,1,1,positive,False,True,False,5.0,Obagi,3064046678,False
659,2,2,neutral,False,False,False,5.0,Obagi,3064046678,False
660,4,2,neutral,False,True,True,5.0,Obagi,2997467026,False
661,2,2,negative,True,False,True,5.0,Obagi,2997467026,True
662,1,1,negative,True,False,False,5.0,Obagi,2997467026,True
663,3,3,positive,False,True,False,5.0,Obagi,2997467026,False
664,3,3,neutral,False,True,True,5.0,Obagi,2997467026,False
665,8,5,positive,False,True,True,5.0,Obagi,2997467026,False
666,1,1,neutral,False,False,False,5.0,Obagi,2997467026,False
667,5,4,positive,False,True,True,5.0,Obagi,2855649419,False
668,2,2,neutral,False,False,False,5.0,Obagi,2855649419,False
669,4,3,neutral,True,True,True,5.0,Obagi,2855649419,True
670,3,3,positive,False,True,False,5.0,Obagi,2855649419,False
671,1,1,positive,False,True,False,5.0,Obagi,2855649419,False
672,3,2,positive,False,True,False,5.0,Obagi,2413489553,False
673,2,1,positive,False,True,False,5.0,Obagi,2413489553,False
674,3,2,neutral,True,False,True,5.0,Obagi,2413489553,True
676,1,1,neutral,False,False,False,5.0,Obagi,2413489553,False
677,1,1,positive,False,True,False,5.0,Obagi,2413489553,False
678,4,4,positive,False,True,True,5.0,Obagi,2413489553,False
679,2,1,positive,False,True,False,5.0,Obagi,2413489553,False
680,2,2,positive,False,True,False,5.0,Obagi,2413489553,False
683,6,4,positive,False,True,True,2.0,Obagi,2424351193,False
685,2,1,neutral,False,True,True,5.0,Obagi,2424351193,False
687,1,1,neutral,False,False,False,5.0,Obagi,2424351193,False
688,1,1,positive,False,True,False,5.0,Obagi,2424351193,False
689,1,1,positive,False,True,False,5.0,Obagi,2424351193,False
690,1,1,neutral,False,False,False,5.0,Obagi,2424351193,False
691,2,1,positive,False,True,True,5.0,Obagi,2424351193,False
692,4,1,neutral,False,False,False,5.0,Obagi,2424351193,False
694,3,1,neutral,True,False,True,2.0,Obagi,2397901251,False
695,1,1,neutral,False,False,False,3.0,Obagi,2397901251,False
696,3,3,neutral,False,True,True,5.0,Obagi,2397901251,False
698,1,1,positive,False,True,False,5.0,Obagi,2397901251,False
699,3,3,neutral,False,True,True,5.0,Obagi,2397901251,False
700,4,2,positive,False,True,True,5.0,Obagi,2397901251,False
701,2,2,positive,False,True,False,5.0,Obagi,2397901251,False
702,3,2,positive,False,True,True,5.0,Obagi,2397901251,False
705,1,1,neutral,False,False,False,5.0,Obagi,2397901251,False
706,1,1,neutral,False,False,False,5.0,Obagi,2397901251,False
708,2,2,neutral,False,False,False,5.0,Obagi,2397901251,False
711,1,1,positive,False,True,False,5.0,Obagi,3072813842,False
712,2,1,positive,False,True,True,5.0,Obagi,3072813842,False
714,1,1,negative,True,False,False,1.0,Obagi,3052307780,False
717,1,1,neutral,False,False,False,3.0,Obagi,3052307780,False
718,2,2,neutral,False,True,True,4.0,Obagi,3052307780,False
719,1,1,positive,False,True,False,5.0,Obagi,3052307780,False
720,1,1,positive,False,True,False,5.0,Obagi,3052307780,False
722,3,2,positive,False,True,False,5.0,Obagi,3052307780,False
723,1,1,neutral,False,False,False,5.0,Obagi,3052307780,False
725,2,2,neutral,False,True,True,5.0,Obagi,3052307780,False
726,1,1,neutral,False,False,False,5.0,Obagi,3052307780,False
728,2,1,positive,False,True,False,5.0,Obagi,3052307780,False
729,3,2,positive,False,True,True,5.0,Obagi,3052307780,False
730,1,1,positive,False,True,False,5.0,Obagi,3052307780,False
731,2,2,positive,False,True,True,5.0,Obagi,3052307780,False
732,1,1,positive,False,True,False,5.0,Obagi,3052307780,False
733,3,3,neutral,False,True,True,5.0,Obagi,3052307780,False
734,1,1,positive,False,True,False,5.0,Obagi,3052307780,False
735,2,2,positive,False,True,False,5.0,Obagi,3052307780,False
736,3,2,neutral,False,False,False,5.0,Obagi,3052307780,False
737,3,3,positive,False,True,True,5.0,Obagi,3052307780,False
738,1,1,positive,False,True,False,5.0,Obagi,3052307780,False
739,1,1,positive,False,True,False,5.0,Obagi,3052307780,False
740,5,2,positive,False,True,True,5.0,Obagi,3052307780,False
741,3,2,neutral,False,True,True,5.0,Obagi,3052307780,False
742,3,2,neutral,False,True,True,5.0,Obagi,3052307780,False
743,2,2,neutral,False,False,False,5.0,Obagi,3052307780,False
744,2,2,positive,False,True,True,5.0,Obagi,3052307780,False
745,2,2,positive,False,True,False,5.0,Obagi,3052307780,False
746,2,2,positive,False,True,False,5.0,Obagi,3052307780,False
747,1,1,positive,False,True,False,5.0,Obagi,3052307780,False
748,2,2,neutral,True,False,True,5.0,Obagi,3052307780,True
749,7,4,positive,False,True,True,5.0,Obagi,3052307780,False
750,1,1,positive,False,True,False,5.0,Obagi,3052307780,False
751,1,1,negative,True,False,False,5.0,Obagi,3052307780,True
752,2,2,neutral,False,False,False,5.0,Obagi,3052307780,False
753,2,2,neutral,False,False,False,5.0,Obagi,3052307780,False
754,4,2,positive,False,True,True,5.0,Obagi,3052307780,False
755,4,2,positive,False,True,True,5.0,Obagi,3052307780,False
756,4,2,positive,False,True,False,5.0,Obagi,3052307780,False
757,1,1,neutral,False,False,False,5.0,Obagi,3052307780,False
758,2,2,positive,False,True,True,5.0,Obagi,3052307780,False
759,3,2,positive,False,True,True,5.0,Obagi,3052307780,False
760,4,2,positive,False,True,True,5.0,Obagi,3052307780,False
761,2,2,neutral,False,False,False,5.0,Obagi,3052307780,False
762,2,2,positive,False,True,False,5.0,Obagi,3052307780,False
763,3,3,neutral,False,True,True,5.0,Obagi,3052307780,False
764,3,3,positive,False,True,True,5.0,Obagi,3052307780,False
765,3,3,positive,False,True,False,5.0,Obagi,3052307780,False
766,2,1,neutral,False,False,False,5.0,Obagi,3052307780,False
768,1,1,positive,False,True,False,5.0,Obagi,3052307780,False
769,1,1,neutral,False,False,False,5.0,Obagi,3052307780,False
771,1,1,positive,False,True,False,5.0,Obagi,3052307780,False
772,2,1,positive,False,True,False,5.0,Obagi,3052307780,False
773,4,2,positive,False,True,False,5.0,Obagi,3052307780,False
774,1,1,positive,False,True,False,5.0,Obagi,3052307780,False
775,1,1,positive,False,True,False,5.0,Obagi,3052307780,False
776,1,1,positive,False,True,False,5.0,Obagi,3052307780,False
777,1,1,neutral,False,False,False,5.0,Obagi,3052307780,False
778,3,3,positive,False,True,False,5.0,Obagi,3052307780,False
779,1,1,positive,False,True,False,5.0,Obagi,3052307780,False
780,2,2,positive,False,True,False,5.0,Obagi,3052307780,False
782,1,1,positive,False,True,False,5.0,Obagi,3052307780,False
783,1,1,positive,False,True,False,5.0,Obagi,3052307780,False
784,2,2,positive,False,True,False,5.0,Obagi,3052307780,False
785,1,1,positive,False,True,False,5.0,Obagi,3052307780,False
786,2,2,positive,False,True,True,5.0,Obagi,3052307780,False
787,3,2,positive,False,True,True,5.0,Obagi,3052307780,False
788,3,2,positive,False,True,False,5.0,Obagi,3052307780,False
789,3,2,positive,False,True,False,5.0,Obagi,3052307780,False
790,1,1,neutral,False,False,False,5.0,Obagi,3052307780,False
791,1,1,positive,False,True,False,5.0,Obagi,3052307780,False
792,2,1,positive,False,True,False,5.0,Obagi,3052307780,False
793,2,1,neutral,False,True,True,5.0,Obagi,3052307780,False
794,1,1,positive,False,True,False,5.0,Obagi,3052307780,False
795,1,1,positive,False,True,False,5.0,Obagi,3052307780,False
796,3,2,positive,False,True,False,5.0,Obagi,3052307780,False
797,2,1,neutral,False,False,False,5.0,Obagi,3052307780,False
798,1,1,neutral,False,False,False,5.0,Obagi,3052307780,False
799,2,2,neutral,False,True,True,5.0,Obagi,3052307780,False
800,2,1,positive,False,True,False,5.0,Obagi,3052307780,False
801,2,2,positive,False,True,True,5.0,Obagi,3052307780,False
802,2,1,neutral,False,False,False,5.0,Obagi,3052307780,False
803,3,2,neutral,False,True,True,5.0,Obagi,3052307780,False
804,4,4,neutral,True,True,True,5.0,Obagi,3052307780,True
805,1,1,neutral,False,False,False,5.0,Obagi,3052307780,False
806,3,3,positive,False,True,False,5.0,Obagi,3052307780,False
807,3,3,positive,False,True,False,5.0,Obagi,3052307780,False
810,2,2,positive,False,True,False,5.0,Obagi,3052307780,False
811,1,1,positive,False,True,False,5.0,Obagi,3052307780,False
812,2,2,neutral,False,False,False,5.0,Obagi,3052307780,False
813,3,3,positive,False,True,False,5.0,Obagi,3052307780,False
815,4,3,positive,False,True,True,5.0,Obagi,3052307780,False
816,4,3,negative,True,True,True,4.0,Obagi,2965505412,True
817,2,2,positive,False,True,False,5.0,Obagi,2965505412,False
818,2,2,neutral,False,False,False,5.0,Obagi,2965505412,False
819,3,2,positive,False,True,True,5.0,Obagi,2965505412,False
820,3,3,positive,False,True,True,5.0,Obagi,2965505412,False
821,1,1,neutral,False,False,False,5.0,Obagi,2965505412,False
823,1,1,neutral,False,False,False,5.0,Obagi,2965505412,False
825,2,2,positive,False,True,False,5.0,Obagi,2965505412,False
826,2,2,neutral,False,True,True,5.0,Obagi,2965505412,False
829,1,1,neutral,False,False,False,5.0,Obagi,2965505412,False
830,2,2,neutral,False,True,True,5.0,Obagi,2965505412,False
831,2,2,positive,False,True,False,5.0,Obagi,2965505412,False
832,3,3,positive,False,True,True,5.0,Obagi,2965505412,False
833,3,3,neutral,False,True,True,5.0,Obagi,2965505412,False
834,5,2,neutral,False,True,True,5.0,Obagi,2965505412,False
835,3,2,positive,False,True,True,5.0,Obagi,2965505412,False
837,1,1,positive,False,True,False,5.0,Obagi,2965505412,False
838,1,1,neutral,False,False,False,5.0,Obagi,2965505412,False
839,2,2,positive,False,True,False,5.0,Obagi,2965505412,False
840,3,2,positive,False,True,True,5.0,Obagi,2965505412,False
841,3,3,positive,False,True,False,5.0,Obagi,2965505412,False
842,2,2,neutral,False,True,True,5.0,Obagi,2965505412,False
844,1,1,neutral,False,False,False,5.0,Obagi,2965505412,False
845,1,1,positive,False,True,False,5.0,Obagi,2965505412,False
846,1,1,neutral,False,False,False,5.0,Obagi,2965505412,False
847,2,2,positive,False,True,True,5.0,Obagi,2965505412,False
848,2,2,negative,True,False,False,5.0,Obagi,2965505412,True
849,1,1,positive,False,True,False,5.0,Obagi,2965505412,False
850,6,3,positive,False,True,True,5.0,Obagi,2965505412,False
851,4,3,positive,False,True,True,5.0,Obagi,2965505412,False
853,3,3,positive,False,True,False,5.0,Obagi,2965505412,False
855,2,2,positive,False,True,False,5.0,Obagi,2965505412,False
856,1,1,negative,True,False,False,5.0,Obagi,2965505412,True
858,2,2,positive,False,True,False,2.0,Obagi,2995156939,False
859,2,2,neutral,False,False,False,4.0,Obagi,2995156939,False
860,8,4,positive,False,True,False,5.0,Obagi,2995156939,False
861,2,1,positive,False,True,False,5.0,Obagi,2995156939,False
862,3,2,positive,False,True,False,5.0,Obagi,2995156939,False
863,2,1,positive,False,True,False,5.0,Obagi,2995156939,False
864,3,3,positive,False,True,False,5.0,Obagi,2995156939,False
865,2,2,positive,False,True,False,5.0,Obagi,2995156939,False
867,3,1,positive,False,True,False,5.0,Obagi,2995156939,False
868,3,2,positive,False,True,True,5.0,Obagi,2995156939,False
869,5,3,positive,False,True,True,5.0,Obagi,2995156939,False
870,5,4,positive,False,True,True,5.0,Obagi,2995156939,False
871,3,3,positive,False,True,True,5.0,Obagi,2995156939,False
872,3,3,neutral,False,True,True,5.0,Obagi,2995156939,False
873,1,1,neutral,False,False,False,5.0,Obagi,2995156939,False
874,3,3,positive,False,True,False,5.0,Obagi,2995156939,False
875,2,2,positive,False,True,False,5.0,Obagi,2995156939,False
876,5,2,positive,False,True,False,5.0,Obagi,2995156939,False
877,2,2,positive,False,True,False,5.0,Obagi,2995156939,False
878,1,1,positive,False,True,False,5.0,Obagi,2995156939,False
879,3,3,positive,False,True,False,5.0,Obagi,2995156939,False
880,2,2,positive,False,True,False,5.0,Obagi,2995156939,False
881,1,1,neutral,False,False,False,5.0,Obagi,2995156939,False
883,1,1,neutral,False,False,False,5.0,Obagi,2995156939,False
885,2,2,positive,False,True,False,5.0,Obagi,2995156939,False
886,2,2,positive,False,True,False,5.0,Obagi,2995156939,False
887,1,1,positive,False,True,False,5.0,Obagi,2995156939,False
888,4,4,neutral,False,False,False,5.0,Obagi,2995156939,False
889,2,2,neutral,False,True,True,5.0,Obagi,2995156939,False
890,3,3,positive,False,True,False,5.0,Obagi,2995156939,False
891,3,3,positive,False,True,False,5.0,Obagi,2995156939,False
892,2,2,neutral,False,False,False,5.0,Obagi,2995156939,False
893,3,2,positive,False,True,False,5.0,Obagi,2995156939,False
894,3,3,positive,False,True,False,5.0,Obagi,2995156939,False
896,3,3,positive,False,True,False,5.0,Obagi,2995156939,False
897,2,2,positive,False,True,False,5.0,Obagi,2995156939,False
898,1,1,neutral,False,False,False,5.0,Obagi,2995156939,False
899,1,1,neutral,False,False,False,5.0,Obagi,2995156939,False
900,1,1,positive,False,True,False,5.0,Obagi,2995156939,False
901,3,3,positive,False,True,False,5.0,Obagi,2995156939,False
902,1,1,positive,False,True,False,5.0,Obagi,2995156939,False
903,2,2,neutral,False,False,False,5.0,Obagi,2995156939,False
904,2,2,positive,False,True,False,5.0,Obagi,2995156939,False
905,4,2,neutral,False,True,True,5.0,Obagi,2995156939,False
906,4,4,neutral,False,False,False,5.0,Obagi,2995156939,False
907,5,5,positive,False,True,False,5.0,Obagi,2995156939,False
910,1,1,negative,True,False,False,1.0,Obagi,2398069022,False
911,1,1,neutral,False,False,False,1.0,Obagi,2398069022,False
912,3,2,positive,False,True,True,4.0,Obagi,2398069022,False
913,2,2,positive,False,True,True,5.0,Obagi,2398069022,False
914,6,3,neutral,False,True,True,5.0,Obagi,2398069022,False
917,5,3,positive,False,True,True,5.0,Obagi,2398069022,False
918,1,1,positive,False,True,False,5.0,Obagi,2398069022,False
919,2,1,neutral,False,True,True,5.0,Obagi,2398069022,False
920,1,1,neutral,False,False,False,5.0,Obagi,2398069022,False
921,3,2,neutral,False,False,False,5.0,Obagi,2398069022,False
922,2,1,neutral,False,False,False,5.0,Obagi,2398069022,False
923,2,1,neutral,False,True,True,5.0,Obagi,2398069022,False
924,1,1,positive,False,True,False,5.0,Obagi,2398069022,False
925,4,3,positive,False,True,False,5.0,Obagi,2398069022,False
926,3,3,positive,False,True,True,5.0,Obagi,2398069022,False
927,1,1,neutral,False,False,False,5.0,Obagi,2398069022,False
928,1,1,neutral,False,False,False,5.0,Obagi,2398069022,False
929,3,2,positive,False,True,False,5.0,Obagi,2398069022,False
930,2,1,positive,False,True,True,5.0,Obagi,2398069022,False
931,4,2,neutral,False,True,True,5.0,Obagi,2398069022,False
932,2,2,neutral,False,True,True,5.0,Obagi,2398069022,False
934,2,2,neutral,False,True,True,5.0,Obagi,2398069022,False
936,1,1,positive,False,True,False,5.0,Obagi,2398069022,False
937,1,1,positive,False,True,False,5.0,Obagi,2398069022,False
938,3,2,positive,False,True,True,5.0,Obagi,2398069022,False
939,1,1,positive,False,True,False,5.0,Obagi,2398069022,False
940,1,1,neutral,False,False,False,5.0,Obagi,2398069022,False
941,1,1,positive,False,True,False,5.0,Obagi,2398069022,False
942,2,2,neutral,False,True,True,5.0,Obagi,2398069022,False
943,2,2,positive,False,True,False,5.0,Obagi,2398069022,False
944,1,1,neutral,False,False,False,5.0,Obagi,2398069022,False
945,2,1,positive,False,True,False,5.0,Obagi,2398069022,False
946,4,2,positive,False,True,True,5.0,Obagi,2398069022,False
947,1,1,neutral,False,False,False,5.0,Obagi,2398069022,False
948,4,3,neutral,False,True,True,5.0,Obagi,2398069022,False
949,4,3,positive,False,True,True,5.0,Obagi,2398069022,False
951,4,2,positive,False,True,True,5.0,Obagi,2398069022,False
952,2,2,positive,False,True,True,5.0,Obagi,2398069022,False
953,3,2,positive,False,True,False,5.0,Obagi,2398069022,False
955,1,1,positive,False,True,False,5.0,Obagi,2398069022,False
956,1,1,negative,True,False,False,5.0,Obagi,2398069022,True
957,5,4,neutral,False,True,True,5.0,Obagi,2398069022,False
958,2,2,positive,False,True,True,5.0,Obagi,2398069022,False
959,4,3,positive,True,True,True,5.0,Obagi,2398069022,True
960,4,3,positive,False,True,True,5.0,Obagi,2398069022,False
961,2,1,positive,False,True,False,5.0,Obagi,2398069022,False
962,2,2,positive,False,True,True,5.0,Obagi,2398069022,False
964,3,1,positive,False,True,False,5.0,Obagi,2398069022,False
965,3,3,positive,False,True,False,5.0,Obagi,2398069022,False
966,5,4,positive,False,True,False,5.0,Obagi,2398069022,False
969,7,3,neutral,False,True,True,5.0,URIAGE,3058098805,False
970,4,3,positive,False,True,True,3.0,URIAGE,1843807592,False
971,1,1,negative,True,False,False,4.0,URIAGE,1843807592,True
972,1,1,positive,False,True,False,5.0,URIAGE,1843807592,False
973,1,1,positive,False,True,False,5.0,URIAGE,1843807592,False
974,6,4,neutral,False,True,True,5.0,URIAGE,1843807592,False
975,4,2,positive,False,True,True,5.0,URIAGE,1843807592,False
976,2,1,positive,False,True,True,5.0,URIAGE,1843807592,False
977,1,1,positive,False,True,False,5.0,URIAGE,1843807592,False
978,2,1,negative,True,False,True,5.0,URIAGE,1843807592,True
979,1,1,neutral,False,False,False,5.0,URIAGE,1843807592,False
980,1,1,neutral,False,False,False,5.0,URIAGE,1843807592,False
981,3,2,neutral,False,False,False,5.0,URIAGE,1843807592,False
982,1,1,neutral,False,False,False,5.0,URIAGE,1843807592,False
984,3,3,positive,False,True,True,5.0,URIAGE,1843807592,False
985,2,1,positive,False,True,True,5.0,URIAGE,1843807592,False
986,2,2,neutral,False,True,True,5.0,URIAGE,1843807592,False
988,3,3,positive,False,True,False,5.0,URIAGE,1843807592,False
989,1,1,positive,False,True,False,5.0,URIAGE,1843807592,False
990,2,2,positive,False,True,True,5.0,URIAGE,1843807592,False
991,1,1,positive,False,True,False,5.0,URIAGE,1843807592,False
992,2,2,positive,False,True,False,5.0,URIAGE,1843807592,False
993,1,1,neutral,False,False,False,5.0,URIAGE,1843807592,False
994,2,2,positive,False,True,True,5.0,URIAGE,1843807592,False
995,3,3,neutral,False,True,True,5.0,URIAGE,1843807592,False
997,1,1,positive,False,True,False,5.0,URIAGE,1843807592,False
998,3,3,positive,False,True,False,5.0,URIAGE,1843807592,False
999,3,3,neutral,False,True,True,5.0,URIAGE,1843807592,False
1000,2,2,positive,False,True,False,5.0,URIAGE,1843807592,False
1002,1,1,neutral,False,False,False,5.0,URIAGE,1843807592,False
1003,2,2,neutral,False,True,True,5.0,URIAGE,1843807592,False
1005,1,1,positive,False,True,False,5.0,URIAGE,1843807592,False
1006,2,2,neutral,False,True,True,5.0,URIAGE,1843807592,False
1009,3,2,positive,True,True,True,5.0,URIAGE,1843807592,True
1010,3,3,positive,False,True,True,5.0,URIAGE,1843807592,False
1011,1,1,positive,False,True,False,5.0,URIAGE,1843807592,False
1013,3,2,positive,False,True,False,5.0,URIAGE,1843807592,False
1014,2,2,neutral,False,True,True,5.0,URIAGE,1843807592,False
1016,1,1,neutral,False,False,False,5.0,URIAGE,1843807592,False
1019,2,2,positive,False,True,False,5.0,URIAGE,222158026,False
1021,1,1,positive,False,True,False,5.0,URIAGE,222158026,False
1024,1,1,neutral,False,False,False,5.0,URIAGE,222158001,False
1025,2,2,positive,False,True,False,5.0,URIAGE,222158001,False
1026,1,1,neutral,False,False,False,5.0,URIAGE,222158001,False
1027,6,4,neutral,True,False,True,5.0,URIAGE,222158001,True
1031,3,3,neutral,False,True,True,5.0,URIAGE,222158001,False
1032,4,2,positive,True,True,True,5.0,URIAGE,973858332,True
1033,3,2,positive,False,True,False,5.0,URIAGE,973858332,False
1034,1,1,neutral,False,False,False,5.0,URIAGE,973858332,False
1035,2,2,neutral,False,True,True,5.0,URIAGE,973858332,False
1036,7,6,positive,False,True,True,5.0,URIAGE,973858332,False
1037,8,5,neutral,False,True,True,5.0,URIAGE,973858332,False
1038,1,1,positive,False,True,False,5.0,URIAGE,2455918956,False
1039,2,2,positive,False,True,False,5.0,URIAGE,2455918956,False
1041,3,2,positive,False,True,True,5.0,URIAGE,222146988,False
1042,1,1,positive,False,True,False,5.0,URIAGE,222146988,False
1043,2,1,negative,True,False,True,5.0,URIAGE,222146988,True
1048,1,1,positive,False,True,False,5.0,URIAGE,222146988,False
1049,4,2,positive,False,True,True,5.0,URIAGE,222146988,False
1050,4,3,positive,True,True,True,5.0,URIAGE,222146988,True
1051,2,2,neutral,False,False,False,5.0,URIAGE,222146988,False
1052,1,1,positive,False,True,False,5.0,URIAGE,222146988,False
1054,1,1,neutral,False,False,False,1.0,URIAGE,222158022,False
1055,1,1,neutral,False,False,False,4.0,URIAGE,222158022,False
1058,1,1,negative,True,False,False,1.0,URIAGE,938538927,False
1059,2,2,negative,True,False,False,3.0,URIAGE,938538927,False
1061,2,2,positive,False,True,False,5.0,URIAGE,938538927,False
1062,1,1,neutral,False,False,False,5.0,URIAGE,938538927,False
1063,2,2,positive,False,True,True,5.0,URIAGE,938538927,False
1064,1,1,neutral,False,False,False,5.0,URIAGE,938538927,False
1065,3,3,negative,True,False,True,5.0,URIAGE,938538927,True
1066,1,1,positive,False,True,False,5.0,URIAGE,938538927,False
1067,2,2,neutral,False,False,False,5.0,URIAGE,938538927,False
1069,2,2,neutral,False,False,False,5.0,URIAGE,938538927,False
1070,2,2,positive,False,True,False,5.0,URIAGE,938538927,False
1071,1,1,positive,False,True,False,5.0,URIAGE,938538927,False
1072,3,3,positive,False,True,False,5.0,URIAGE,938538927,False
1073,3,2,neutral,False,True,True,5.0,URIAGE,938538927,False
1074,1,1,positive,False,True,False,5.0,URIAGE,938538927,False
1076,1,1,neutral,False,False,False,5.0,URIAGE,938538927,False
1077,1,1,negative,True,False,False,5.0,URIAGE,938538927,True
1078,1,1,neutral,False,False,False,5.0,URIAGE,938538927,False
1080,2,2,neutral,False,True,True,5.0,URIAGE,938538927,False
1081,3,3,positive,False,True,False,5.0,URIAGE,938538927,False
1082,1,1,positive,False,True,False,5.0,URIAGE,938538927,False
1083,2,2,neutral,False,False,False,5.0,URIAGE,938538927,False
1084,3,3,neutral,False,False,False,5.0,URIAGE,938538927,False
1085,1,1,positive,False,True,False,5.0,URIAGE,938538927,False
1086,2,1,neutral,False,True,True,5.0,URIAGE,938538927,False
1087,5,4,positive,False,True,True,5.0,URIAGE,938538927,False
1088,1,1,positive,False,True,False,5.0,URIAGE,938538927,False
1090,3,3,positive,False,True,True,5.0,URIAGE,938538927,False
1091,1,1,neutral,False,False,False,5.0,URIAGE,938538927,False
1092,1,1,neutral,False,False,False,5.0,URIAGE,938538927,False
1093,1,1,neutral,False,False,False,5.0,URIAGE,938538927,False
1094,1,1,neutral,False,False,False,5.0,URIAGE,938538927,False
1096,5,3,neutral,False,True,True,5.0,URIAGE,938538927,False
1097,1,1,positive,False,True,False,5.0,URIAGE,938538927,False
1098,1,1,neutral,False,False,False,5.0,URIAGE,938538927,False
1099,3,3,positive,False,True,True,5.0,URIAGE,938538927,False
1100,2,2,neutral,False,False,False,5.0,URIAGE,938538927,False
1101,2,2,negative,True,False,False,5.0,URIAGE,938538927,True
1102,3,3,neutral,False,True,True,5.0,URIAGE,938538927,False
1103,3,3,neutral,False,False,False,5.0,URIAGE,938538927,False
1104,3,3,neutral,False,False,False,5.0,URIAGE,938538927,False
1105,1,1,positive,False,True,False,5.0,URIAGE,938538927,False
1106,1,1,neutral,False,False,False,1.0,URIAGE,222158002,False
1107,2,2,positive,False,True,False,5.0,URIAGE,222158002,False
1110,1,1,neutral,False,False,False,5.0,URIAGE,222158002,False
1111,1,1,neutral,False,False,False,5.0,URIAGE,222158002,False
1112,1,1,neutral,False,False,False,5.0,URIAGE,222158002,False
1113,1,1,neutral,False,False,False,5.0,URIAGE,222158002,False
1114,1,1,negative,True,False,False,1.0,URIAGE,1843880173,False
1115,3,2,positive,True,True,True,2.0,URIAGE,1843880173,False
1116,1,1,neutral,False,False,False,4.0,URIAGE,1843880173,False
1117,3,2,positive,False,True,False,5.0,URIAGE,1843880173,False
1118,2,2,positive,False,True,False,5.0,URIAGE,1843880173,False
1119,1,1,positive,False,True,False,5.0,URIAGE,1843880173,False
1120,1,1,negative,True,False,False,5.0,URIAGE,1843880173,True
1121,3,3,neutral,False,True,True,5.0,URIAGE,1843880173,False
1122,1,1,neutral,False,False,False,5.0,URIAGE,1843880173,False
1123,3,2,neutral,False,False,False,5.0,URIAGE,1843880173,False
1124,1,1,neutral,False,False,False,5.0,URIAGE,1843880173,False
1125,3,3,positive,False,True,False,5.0,URIAGE,1843880173,False
1126,1,1,negative,True,False,False,5.0,URIAGE,1843880173,True
1127,1,1,neutral,False,False,False,5.0,URIAGE,1843880173,False
1128,3,2,positive,False,True,True,5.0,URIAGE,1843880173,False
1129,2,2,neutral,False,True,True,5.0,URIAGE,1843880173,False
1131,1,1,positive,False,True,False,5.0,URIAGE,1843880173,False
1133,1,1,positive,False,True,False,5.0,URIAGE,973870179,False
1135,4,3,positive,False,True,False,5.0,URIAGE,222146970,False
1136,4,3,positive,False,True,True,5.0,URIAGE,222146970,False
1140,1,1,neutral,False,False,False,5.0,URIAGE,2324328530,False
1142,5,3,neutral,False,False,False,5.0,URIAGE,2324328530,False
1143,1,1,neutral,False,False,False,5.0,URIAGE,2324328530,False
1144,1,1,neutral,False,False,False,5.0,URIAGE,2324328530,False
1145,1,1,neutral,False,False,False,2.0,URIAGE,259452687,False
1146,3,2,neutral,False,True,True,3.0,URIAGE,259452687,False
1149,1,1,positive,False,True,False,5.0,URIAGE,259452687,False
1151,1,1,positive,False,True,False,5.0,URIAGE,259452687,False
1152,2,2,positive,False,True,False,5.0,URIAGE,259452687,False
1153,3,3,positive,False,True,False,5.0,URIAGE,259452687,False
1155,3,3,positive,False,True,False,5.0,URIAGE,259452687,False
1156,3,3,positive,False,True,False,5.0,URIAGE,259452687,False
1157,2,2,positive,False,True,False,5.0,URIAGE,259452687,False
1158,2,2,positive,False,True,True,5.0,URIAGE,259452687,False
1161,1,1,neutral,False,False,False,5.0,URIAGE,259452687,False
1165,2,1,neutral,False,False,False,5.0,URIAGE,259452687,False
1166,2,2,positive,False,True,True,5.0,URIAGE,259452687,False
1167,2,2,positive,False,True,False,5.0,URIAGE,259452687,False
1168,1,1,neutral,False,False,False,5.0,URIAGE,259452687,False
1169,1,1,positive,False,True,False,5.0,URIAGE,259452687,False
1170,1,1,neutral,False,False,False,5.0,URIAGE,259452687,False
1172,2,1,neutral,False,False,False,5.0,URIAGE,259452687,False
1173,2,2,neutral,False,False,False,5.0,URIAGE,259452687,False
1174,3,2,positive,False,True,True,5.0,URIAGE,259452687,False
1176,1,1,neutral,False,False,False,5.0,URIAGE,259452687,False
1177,2,2,positive,False,True,False,5.0,URIAGE,259452687,False
1185,1,1,neutral,False,False,False,5.0,URIAGE,259452687,False
1186,1,1,positive,False,True,False,4.0,URIAGE,2390783756,False
1187,1,1,positive,False,True,False,5.0,URIAGE,2390783756,False
1188,4,3,neutral,False,True,True,5.0,URIAGE,2390783756,False
1189,1,1,positive,False,True,False,5.0,URIAGE,2390783756,False
1190,1,1,neutral,False,False,False,5.0,URIAGE,2390783756,False
1191,3,3,positive,False,True,False,5.0,URIAGE,2390783756,False
1193,1,1,positive,False,True,False,5.0,URIAGE,2390783756,False
1195,7,3,neutral,True,True,True,3.0,URIAGE,222146995,False
1197,3,3,positive,False,True,False,4.0,URIAGE,222146995,False
1198,1,1,neutral,False,False,False,4.0,URIAGE,222146995,False
1199,1,1,neutral,False,False,False,4.0,URIAGE,222146995,False
1200,1,1,positive,False,True,False,4.0,URIAGE,222146995,False
1201,3,3,neutral,False,False,False,4.0,URIAGE,222146995,False
1202,1,1,positive,False,True,False,5.0,URIAGE,222146995,False
1204,1,1,neutral,False,False,False,5.0,URIAGE,222146995,False
1206,1,1,positive,False,True,False,5.0,URIAGE,222146995,False
1208,1,1,positive,False,True,False,5.0,URIAGE,222146995,False
1210,3,3,positive,False,True,False,5.0,URIAGE,222146995,False
1211,2,2,positive,False,True,False,5.0,URIAGE,222146995,False
1212,2,1,positive,False,True,False,5.0,URIAGE,222146995,False
1213,1,1,neutral,False,False,False,5.0,URIAGE,222146995,False
1216,2,2,positive,True,True,True,5.0,URIAGE,222146995,True
1219,5,2,neutral,False,True,True,5.0,URIAGE,222146995,False
1220,3,3,neutral,False,False,False,5.0,URIAGE,222146995,False
1221,3,3,positive,False,True,False,5.0,URIAGE,222146995,False
1222,2,1,neutral,False,False,False,5.0,URIAGE,222146995,False
1226,2,2,neutral,False,False,False,5.0,URIAGE,222146995,False
1227,1,1,neutral,False,False,False,5.0,URIAGE,222146995,False
1229,3,3,positive,False,True,True,5.0,URIAGE,222146995,False
1230,1,1,positive,False,True,False,5.0,URIAGE,222146995,False
1231,2,2,neutral,False,False,False,5.0,URIAGE,222146995,False
1232,2,2,neutral,False,False,False,5.0,URIAGE,222146995,False
1233,5,4,positive,False,True,False,5.0,URIAGE,222146995,False
1234,3,2,positive,False,True,True,5.0,URIAGE,222146995,False
1235,3,3,neutral,False,True,True,5.0,URIAGE,222146995,False
1237,2,2,neutral,False,False,False,5.0,URIAGE,222146995,False
1238,5,5,neutral,False,True,True,5.0,URIAGE,222146995,False
1241,1,1,neutral,False,False,False,5.0,URIAGE,222146995,False
1242,4,1,negative,True,False,True,1.0,URIAGE,222146993,False
1243,3,3,neutral,False,True,True,3.0,URIAGE,222146993,False
1244,4,4,neutral,False,False,False,5.0,URIAGE,222146993,False
1245,5,3,positive,False,True,False,5.0,URIAGE,222146993,False
1246,3,3,positive,False,True,True,5.0,URIAGE,222146993,False
1247,1,1,neutral,False,False,False,5.0,URIAGE,222146993,False
1248,1,1,positive,False,True,False,5.0,URIAGE,222146993,False
1249,1,1,neutral,False,False,False,5.0,URIAGE,222146993,False
1252,3,2,neutral,False,True,True,5.0,URIAGE,222146993,False
1253,3,2,neutral,False,True,True,5.0,URIAGE,222146993,False
1254,1,1,positive,False,True,False,5.0,URIAGE,222146993,False
1255,1,1,neutral,False,False,False,5.0,URIAGE,222146993,False
1257,3,3,negative,True,False,True,4.0,URIAGE,2920650549,True
1258,1,1,neutral,False,False,False,5.0,URIAGE,2920650549,False
1259,2,2,neutral,False,False,False,5.0,URIAGE,2920650549,False
1260,3,3,neutral,True,False,True,5.0,URIAGE,222146998,True
1262,6,2,positive,False,True,False,5.0,URIAGE,222146998,False
1263,1,1,positive,False,True,False,5.0,URIAGE,222146998,False
1266,2,2,positive,False,True,True,5.0,URIAGE,222146998,False
1269,3,3,positive,False,True,False,5.0,URIAGE,222146998,False
1271,2,2,neutral,False,False,False,5.0,URIAGE,222146998,False
1272,1,1,positive,False,True,False,5.0,URIAGE,222146998,False
1273,1,1,positive,False,True,False,5.0,URIAGE,222146998,False
1274,2,2,neutral,True,False,True,5.0,URIAGE,222146998,True
1275,1,1,negative,True,False,False,5.0,URIAGE,222146998,True
1276,2,2,positive,False,True,True,2.0,URIAGE,222158013,False
1277,1,1,positive,False,True,False,5.0,URIAGE,222158013,False
1278,3,2,positive,False,True,True,5.0,URIAGE,222158013,False
1279,3,2,positive,False,True,False,5.0,URIAGE,222158013,False
1280,4,2,positive,False,True,True,5.0,URIAGE,222158013,False
1281,1,1,positive,False,True,False,5.0,URIAGE,222158013,False
1282,2,2,positive,False,True,False,5.0,URIAGE,222158013,False
1283,3,2,positive,False,True,False,5.0,URIAGE,222158013,False
1284,2,1,positive,False,True,True,5.0,URIAGE,222158013,False
1285,4,3,neutral,False,True,True,5.0,URIAGE,222158013,False
1288,2,2,positive,False,True,False,5.0,URIAGE,222158013,False
1289,2,2,neutral,False,False,False,5.0,URIAGE,222158013,False
1290,3,3,positive,False,True,False,5.0,URIAGE,222158013,False
1291,1,1,positive,False,True,False,5.0,URIAGE,222158013,False
1293,1,1,positive,False,True,False,5.0,URIAGE,222158013,False
1297,1,1,neutral,False,False,False,5.0,URIAGE,222158013,False
1298,1,1,neutral,False,False,False,5.0,URIAGE,222158013,False
1301,2,1,positive,False,True,False,5.0,URIAGE,222158013,False
1302,4,3,neutral,False,False,False,5.0,URIAGE,222158013,False
1304,2,2,neutral,False,True,True,5.0,URIAGE,222158013,False
1305,1,1,positive,False,True,False,5.0,URIAGE,222158013,False
1306,1,1,positive,False,True,False,5.0,URIAGE,222158013,False
1307,1,1,positive,False,True,False,5.0,URIAGE,222158013,False
1308,1,1,neutral,False,False,False,5.0,URIAGE,222158013,False
1309,3,3,positive,False,True,False,5.0,URIAGE,222158013,False
1310,1,1,neutral,False,False,False,5.0,URIAGE,222158013,False
1311,1,1,neutral,False,False,False,5.0,URIAGE,222158013,False
1312,1,1,positive,False,True,False,5.0,URIAGE,222158013,False
1314,2,2,neutral,False,False,False,5.0,URIAGE,222158013,False
1316,1,1,positive,False,True,False,5.0,URIAGE,222158013,False
1317,1,1,neutral,False,False,False,5.0,URIAGE,222158013,False
1318,1,1,neutral,False,False,False,5.0,URIAGE,222158013,False
1319,2,2,positive,False,True,True,5.0,URIAGE,222158013,False
1323,2,2,positive,False,True,False,5.0,URIAGE,222158014,False
1324,2,2,positive,False,True,False,5.0,URIAGE,222158014,False
1325,2,1,neutral,False,True,True,5.0,URIAGE,222158014,False
1329,1,1,neutral,False,False,False,5.0,URIAGE,222158014,False
1330,3,2,positive,False,True,False,5.0,URIAGE,222158014,False
1331,3,3,positive,False,True,False,5.0,URIAGE,222158014,False
1332,2,2,neutral,False,True,True,5.0,URIAGE,222158014,False
1333,4,4,positive,False,True,True,5.0,URIAGE,222158014,False
1334,1,1,positive,False,True,False,5.0,URIAGE,973872245,False
1335,1,1,positive,False,True,False,5.0,URIAGE,973872245,False
1336,1,1,positive,False,True,False,5.0,URIAGE,973872245,False
1339,1,1,positive,False,True,False,5.0,URIAGE,222158010,False
1340,3,1,positive,False,True,False,5.0,URIAGE,222158010,False
1341,2,2,neutral,True,False,True,5.0,URIAGE,222158010,True
1343,4,4,positive,False,True,True,5.0,URIAGE,222158010,False
1345,2,1,neutral,False,True,True,5.0,URIAGE,222158010,False
1346,3,1,neutral,False,True,True,5.0,URIAGE,222158010,False
1348,1,1,positive,False,True,False,5.0,URIAGE,222158010,False
1350,2,2,positive,False,True,False,5.0,URIAGE,222158010,False
1352,1,1,neutral,False,False,False,5.0,URIAGE,222158010,False
1353,3,3,positive,False,True,False,5.0,URIAGE,222158010,False
1354,5,4,neutral,False,True,True,5.0,URIAGE,222158010,False
1355,1,1,positive,False,True,False,5.0,URIAGE,222158010,False
1356,3,3,positive,False,True,True,5.0,URIAGE,222158010,False
1357,2,2,neutral,False,False,False,5.0,URIAGE,222158010,False
1359,1,1,neutral,False,False,False,5.0,URIAGE,222158010,False
1361,2,1,neutral,False,False,False,3.0,URIAGE,222146999,False
1362,2,2,neutral,False,True,True,4.0,URIAGE,222146999,False
1363,1,1,positive,False,True,False,5.0,URIAGE,222146999,False
1364,2,2,positive,False,True,False,5.0,URIAGE,222146999,False
1365,1,1,positive,False,True,False,5.0,URIAGE,222146999,False
1367,1,1,neutral,False,False,False,5.0,URIAGE,222146999,False
1368,1,1,negative,True,False,False,5.0,URIAGE,222146999,True
1369,2,2,neutral,False,True,True,5.0,URIAGE,222146999,False
1371,2,2,positive,False,True,True,5.0,URIAGE,222146999,False
1373,2,2,positive,False,True,False,5.0,URIAGE,222146999,False
1376,1,1,positive,False,True,False,5.0,URIAGE,222146999,False
1377,3,3,positive,False,True,False,5.0,URIAGE,222146999,False
1379,1,1,positive,False,True,False,5.0,URIAGE,222146999,False
1380,1,1,neutral,False,False,False,5.0,URIAGE,222146999,False
1382,1,1,positive,False,True,False,5.0,URIAGE,222146999,False
1383,1,1,positive,False,True,False,5.0,URIAGE,222146999,False
1384,5,4,neutral,True,True,True,5.0,URIAGE,222146999,True
1387,2,2,positive,False,True,True,5.0,URIAGE,222146999,False
1388,1,1,positive,False,True,False,5.0,URIAGE,222146999,False
1389,2,1,positive,False,True,False,5.0,URIAGE,222146999,False
1391,1,1,positive,False,True,False,5.0,URIAGE,222146999,False
1392,5,2,positive,True,True,True,5.0,URIAGE,973842697,True
1393,3,1,neutral,False,False,False,5.0,URIAGE,973842697,False
1394,6,4,positive,False,True,True,5.0,URIAGE,973842697,False
1395,3,3,positive,False,True,False,5.0,URIAGE,973842697,False
1396,3,3,positive,False,True,False,5.0,URIAGE,973842697,False
1399,3,3,negative,True,False,True,5.0,URIAGE,1454114566,True
1401,1,1,neutral,False,False,False,5.0,URIAGE,1454114566,False
1402,2,2,positive,False,True,False,5.0,URIAGE,1454114566,False
1404,3,3,negative,True,False,True,5.0,URIAGE,1454114566,True
1405,4,3,neutral,False,False,False,5.0,URIAGE,1454114566,False
1406,2,1,positive,True,True,True,5.0,URIAGE,1454114566,True
1407,1,1,positive,False,True,False,5.0,URIAGE,1454114566,False
1408,1,1,neutral,False,False,False,5.0,URIAGE,953152482,False
1409,1,1,negative,True,False,False,5.0,URIAGE,953152482,True
1410,1,1,neutral,False,False,False,5.0,URIAGE,953152482,False
1411,2,2,neutral,False,True,True,5.0,URIAGE,953152482,False
1413,4,2,neutral,False,True,True,5.0,URIAGE,953152482,False
1414,2,1,positive,False,True,True,5.0,URIAGE,953152482,False
1415,1,1,positive,False,True,False,5.0,URIAGE,953152482,False
1416,2,2,neutral,False,True,True,5.0,URIAGE,953152482,False
1417,1,1,neutral,False,False,False,5.0,URIAGE,953152482,False
1418,2,2,neutral,False,True,True,5.0,URIAGE,953152482,False
1419,1,1,negative,True,False,False,5.0,URIAGE,953152482,True
1420,4,3,neutral,False,True,True,5.0,URIAGE,953152482,False
1421,2,2,positive,False,True,False,5.0,URIAGE,953152482,False
1422,1,1,positive,False,True,False,5.0,URIAGE,953152482,False
1424,5,3,positive,False,True,True,5.0,URIAGE,953152482,False
1426,1,1,neutral,False,False,False,5.0,URIAGE,953152482,False
1427,2,2,positive,False,True,False,5.0,URIAGE,953152482,False
1428,3,3,neutral,False,True,True,5.0,URIAGE,953152482,False
1429,2,2,neutral,False,False,False,5.0,URIAGE,953152482,False
1430,1,1,positive,False,True,False,5.0,URIAGE,953152482,False
1433,1,1,neutral,False,False,False,5.0,URIAGE,953152482,False
1437,2,2,positive,False,True,False,5.0,URIAGE,953152482,False
1438,1,1,neutral,False,False,False,5.0,URIAGE,953152482,False
1439,1,1,positive,False,True,False,5.0,URIAGE,953152482,False
1443,2,1,positive,False,True,False,5.0,URIAGE,953152482,False
1444,2,2,positive,False,True,False,5.0,URIAGE,953152482,False
1445,1,1,positive,False,True,False,5.0,URIAGE,953152482,False
1446,3,3,positive,False,True,True,5.0,URIAGE,953152482,False
1448,1,1,neutral,False,False,False,5.0,URIAGE,953152482,False
1449,1,1,neutral,False,False,False,5.0,URIAGE,953152482,False
1451,4,4,positive,True,True,True,5.0,Eucerin,3206293687,True
1453,2,2,neutral,False,False,False,5.0,Eucerin,3206293687,False
1454,1,1,neutral,False,False,False,5.0,Eucerin,3206293687,False
1455,1,1,positive,False,True,False,5.0,Eucerin,3206293687,False
1456,4,3,positive,True,True,True,5.0,Eucerin,3206293687,True
1457,1,1,neutral,False,False,False,5.0,Eucerin,3206293687,False
1458,2,1,positive,True,True,True,5.0,Eucerin,3206293687,True
1459,1,1,neutral,False,False,False,5.0,Eucerin,3206293687,False
1460,1,1,neutral,False,False,False,5.0,Eucerin,3206293687,False
1462,2,1,positive,False,True,False,5.0,Eucerin,3206293687,False
1463,1,1,positive,False,True,False,5.0,Eucerin,3206293687,False
1464,2,1,neutral,False,True,True,5.0,Eucerin,3206293687,False
1466,2,1,positive,False,True,False,5.0,Eucerin,3206293687,False
1467,1,1,negative,True,False,False,5.0,Eucerin,3206293687,True
1471,4,1,positive,False,True,True,5.0,Eucerin,2967065515,False
1472,1,1,neutral,False,False,False,5.0,Eucerin,2967065515,False
1473,2,2,positive,False,True,True,5.0,Eucerin,2967065515,False
1474,3,3,positive,False,True,False,5.0,Eucerin,2967065515,False
1475,4,2,positive,False,True,True,5.0,Eucerin,2967065515,False
1476,2,2,neutral,False,True,True,5.0,Eucerin,2967065515,False
1477,1,1,positive,False,True,False,5.0,Eucerin,2967065515,False
1478,1,1,neutral,False,False,False,5.0,Eucerin,2967065515,False
1479,3,2,positive,False,True,True,5.0,Eucerin,2967065515,False
1480,4,4,neutral,False,True,True,5.0,Eucerin,2967065515,False
1481,2,2,positive,False,True,False,5.0,Eucerin,2967065515,False
1482,1,1,positive,False,True,False,1.0,Eucerin,2120330631,False
1483,1,1,positive,False,True,False,4.0,Eucerin,2120330631,False
1487,2,2,positive,False,True,True,5.0,Eucerin,2120330631,False
1489,1,1,positive,False,True,False,5.0,Eucerin,2120330631,False
1490,2,1,neutral,False,False,False,5.0,Eucerin,2120330631,False
1493,4,3,positive,False,True,False,5.0,Eucerin,2120330631,False
1494,3,3,positive,False,True,False,5.0,Eucerin,2120330631,False
1495,1,1,positive,False,True,False,5.0,Eucerin,2120330631,False
1496,1,1,neutral,False,False,False,5.0,Eucerin,2120330631,False
1497,1,1,positive,False,True,False,5.0,Eucerin,2120330631,False
1499,3,2,positive,False,True,True,5.0,Eucerin,2120330631,False
1501,2,2,positive,False,True,False,5.0,Eucerin,2120330631,False
1503,2,2,positive,False,True,False,5.0,Eucerin,2120330631,False
1504,4,4,positive,False,True,True,5.0,Eucerin,2120330631,False
1505,2,2,positive,False,True,False,5.0,Eucerin,2120330631,False
1506,1,1,neutral,False,False,False,5.0,Eucerin,2120330631,False
1509,3,2,neutral,False,True,True,5.0,Eucerin,2120330631,False
1510,3,2,positive,False,True,False,5.0,Eucerin,2120330631,False
1512,2,2,positive,False,True,False,5.0,Eucerin,2120330631,False
1513,2,1,neutral,False,False,False,5.0,Eucerin,2120330631,False
1516,5,2,neutral,False,False,False,5.0,Eucerin,2120330631,False
1518,1,1,positive,False,True,False,5.0,Eucerin,2120330631,False
1520,2,2,neutral,False,False,False,5.0,Eucerin,2120330631,False
1524,2,1,neutral,False,False,False,5.0,Eucerin,2120330631,False
1526,1,1,neutral,False,False,False,5.0,Eucerin,2120330631,False
1528,2,2,positive,False,True,False,5.0,Eucerin,2120330631,False
1529,1,1,neutral,False,False,False,5.0,Eucerin,2120330631,False
1531,2,2,positive,False,True,False,5.0,Eucerin,2120330631,False
1534,2,2,neutral,False,True,True,5.0,Eucerin,2120330631,False
1535,1,1,positive,False,True,False,5.0,Eucerin,2120330631,False
1536,1,1,positive,False,True,False,5.0,Eucerin,2120330631,False
1537,1,1,positive,False,True,False,5.0,Eucerin,2120330631,False
1538,3,2,neutral,False,False,False,5.0,Eucerin,2120330631,False
1539,1,1,neutral,False,False,False,5.0,Eucerin,2120330631,False
1540,1,1,positive,False,True,False,5.0,Eucerin,2120330631,False
1541,1,1,positive,False,True,False,5.0,Eucerin,2120330631,False
1543,1,1,negative,True,False,False,5.0,Eucerin,2120330631,True
1544,3,3,positive,False,True,False,5.0,Eucerin,2120330631,False
1545,3,2,positive,False,True,True,5.0,Eucerin,2120330631,False
1546,2,2,positive,False,True,True,5.0,Eucerin,2120330631,False
1547,2,2,positive,False,True,True,5.0,Eucerin,2120330631,False
1548,5,3,positive,False,True,True,5.0,Eucerin,2120330631,False
1551,1,1,positive,False,True,False,5.0,Eucerin,2120330631,False
1553,2,2,positive,False,True,False,5.0,Eucerin,2120330631,False
1554,2,1,neutral,True,False,True,5.0,Eucerin,2120330631,True
1555,1,1,neutral,False,False,False,5.0,Eucerin,2120330631,False
1557,1,1,neutral,False,False,False,5.0,Eucerin,2120330631,False
1558,1,1,positive,False,True,False,5.0,Eucerin,2120330631,False
1559,4,4,positive,False,True,True,5.0,Eucerin,2120330631,False
1560,2,2,positive,False,True,True,5.0,Eucerin,2120330631,False
1563,3,3,positive,False,True,False,5.0,Eucerin,2120330631,False
1564,1,1,positive,False,True,False,5.0,Eucerin,2120330631,False
1565,1,1,positive,False,True,False,5.0,Eucerin,2120330631,False
1567,1,1,neutral,False,False,False,5.0,Eucerin,2120330631,False
1568,1,1,neutral,False,False,False,5.0,Eucerin,2120330631,False
1569,1,1,neutral,False,False,False,5.0,Eucerin,2120330631,False
1572,1,1,negative,True,False,False,1.0,Eucerin,2120320632,False
1573,2,1,neutral,False,False,False,2.0,Eucerin,2120320632,False
1574,3,3,neutral,False,True,True,5.0,Eucerin,2120320632,False
1575,1,1,positive,False,True,False,5.0,Eucerin,2120320632,False
1576,1,1,negative,True,False,False,5.0,Eucerin,2120320632,True
1577,3,2,neutral,False,False,False,5.0,Eucerin,2120320632,False
1578,2,2,neutral,False,False,False,5.0,Eucerin,2120320632,False
1579,2,1,neutral,False,False,False,5.0,Eucerin,2120320632,False
1580,1,1,neutral,False,False,False,5.0,Eucerin,2120320632,False
1581,1,1,neutral,False,False,False,5.0,Eucerin,2120320632,False
1583,2,2,neutral,False,True,True,5.0,Eucerin,2120320632,False
1584,2,2,neutral,True,False,True,5.0,Eucerin,2120320632,True
1585,1,1,positive,False,True,False,5.0,Eucerin,2120320632,False
1586,1,1,neutral,False,False,False,5.0,Eucerin,2120320632,False
1588,2,2,neutral,False,False,False,5.0,Eucerin,2120320632,False
1589,2,2,positive,False,True,False,5.0,Eucerin,2120320632,False
1590,1,1,neutral,False,False,False,5.0,Eucerin,2120320632,False
1591,1,1,positive,False,True,False,5.0,Eucerin,2120320632,False
1592,1,1,positive,False,True,False,5.0,Eucerin,2120320632,False
1593,3,2,positive,False,True,False,5.0,Eucerin,2120320632,False
1594,1,1,neutral,False,False,False,5.0,Eucerin,2120320632,False
1596,5,3,positive,False,True,False,5.0,Eucerin,2120320632,False
1598,1,1,positive,False,True,False,5.0,Eucerin,2120320632,False
1599,1,1,positive,False,True,False,5.0,Eucerin,2120320632,False
1600,1,1,neutral,False,False,False,5.0,Eucerin,2120320632,False
1601,1,1,positive,False,True,False,5.0,Eucerin,2120320632,False
1602,1,1,positive,False,True,False,5.0,Eucerin,2120320632,False
1603,2,2,neutral,False,True,True,5.0,Eucerin,2120320632,False
1604,3,2,neutral,False,True,True,5.0,Eucerin,2120320632,False
1605,1,1,positive,False,True,False,5.0,Eucerin,2120320632,False
1607,1,1,positive,False,True,False,5.0,Eucerin,2120320632,False
1610,1,1,positive,False,True,False,5.0,Eucerin,2967183326,False
1611,7,3,positive,False,True,True,5.0,Eucerin,2967183326,False
1612,2,2,positive,False,True,False,5.0,Eucerin,2967183326,False
1613,2,2,positive,False,True,False,5.0,Eucerin,2967183326,False
1614,3,3,positive,False,True,False,5.0,Eucerin,2967183326,False
1615,1,1,positive,False,True,False,5.0,Eucerin,2967183326,False
1616,1,1,neutral,False,False,False,5.0,Eucerin,2967183326,False
1618,4,4,neutral,False,False,False,5.0,Eucerin,2967183326,False
1619,3,3,positive,False,True,False,5.0,Eucerin,2967183326,False
1620,3,3,neutral,False,False,False,5.0,Eucerin,2967183326,False
1621,1,1,positive,False,True,False,5.0,Eucerin,2967183326,False
1622,3,3,neutral,False,True,True,5.0,Eucerin,2967183326,False
1623,3,3,positive,False,True,False,5.0,Eucerin,2967183326,False
1624,3,3,positive,False,True,False,5.0,Eucerin,2967183326,False
1625,3,2,neutral,True,False,True,5.0,Eucerin,2967183326,True
1627,4,4,positive,False,True,False,5.0,Eucerin,2967183326,False
1628,4,3,positive,False,True,True,5.0,Eucerin,2967183326,False
1629,3,2,neutral,False,True,True,5.0,Eucerin,2967183326,False
1630,5,5,positive,False,True,True,5.0,Eucerin,2967183326,False
1631,3,3,neutral,False,False,False,5.0,Eucerin,2967183326,False
1632,3,3,negative,True,False,True,5.0,Eucerin,2967183326,True
1633,3,2,neutral,False,False,False,5.0,Eucerin,2967183326,False
1634,1,1,positive,False,True,False,5.0,Eucerin,2120398073,False
1636,1,1,neutral,False,False,False,5.0,Eucerin,2120398073,False
1637,3,3,positive,False,True,False,5.0,Eucerin,2120398073,False
1639,2,2,neutral,False,False,False,5.0,Eucerin,2120398073,False
1640,5,3,neutral,True,True,True,5.0,Eucerin,2120398073,True
1641,1,1,neutral,False,False,False,5.0,Eucerin,2120398073,False
1642,2,2,positive,False,True,False,5.0,Eucerin,2120398073,False
1646,2,2,neutral,False,False,False,5.0,Eucerin,2120398073,False
1648,6,4,neutral,True,False,True,5.0,Eucerin,2120398073,True
1649,4,2,neutral,False,True,True,5.0,Eucerin,2120398073,False
1652,1,1,positive,False,True,False,5.0,Eucerin,2120398073,False
1654,4,3,positive,False,True,False,5.0,Eucerin,2181040964,False
1655,1,1,positive,False,True,False,5.0,Eucerin,2181040964,False
1656,2,1,positive,False,True,True,5.0,Eucerin,2181040964,False
1657,3,1,positive,False,True,True,5.0,Eucerin,2181040964,False
1658,4,2,positive,False,True,True,5.0,Eucerin,2181040964,False
1659,5,3,positive,False,True,True,5.0,Eucerin,2181040964,False
1660,3,2,positive,False,True,True,5.0,Eucerin,2181040964,False
1662,2,2,positive,False,True,False,5.0,Eucerin,2181040964,False
1664,4,4,neutral,False,True,True,5.0,Eucerin,2181040964,False
1665,3,2,positive,False,True,True,5.0,Eucerin,2181040964,False
1666,1,1,neutral,False,False,False,5.0,Eucerin,2181040964,False
1668,1,1,neutral,False,False,False,5.0,Eucerin,2181040964,False
1669,3,2,positive,False,True,False,5.0,Eucerin,2181040964,False
1670,2,2,positive,False,True,False,5.0,Eucerin,2181040964,False
1671,3,2,positive,False,True,False,5.0,Eucerin,2181040964,False
1672,3,2,neutral,True,True,True,5.0,Eucerin,2181040964,True
1673,1,1,neutral,False,False,False,5.0,Eucerin,2181040964,False
1674,4,2,neutral,False,True,True,5.0,Eucerin,2181040964,False
1676,3,1,positive,False,True,True,5.0,Eucerin,2181040964,False
1677,3,3,positive,False,True,True,5.0,Eucerin,2181040964,False
1678,1,1,neutral,False,False,False,5.0,Eucerin,2181040964,False
1679,1,1,positive,False,True,False,5.0,Eucerin,2181040964,False
1680,2,2,positive,False,True,False,5.0,Eucerin,2181040964,False
1681,4,2,neutral,False,True,True,5.0,Eucerin,2181040964,False
1682,1,1,positive,False,True,False,5.0,Eucerin,2181040964,False
1683,2,2,neutral,False,False,False,5.0,Eucerin,2181040964,False
1684,2,1,neutral,False,True,True,5.0,Eucerin,2181040964,False
1686,3,3,neutral,False,True,True,5.0,Eucerin,2181040964,False
1687,4,3,positive,False,True,True,5.0,Eucerin,2181040964,False
1688,1,1,positive,False,True,False,5.0,Eucerin,2181040964,False
1689,1,1,neutral,False,False,False,5.0,Eucerin,2181040964,False
1690,2,2,positive,False,True,False,5.0,Eucerin,2181040964,False
1691,1,1,positive,False,True,False,5.0,Eucerin,2181040964,False
1692,2,2,neutral,False,False,False,5.0,Eucerin,2181040964,False
1693,2,2,positive,False,True,False,5.0,Eucerin,2181040964,False
1694,2,1,neutral,False,False,False,5.0,Eucerin,2181040964,False
1695,5,5,positive,False,True,True,5.0,Eucerin,2181040964,False
1696,3,3,positive,False,True,False,5.0,Eucerin,2181040964,False
1697,5,3,neutral,False,True,True,5.0,Eucerin,2181040964,False
1699,1,1,positive,False,True,False,5.0,Eucerin,2181040964,False
1700,3,3,positive,False,True,False,5.0,Eucerin,2181040964,False
1701,4,3,positive,False,True,False,5.0,Eucerin,2181040964,False
1702,1,1,positive,False,True,False,5.0,Eucerin,2181040964,False
1703,3,3,positive,False,True,False,5.0,Eucerin,2181040964,False
1704,2,2,neutral,False,True,True,5.0,Eucerin,2181040964,False
1705,2,1,positive,False,True,False,5.0,Eucerin,2181040964,False
1706,3,3,positive,False,True,False,5.0,Eucerin,2181040964,False
1707,2,2,positive,False,True,True,5.0,Eucerin,2181040964,False
1708,2,1,neutral,False,True,True,5.0,Eucerin,2181040964,False
1709,3,3,positive,False,True,False,5.0,Eucerin,2181040964,False
1711,3,3,positive,False,True,True,5.0,Eucerin,2181040964,False
1713,1,1,positive,False,True,False,5.0,Eucerin,2181040964,False
1715,1,1,positive,False,True,False,5.0,Eucerin,2181040964,False
1716,3,3,positive,False,True,False,5.0,Eucerin,2181040964,False
1717,1,1,positive,False,True,False,5.0,Eucerin,2181040964,False
1718,4,3,positive,True,True,True,5.0,Eucerin,2181040964,True
1720,1,1,positive,False,True,False,5.0,Eucerin,2181040964,False
1722,2,1,negative,True,True,True,5.0,Eucerin,2181040964,True
1723,3,2,neutral,False,True,True,5.0,Eucerin,2181040964,False
1724,2,2,negative,True,False,True,5.0,Eucerin,2181040964,True
1725,1,1,positive,False,True,False,5.0,Eucerin,2181040964,False
1727,1,1,positive,False,True,False,5.0,Eucerin,2181040964,False
1728,1,1,positive,False,True,False,5.0,Eucerin,2181040964,False
1729,4,3,positive,False,True,False,5.0,Eucerin,2181040964,False
1730,2,2,positive,False,True,True,5.0,Eucerin,2181040964,False
1731,1,1,positive,False,True,False,5.0,Eucerin,2181040964,False
1732,2,2,positive,True,True,True,5.0,Eucerin,2181040964,True
1733,1,1,positive,False,True,False,5.0,Eucerin,2181040964,False
1734,1,1,positive,False,True,False,5.0,Eucerin,2181040964,False
1736,1,1,neutral,False,False,False,1.0,Eucerin,2120282735,False
1737,1,1,neutral,False,False,False,4.0,Eucerin,2120282735,False
1738,2,2,neutral,False,True,True,4.0,Eucerin,2120282735,False
1739,1,1,neutral,False,False,False,4.0,Eucerin,2120282735,False
1740,1,1,positive,False,True,False,4.0,Eucerin,2120282735,False
1741,1,1,positive,False,True,False,5.0,Eucerin,2120282735,False
1742,3,1,positive,False,True,True,5.0,Eucerin,2120282735,False
1743,1,1,negative,True,False,False,5.0,Eucerin,2120282735,True
1745,1,1,neutral,False,False,False,5.0,Eucerin,2120282735,False
1747,1,1,positive,False,True,False,5.0,Eucerin,2120282735,False
1748,1,1,neutral,False,False,False,5.0,Eucerin,2120282735,False
1749,2,1,positive,False,True,True,5.0,Eucerin,2120282735,False
1750,2,2,positive,False,True,True,5.0,Eucerin,2120282735,False
1752,1,1,positive,False,True,False,5.0,Eucerin,2120282735,False
1754,2,1,positive,False,True,True,5.0,Eucerin,2120282735,False
1755,1,1,neutral,False,False,False,5.0,Eucerin,2120282735,False
1756,1,1,neutral,False,False,False,5.0,Eucerin,2120282735,False
1758,3,2,positive,False,True,True,5.0,Eucerin,2120282735,False
1760,4,2,positive,False,True,True,5.0,Eucerin,2120282735,False
1761,3,3,positive,False,True,False,5.0,Eucerin,2120282735,False
1762,2,2,positive,False,True,False,5.0,Eucerin,2120282735,False
1763,2,2,neutral,False,True,True,5.0,Eucerin,2120282735,False
1766,2,2,positive,False,True,False,5.0,Eucerin,2120282735,False
1767,2,2,neutral,False,True,True,5.0,Eucerin,2120282735,False
1768,2,2,positive,False,True,False,5.0,Eucerin,2120282735,False
1769,1,1,positive,False,True,False,5.0,Eucerin,2120282735,False
1770,2,2,neutral,False,False,False,5.0,Eucerin,2120282735,False
1771,4,1,neutral,False,False,False,5.0,Eucerin,2120282735,False
1773,1,1,neutral,False,False,False,5.0,Eucerin,2120282735,False
1774,1,1,neutral,False,False,False,5.0,Eucerin,2120282735,False
1776,1,1,neutral,False,False,False,5.0,Eucerin,2120282735,False
1778,2,2,positive,False,True,False,5.0,Eucerin,2120282735,False
1779,1,1,positive,False,True,False,5.0,Eucerin,2120282735,False
1780,1,1,positive,False,True,False,5.0,Eucerin,2120282735,False
1781,2,2,positive,False,True,False,5.0,Eucerin,2120282735,False
1783,3,2,neutral,False,False,False,5.0,Eucerin,2120282735,False
1785,3,3,positive,False,True,False,5.0,Eucerin,2120282735,False
1786,1,1,positive,False,True,False,5.0,Eucerin,2120282735,False
1787,3,3,positive,False,True,False,5.0,Eucerin,2120282735,False
1789,1,1,positive,False,True,False,5.0,Eucerin,2120282735,False
1790,2,2,neutral,False,False,False,5.0,Eucerin,2120282735,False
1791,1,1,neutral,False,False,False,5.0,Eucerin,2120282735,False
1792,4,4,positive,False,True,True,5.0,Eucerin,2120282735,False
1793,1,1,neutral,False,False,False,5.0,Eucerin,2120282735,False
1795,1,1,neutral,False,False,False,5.0,Eucerin,2120282735,False
1797,1,1,positive,False,True,False,5.0,Eucerin,2120282735,False
1799,4,3,positive,False,True,True,5.0,Eucerin,2120282735,False
1800,3,3,positive,False,True,False,5.0,Eucerin,2120282735,False
1802,1,1,neutral,False,False,False,5.0,Eucerin,2120282735,False
1803,1,1,neutral,False,False,False,5.0,Eucerin,2120282735,False
1805,1,1,positive,False,True,False,5.0,Eucerin,2120282735,False
1807,1,1,neutral,False,False,False,5.0,Eucerin,2120282735,False
1808,3,3,neutral,False,True,True,5.0,Eucerin,2120282735,False
1809,2,2,neutral,False,False,False,5.0,Eucerin,2120282735,False
1811,3,3,neutral,False,False,False,5.0,Eucerin,2120282735,False
1812,1,1,neutral,False,False,False,5.0,Eucerin,2120282735,False
1814,3,3,positive,False,True,False,5.0,Eucerin,2120282735,False
1815,4,4,positive,False,True,False,5.0,Eucerin,2120282735,False
1816,1,1,neutral,False,False,False,5.0,Eucerin,2120282735,False
1817,3,2,neutral,False,False,False,5.0,Eucerin,2120282735,False
1818,3,2,positive,True,True,True,5.0,Eucerin,2120282735,True
1819,2,1,negative,True,True,True,5.0,Eucerin,2120282735,True
1820,3,3,positive,False,True,False,5.0,Eucerin,2120282735,False
1821,4,3,positive,False,True,False,5.0,Eucerin,2120282735,False
1822,4,4,positive,False,True,False,5.0,Eucerin,2120282735,False
1824,2,2,neutral,False,False,False,5.0,Eucerin,2120282735,False
1826,1,1,neutral,False,False,False,5.0,Eucerin,2120282735,False
1827,1,1,positive,False,True,False,5.0,Eucerin,2120282735,False
1829,3,3,positive,False,True,False,5.0,Eucerin,2120282735,False
1831,2,1,neutral,True,False,True,1.0,Eucerin,2120283754,False
1832,4,4,neutral,False,False,False,1.0,Eucerin,2120283754,False
1834,3,2,neutral,False,False,False,1.0,Eucerin,2120283754,False
1835,1,1,positive,False,True,False,3.0,Eucerin,2120283754,False
1837,2,2,neutral,False,False,False,3.0,Eucerin,2120283754,False
1840,4,3,positive,False,True,True,4.0,Eucerin,2120283754,False
1842,1,1,neutral,False,False,False,4.0,Eucerin,2120283754,False
1843,6,5,positive,False,True,True,5.0,Eucerin,2120283754,False
1844,1,1,neutral,False,False,False,5.0,Eucerin,2120283754,False
1845,3,1,positive,False,True,True,5.0,Eucerin,2120283754,False
1846,1,1,neutral,False,False,False,5.0,Eucerin,2120283754,False
1847,2,1,neutral,False,True,True,5.0,Eucerin,2120283754,False
1848,1,1,neutral,False,False,False,5.0,Eucerin,2120283754,False
1849,3,3,positive,False,True,True,5.0,Eucerin,2120283754,False
1850,3,3,neutral,False,False,False,5.0,Eucerin,2120283754,False
1851,4,2,positive,False,True,False,5.0,Eucerin,2120283754,False
1853,2,2,neutral,False,True,True,5.0,Eucerin,2120283754,False
1854,2,2,positive,False,True,True,5.0,Eucerin,2120283754,False
1855,1,1,neutral,False,False,False,5.0,Eucerin,2120283754,False
1856,2,2,positive,False,True,False,5.0,Eucerin,2120283754,False
1858,3,2,positive,False,True,False,5.0,Eucerin,2120283754,False
1859,1,1,negative,True,False,False,5.0,Eucerin,2120283754,True
1860,1,1,neutral,False,False,False,5.0,Eucerin,2120283754,False
1861,1,1,positive,False,True,False,5.0,Eucerin,2120283754,False
1862,3,2,neutral,False,True,True,5.0,Eucerin,2120283754,False
1863,1,1,positive,False,True,False,5.0,Eucerin,2120283754,False
1864,3,3,positive,False,True,False,5.0,Eucerin,2120283754,False
1865,1,1,neutral,False,False,False,5.0,Eucerin,2120283754,False
1866,5,4,positive,False,True,True,5.0,Eucerin,2120283754,False
1867,2,1,neutral,False,False,False,5.0,Eucerin,2120283754,False
1868,1,1,positive,False,True,False,5.0,Eucerin,2120283754,False
1869,1,1,positive,False,True,False,5.0,Eucerin,2120283754,False
1871,2,1,negative,True,True,True,5.0,Eucerin,2120283754,True
1872,2,2,positive,False,True,False,5.0,Eucerin,2120283754,False
1873,4,4,positive,False,True,True,5.0,Eucerin,2120283754,False
1876,1,1,positive,False,True,False,5.0,Eucerin,2120283754,False
1877,1,1,neutral,False,False,False,5.0,Eucerin,2120283754,False
1878,3,2,neutral,False,True,True,5.0,Eucerin,2120283754,False
1879,1,1,neutral,False,False,False,5.0,Eucerin,2120283754,False
1880,1,1,neutral,False,False,False,5.0,Eucerin,2120283754,False
1881,2,1,neutral,False,True,True,5.0,Eucerin,2120283754,False
1883,2,2,negative,True,True,True,5.0,Eucerin,2120283754,True
1884,1,1,neutral,False,False,False,5.0,Eucerin,2120283754,False
1885,1,1,positive,False,True,False,5.0,Eucerin,2120283754,False
1886,2,2,positive,False,True,True,5.0,Eucerin,2120283754,False
1887,5,3,neutral,False,True,True,5.0,Eucerin,2120283754,False
1888,1,1,positive,False,True,False,5.0,Eucerin,2120283754,False
1889,2,1,neutral,False,True,True,5.0,Eucerin,2120283754,False
1890,3,2,positive,False,True,True,5.0,Eucerin,2120283754,False
1891,4,2,positive,False,True,True,5.0,Eucerin,2120283754,False
1892,4,2,neutral,False,True,True,5.0,Eucerin,2120283754,False
1893,2,1,positive,False,True,True,5.0,Eucerin,2120283754,False
1894,2,2,positive,False,True,False,5.0,Eucerin,2120283754,False
1895,2,1,positive,False,True,True,5.0,Eucerin,2120283754,False
1896,3,3,positive,False,True,False,5.0,Eucerin,2120283754,False
1897,1,1,positive,False,True,False,5.0,Eucerin,2120283754,False
1898,7,2,positive,False,True,True,5.0,Eucerin,2120283754,False
1899,2,1,neutral,True,False,True,5.0,Eucerin,2120283754,True
1900,2,1,neutral,False,False,False,5.0,Eucerin,2120283754,False
1901,4,2,positive,False,True,False,5.0,Eucerin,2120283754,False
1902,1,1,positive,False,True,False,5.0,Eucerin,2120283754,False
1903,9,4,positive,False,True,True,5.0,Eucerin,2120283754,False
1904,3,1,neutral,False,False,False,5.0,Eucerin,2120283754,False
1905,3,3,positive,False,True,False,5.0,Eucerin,2120283754,False
1906,2,2,neutral,False,False,False,5.0,Eucerin,2120283754,False
1907,1,1,neutral,False,False,False,5.0,Eucerin,2120283754,False
1908,1,1,positive,False,True,False,5.0,Eucerin,2120283754,False
1910,5,2,positive,False,True,True,5.0,Eucerin,2120283754,False
1911,2,2,neutral,False,False,False,5.0,Eucerin,2120283754,False
1912,3,2,neutral,False,True,True,5.0,Eucerin,2120283754,False
1913,2,2,positive,False,True,False,5.0,Eucerin,2120283754,False
1914,1,1,positive,False,True,False,5.0,Eucerin,2120283754,False
1915,2,2,neutral,False,False,False,5.0,Eucerin,2120283754,False
1916,1,1,positive,False,True,False,5.0,Eucerin,2120283754,False
1918,3,2,neutral,False,True,True,5.0,Eucerin,2120283754,False
1919,3,2,neutral,False,True,True,5.0,Eucerin,2120283754,False
1920,1,1,neutral,False,False,False,5.0,Eucerin,2120283754,False
1921,5,2,positive,False,True,False,5.0,Eucerin,2120283754,False
1922,2,2,neutral,False,True,True,5.0,Eucerin,2120283754,False
1923,1,1,positive,False,True,False,5.0,Eucerin,2120283754,False
1924,4,2,positive,False,True,True,5.0,Eucerin,2120283754,False
1925,3,3,neutral,False,True,True,5.0,Eucerin,2120283754,False
1926,3,3,positive,False,True,True,5.0,Eucerin,2120283754,False
1927,1,1,neutral,False,False,False,5.0,Eucerin,2120283754,False
1928,1,1,neutral,False,False,False,5.0,Eucerin,2120283754,False
1929,1,1,positive,False,True,False,5.0,Eucerin,2120283754,False
1930,2,1,neutral,False,True,True,5.0,Eucerin,2120283754,False
1931,2,2,neutral,False,False,False,1.0,Eucerin,2120233905,False
1932,2,1,neutral,True,False,True,1.0,Eucerin,2120233905,False
1933,1,1,neutral,False,False,False,1.0,Eucerin,2120233905,False
1935,2,1,positive,False,True,True,3.0,Eucerin,2120233905,False
1941,1,1,neutral,False,False,False,4.0,Eucerin,2120233905,False
1942,2,2,neutral,False,False,False,4.0,Eucerin,2120233905,False
1943,2,1,positive,False,True,False,5.0,Eucerin,2120233905,False
1945,1,1,neutral,False,False,False,5.0,Eucerin,2120233905,False
1946,2,2,positive,False,True,False,5.0,Eucerin,2120233905,False
1947,8,4,positive,False,True,True,5.0,Eucerin,2120233905,False
1949,1,1,neutral,False,False,False,5.0,Eucerin,2120233905,False
1951,1,1,neutral,False,False,False,5.0,Eucerin,2120233905,False
1952,1,1,neutral,False,False,False,5.0,Eucerin,2120233905,False
1953,1,1,neutral,False,False,False,5.0,Eucerin,2120233905,False
1954,1,1,neutral,False,False,False,5.0,Eucerin,2120233905,False
1957,1,1,neutral,False,False,False,5.0,Eucerin,2120233905,False
1958,1,1,neutral,False,False,False,5.0,Eucerin,2120233905,False
1959,3,3,positive,False,True,False,5.0,Eucerin,2120233905,False
1961,2,2,negative,True,False,False,5.0,Eucerin,2120233905,True
1962,2,1,positive,False,True,False,5.0,Eucerin,2120233905,False
1963,2,1,positive,False,True,False,5.0,Eucerin,2120233905,False
1964,2,1,positive,False,True,True,5.0,Eucerin,2120233905,False
1965,2,1,neutral,False,False,False,5.0,Eucerin,2120233905,False
1966,3,3,positive,False,True,False,5.0,Eucerin,2120233905,False
1967,2,2,positive,False,True,False,5.0,Eucerin,2120233905,False
1968,1,1,neutral,False,False,False,5.0,Eucerin,2120233905,False
1969,1,1,neutral,False,False,False,5.0,Eucerin,2120233905,False
1971,2,1,positive,False,True,True,5.0,Eucerin,2120233905,False
1972,1,1,positive,False,True,False,5.0,Eucerin,2120233905,False
1973,3,2,neutral,False,True,True,5.0,Eucerin,2120233905,False
1974,1,1,positive,False,True,False,5.0,Eucerin,2120233905,False
1976,3,1,neutral,False,True,True,5.0,Eucerin,2120233905,False
1977,1,1,positive,False,True,False,5.0,Eucerin,2120233905,False
1978,2,2,neutral,False,False,False,5.0,Eucerin,2120233905,False
1980,2,1,positive,False,True,True,5.0,Eucerin,2120233905,False
1982,2,2,neutral,False,False,False,5.0,Eucerin,2120233905,False
1984,1,1,neutral,False,False,False,5.0,Eucerin,2120233905,False
1985,1,1,neutral,False,False,False,5.0,Eucerin,2120233905,False
1986,1,1,positive,False,True,False,5.0,Eucerin,2120233905,False
1987,4,4,positive,False,True,False,5.0,Eucerin,2120233905,False
1988,2,2,neutral,False,False,False,5.0,Eucerin,2120233905,False
1989,3,3,positive,False,True,False,5.0,Eucerin,2120233905,False
1990,3,3,positive,False,True,True,5.0,Eucerin,2120233905,False
1991,1,1,positive,False,True,False,5.0,Eucerin,2120233905,False
1992,3,3,positive,False,True,False,5.0,Eucerin,2120233905,False
1993,1,1,positive,False,True,False,5.0,Eucerin,2120233905,False
1994,1,1,positive,False,True,False,5.0,Eucerin,2120233905,False
1995,1,1,neutral,False,False,False,5.0,Eucerin,2120233905,False
1996,5,3,positive,False,True,True,5.0,Eucerin,2120233905,False
1997,2,2,positive,False,True,False,5.0,Eucerin,2120233905,False
1998,1,1,neutral,False,False,False,5.0,Eucerin,2120233905,False
1999,1,1,neutral,False,False,False,5.0,Eucerin,2120233905,False
2000,1,1,positive,False,True,False,5.0,Eucerin,2120233905,False
2001,3,2,neutral,False,False,False,5.0,Eucerin,2120233905,False
2002,1,1,negative,True,False,False,5.0,Eucerin,2120233905,True
2003,2,2,positive,False,True,False,5.0,Eucerin,2120233905,False
2004,1,1,neutral,False,False,False,5.0,Eucerin,2120233905,False
2005,1,1,positive,False,True,False,5.0,Eucerin,2120233905,False
2006,2,2,positive,False,True,False,5.0,Eucerin,2120233905,False
2007,2,2,neutral,True,False,True,5.0,Eucerin,2120233905,True
2008,2,2,positive,False,True,False,5.0,Eucerin,2120233905,False
2009,4,3,neutral,False,True,True,5.0,Eucerin,2120233905,False
2010,1,1,neutral,False,False,False,5.0,Eucerin,2120233905,False
2011,2,2,positive,False,True,False,5.0,Eucerin,2120233905,False
2013,1,1,positive,False,True,False,5.0,Eucerin,2120233905,False
2014,3,3,neutral,True,False,True,5.0,Eucerin,2120233905,True
2016,4,2,positive,False,True,True,5.0,Eucerin,2120233905,False
2017,4,4,neutral,True,False,True,5.0,Eucerin,2120233905,True
2018,1,1,neutral,False,False,False,5.0,Eucerin,2120233905,False
2020,3,2,neutral,False,False,False,5.0,Eucerin,2120233905,False
2021,4,3,positive,False,True,False,5.0,Eucerin,2120233905,False
2023,3,2,neutral,False,True,True,5.0,Eucerin,2120233905,False
2025,2,2,positive,False,True,False,5.0,Eucerin,2120233905,False
2026,1,1,neutral,False,False,False,5.0,Eucerin,2120233905,False
2028,3,1,neutral,False,False,False,5.0,Eucerin,2280116314,False
2029,2,1,positive,False,True,False,5.0,Eucerin,2280116314,False
2030,1,1,positive,False,True,False,5.0,Eucerin,2280116314,False
2031,1,1,neutral,False,False,False,5.0,Eucerin,2280116314,False
2032,3,3,positive,False,True,False,5.0,Eucerin,2280116314,False
2033,4,3,positive,False,True,True,5.0,Eucerin,2280116314,False
2034,1,1,positive,False,True,False,5.0,Eucerin,2280116314,False
2035,2,2,positive,False,True,True,5.0,Eucerin,2280116314,False
2036,5,4,neutral,True,False,True,5.0,Eucerin,2280116314,True
2037,1,1,neutral,False,False,False,5.0,Eucerin,2280116314,False
2038,3,3,positive,False,True,False,5.0,Eucerin,2280116314,False
2039,1,1,positive,False,True,False,5.0,Eucerin,2120203981,False
2040,2,2,positive,False,True,False,5.0,Eucerin,2120203981,False
2041,2,1,positive,False,True,True,5.0,Eucerin,2120203981,False
2042,1,1,positive,False,True,False,5.0,Eucerin,2120203981,False
2043,5,5,neutral,False,True,True,5.0,Eucerin,2120203981,False
2044,2,1,neutral,True,False,True,5.0,Eucerin,2120203981,True
2046,1,1,positive,False,True,False,5.0,Eucerin,2120203981,False
2047,2,2,positive,False,True,True,5.0,Eucerin,2120203981,False
2048,2,1,positive,False,True,False,5.0,Eucerin,2120203981,False
2050,1,1,negative,True,False,False,5.0,Eucerin,2120203981,True
2051,3,2,positive,True,True,True,5.0,Eucerin,2120203981,True
2052,3,2,positive,False,True,False,5.0,Eucerin,2120203981,False
2053,3,1,positive,False,True,False,5.0,Eucerin,2120203981,False
2054,2,2,positive,False,True,True,5.0,Eucerin,2120203981,False
2055,3,2,neutral,False,True,True,5.0,Eucerin,2120203981,False
2056,4,2,positive,False,True,True,5.0,Eucerin,2120203981,False
2057,2,2,neutral,False,False,False,5.0,Eucerin,2120203981,False
2058,2,2,negative,True,False,True,5.0,Eucerin,2120203981,True
2059,4,4,positive,False,True,True,5.0,Eucerin,2120203981,False
2061,2,2,neutral,False,True,True,5.0,Eucerin,2120203981,False
2062,4,2,positive,False,True,True,5.0,Eucerin,2120203981,False
2063,1,1,positive,False,True,False,5.0,Eucerin,2120203981,False
2064,4,4,neutral,False,False,False,5.0,Eucerin,2120203981,False
2065,2,2,positive,False,True,False,5.0,Eucerin,2120203981,False
2066,1,1,positive,False,True,False,5.0,Eucerin,2120203981,False
2067,1,1,neutral,False,False,False,5.0,Eucerin,2120203981,False
2068,2,2,neutral,False,False,False,5.0,Eucerin,2120203981,False
2069,1,1,neutral,False,False,False,5.0,Eucerin,2120203981,False
2070,2,2,positive,False,True,False,5.0,Eucerin,2120203981,False
2071,2,2,neutral,False,True,True,5.0,Eucerin,2120203981,False
2072,4,2,positive,False,True,True,5.0,Eucerin,2120203981,False
2073,2,2,positive,False,True,False,5.0,Eucerin,2120203981,False
2074,3,2,neutral,False,True,True,5.0,Eucerin,2120203981,False
2075,3,2,positive,False,True,True,5.0,Eucerin,2120203981,False
2077,1,1,neutral,False,False,False,5.0,Eucerin,2120203981,False
2078,1,1,negative,True,False,False,5.0,Eucerin,2120203981,True
2079,3,2,neutral,False,True,True,5.0,Eucerin,2120203981,False
2082,2,2,positive,False,True,True,5.0,Eucerin,2120203981,False
2083,1,1,positive,False,True,False,5.0,Eucerin,2120203981,False
2084,2,2,neutral,False,True,True,5.0,Eucerin,2120203981,False
2085,2,2,neutral,False,False,False,5.0,Eucerin,2120203981,False
2086,2,2,neutral,False,False,False,5.0,Eucerin,2120203981,False
2087,2,2,positive,False,True,False,5.0,Eucerin,2120203981,False
2088,1,1,neutral,False,False,False,5.0,Eucerin,2120203981,False
2089,3,1,positive,False,True,True,5.0,Eucerin,2120203981,False
2090,2,2,positive,False,True,False,5.0,Eucerin,2120203981,False
2091,1,1,positive,False,True,False,5.0,Eucerin,2120203981,False
2092,3,3,positive,False,True,False,5.0,Eucerin,2120203981,False
2093,3,3,positive,False,True,False,5.0,Eucerin,2120203981,False
2094,4,3,neutral,False,True,True,5.0,Eucerin,2120203981,False
2095,3,3,positive,False,True,False,5.0,Eucerin,2120203981,False
2096,1,1,positive,False,True,False,5.0,Eucerin,2120203981,False
2098,1,1,neutral,False,False,False,5.0,Eucerin,2120203981,False
2101,2,2,positive,False,True,True,5.0,Eucerin,2120203981,False
2103,1,1,neutral,False,False,False,5.0,Eucerin,2120203981,False
2104,1,1,positive,False,True,False,5.0,Eucerin,2120203981,False
2105,3,2,neutral,False,False,False,5.0,Eucerin,2120203981,False
2106,4,3,positive,True,True,True,5.0,Eucerin,2120203981,True
2107,1,1,positive,False,True,False,5.0,Eucerin,2120203981,False
2108,2,2,neutral,False,False,False,5.0,Eucerin,2120203981,False
2109,2,2,positive,False,True,False,5.0,Eucerin,2120203981,False
2110,1,1,negative,True,False,False,5.0,Eucerin,2120203981,True
2112,4,3,positive,False,True,True,5.0,Eucerin,2120203981,False
2113,4,4,neutral,False,True,True,5.0,Eucerin,2120203981,False
2115,2,2,neutral,False,False,False,5.0,Eucerin,2120203981,False
2117,1,1,neutral,False,False,False,4.0,Eucerin,2120326607,False
2119,2,2,neutral,False,False,False,4.0,Eucerin,2120326607,False
2120,2,2,positive,False,True,True,5.0,Eucerin,2120326607,False
2121,4,3,neutral,False,True,True,5.0,Eucerin,2120326607,False
2122,1,1,neutral,False,False,False,5.0,Eucerin,2120326607,False
2123,4,1,neutral,False,False,False,5.0,Eucerin,2120326607,False
2125,2,2,positive,False,True,False,5.0,Eucerin,2120326607,False
2126,1,1,neutral,False,False,False,5.0,Eucerin,2120326607,False
2127,4,3,neutral,False,True,True,5.0,Eucerin,2120326607,False
2128,3,2,positive,True,True,True,5.0,Eucerin,2120326607,True
2129,4,4,positive,False,True,False,5.0,Eucerin,2120326607,False
2130,2,2,positive,False,True,True,5.0,Eucerin,2120326607,False
2131,3,3,positive,True,True,True,5.0,Eucerin,2120326607,True
2132,1,1,neutral,False,False,False,5.0,Eucerin,2120326607,False
2134,2,1,neutral,False,True,True,5.0,Eucerin,2120326607,False
2135,2,2,neutral,True,False,True,5.0,Eucerin,2120326607,True
2136,2,2,neutral,False,False,False,5.0,Eucerin,2120326607,False
2137,4,3,neutral,False,False,False,5.0,Eucerin,2120326607,False
2138,1,1,positive,False,True,False,5.0,Eucerin,2120326607,False
2139,1,1,neutral,False,False,False,5.0,Eucerin,2120326607,False
2140,2,2,neutral,False,False,False,5.0,Eucerin,2120326607,False
2141,2,1,positive,False,True,False,5.0,Eucerin,2120326607,False
2142,1,1,neutral,False,False,False,5.0,Eucerin,2120326607,False
2143,4,3,neutral,False,True,True,5.0,Eucerin,2120326607,False
2145,4,3,positive,False,True,True,5.0,Eucerin,2120326607,False
2146,2,2,neutral,False,False,False,5.0,Eucerin,2120326607,False
2147,1,1,positive,False,True,False,5.0,Eucerin,2120326607,False
2149,2,1,neutral,False,True,True,5.0,Eucerin,2120326607,False
2150,1,1,neutral,False,False,False,5.0,Eucerin,2120326607,False
2153,4,4,neutral,False,True,True,5.0,Eucerin,2120326607,False
2154,2,2,neutral,False,False,False,5.0,Eucerin,2120326607,False
2155,4,4,neutral,True,True,True,5.0,Eucerin,2120326607,True
2156,2,2,positive,False,True,False,5.0,Eucerin,2120326607,False
2157,1,1,positive,False,True,False,5.0,Eucerin,2120326607,False
2159,4,3,positive,False,True,False,5.0,Eucerin,2120326607,False
2160,1,1,neutral,False,False,False,5.0,Eucerin,2120326607,False
2162,1,1,neutral,False,False,False,5.0,Eucerin,2120326607,False
2163,2,2,positive,False,True,False,5.0,Eucerin,2120326607,False
2164,2,2,neutral,False,True,True,5.0,Eucerin,2120326607,False
2165,1,1,positive,False,True,False,5.0,Eucerin,2120326607,False
2166,1,1,neutral,False,False,False,5.0,Eucerin,2120326607,False
2171,2,2,neutral,False,False,False,5.0,Eucerin,2120326607,False
2173,3,1,neutral,False,False,False,5.0,Eucerin,2120326607,False
2175,2,1,positive,False,True,False,5.0,Eucerin,2120326607,False
2178,4,3,positive,False,True,True,5.0,Eucerin,2120326607,False
2180,2,1,neutral,False,True,True,5.0,Eucerin,2120326607,False
2183,1,1,positive,False,True,False,5.0,Eucerin,2120326607,False
2184,1,1,negative,True,False,False,5.0,Eucerin,2120326607,True
2185,2,2,negative,True,False,True,1.0,Eucerin,2120274771,False
2186,2,1,neutral,False,False,False,3.0,Eucerin,2120274771,False
2187,1,1,positive,False,True,False,3.0,Eucerin,2120274771,False
2188,7,4,positive,False,True,True,4.0,Eucerin,2120274771,False
2189,3,2,neutral,True,True,True,4.0,Eucerin,2120274771,True
2190,2,2,positive,False,True,False,5.0,Eucerin,2120274771,False
2191,2,2,neutral,False,True,True,5.0,Eucerin,2120274771,False
2192,2,2,neutral,False,True,True,5.0,Eucerin,2120274771,False
2193,2,2,positive,False,True,False,5.0,Eucerin,2120274771,False
2194,2,2,positive,False,True,False,5.0,Eucerin,2120274771,False
2195,3,2,positive,False,True,True,5.0,Eucerin,2120274771,False
2196,2,1,positive,False,True,False,5.0,Eucerin,2120274771,False
2197,1,1,positive,False,True,False,5.0,Eucerin,2120274771,False
2198,2,1,positive,False,True,False,5.0,Eucerin,2120274771,False
2199,3,2,positive,False,True,True,5.0,Eucerin,2120274771,False
2200,3,2,neutral,False,False,False,5.0,Eucerin,2120274771,False
2201,4,3,positive,False,True,True,5.0,Eucerin,2120274771,False
2202,1,1,positive,False,True,False,5.0,Eucerin,2120274771,False
2203,1,1,neutral,False,False,False,5.0,Eucerin,2120274771,False
2204,2,2,neutral,False,False,False,5.0,Eucerin,2120274771,False
2206,3,1,neutral,False,True,True,5.0,Eucerin,2120274771,False
2207,3,2,neutral,False,True,True,5.0,Eucerin,2120274771,False
2208,2,1,neutral,False,True,True,5.0,Eucerin,2120274771,False
2209,3,2,neutral,False,True,True,5.0,Eucerin,2120274771,False
2210,4,2,positive,False,True,True,5.0,Eucerin,2120274771,False
2211,5,2,positive,False,True,False,5.0,Eucerin,2120274771,False
2212,4,2,positive,False,True,True,5.0,Eucerin,2120274771,False
2213,1,1,neutral,False,False,False,5.0,Eucerin,2120274771,False
2214,2,1,positive,False,True,False,5.0,Eucerin,2120274771,False
2215,8,2,positive,False,True,True,5.0,Eucerin,2120274771,False
2216,3,1,neutral,False,True,True,5.0,Eucerin,2120274771,False
2217,2,2,neutral,False,False,False,5.0,Eucerin,2120274771,False
2219,1,1,neutral,False,False,False,5.0,Eucerin,2120274771,False
2220,2,2,positive,False,True,True,5.0,Eucerin,2120274771,False
2221,2,1,positive,False,True,True,5.0,Eucerin,2120274771,False
2222,3,2,positive,False,True,False,5.0,Eucerin,2120274771,False
2224,2,2,positive,False,True,False,5.0,Eucerin,2120274771,False
2225,2,1,positive,False,True,True,5.0,Eucerin,2120274771,False
2226,2,2,neutral,False,True,True,5.0,Eucerin,2120274771,False
2227,1,1,neutral,False,False,False,5.0,Eucerin,2120274771,False
2228,2,1,neutral,False,False,False,5.0,Eucerin,2120274771,False
2229,3,2,positive,False,True,False,5.0,Eucerin,2120274771,False
2230,1,1,positive,False,True,False,5.0,Eucerin,2120274771,False
2231,3,2,neutral,False,False,False,5.0,Eucerin,2120274771,False
2232,5,2,positive,False,True,True,5.0,Eucerin,2120274771,False
2233,1,1,positive,False,True,False,5.0,Eucerin,2120274771,False
2234,4,3,positive,False,True,True,5.0,Eucerin,2120274771,False
2235,1,1,positive,False,True,False,5.0,Eucerin,2120274771,False
2236,4,2,neutral,False,True,True,5.0,Eucerin,2120274771,False
2237,7,2,positive,False,True,True,5.0,Eucerin,2120274771,False
2238,2,2,positive,False,True,False,5.0,Eucerin,2120274771,False
2239,2,2,positive,False,True,True,5.0,Eucerin,2120274771,False
2240,5,2,positive,False,True,False,5.0,Eucerin,2120274771,False
2241,2,2,neutral,False,False,False,5.0,Eucerin,2120274771,False
2242,2,2,neutral,False,False,False,5.0,Eucerin,2120274771,False
2243,2,2,positive,False,True,False,5.0,Eucerin,2120274771,False
2244,1,1,positive,False,True,False,5.0,Eucerin,2120274771,False
2245,4,2,positive,False,True,True,5.0,Eucerin,2120274771,False
2246,2,2,positive,False,True,True,5.0,Eucerin,2120274771,False
2247,5,4,positive,False,True,False,5.0,Eucerin,2120274771,False
2248,3,3,neutral,False,True,True,5.0,Eucerin,2120274771,False
2249,2,2,neutral,False,True,True,5.0,Eucerin,2120274771,False
2250,2,1,neutral,False,False,False,5.0,Eucerin,2120274771,False
2251,1,1,positive,False,True,False,5.0,Eucerin,2120274771,False
2252,2,2,neutral,False,True,True,5.0,Eucerin,2120274771,False
2253,3,2,positive,False,True,False,5.0,Eucerin,2120274771,False
2255,1,1,positive,False,True,False,5.0,Eucerin,2120274771,False
2256,5,2,positive,False,True,True,5.0,Eucerin,2120274771,False
2257,2,2,positive,False,True,False,5.0,Eucerin,2120274771,False
2258,1,1,positive,False,True,False,5.0,Eucerin,2120274771,False
2260,2,1,positive,False,True,False,5.0,Eucerin,2120274771,False
2261,6,2,positive,False,True,True,5.0,Eucerin,2120274771,False
2262,2,1,positive,False,True,False,5.0,Eucerin,2120274771,False
2263,5,2,positive,False,True,True,5.0,Eucerin,2120274771,False
2265,2,1,neutral,False,False,False,5.0,Eucerin,2120274771,False
2266,3,2,positive,False,True,True,5.0,Eucerin,2120274771,False
2267,4,2,neutral,False,True,True,5.0,Eucerin,2120274771,False
2268,2,2,positive,False,True,False,5.0,Eucerin,2120274771,False
2269,4,3,positive,False,True,True,5.0,Eucerin,2120274771,False
2270,3,2,positive,False,True,False,5.0,Eucerin,2120274771,False
2271,2,1,positive,False,True,True,5.0,Eucerin,2120274771,False
2272,2,2,neutral,False,True,True,5.0,Eucerin,2120274771,False
2273,3,1,neutral,False,True,True,5.0,Eucerin,2120274771,False
2274,3,1,neutral,False,False,False,5.0,Eucerin,2120274771,False
2275,2,2,positive,False,True,False,5.0,Eucerin,2120274771,False
2276,1,1,positive,False,True,False,5.0,Eucerin,2120274771,False
2277,1,1,neutral,False,False,False,5.0,Eucerin,2120274771,False
2279,4,2,neutral,False,True,True,5.0,Eucerin,2120274771,False
2281,2,1,positive,False,True,False,5.0,Eucerin,2120274771,False
2282,2,1,positive,False,True,False,5.0,Eucerin,2120274771,False
2283,5,2,positive,False,True,True,5.0,Eucerin,2120274771,False
2284,3,1,neutral,False,True,True,5.0,Eucerin,2120274771,False
2285,2,2,positive,False,True,False,5.0,Eucerin,2967035879,False
2286,2,2,neutral,False,False,False,5.0,Eucerin,2967035879,False
2288,6,3,neutral,False,True,True,5.0,Eucerin,2525163798,False
2290,3,2,neutral,False,True,True,5.0,Eucerin,2525163798,False
2292,1,1,neutral,False,False,False,5.0,Eucerin,2525163798,False
2294,1,1,negative,True,False,False,5.0,Eucerin,2525163798,True
2295,2,1,neutral,False,True,True,5.0,Eucerin,2525163798,False
2296,2,1,positive,False,True,True,5.0,Eucerin,2525163798,False
2297,3,3,positive,False,True,False,5.0,Eucerin,2525163798,False
2301,1,1,neutral,False,False,False,5.0,Eucerin,2525163798,False
2302,1,1,neutral,False,False,False,5.0,Eucerin,2525163798,False
2304,1,1,negative,True,False,False,5.0,Eucerin,2525163798,True
2307,2,1,neutral,False,False,False,5.0,Eucerin,2525163798,False
2308,2,2,positive,False,True,False,5.0,Eucerin,2525163798,False
2310,2,2,neutral,False,True,True,5.0,Eucerin,2525163798,False
2311,2,1,neutral,False,False,False,5.0,Eucerin,2525163798,False
2314,3,1,neutral,False,True,True,5.0,Eucerin,2525163798,False
2315,3,2,positive,False,True,True,5.0,Eucerin,2525163798,False
2316,3,2,positive,False,True,False,5.0,Eucerin,2525163798,False
2317,3,2,positive,False,True,True,5.0,Eucerin,2525163798,False
2318,3,2,positive,False,True,False,5.0,Eucerin,2525163798,False
2319,3,3,positive,False,True,False,5.0,Eucerin,2525163798,False
2320,3,3,positive,False,True,False,5.0,Eucerin,2525163798,False
2321,3,2,positive,False,True,True,5.0,Eucerin,2525163798,False
2322,2,2,positive,False,True,True,5.0,Eucerin,2525163798,False
2323,4,4,positive,False,True,True,5.0,Eucerin,2525163798,False
2325,1,1,positive,False,True,False,5.0,Eucerin,2525163798,False
2326,1,1,positive,False,True,False,5.0,Eucerin,2525163798,False
2327,2,1,neutral,False,False,False,5.0,Eucerin,2525163798,False
2329,2,1,positive,False,True,False,5.0,Eucerin,2525163798,False
2330,3,2,positive,True,True,True,5.0,Eucerin,2525163798,True
2332,2,1,neutral,False,True,True,5.0,Eucerin,2525163798,False
2333,3,3,positive,False,True,False,5.0,Eucerin,2525163798,False
2334,3,2,positive,False,True,True,5.0,Eucerin,2525163798,False
2335,2,2,positive,False,True,True,5.0,Eucerin,2525163798,False
2337,1,1,positive,False,True,False,5.0,Eucerin,2525163798,False
2338,5,2,positive,False,True,True,5.0,Eucerin,2525163798,False
2339,1,1,neutral,False,False,False,5.0,Eucerin,2525163798,False
2341,3,3,positive,False,True,False,5.0,Eucerin,2525163798,False
2342,1,1,positive,False,True,False,5.0,Eucerin,2525163798,False
2343,1,1,neutral,False,False,False,5.0,Eucerin,2525163798,False
2344,2,1,neutral,False,False,False,5.0,Eucerin,2525163798,False
2345,2,2,neutral,False,False,False,5.0,Eucerin,2525163798,False
2346,7,2,neutral,False,True,True,5.0,Eucerin,2525163798,False
2347,3,2,positive,False,True,False,5.0,Eucerin,2525163798,False
2349,3,2,positive,False,True,False,5.0,Eucerin,2525163798,False
2350,1,1,neutral,False,False,False,5.0,Eucerin,2525163798,False
2351,3,2,positive,False,True,False,5.0,Eucerin,2525163798,False
2354,2,2,positive,False,True,False,5.0,Eucerin,2525163798,False
2355,1,1,neutral,False,False,False,3.0,Eucerin,2120223924,False
2356,2,2,positive,False,True,False,4.0,Eucerin,2120223924,False
2357,1,1,positive,False,True,False,4.0,Eucerin,2120223924,False
2358,1,1,positive,False,True,False,5.0,Eucerin,2120223924,False
2359,1,1,positive,False,True,False,5.0,Eucerin,2120223924,False
2361,2,1,positive,False,True,True,5.0,Eucerin,2120223924,False
2362,2,2,positive,False,True,False,5.0,Eucerin,2120223924,False
2363,3,2,positive,False,True,True,5.0,Eucerin,2120223924,False
2365,3,2,positive,False,True,True,5.0,Eucerin,2120223924,False
2366,4,1,neutral,False,False,False,5.0,Eucerin,2120223924,False
2367,2,1,positive,False,True,True,5.0,Eucerin,2120223924,False
2368,3,2,positive,False,True,True,5.0,Eucerin,2120223924,False
2370,2,2,positive,False,True,False,5.0,Eucerin,2120223924,False
2371,1,1,positive,False,True,False,5.0,Eucerin,2120223924,False
2373,2,2,positive,False,True,False,5.0,Eucerin,2120223924,False
2374,6,3,positive,False,True,True,5.0,Eucerin,2120223924,False
2376,1,1,neutral,False,False,False,5.0,Eucerin,2120223924,False
2377,1,1,neutral,False,False,False,5.0,Eucerin,2120223924,False
2378,1,1,neutral,False,False,False,5.0,Eucerin,2120223924,False
2379,5,3,neutral,False,True,True,5.0,Eucerin,2120223924,False
2381,2,2,positive,False,True,False,5.0,Eucerin,2120223924,False
2382,1,1,positive,False,True,False,5.0,Eucerin,2120223924,False
2383,1,1,positive,False,True,False,5.0,Eucerin,2120223924,False
2384,1,1,positive,False,True,False,5.0,Eucerin,2120223924,False
2385,1,1,neutral,False,False,False,5.0,Eucerin,2120223924,False
2386,3,3,positive,False,True,False,5.0,Eucerin,2120223924,False
2387,1,1,positive,False,True,False,5.0,Eucerin,2120223924,False
2388,2,2,neutral,False,True,True,5.0,Eucerin,2120223924,False
2390,1,1,neutral,False,False,False,5.0,Eucerin,2120223924,False
2391,1,1,positive,False,True,False,5.0,Eucerin,2120223924,False
2392,2,2,positive,False,True,False,5.0,Eucerin,2120223924,False
2393,1,1,neutral,False,False,False,5.0,Eucerin,2120223924,False
2394,1,1,positive,False,True,False,5.0,Eucerin,2120223924,False
2395,1,1,neutral,False,False,False,5.0,Eucerin,2120223924,False
2396,2,2,neutral,False,True,True,5.0,Eucerin,2120223924,False
2397,1,1,neutral,False,False,False,5.0,Eucerin,2120223924,False
2398,2,2,positive,False,True,True,5.0,Eucerin,2120223924,False
2399,1,1,positive,False,True,False,5.0,Eucerin,2120223924,False
2400,1,1,neutral,False,False,False,5.0,Eucerin,2120223924,False
2401,2,2,neutral,False,False,False,5.0,Eucerin,2120223924,False
2402,1,1,positive,False,True,False,5.0,Eucerin,2120223924,False
2404,4,3,positive,False,True,False,5.0,Eucerin,2120223924,False
2406,2,2,negative,True,False,False,5.0,Eucerin,2120223924,True
2407,2,2,neutral,False,False,False,5.0,Eucerin,2120223924,False
2409,1,1,neutral,False,False,False,5.0,Eucerin,2120223924,False
2412,1,1,positive,False,True,False,5.0,Eucerin,2120223924,False
2414,2,2,neutral,False,False,False,5.0,Eucerin,2120223924,False
2417,1,1,neutral,False,False,False,5.0,Eucerin,2120223924,False
2419,2,2,positive,False,True,True,5.0,Eucerin,2120223924,False
2420,2,2,neutral,False,False,False,5.0,Eucerin,2120223924,False
2423,2,2,neutral,False,False,False,5.0,Eucerin,2120223924,False
2424,1,1,positive,False,True,False,5.0,Eucerin,2120223924,False
2426,1,1,positive,False,True,False,5.0,Eucerin,2120223924,False
2427,1,1,positive,False,True,False,5.0,Eucerin,2120223924,False
2428,3,3,positive,False,True,False,5.0,Eucerin,2120223924,False
2429,2,2,neutral,False,False,False,5.0,Eucerin,2120223924,False
2430,2,2,neutral,False,False,False,5.0,Eucerin,2120223924,False
2432,2,2,neutral,False,False,False,5.0,Eucerin,2120223924,False
2433,5,3,positive,False,True,True,5.0,Eucerin,2120223924,False
2435,1,1,neutral,False,False,False,5.0,Eucerin,2120223924,False
2436,1,1,neutral,False,False,False,5.0,Eucerin,2120223924,False
2437,1,1,neutral,False,False,False,5.0,Eucerin,2120223924,False
2438,3,3,positive,False,True,True,5.0,Eucerin,2120223924,False
2439,1,1,neutral,False,False,False,5.0,Eucerin,2120223924,False
2440,2,2,neutral,False,True,True,5.0,Eucerin,2120223924,False
2441,3,3,positive,False,True,True,5.0,Eucerin,2120223924,False
2442,3,2,neutral,False,True,True,5.0,Eucerin,2120223924,False
2443,3,3,positive,False,True,True,5.0,Eucerin,2120223924,False
2444,2,2,neutral,False,True,True,5.0,Eucerin,2120223924,False
2445,2,2,neutral,False,True,True,5.0,Eucerin,2120223924,False
2446,1,1,positive,False,True,False,5.0,Eucerin,2120223924,False
2447,2,2,neutral,False,True,True,5.0,Eucerin,2120223924,False
2448,1,1,positive,False,True,False,5.0,Eucerin,2120223924,False
2450,2,2,neutral,False,False,False,5.0,Eucerin,2120223924,False
2451,4,3,neutral,False,True,True,5.0,Eucerin,2120223924,False
2452,3,2,positive,False,True,False,5.0,Eucerin,2120223924,False
2453,2,2,negative,True,False,False,1.0,Eucerin,2128207469,False
2455,1,1,neutral,False,False,False,3.0,Eucerin,2128207469,False
2457,1,1,neutral,False,False,False,3.0,Eucerin,2128207469,False
2458,1,1,positive,False,True,False,4.0,Eucerin,2128207469,False
2459,1,1,neutral,False,False,False,4.0,Eucerin,2128207469,False
2462,2,2,neutral,False,False,False,4.0,Eucerin,2128207469,False
2464,1,1,neutral,False,False,False,4.0,Eucerin,2128207469,False
2468,7,5,positive,False,True,True,5.0,Eucerin,2128207469,False
2469,3,2,neutral,False,True,True,5.0,Eucerin,2128207469,False
2470,3,2,positive,False,True,True,5.0,Eucerin,2128207469,False
2472,3,2,positive,False,True,True,5.0,Eucerin,2128207469,False
2473,3,2,positive,False,True,False,5.0,Eucerin,2128207469,False
2475,3,1,neutral,False,True,True,5.0,Eucerin,2128207469,False
2476,4,3,positive,False,True,True,5.0,Eucerin,2128207469,False
2477,3,1,negative,True,False,True,5.0,Eucerin,2128207469,True
2479,1,1,neutral,False,False,False,5.0,Eucerin,2128207469,False
2481,3,2,positive,False,True,True,5.0,Eucerin,2128207469,False
2482,1,1,neutral,False,False,False,5.0,Eucerin,2128207469,False
2484,2,2,positive,False,True,False,5.0,Eucerin,2128207469,False
2486,2,2,positive,False,True,False,5.0,Eucerin,2128207469,False
2487,1,1,neutral,False,False,False,5.0,Eucerin,2128207469,False
2488,3,2,positive,False,True,False,5.0,Eucerin,2128207469,False
2489,2,2,neutral,False,True,True,5.0,Eucerin,2128207469,False
2490,2,1,neutral,False,True,True,5.0,Eucerin,2128207469,False
2491,1,1,neutral,False,False,False,5.0,Eucerin,2128207469,False
2492,3,2,positive,False,True,True,5.0,Eucerin,2128207469,False
2493,1,1,positive,False,True,False,5.0,Eucerin,2128207469,False
2495,2,1,neutral,False,False,False,5.0,Eucerin,2128207469,False
2496,1,1,positive,False,True,False,5.0,Eucerin,2128207469,False
2497,9,2,positive,False,True,True,5.0,Eucerin,2128207469,False
2498,4,2,positive,False,True,True,5.0,Eucerin,2128207469,False
2500,1,1,positive,False,True,False,5.0,Eucerin,2128207469,False
2501,1,1,positive,False,True,False,5.0,Eucerin,2128207469,False
2502,1,1,positive,False,True,False,5.0,Eucerin,2128207469,False
2503,4,2,positive,False,True,True,5.0,Eucerin,2128207469,False
2504,2,1,neutral,False,False,False,5.0,Eucerin,2128207469,False
2506,4,3,neutral,False,True,True,5.0,Eucerin,2128207469,False
2507,5,2,neutral,False,True,True,5.0,Eucerin,2128207469,False
2508,2,2,positive,False,True,True,5.0,Eucerin,2128207469,False
2511,3,2,positive,False,True,True,5.0,Eucerin,2128207469,False
2512,5,1,neutral,False,False,False,5.0,Eucerin,2128207469,False
2513,1,1,neutral,False,False,False,5.0,Eucerin,2128207469,False
2515,2,1,neutral,False,True,True,5.0,Eucerin,2128207469,False
2516,3,2,positive,False,True,False,5.0,Eucerin,2128207469,False
2517,1,1,positive,False,True,False,5.0,Eucerin,2128207469,False
2518,5,1,neutral,False,True,True,5.0,Eucerin,2128207469,False
2519,2,2,neutral,False,True,True,5.0,Eucerin,2128207469,False
2520,4,2,positive,False,True,True,5.0,Eucerin,2128207469,False
2521,3,1,neutral,False,True,True,5.0,Eucerin,2128207469,False
2522,3,2,neutral,False,True,True,5.0,Eucerin,2128207469,False
2523,4,2,positive,False,True,True,5.0,Eucerin,2128207469,False
2524,1,1,positive,False,True,False,5.0,Eucerin,2128207469,False
2525,1,1,neutral,False,False,False,5.0,Eucerin,2128207469,False
2527,3,2,neutral,False,True,True,5.0,Eucerin,2128207469,False
2528,1,1,neutral,False,False,False,5.0,Eucerin,2128207469,False
2530,1,1,positive,False,True,False,5.0,Eucerin,2128207469,False
2531,1,1,neutral,False,False,False,5.0,Eucerin,2128207469,False
2532,2,2,neutral,False,False,False,5.0,Eucerin,2128207469,False
2533,2,2,positive,False,True,False,5.0,Eucerin,2128207469,False
2534,4,2,positive,False,True,True,5.0,Eucerin,2128207469,False
2535,2,1,positive,False,True,True,5.0,Eucerin,2128207469,False
2536,3,1,neutral,False,True,True,5.0,Eucerin,2128207469,False
2538,1,1,positive,False,True,False,5.0,Eucerin,2128207469,False
2539,3,3,neutral,False,False,False,5.0,Eucerin,2128207469,False
2540,3,2,neutral,False,False,False,5.0,Eucerin,2128207469,False
2541,1,1,positive,False,True,False,5.0,Eucerin,2128207469,False
2542,3,3,positive,False,True,False,5.0,Eucerin,2128207469,False
2543,2,2,positive,False,True,False,5.0,Eucerin,2128207469,False
2544,1,1,neutral,False,False,False,5.0,Eucerin,2128207469,False
2545,1,1,negative,True,False,False,5.0,Eucerin,2128207469,True
2548,3,2,neutral,False,True,True,5.0,Eucerin,2128207469,False
2550,3,3,positive,False,True,False,5.0,Eucerin,2128207469,False
2551,1,1,positive,False,True,False,5.0,Eucerin,2128207469,False
2552,1,1,positive,False,True,False,5.0,Eucerin,2128207469,False
2553,1,1,positive,False,True,False,5.0,Eucerin,2128207469,False
2556,2,2,neutral,False,False,False,5.0,Eucerin,2128207469,False
2557,1,1,neutral,False,False,False,5.0,Eucerin,2128207469,False
2559,1,1,neutral,False,False,False,2.0,Eucerin,2120354581,False
2560,1,1,neutral,False,False,False,3.0,Eucerin,2120354581,False
2564,2,1,positive,False,True,False,5.0,Eucerin,2120354581,False
2567,2,1,neutral,False,False,False,5.0,Eucerin,2120354581,False
2568,3,2,positive,False,True,True,5.0,Eucerin,2120354581,False
2569,1,1,positive,False,True,False,5.0,Eucerin,2120354581,False
2570,1,1,neutral,False,False,False,5.0,Eucerin,2120354581,False
2571,3,2,positive,False,True,True,5.0,Eucerin,2120354581,False
2574,2,2,positive,False,True,False,5.0,Eucerin,2120354581,False
2575,3,2,positive,False,True,False,5.0,Eucerin,2120354581,False
2576,1,1,positive,False,True,False,5.0,Eucerin,2120354581,False
2577,3,2,positive,False,True,True,5.0,Eucerin,2120354581,False
2578,1,1,positive,False,True,False,5.0,Eucerin,2120354581,False
2579,2,2,positive,False,True,False,5.0,Eucerin,2120354581,False
2581,1,1,positive,False,True,False,5.0,Eucerin,2120354581,False
2582,1,1,neutral,False,False,False,5.0,Eucerin,2120354581,False
2583,5,3,positive,False,True,False,5.0,Eucerin,2120354581,False
2584,3,2,neutral,False,False,False,5.0,Eucerin,2120354581,False
2585,3,2,neutral,False,False,False,5.0,Eucerin,2120354581,False
2586,3,3,neutral,False,True,True,5.0,Eucerin,2120354581,False
2587,4,2,positive,False,True,True,5.0,Eucerin,2120354581,False
2589,1,1,neutral,False,False,False,5.0,Eucerin,2120354581,False
2590,6,3,positive,False,True,True,5.0,Eucerin,2120354581,False
2591,4,4,positive,False,True,True,5.0,Eucerin,2120354581,False
2592,2,2,neutral,False,True,True,5.0,Eucerin,2120354581,False
2595,2,2,neutral,False,True,True,5.0,Eucerin,2120354581,False
2597,4,3,negative,True,True,True,5.0,Eucerin,2120354581,True
2598,3,2,positive,False,True,True,5.0,Eucerin,2120354581,False
2599,2,1,neutral,False,False,False,5.0,Eucerin,2120354581,False
2600,1,1,positive,False,True,False,5.0,Eucerin,2120354581,False
2601,2,2,positive,False,True,True,5.0,Eucerin,2120354581,False
2603,2,2,positive,False,True,True,5.0,Eucerin,2120354581,False
2604,2,2,neutral,False,True,True,5.0,Eucerin,2120354581,False
2606,1,1,neutral,False,False,False,2.0,Eucerin,2120330629,False
2609,2,2,neutral,True,False,True,3.0,Eucerin,2120330629,False
2610,2,2,neutral,False,False,False,3.0,Eucerin,2120330629,False
2615,4,2,neutral,False,False,False,4.0,Eucerin,2120330629,False
2617,3,2,positive,False,True,True,5.0,Eucerin,2120330629,False
2619,2,1,neutral,False,False,False,5.0,Eucerin,2120330629,False
2620,1,1,neutral,False,False,False,5.0,Eucerin,2120330629,False
2621,2,2,positive,False,True,False,5.0,Eucerin,2120330629,False
2622,2,2,positive,False,True,False,5.0,Eucerin,2120330629,False
2623,1,1,neutral,False,False,False,5.0,Eucerin,2120330629,False
2625,2,1,positive,False,True,False,5.0,Eucerin,2120330629,False
2627,1,1,neutral,False,False,False,5.0,Eucerin,2120330629,False
2628,2,1,positive,False,True,False,5.0,Eucerin,2120330629,False
2629,2,2,neutral,False,False,False,5.0,Eucerin,2120330629,False
2630,1,1,neutral,False,False,False,5.0,Eucerin,2120330629,False
2631,1,1,positive,False,True,False,5.0,Eucerin,2120330629,False
2632,4,3,positive,False,True,True,5.0,Eucerin,2120330629,False
2635,1,1,positive,False,True,False,5.0,Eucerin,2120330629,False
2636,2,2,neutral,False,True,True,5.0,Eucerin,2120330629,False
2638,1,1,positive,False,True,False,5.0,Eucerin,2120330629,False
2639,4,4,positive,False,True,True,5.0,Eucerin,2120330629,False
2640,2,2,positive,False,True,False,5.0,Eucerin,2120330629,False
2642,1,1,positive,False,True,False,5.0,Eucerin,2120330629,False
2643,1,1,positive,False,True,False,5.0,Eucerin,2120330629,False
2644,2,2,positive,False,True,False,5.0,Eucerin,2120330629,False
2645,1,1,positive,False,True,False,5.0,Eucerin,2120330629,False
2646,3,3,positive,False,True,False,5.0,Eucerin,2120330629,False
2647,3,2,neutral,False,True,True,5.0,Eucerin,2120330629,False
2651,2,1,positive,False,True,False,5.0,Eucerin,2120330629,False
2652,3,3,positive,False,True,False,5.0,Eucerin,2120330629,False
2653,3,2,negative,True,False,True,5.0,Eucerin,2120330629,True
2654,2,2,neutral,False,False,False,5.0,Eucerin,2120330629,False
2655,3,3,positive,False,True,False,5.0,Eucerin,2120330629,False
2657,1,1,positive,False,True,False,5.0,Eucerin,2120330629,False
2659,1,1,neutral,False,False,False,5.0,Eucerin,2120330629,False
2660,3,3,positive,False,True,True,5.0,Eucerin,2120330629,False
2661,1,1,negative,True,False,False,5.0,Eucerin,2120330629,True
2662,3,3,neutral,False,True,True,5.0,Eucerin,2120330629,False
2664,1,1,neutral,False,False,False,5.0,Eucerin,2120330629,False
2665,4,4,neutral,False,False,False,5.0,Eucerin,2120330629,False
2667,1,1,positive,False,True,False,5.0,Eucerin,2120330629,False
2668,2,2,neutral,False,False,False,5.0,Eucerin,2120330629,False
2669,4,2,positive,False,True,True,5.0,Eucerin,2120330629,False
2670,4,2,neutral,False,True,True,5.0,Eucerin,2120330629,False
2673,2,2,positive,False,True,False,5.0,Eucerin,2120330629,False
2674,1,1,neutral,False,False,False,5.0,Eucerin,2120330629,False
2676,1,1,neutral,False,False,False,5.0,Eucerin,2120330629,False
2677,4,3,positive,False,True,True,5.0,Eucerin,2120330629,False
2678,1,1,neutral,False,False,False,5.0,Eucerin,2120330629,False
2679,1,1,negative,True,False,False,5.0,Eucerin,2120330629,True
2682,1,1,positive,False,True,False,5.0,Eucerin,2120330629,False
2687,4,2,neutral,False,True,True,5.0,Eucerin,2120330629,False
2688,2,2,neutral,False,False,False,5.0,Eucerin,2120330629,False
2689,2,2,neutral,False,False,False,5.0,Eucerin,2120330629,False
2690,1,1,neutral,False,False,False,5.0,Eucerin,2120330629,False
2691,1,1,neutral,False,False,False,2.0,Eucerin,2128213185,False
2692,1,1,neutral,False,False,False,3.0,Eucerin,2128213185,False
2694,1,1,neutral,False,False,False,4.0,Eucerin,2128213185,False
2695,2,1,neutral,False,False,False,4.0,Eucerin,2128213185,False
2696,4,3,positive,False,True,True,4.0,Eucerin,2128213185,False
2698,1,1,positive,False,True,False,5.0,Eucerin,2128213185,False
2699,2,1,positive,False,True,False,5.0,Eucerin,2128213185,False
2700,1,1,neutral,False,False,False,5.0,Eucerin,2128213185,False
2701,2,1,neutral,False,True,True,5.0,Eucerin,2128213185,False
2702,6,5,positive,False,True,True,5.0,Eucerin,2128213185,False
2703,3,2,positive,False,True,False,5.0,Eucerin,2128213185,False
2705,3,2,positive,False,True,True,5.0,Eucerin,2128213185,False
2708,2,2,neutral,False,True,True,5.0,Eucerin,2128213185,False
2709,1,1,neutral,False,False,False,5.0,Eucerin,2128213185,False
2710,3,2,positive,False,True,False,5.0,Eucerin,2128213185,False
2711,1,1,positive,False,True,False,5.0,Eucerin,2128213185,False
2712,1,1,positive,False,True,False,5.0,Eucerin,2128213185,False
2713,1,1,neutral,False,False,False,5.0,Eucerin,2128213185,False
2714,3,3,neutral,False,False,False,5.0,Eucerin,2128213185,False
2715,2,2,positive,False,True,False,5.0,Eucerin,2128213185,False
2716,3,2,positive,False,True,False,5.0,Eucerin,2128213185,False
2718,1,1,positive,False,True,False,5.0,Eucerin,2128213185,False
2720,6,2,positive,False,True,True,5.0,Eucerin,2128213185,False
2722,1,1,positive,False,True,False,5.0,Eucerin,2128213185,False
2725,2,2,negative,True,True,True,5.0,Eucerin,2128213185,True
2726,1,1,positive,False,True,False,5.0,Eucerin,2128213185,False
2727,1,1,positive,False,True,False,5.0,Eucerin,2128213185,False
2728,1,1,positive,False,True,False,5.0,Eucerin,2128213185,False
2730,2,2,positive,False,True,False,5.0,Eucerin,2128213185,False
2731,2,2,positive,False,True,False,5.0,Eucerin,2128213185,False
2732,2,2,neutral,False,True,True,5.0,Eucerin,2128213185,False
2733,2,2,neutral,False,True,True,5.0,Eucerin,2128213185,False
2734,2,1,positive,False,True,True,5.0,Eucerin,2128213185,False
2737,1,1,neutral,False,False,False,5.0,Eucerin,2128213185,False
2738,1,1,neutral,False,False,False,5.0,Eucerin,2128213185,False
2739,5,3,neutral,False,True,True,5.0,Eucerin,2128213185,False
2740,2,2,positive,False,True,True,5.0,Eucerin,2128213185,False
2741,5,5,positive,False,True,True,5.0,Eucerin,2128213185,False
2743,1,1,positive,False,True,False,5.0,Eucerin,2128213185,False
2745,3,3,neutral,False,False,False,5.0,Eucerin,2128213185,False
2746,2,1,positive,False,True,True,5.0,Eucerin,2128213185,False
2747,3,2,positive,False,True,True,5.0,Eucerin,2128213185,False
2748,2,2,positive,False,True,True,5.0,Eucerin,2128213185,False
2749,2,2,positive,False,True,False,5.0,Eucerin,2128213185,False
2750,7,2,positive,False,True,True,5.0,Eucerin,2128213185,False
2751,1,1,neutral,False,False,False,5.0,Eucerin,2128213185,False
2752,4,2,positive,False,True,True,5.0,Eucerin,2128213185,False
2753,1,1,positive,False,True,False,5.0,Eucerin,2128213185,False
2754,4,3,neutral,False,True,True,5.0,Eucerin,2128213185,False
2755,2,1,positive,False,True,False,5.0,Eucerin,2128213185,False
2756,2,2,positive,False,True,False,5.0,Eucerin,2128213185,False
2757,4,3,positive,False,True,True,5.0,Eucerin,2128213185,False
2759,2,2,positive,False,True,True,5.0,Eucerin,2128213185,False
2760,9,2,neutral,False,True,True,5.0,Eucerin,2128213185,False
2761,2,2,negative,True,False,False,5.0,Eucerin,2128213185,True
2762,2,1,neutral,False,True,True,5.0,Eucerin,2128213185,False
2764,3,3,positive,False,True,False,5.0,Eucerin,2128213185,False
2766,7,3,positive,False,True,True,5.0,Eucerin,2128213185,False
2767,4,1,positive,False,True,False,5.0,Eucerin,2128213185,False
2769,1,1,neutral,False,False,False,5.0,Eucerin,2128213185,False
2770,1,1,neutral,False,False,False,5.0,Eucerin,2128213185,False
2771,1,1,neutral,False,False,False,5.0,Eucerin,2128213185,False
2772,9,2,neutral,False,True,True,5.0,Eucerin,2128213185,False
2773,3,2,positive,False,True,True,5.0,Eucerin,2128213185,False
2774,3,2,positive,False,True,False,5.0,Eucerin,2128213185,False
2775,4,2,positive,False,True,True,5.0,Eucerin,2128213185,False
2776,2,2,positive,False,True,True,5.0,Eucerin,2128213185,False
2777,1,1,positive,False,True,False,5.0,Eucerin,2128213185,False
2778,4,2,positive,False,True,True,5.0,Eucerin,2128213185,False
2780,2,2,positive,False,True,False,5.0,Eucerin,2128213185,False
2783,1,1,negative,True,False,False,2.0,Eucerin,2120291725,False
2784,1,1,neutral,False,False,False,2.0,Eucerin,2120291725,False
2785,1,1,neutral,False,False,False,3.0,Eucerin,2120291725,False
2786,1,1,neutral,False,False,False,4.0,Eucerin,2120291725,False
2787,2,2,negative,True,False,True,4.0,Eucerin,2120291725,True
2788,1,1,positive,False,True,False,5.0,Eucerin,2120291725,False
2790,3,2,neutral,False,False,False,5.0,Eucerin,2120291725,False
2791,1,1,positive,False,True,False,5.0,Eucerin,2120291725,False
2792,2,2,neutral,False,False,False,5.0,Eucerin,2120291725,False
2793,2,2,positive,False,True,False,5.0,Eucerin,2120291725,False
2795,1,1,positive,False,True,False,5.0,Eucerin,2120291725,False
2797,2,2,positive,False,True,False,5.0,Eucerin,2120291725,False
2798,3,3,neutral,False,False,False,5.0,Eucerin,2120291725,False
2799,1,1,positive,False,True,False,5.0,Eucerin,2120291725,False
2800,3,3,positive,False,True,False,5.0,Eucerin,2120291725,False
2801,3,3,neutral,False,False,False,5.0,Eucerin,2120291725,False
2803,4,2,positive,False,True,True,5.0,Eucerin,2120291725,False
2804,1,1,positive,False,True,False,5.0,Eucerin,2120291725,False
2805,1,1,neutral,False,False,False,5.0,Eucerin,2120291725,False
2806,1,1,positive,False,True,False,5.0,Eucerin,2120291725,False
2807,2,1,neutral,False,True,True,5.0,Eucerin,2120291725,False
2808,1,1,neutral,False,False,False,5.0,Eucerin,2120291725,False
2809,1,1,neutral,False,False,False,5.0,Eucerin,2120291725,False
2811,4,3,positive,True,True,True,5.0,Eucerin,2120291725,True
2812,1,1,positive,False,True,False,5.0,Eucerin,2120291725,False
2813,1,1,neutral,False,False,False,5.0,Eucerin,2120291725,False
2814,1,1,positive,False,True,False,5.0,Eucerin,2120291725,False
2816,3,2,neutral,False,True,True,5.0,Eucerin,2120291725,False
2817,1,1,positive,False,True,False,5.0,Eucerin,2120291725,False
2818,2,2,neutral,False,False,False,5.0,Eucerin,2120291725,False
2819,2,2,neutral,False,False,False,5.0,Eucerin,2120291725,False
2820,5,3,neutral,False,True,True,5.0,Eucerin,2120291725,False
2821,1,1,positive,False,True,False,5.0,Eucerin,2120291725,False
2822,4,2,neutral,False,True,True,5.0,Eucerin,2120291725,False
2823,2,2,neutral,False,False,False,5.0,Eucerin,2120291725,False
2824,2,2,neutral,False,False,False,5.0,Eucerin,2120291725,False
2827,2,2,neutral,False,True,True,5.0,Eucerin,2120291725,False
2828,2,2,neutral,False,False,False,5.0,Eucerin,2120291725,False
2829,2,2,neutral,False,False,False,5.0,Eucerin,2120291725,False
2830,1,1,positive,False,True,False,5.0,Eucerin,2120291725,False
2832,1,1,positive,False,True,False,5.0,Eucerin,2120291725,False
2833,1,1,neutral,False,False,False,5.0,Eucerin,2120291725,False
2834,15,2,neutral,False,True,True,5.0,Eucerin,2120291725,False
2836,4,4,neutral,False,False,False,5.0,Eucerin,2120291725,False
2837,1,1,positive,False,True,False,5.0,Eucerin,2120291725,False
2838,2,2,positive,False,True,True,5.0,Eucerin,2120291725,False
2839,2,1,positive,False,True,False,5.0,Eucerin,2120291725,False
2840,2,2,positive,False,True,True,5.0,Eucerin,2120291725,False
2841,1,1,positive,False,True,False,5.0,Eucerin,2120291725,False
2842,1,1,positive,False,True,False,5.0,Eucerin,2120291725,False
2844,2,2,neutral,False,False,False,5.0,Eucerin,2120291725,False
2847,4,2,positive,False,True,True,5.0,Eucerin,2120291725,False
2849,2,2,positive,False,True,False,5.0,Eucerin,2120291725,False
2850,1,1,neutral,False,False,False,5.0,Eucerin,2120291725,False
2852,3,1,positive,False,True,False,5.0,Eucerin,2120291725,False
2853,3,3,neutral,False,False,False,5.0,Eucerin,2120291725,False
2855,1,1,positive,False,True,False,5.0,Eucerin,2120291725,False
2856,3,2,neutral,False,True,True,5.0,Eucerin,2120291725,False
2857,1,1,positive,False,True,False,5.0,Eucerin,2120291725,False
2858,1,1,neutral,False,False,False,5.0,Eucerin,2120291725,False
2859,1,1,neutral,False,False,False,5.0,Eucerin,2120291725,False
2863,1,1,positive,False,True,False,5.0,Eucerin,2120291725,False
2866,2,1,negative,True,True,True,5.0,Eucerin,2120291725,True
2867,4,4,negative,True,True,True,5.0,Eucerin,2120291725,True
2868,2,2,neutral,False,False,False,5.0,Eucerin,2120291725,False
2869,2,1,positive,False,True,True,5.0,Eucerin,2120291725,False
2870,1,1,positive,False,True,False,5.0,Eucerin,2120291725,False
2871,3,2,neutral,False,False,False,5.0,Eucerin,2120291725,False
2873,1,1,positive,False,True,False,5.0,Eucerin,2120291725,False
2874,1,1,positive,False,True,False,5.0,Eucerin,2120291725,False
2875,3,2,positive,False,True,False,5.0,Eucerin,2120291725,False
2876,1,1,neutral,False,False,False,5.0,Eucerin,2120291725,False
2877,1,1,neutral,False,False,False,1.0,Eucerin,2120399069,False
2879,2,2,neutral,False,False,False,5.0,Eucerin,2120399069,False
2880,3,2,positive,False,True,True,5.0,Eucerin,2120399069,False
2881,1,1,negative,True,False,False,5.0,Eucerin,2120399069,True
2882,7,4,positive,True,True,True,5.0,Eucerin,2120399069,True
2883,4,4,neutral,False,False,False,5.0,Eucerin,2120399069,False
2884,3,1,negative,True,True,True,5.0,Eucerin,2120399069,True
2885,1,1,positive,False,True,False,5.0,Eucerin,2120399069,False
2886,3,2,positive,False,True,True,5.0,Eucerin,2120399069,False
2887,1,1,positive,False,True,False,5.0,Eucerin,2120399069,False
2888,2,2,positive,False,True,False,5.0,Eucerin,2120399069,False
2889,1,1,neutral,False,False,False,5.0,Eucerin,2120399069,False
2890,1,1,negative,True,False,False,5.0,Eucerin,2120399069,True
2892,1,1,neutral,False,False,False,5.0,Eucerin,2120399069,False
2893,3,3,neutral,False,False,False,5.0,Eucerin,2120399069,False
2896,1,1,neutral,False,False,False,5.0,Eucerin,2120399069,False
2897,4,2,neutral,False,False,False,5.0,Eucerin,2120399069,False
2898,3,1,neutral,False,True,True,5.0,Eucerin,2120399069,False
2899,5,2,positive,False,True,True,5.0,Eucerin,2120399069,False
2900,5,3,positive,False,True,True,5.0,Eucerin,2120399069,False
2901,3,2,neutral,True,True,True,5.0,Eucerin,2120399069,True
2903,4,3,neutral,False,True,True,5.0,Eucerin,2120399069,False
2904,1,1,positive,False,True,False,5.0,Eucerin,2120399069,False
2905,4,2,neutral,False,True,True,5.0,Eucerin,2120399069,False
2906,2,1,positive,False,True,True,5.0,Eucerin,2120399069,False
2907,1,1,positive,False,True,False,5.0,Eucerin,2120399069,False
2908,8,2,neutral,False,True,True,5.0,Eucerin,2120399069,False
2910,3,2,neutral,False,True,True,5.0,Eucerin,2120399069,False
2911,9,4,positive,False,True,True,5.0,Eucerin,2120399069,False
2912,2,2,positive,False,True,False,5.0,Eucerin,2120399069,False
2913,2,1,positive,True,True,True,5.0,Eucerin,2120399069,True
2915,6,3,positive,True,True,True,5.0,Eucerin,2120399069,True
2916,1,1,positive,False,True,False,5.0,Eucerin,2120399069,False
2917,4,2,positive,True,True,True,5.0,Eucerin,2120399069,True
2920,1,1,positive,False,True,False,5.0,Eucerin,2120399069,False
2921,4,3,positive,True,True,True,5.0,Eucerin,2120399069,True
2923,2,2,positive,False,True,False,5.0,Eucerin,2120399069,False
2924,4,2,negative,True,True,True,5.0,Eucerin,2120399069,True
2925,1,1,neutral,False,False,False,5.0,Eucerin,2120399069,False
2926,1,1,negative,True,False,False,5.0,Eucerin,2120399069,True
2928,2,1,negative,True,False,True,5.0,Eucerin,2120399069,True
2929,1,1,negative,True,False,False,5.0,Eucerin,2120399069,True
2931,2,2,neutral,False,False,False,5.0,Eucerin,2120399069,False
2932,3,3,neutral,False,False,False,5.0,Eucerin,2120399069,False
2933,1,1,neutral,False,False,False,5.0,Eucerin,2120399069,False
2934,3,3,positive,False,True,False,5.0,Eucerin,2120399069,False
2935,2,2,positive,False,True,True,5.0,Eucerin,2120399069,False
2936,1,1,positive,False,True,False,5.0,Eucerin,2120399069,False
2938,2,2,positive,False,True,True,5.0,Eucerin,2120399069,False
2939,5,4,neutral,True,False,True,5.0,Eucerin,2120399069,True
2940,3,1,neutral,False,True,True,5.0,Eucerin,2120399069,False
2941,4,2,positive,False,True,True,5.0,Eucerin,2120399069,False
2942,3,2,positive,False,True,False,5.0,Eucerin,2120399069,False
2943,3,1,neutral,True,True,True,5.0,Eucerin,2120399069,True
2944,1,1,neutral,False,False,False,5.0,Eucerin,2120399069,False
2948,3,2,positive,False,True,True,5.0,Eucerin,2120399069,False
2949,4,2,neutral,False,True,True,5.0,Eucerin,2120399069,False
2950,1,1,neutral,False,False,False,5.0,Eucerin,2120399069,False
2951,5,5,neutral,False,True,True,5.0,Eucerin,2120399069,False
2952,3,2,neutral,True,False,True,5.0,Eucerin,2120399069,True
2953,4,4,neutral,False,True,True,5.0,Eucerin,2120399069,False
2954,2,2,positive,False,True,True,5.0,Eucerin,2120399069,False
2955,2,2,positive,False,True,False,5.0,Eucerin,2120399069,False
2956,1,1,positive,False,True,False,5.0,Eucerin,2120399069,False
2957,2,2,positive,False,True,False,5.0,Eucerin,2120399069,False
2959,1,1,neutral,False,False,False,5.0,Eucerin,2120399069,False
2960,1,1,positive,False,True,False,5.0,Eucerin,2120399069,False
2962,1,1,negative,True,False,False,5.0,Eucerin,2120399069,True
2963,2,2,positive,False,True,True,5.0,Eucerin,2120399069,False
2964,1,1,negative,True,False,False,5.0,Eucerin,2120399069,True
2965,2,2,positive,False,True,False,5.0,Eucerin,2120399069,False
2967,2,2,negative,True,False,False,5.0,Eucerin,2120399069,True
2969,3,3,positive,False,True,False,5.0,Eucerin,2120399069,False
2971,2,2,neutral,False,False,False,5.0,Eucerin,2120399069,False
2972,4,2,positive,False,True,True,5.0,Eucerin,2120399069,False
2973,3,2,negative,True,True,True,5.0,Eucerin,2120399069,True
2974,3,3,neutral,False,True,True,5.0,Eucerin,2120399069,False
2976,1,1,neutral,False,False,False,5.0,Eucerin,2181099682,False
2977,3,1,negative,True,True,True,5.0,Eucerin,2181099682,True
2978,3,3,positive,False,True,False,5.0,Eucerin,2181099682,False
2979,2,2,neutral,False,True,True,5.0,Eucerin,2181099682,False
2980,3,1,positive,False,True,False,5.0,Eucerin,2181099682,False
2982,3,3,neutral,False,True,True,5.0,Eucerin,2181099682,False
2984,1,1,neutral,False,False,False,5.0,Eucerin,2181099682,False
2985,3,3,positive,False,True,False,5.0,Eucerin,2181099682,False
2986,1,1,positive,False,True,False,5.0,Eucerin,2181099682,False
2987,1,1,neutral,False,False,False,5.0,Eucerin,2181099682,False
2988,1,1,neutral,False,False,False,5.0,Eucerin,2181099682,False
2989,4,3,positive,False,True,False,5.0,Eucerin,2181099682,False
2990,1,1,positive,False,True,False,5.0,Eucerin,2181099682,False
2991,2,2,positive,False,True,True,5.0,Eucerin,2181099682,False
2992,3,2,positive,False,True,False,5.0,Eucerin,2181099682,False
2993,3,1,positive,True,True,True,5.0,Eucerin,2181099682,True
2994,1,1,positive,False,True,False,5.0,Eucerin,2181099682,False
2995,1,1,neutral,False,False,False,5.0,Eucerin,2181099682,False
2997,4,4,neutral,False,True,True,5.0,Eucerin,2181099682,False
2998,4,3,neutral,False,True,True,5.0,Eucerin,2181099682,False
2999,3,2,positive,True,True,True,5.0,Eucerin,2181099682,True
3000,3,3,neutral,False,False,False,5.0,Eucerin,2181099682,False
3001,2,2,neutral,False,True,True,5.0,Eucerin,2181099682,False
3002,3,3,neutral,False,True,True,5.0,Eucerin,2181099682,False
3003,1,1,positive,False,True,False,5.0,Eucerin,2181099682,False
3004,1,1,positive,False,True,False,5.0,Eucerin,2181099682,False
3006,2,2,positive,True,True,True,5.0,Eucerin,2181099682,True
3007,1,1,positive,False,True,False,5.0,Eucerin,2181099682,False
3008,2,2,positive,True,True,True,5.0,Eucerin,2181099682,True
3009,2,1,positive,False,True,True,5.0,Eucerin,2181099682,False
3010,1,1,positive,False,True,False,5.0,Eucerin,2181099682,False
3011,3,3,neutral,False,True,True,5.0,Eucerin,2181099682,False
3012,4,1,neutral,False,True,True,5.0,Eucerin,2181099682,False
3013,2,2,neutral,False,True,True,5.0,Eucerin,2181099682,False
3014,1,1,positive,False,True,False,5.0,Eucerin,2181099682,False
3015,1,1,neutral,False,False,False,5.0,Eucerin,2181099682,False
3016,2,2,positive,False,True,True,5.0,Eucerin,2181099682,False
3017,4,3,positive,False,True,True,5.0,Eucerin,2181099682,False
3018,2,2,negative,True,True,True,5.0,Eucerin,2181099682,True
3019,10,2,negative,True,True,True,5.0,Eucerin,2181099682,True
3020,1,1,neutral,False,False,False,5.0,Eucerin,2181099682,False
3021,2,2,neutral,False,False,False,5.0,Eucerin,2181099682,False
3024,2,2,positive,False,True,False,5.0,Eucerin,2181099682,False
3025,3,1,positive,False,True,True,5.0,Eucerin,2181099682,False
3026,2,1,negative,True,True,True,5.0,Eucerin,2181099682,True
3027,2,1,negative,True,False,False,5.0,Eucerin,2181099682,True
3028,1,1,positive,False,True,False,5.0,Eucerin,2181099682,False
3029,2,2,positive,False,True,False,5.0,Eucerin,2181099682,False
3030,2,2,negative,True,True,True,5.0,Eucerin,2181099682,True
3031,1,1,negative,True,False,False,5.0,Eucerin,2181099682,True
3032,1,1,positive,False,True,False,5.0,Eucerin,2181099682,False
3033,2,1,positive,False,True,False,5.0,Eucerin,2181099682,False
3034,2,2,neutral,False,False,False,5.0,Eucerin,2181099682,False
3035,3,2,neutral,False,False,False,5.0,Eucerin,2181099682,False
3036,2,1,neutral,False,True,True,5.0,Eucerin,2181099682,False
3038,3,2,positive,False,True,False,5.0,Eucerin,2181099682,False
3039,1,1,positive,False,True,False,5.0,Eucerin,2181099682,False
3041,1,1,positive,False,True,False,5.0,Eucerin,2181099682,False
3043,1,1,positive,False,True,False,5.0,Eucerin,2181099682,False
3044,2,1,negative,True,False,True,5.0,Eucerin,2181099682,True
3045,3,3,neutral,False,True,True,5.0,Eucerin,2181099682,False
3046,1,1,positive,False,True,False,5.0,Eucerin,2181099682,False
3047,2,1,positive,False,True,False,5.0,Eucerin,2181099682,False
3048,2,2,positive,False,True,False,5.0,Eucerin,2181099682,False
3050,2,2,positive,False,True,False,5.0,Eucerin,2181099682,False
3052,6,6,positive,False,True,False,5.0,Eucerin,2181099682,False
3053,1,1,positive,False,True,False,5.0,Eucerin,2181099682,False
3054,4,2,positive,True,True,True,5.0,Eucerin,2181099682,True
3055,2,1,positive,False,True,False,5.0,Eucerin,2181099682,False
3056,2,1,negative,True,False,True,5.0,Eucerin,2181099682,True
3058,3,1,positive,False,True,True,5.0,Eucerin,2181099682,False
3059,1,1,positive,False,True,False,5.0,Eucerin,2181099682,False
3061,1,1,positive,False,True,False,5.0,Eucerin,2181099682,False
3062,2,2,positive,False,True,True,5.0,Eucerin,2181099682,False
3063,3,2,positive,False,True,True,5.0,Eucerin,2181099682,False
3064,1,1,neutral,False,False,False,1.0,Eucerin,2120284745,False
3069,1,1,neutral,False,False,False,3.0,Eucerin,2120284745,False
3070,1,1,positive,False,True,False,4.0,Eucerin,2120284745,False
3071,4,3,neutral,False,True,True,4.0,Eucerin,2120284745,False
3072,2,1,neutral,True,False,True,4.0,Eucerin,2120284745,True
3073,3,2,positive,False,True,False,4.0,Eucerin,2120284745,False
3074,5,5,positive,False,True,True,4.0,Eucerin,2120284745,False
3075,3,2,positive,False,True,True,4.0,Eucerin,2120284745,False
3076,3,2,neutral,False,False,False,4.0,Eucerin,2120284745,False
3078,4,3,positive,False,True,False,5.0,Eucerin,2120284745,False
3079,1,1,neutral,False,False,False,5.0,Eucerin,2120284745,False
3080,1,1,positive,False,True,False,5.0,Eucerin,2120284745,False
3081,2,1,neutral,False,True,True,5.0,Eucerin,2120284745,False
3083,3,1,positive,False,True,False,5.0,Eucerin,2120284745,False
3084,2,1,positive,False,True,True,5.0,Eucerin,2120284745,False
3085,1,1,positive,False,True,False,5.0,Eucerin,2120284745,False
3086,1,1,neutral,False,False,False,5.0,Eucerin,2120284745,False
3087,4,3,neutral,False,True,True,5.0,Eucerin,2120284745,False
3088,2,1,positive,False,True,True,5.0,Eucerin,2120284745,False
3089,4,2,positive,True,True,True,5.0,Eucerin,2120284745,True
3090,4,1,positive,False,True,True,5.0,Eucerin,2120284745,False
3091,2,1,positive,False,True,True,5.0,Eucerin,2120284745,False
3095,4,3,neutral,False,True,True,5.0,Eucerin,2120284745,False
3097,2,1,positive,False,True,True,5.0,Eucerin,2120284745,False
3098,4,3,neutral,False,True,True,5.0,Eucerin,2120284745,False
3099,1,1,neutral,False,False,False,5.0,Eucerin,2120284745,False
3101,1,1,neutral,False,False,False,5.0,Eucerin,2120284745,False
3102,2,2,positive,True,True,True,5.0,Eucerin,2120284745,True
3103,2,1,positive,False,True,True,5.0,Eucerin,2120284745,False
3106,4,3,neutral,False,True,True,5.0,Eucerin,2120284745,False
3108,1,1,positive,False,True,False,5.0,Eucerin,2120284745,False
3109,1,1,neutral,False,False,False,5.0,Eucerin,2120284745,False
3110,3,2,positive,False,True,True,5.0,Eucerin,2120284745,False
3111,3,2,positive,False,True,True,5.0,Eucerin,2120284745,False
3113,2,1,neutral,False,False,False,5.0,Eucerin,2120284745,False
3115,3,2,positive,False,True,True,5.0,Eucerin,2120284745,False
3118,3,3,positive,True,True,True,5.0,Eucerin,2120284745,True
3119,1,1,positive,False,True,False,5.0,Eucerin,2120284745,False
3120,2,2,positive,False,True,False,5.0,Eucerin,2120284745,False
3122,1,1,positive,False,True,False,5.0,Eucerin,2120284745,False
3123,1,1,positive,False,True,False,5.0,Eucerin,2120284745,False
3124,2,2,neutral,False,False,False,5.0,Eucerin,2120284745,False
3125,1,1,negative,True,False,False,5.0,Eucerin,2120284745,True
3126,2,2,neutral,False,True,True,5.0,Eucerin,2120284745,False
3128,4,3,positive,False,True,True,5.0,Eucerin,2120284745,False
3129,3,3,positive,False,True,False,5.0,Eucerin,2120284745,False
3130,3,2,positive,True,True,True,5.0,Eucerin,2120284745,True
3133,1,1,neutral,False,False,False,5.0,Eucerin,2120284745,False
3134,1,1,neutral,False,False,False,5.0,Eucerin,2120284745,False
3136,1,1,positive,False,True,False,5.0,Eucerin,2120284745,False
3138,1,1,positive,False,True,False,5.0,Eucerin,2120284745,False
3139,1,1,positive,False,True,False,5.0,Eucerin,2120284745,False
3140,3,2,neutral,False,False,False,5.0,Eucerin,2120284745,False
3141,1,1,neutral,False,False,False,5.0,Eucerin,2120284745,False
3142,3,3,negative,True,True,True,5.0,Eucerin,2120284745,True
3143,1,1,neutral,False,False,False,5.0,Eucerin,2120284745,False
3145,1,1,positive,False,True,False,5.0,Eucerin,2120284745,False
3146,1,1,neutral,False,False,False,5.0,Eucerin,2120284745,False
3148,1,1,positive,False,True,False,5.0,Eucerin,2120284745,False
3149,1,1,positive,False,True,False,5.0,Eucerin,2120284745,False
3150,1,1,positive,False,True,False,5.0,Eucerin,2120284745,False
3152,1,1,neutral,False,False,False,5.0,Eucerin,2120284745,False
3153,1,1,positive,False,True,False,5.0,Eucerin,2120284745,False
3158,3,2,positive,False,True,False,5.0,Eucerin,2120284745,False
3159,1,1,positive,False,True,False,5.0,Eucerin,2120284745,False
3161,1,1,positive,False,True,False,5.0,Eucerin,2120284745,False
3162,1,1,positive,False,True,False,5.0,Eucerin,2120284745,False
3163,2,2,positive,False,True,True,5.0,Eucerin,2120284745,False
3164,2,2,positive,False,True,True,5.0,Eucerin,2120284745,False
3166,2,2,neutral,False,True,True,5.0,Eucerin,2120284745,False
3167,3,3,positive,False,True,False,5.0,Eucerin,2120284745,False
3168,2,2,neutral,False,False,False,5.0,Eucerin,2120284745,False
3169,3,2,neutral,True,True,True,5.0,Eucerin,2120284745,True
3170,1,1,neutral,False,False,False,5.0,Eucerin,2120284745,False
3171,3,3,neutral,False,True,True,5.0,Eucerin,2120284745,False
3173,1,1,neutral,False,False,False,3.0,Eucerin,2120213915,False
3174,2,2,positive,False,True,True,4.0,Eucerin,2120213915,False
3177,2,2,neutral,False,False,False,5.0,Eucerin,2120213915,False
3178,1,1,positive,False,True,False,5.0,Eucerin,2120213915,False
3179,2,2,positive,False,True,False,5.0,Eucerin,2120213915,False
3180,1,1,positive,False,True,False,5.0,Eucerin,2120213915,False
3182,1,1,positive,False,True,False,5.0,Eucerin,2120213915,False
3183,1,1,positive,False,True,False,5.0,Eucerin,2120213915,False
3184,1,1,positive,False,True,False,5.0,Eucerin,2120213915,False
3186,1,1,positive,False,True,False,5.0,Eucerin,2120213915,False
3187,3,1,positive,False,True,True,5.0,Eucerin,2120213915,False
3189,1,1,positive,False,True,False,5.0,Eucerin,2120213915,False
3190,1,1,positive,False,True,False,5.0,Eucerin,2120213915,False
3191,2,1,positive,False,True,False,5.0,Eucerin,2120213915,False
3192,2,1,neutral,False,True,True,5.0,Eucerin,2120213915,False
3193,1,1,positive,False,True,False,5.0,Eucerin,2120213915,False
3194,2,2,neutral,False,False,False,5.0,Eucerin,2120213915,False
3195,2,1,positive,False,True,False,5.0,Eucerin,2120213915,False
3196,1,1,positive,False,True,False,5.0,Eucerin,2120213915,False
3198,2,1,neutral,False,True,True,5.0,Eucerin,2120213915,False
3199,3,1,positive,False,True,False,5.0,Eucerin,2120213915,False
3200,1,1,positive,False,True,False,5.0,Eucerin,2120213915,False
3201,1,1,positive,False,True,False,5.0,Eucerin,2120213915,False
3203,1,1,positive,False,True,False,5.0,Eucerin,2120213915,False
3204,2,2,positive,False,True,True,5.0,Eucerin,2120213915,False
3205,4,4,positive,False,True,False,5.0,Eucerin,2120213915,False
3206,1,1,positive,False,True,False,5.0,Eucerin,2120213915,False
3207,2,2,neutral,False,True,True,5.0,Eucerin,2120213915,False
3209,3,2,neutral,False,True,True,5.0,Eucerin,2120213915,False
3211,3,3,positive,False,True,False,5.0,Eucerin,2120213915,False
3212,1,1,positive,False,True,False,5.0,Eucerin,2120213915,False
3213,2,2,positive,False,True,False,5.0,Eucerin,2120213915,False
3215,2,2,positive,True,True,True,5.0,Eucerin,2120213915,True
3216,2,2,positive,False,True,False,5.0,Eucerin,2120213915,False
3217,1,1,neutral,False,False,False,5.0,Eucerin,2120213915,False
3218,2,2,positive,True,True,True,5.0,Eucerin,2120213915,True
3219,3,2,positive,False,True,True,5.0,Eucerin,2120213915,False
3220,1,1,neutral,False,False,False,5.0,Eucerin,2120213915,False
3221,1,1,neutral,False,False,False,5.0,Eucerin,2120213915,False
3223,2,2,positive,False,True,True,5.0,Eucerin,2120213915,False
3224,1,1,negative,True,False,False,1.0,Eucerin,2120366470,False
3225,10,3,positive,True,True,True,1.0,Eucerin,2120366470,False
3228,1,1,neutral,False,False,False,1.0,Eucerin,2120366470,False
3229,3,1,neutral,True,False,True,2.0,Eucerin,2120366470,False
3230,3,2,neutral,False,False,False,2.0,Eucerin,2120366470,False
3231,1,1,neutral,False,False,False,3.0,Eucerin,2120366470,False
3232,3,2,neutral,False,False,False,3.0,Eucerin,2120366470,False
3237,1,1,positive,False,True,False,4.0,Eucerin,2120366470,False
3238,2,2,neutral,True,False,True,4.0,Eucerin,2120366470,True
3240,4,3,neutral,False,True,True,4.0,Eucerin,2120366470,False
3241,3,3,neutral,True,False,True,4.0,Eucerin,2120366470,True
3244,3,2,neutral,False,True,True,5.0,Eucerin,2120366470,False
3246,2,1,positive,False,True,False,5.0,Eucerin,2120366470,False
3247,7,3,positive,False,True,True,5.0,Eucerin,2120366470,False
3248,2,2,neutral,False,False,False,5.0,Eucerin,2120366470,False
3249,1,1,neutral,False,False,False,5.0,Eucerin,2120366470,False
3250,2,1,positive,False,True,False,5.0,Eucerin,2120366470,False
3252,3,3,neutral,False,True,True,5.0,Eucerin,2120366470,False
3253,2,1,neutral,False,True,True,5.0,Eucerin,2120366470,False
3254,4,3,positive,True,True,True,5.0,Eucerin,2120366470,True
3255,1,1,neutral,False,False,False,5.0,Eucerin,2120366470,False
3257,1,1,neutral,False,False,False,5.0,Eucerin,2120366470,False
3259,7,5,neutral,False,True,True,5.0,Eucerin,2120366470,False
3261,3,3,positive,False,True,False,5.0,Eucerin,2120366470,False
3263,1,1,neutral,False,False,False,5.0,Eucerin,2120366470,False
3264,1,1,neutral,False,False,False,5.0,Eucerin,2120366470,False
3265,3,3,positive,False,True,False,5.0,Eucerin,2120366470,False
3266,3,2,positive,False,True,False,5.0,Eucerin,2120366470,False
3268,3,3,positive,False,True,False,5.0,Eucerin,2120366470,False
3269,1,1,positive,False,True,False,5.0,Eucerin,2120366470,False
3270,2,2,positive,False,True,False,5.0,Eucerin,2120366470,False
3271,2,2,positive,False,True,False,5.0,Eucerin,2120366470,False
3273,2,2,positive,False,True,True,5.0,Eucerin,2120366470,False
3274,7,2,positive,False,True,False,5.0,Eucerin,2120366470,False
3275,2,1,positive,False,True,False,5.0,Eucerin,2120366470,False
3277,5,4,positive,False,True,True,5.0,Eucerin,2120366470,False
3279,2,2,neutral,False,False,False,5.0,Eucerin,2120366470,False
3281,2,1,positive,False,True,True,5.0,Eucerin,2120366470,False
3282,1,1,neutral,False,False,False,5.0,Eucerin,2120366470,False
3283,2,2,positive,False,True,False,5.0,Eucerin,2120366470,False
3284,1,1,positive,False,True,False,5.0,Eucerin,2120366470,False
3285,1,1,neutral,False,False,False,5.0,Eucerin,2120366470,False
3286,2,1,positive,False,True,False,5.0,Eucerin,2120366470,False
3288,1,1,neutral,False,False,False,5.0,Eucerin,2120366470,False
3290,2,2,positive,False,True,False,5.0,Eucerin,2120366470,False
3291,3,3,positive,False,True,True,5.0,Eucerin,2120366470,False
3292,2,2,positive,False,True,False,5.0,Eucerin,2120366470,False
3293,1,1,neutral,False,False,False,5.0,Eucerin,2120366470,False
3294,2,1,neutral,False,False,False,5.0,Eucerin,2120366470,False
3295,1,1,positive,False,True,False,5.0,Eucerin,2120366470,False
3296,1,1,positive,False,True,False,5.0,Eucerin,2120366470,False
3297,1,1,neutral,False,False,False,5.0,Eucerin,2120366470,False
3299,2,1,positive,False,True,True,5.0,Eucerin,2120366470,False
3300,1,1,positive,False,True,False,5.0,Eucerin,2120366470,False
3301,1,1,positive,False,True,False,5.0,Eucerin,2120366470,False
3304,3,2,positive,False,True,False,5.0,Eucerin,2120366470,False
3305,2,2,neutral,False,True,True,5.0,Eucerin,2120366470,False
3306,3,2,positive,False,True,False,5.0,Eucerin,2120366470,False
3307,2,1,positive,False,True,True,5.0,Eucerin,2120366470,False
3310,2,2,positive,False,True,False,5.0,Eucerin,2120366470,False
3311,1,1,positive,False,True,False,5.0,Eucerin,2120366470,False
3312,4,3,positive,False,True,True,5.0,Eucerin,2120366470,False
3313,3,2,positive,False,True,True,5.0,Eucerin,2120366470,False
3315,1,1,positive,False,True,False,5.0,Eucerin,2120366470,False
3316,4,3,positive,False,True,True,5.0,Eucerin,2120366470,False
3317,3,2,positive,False,True,False,5.0,Eucerin,2120366470,False
3318,3,2,neutral,False,True,True,5.0,Eucerin,2120366470,False
3319,1,1,neutral,False,False,False,5.0,Eucerin,2120366470,False
3321,1,1,neutral,False,False,False,5.0,Eucerin,2120366470,False
3322,1,1,neutral,False,False,False,5.0,Eucerin,2120366470,False
3323,2,1,positive,False,True,False,5.0,Eucerin,2120366470,False
3324,1,1,positive,False,True,False,5.0,Eucerin,2120366470,False
3325,3,3,positive,False,True,False,5.0,Eucerin,2120366470,False
3326,3,3,positive,False,True,True,5.0,Eucerin,2120366470,False
3328,1,1,neutral,False,False,False,5.0,Eucerin,2120366470,False
3329,1,1,positive,False,True,False,5.0,Eucerin,2120366470,False
3330,1,1,neutral,False,False,False,5.0,Eucerin,2120366470,False
3331,2,2,positive,False,True,False,5.0,Eucerin,2120366470,False
3332,2,1,positive,False,True,False,5.0,Eucerin,2120366470,False
3334,3,2,positive,False,True,True,5.0,Eucerin,2120366470,False
3336,1,1,positive,False,True,False,5.0,Eucerin,2120366470,False
3337,3,3,positive,False,True,False,5.0,Eucerin,2120366470,False
3338,1,1,positive,False,True,False,5.0,Eucerin,2639051943,False
3339,3,3,positive,False,True,False,5.0,Eucerin,2639051943,False
3340,3,1,neutral,True,False,True,5.0,Eucerin,2639051943,True
3341,1,1,positive,False,True,False,5.0,Eucerin,2639051943,False
3342,1,1,positive,False,True,False,5.0,Eucerin,2639051943,False
3343,1,1,positive,False,True,False,5.0,Eucerin,2639051943,False
3344,3,3,positive,False,True,False,5.0,Eucerin,2639051943,False
3345,2,1,positive,False,True,True,5.0,Eucerin,2639051943,False
3346,1,1,positive,False,True,False,5.0,Eucerin,2639051943,False
3347,2,2,neutral,False,True,True,5.0,Eucerin,2639051943,False
3348,1,1,positive,False,True,False,5.0,Eucerin,2639051943,False
3349,1,1,positive,False,True,False,5.0,Eucerin,2639051943,False
3350,1,1,positive,False,True,False,5.0,Eucerin,2639051943,False
3351,3,3,positive,False,True,True,5.0,Eucerin,2639051943,False
3353,2,2,positive,False,True,False,5.0,Eucerin,2639051943,False
3355,1,1,positive,False,True,False,5.0,Eucerin,2639051943,False
3356,3,3,neutral,False,False,False,5.0,Eucerin,2639051943,False
3357,1,1,positive,False,True,False,5.0,Eucerin,2639051943,False
3358,1,1,positive,False,True,False,5.0,Eucerin,2639051943,False
3359,1,1,neutral,False,False,False,5.0,Eucerin,2639051943,False
3361,3,3,positive,False,True,False,5.0,Eucerin,2639051943,False
3364,1,1,negative,True,False,False,5.0,Eucerin,2639051943,True
3365,3,3,positive,False,True,False,5.0,Eucerin,2639051943,False
3366,1,1,positive,False,True,False,5.0,Eucerin,2639051943,False
3367,1,1,positive,False,True,False,5.0,Eucerin,2639051943,False
3368,4,3,neutral,False,True,True,5.0,Eucerin,2639051943,False
3369,1,1,neutral,False,False,False,5.0,Eucerin,2639051943,False
3370,1,1,neutral,False,False,False,5.0,Eucerin,2639051943,False
3371,1,1,neutral,False,False,False,5.0,Eucerin,2639051943,False
3373,2,2,neutral,False,True,True,5.0,Eucerin,2639051943,False
3374,1,1,positive,False,True,False,5.0,Eucerin,2639051943,False
3375,3,3,positive,False,True,True,5.0,Eucerin,2639051943,False
3376,3,3,positive,False,True,False,5.0,Eucerin,2639051943,False
3377,3,2,positive,False,True,True,5.0,Eucerin,2639051943,False
3379,2,2,positive,False,True,False,5.0,Eucerin,2639051943,False
3380,2,2,neutral,False,False,False,5.0,Eucerin,2639051943,False
3382,1,1,neutral,False,False,False,5.0,Eucerin,2639051943,False
3383,3,3,positive,False,True,False,5.0,Eucerin,2639051943,False
3384,6,3,positive,False,True,False,5.0,Eucerin,2639051943,False
3385,2,2,positive,False,True,True,5.0,Eucerin,2639051943,False
3386,2,1,neutral,False,False,False,5.0,Eucerin,2639051943,False
3387,2,2,neutral,False,False,False,5.0,Eucerin,2639051943,False
3388,4,3,neutral,False,True,True,5.0,Eucerin,2639051943,False
3389,1,1,positive,False,True,False,5.0,Eucerin,2639051943,False
3390,4,3,neutral,False,True,True,5.0,Eucerin,2639051943,False
3391,3,3,neutral,False,True,True,5.0,Eucerin,2639051943,False
3392,2,2,neutral,False,True,True,5.0,Eucerin,2639051943,False
3394,1,1,neutral,False,False,False,5.0,Eucerin,2639051943,False
3396,4,3,positive,False,True,True,5.0,Eucerin,2639051943,False
3397,4,2,neutral,False,True,True,5.0,Eucerin,2639051943,False
3398,2,2,positive,False,True,False,5.0,Eucerin,2639051943,False
3399,1,1,neutral,False,False,False,5.0,Eucerin,2639051943,False
3400,4,3,positive,False,True,False,5.0,Eucerin,2639051943,False
3401,1,1,positive,False,True,False,5.0,Eucerin,2639051943,False
3403,2,2,positive,False,True,True,5.0,Eucerin,2639051943,False
3404,2,2,positive,False,True,False,5.0,Eucerin,2639051943,False
3405,4,3,positive,False,True,False,5.0,Eucerin,2639051943,False
3408,2,2,positive,False,True,True,4.0,Eucerin,2525244240,False
3411,4,2,neutral,False,True,True,5.0,Eucerin,2525244240,False
3412,5,1,positive,False,True,False,5.0,Eucerin,2525244240,False
3414,3,1,positive,False,True,True,5.0,Eucerin,2525244240,False
3416,3,2,positive,False,True,True,5.0,Eucerin,2525244240,False
3417,3,2,neutral,False,True,True,5.0,Eucerin,2525244240,False
3419,1,1,positive,False,True,False,5.0,Eucerin,2525244240,False
3420,1,1,positive,False,True,False,5.0,Eucerin,2525244240,False
3421,7,5,positive,True,True,True,5.0,Eucerin,2525244240,True
3423,2,1,positive,False,True,False,5.0,Eucerin,2525244240,False
3425,1,1,neutral,False,False,False,5.0,Eucerin,2525244240,False
3426,1,1,positive,False,True,False,5.0,Eucerin,2525244240,False
3427,2,2,neutral,False,True,True,5.0,Eucerin,2525244240,False
3429,2,2,neutral,False,True,True,5.0,Eucerin,2525244240,False
3430,2,2,neutral,False,True,True,5.0,Eucerin,2525244240,False
3431,5,2,positive,False,True,True,5.0,Eucerin,2525244240,False
3434,2,2,neutral,False,True,True,5.0,Eucerin,2525244240,False
3435,2,2,neutral,False,False,False,5.0,Eucerin,2525244240,False
3436,2,1,positive,False,True,False,5.0,Eucerin,2525244240,False
3437,3,1,neutral,False,True,True,5.0,Eucerin,2525244240,False
3439,3,2,positive,False,True,True,5.0,Eucerin,2525244240,False
3440,5,3,neutral,False,True,True,5.0,Eucerin,2525244240,False
3441,3,1,neutral,False,True,True,5.0,Eucerin,2525244240,False
3443,3,3,neutral,False,True,True,5.0,Eucerin,2525244240,False
3444,2,1,positive,False,True,False,5.0,Eucerin,2525244240,False
3445,1,1,positive,False,True,False,5.0,Eucerin,2525244240,False
3446,1,1,positive,False,True,False,5.0,Eucerin,2525244240,False
3447,1,1,neutral,False,False,False,5.0,Eucerin,2525244240,False
3448,1,1,positive,False,True,False,5.0,Eucerin,2525244240,False
3449,1,1,neutral,False,False,False,1.0,Eucerin,2120322654,False
3450,2,1,neutral,False,False,False,2.0,Eucerin,2120322654,False
3452,3,1,neutral,True,False,True,3.0,Eucerin,2120322654,False
3454,3,2,neutral,False,False,False,4.0,Eucerin,2120322654,False
3455,2,2,neutral,False,False,False,4.0,Eucerin,2120322654,False
3456,1,1,negative,True,False,False,4.0,Eucerin,2120322654,True
3458,4,1,neutral,False,True,True,5.0,Eucerin,2120322654,False
3459,3,2,neutral,False,True,True,5.0,Eucerin,2120322654,False
3461,2,1,positive,False,True,False,5.0,Eucerin,2120322654,False
3462,5,4,positive,False,True,False,5.0,Eucerin,2120322654,False
3463,2,1,positive,False,True,True,5.0,Eucerin,2120322654,False
3464,4,2,neutral,False,True,True,5.0,Eucerin,2120322654,False
3465,2,2,neutral,False,False,False,5.0,Eucerin,2120322654,False
3466,2,1,neutral,False,True,True,5.0,Eucerin,2120322654,False
3467,2,1,positive,False,True,True,5.0,Eucerin,2120322654,False
3468,2,1,positive,False,True,True,5.0,Eucerin,2120322654,False
3469,2,1,neutral,False,True,True,5.0,Eucerin,2120322654,False
3470,2,1,positive,False,True,False,5.0,Eucerin,2120322654,False
3471,2,1,positive,False,True,False,5.0,Eucerin,2120322654,False
3472,3,2,positive,False,True,True,5.0,Eucerin,2120322654,False
3473,2,1,neutral,False,True,True,5.0,Eucerin,2120322654,False
3474,3,2,positive,False,True,True,5.0,Eucerin,2120322654,False
3475,2,1,neutral,False,False,False,5.0,Eucerin,2120322654,False
3476,4,2,neutral,True,False,True,5.0,Eucerin,2120322654,True
3477,3,2,positive,True,True,True,5.0,Eucerin,2120322654,True
3478,3,2,positive,False,True,True,5.0,Eucerin,2120322654,False
3479,4,4,positive,False,True,False,5.0,Eucerin,2120322654,False
3480,1,1,neutral,False,False,False,5.0,Eucerin,2120322654,False
3481,3,1,positive,True,True,True,5.0,Eucerin,2120322654,True
3482,3,3,neutral,False,False,False,5.0,Eucerin,2120322654,False
3483,2,1,negative,True,True,True,5.0,Eucerin,2120322654,True
3484,2,2,neutral,False,False,False,5.0,Eucerin,2120322654,False
3485,3,2,positive,False,True,False,5.0,Eucerin,2120322654,False
3486,1,1,neutral,False,False,False,5.0,Eucerin,2120322654,False
3487,2,1,neutral,False,True,True,5.0,Eucerin,2120322654,False
3489,3,2,positive,False,True,True,5.0,Eucerin,2120322654,False
3490,3,1,positive,True,True,True,5.0,Eucerin,2120322654,True
3491,5,2,neutral,False,True,True,5.0,Eucerin,2120322654,False
3492,3,2,neutral,False,True,True,5.0,Eucerin,2120322654,False
3493,4,2,neutral,False,True,True,5.0,Eucerin,2120322654,False
3494,5,1,neutral,True,True,True,5.0,Eucerin,2120322654,True
3495,1,1,neutral,False,False,False,5.0,Eucerin,2120322654,False
3496,5,2,neutral,True,True,True,5.0,Eucerin,2120322654,True
3497,2,1,neutral,False,False,False,5.0,Eucerin,2120322654,False
3498,2,2,negative,True,False,True,5.0,Eucerin,2120322654,True
3499,3,1,neutral,False,True,True,5.0,Eucerin,2120322654,False
3501,1,1,negative,True,False,False,5.0,Eucerin,2120322654,True
3502,1,1,positive,False,True,False,5.0,Eucerin,2120322654,False
3503,1,1,neutral,False,False,False,5.0,Eucerin,2120322654,False
3505,3,1,positive,False,True,True,5.0,Eucerin,2120322654,False
3506,2,1,neutral,False,True,True,5.0,Eucerin,2120322654,False
3508,1,1,neutral,False,False,False,5.0,Eucerin,2120322654,False
3510,1,1,neutral,False,False,False,5.0,Eucerin,2120322654,False
3511,1,1,neutral,False,False,False,5.0,Eucerin,2120322654,False
3512,4,3,positive,False,True,False,5.0,Eucerin,2120322654,False
3513,2,2,neutral,False,False,False,5.0,Eucerin,2120322654,False
3514,2,1,positive,False,True,True,5.0,Eucerin,2120322654,False
3515,1,1,positive,False,True,False,5.0,Eucerin,2120322654,False
3518,5,2,neutral,False,True,True,5.0,Eucerin,2120322654,False
3520,2,2,neutral,False,False,False,5.0,Eucerin,2120322654,False
3521,2,1,positive,False,True,True,5.0,Eucerin,2120322654,False
3524,2,2,positive,False,True,True,5.0,Eucerin,2120322654,False
3525,1,1,positive,False,True,False,5.0,Eucerin,2120322654,False
3527,1,1,neutral,False,False,False,5.0,Eucerin,2120322654,False
3528,1,1,neutral,False,False,False,5.0,Eucerin,2120322654,False
3529,1,1,positive,False,True,False,5.0,Eucerin,2120322654,False
3530,1,1,positive,False,True,False,5.0,Eucerin,2120322654,False
3531,2,2,positive,False,True,False,5.0,Eucerin,2120322654,False
3534,1,1,positive,False,True,False,5.0,Eucerin,2120322654,False
3535,7,3,positive,False,True,True,5.0,Eucerin,2120322654,False
3537,2,2,neutral,False,False,False,5.0,Eucerin,2120322654,False
3540,3,3,positive,False,True,False,5.0,Eucerin,2120322654,False
3541,1,1,neutral,False,False,False,5.0,Eucerin,2120322654,False
3542,1,1,positive,False,True,False,5.0,Eucerin,2120322654,False
3543,6,4,neutral,False,True,True,5.0,Eucerin,2120322654,False
3545,4,4,positive,False,True,False,5.0,Eucerin,2120322654,False
3546,1,1,neutral,False,False,False,5.0,Eucerin,2120322654,False
3547,1,1,negative,True,False,False,5.0,Eucerin,2120322654,True
3548,1,1,negative,True,False,False,1.0,Eucerin,3081341203,False
3549,2,2,positive,False,True,False,5.0,Eucerin,3081341203,False
3550,3,3,positive,False,True,False,5.0,Eucerin,3081341203,False
3551,1,1,neutral,False,False,False,5.0,Eucerin,3081341203,False
3552,3,3,neutral,False,True,True,5.0,Eucerin,3081341203,False
3553,1,1,neutral,False,False,False,5.0,Eucerin,3081341203,False
3554,4,2,neutral,True,False,True,5.0,Eucerin,3081341203,True
3555,2,1,neutral,False,False,False,5.0,Eucerin,3081341203,False
3556,1,1,neutral,False,False,False,1.0,Eucerin,2181103324,False
3557,1,1,neutral,False,False,False,1.0,Eucerin,2181103324,False
3558,2,2,positive,False,True,False,1.0,Eucerin,2181103324,False
3559,2,1,neutral,False,False,False,2.0,Eucerin,2181103324,False
3560,5,1,neutral,True,False,True,2.0,Eucerin,2181103324,False
3562,1,1,neutral,False,False,False,4.0,Eucerin,2181103324,False
3564,1,1,positive,False,True,False,4.0,Eucerin,2181103324,False
3565,1,1,negative,True,False,False,4.0,Eucerin,2181103324,True
3566,1,1,neutral,False,False,False,4.0,Eucerin,2181103324,False
3567,1,1,neutral,False,False,False,4.0,Eucerin,2181103324,False
3568,1,1,neutral,False,False,False,4.0,Eucerin,2181103324,False
3569,5,3,negative,True,True,True,4.0,Eucerin,2181103324,True
3570,2,2,positive,False,True,False,4.0,Eucerin,2181103324,False
3574,2,1,positive,False,True,True,5.0,Eucerin,2181103324,False
3575,2,1,neutral,False,True,True,5.0,Eucerin,2181103324,False
3576,4,3,positive,False,True,False,5.0,Eucerin,2181103324,False
3577,1,1,positive,False,True,False,5.0,Eucerin,2181103324,False
3580,3,3,positive,False,True,True,5.0,Eucerin,2181103324,False
3581,1,1,neutral,False,False,False,5.0,Eucerin,2181103324,False
3583,2,1,neutral,False,False,False,5.0,Eucerin,2181103324,False
3584,4,3,positive,True,True,True,5.0,Eucerin,2181103324,True
3585,1,1,positive,False,True,False,5.0,Eucerin,2181103324,False
3586,2,2,positive,False,True,False,5.0,Eucerin,2181103324,False
3587,1,1,neutral,False,False,False,5.0,Eucerin,2181103324,False
3589,1,1,neutral,False,False,False,5.0,Eucerin,2181103324,False
3590,1,1,positive,False,True,False,5.0,Eucerin,2181103324,False
3591,4,3,positive,False,True,False,5.0,Eucerin,2181103324,False
3592,3,3,positive,False,True,True,5.0,Eucerin,2181103324,False
3594,1,1,positive,False,True,False,5.0,Eucerin,2181103324,False
3595,2,2,positive,False,True,False,5.0,Eucerin,2181103324,False
3596,2,1,neutral,False,True,True,5.0,Eucerin,2181103324,False
3597,4,3,neutral,False,True,True,5.0,Eucerin,2181103324,False
3598,1,1,neutral,False,False,False,5.0,Eucerin,2181103324,False
3601,2,1,positive,False,True,True,5.0,Eucerin,2181103324,False
3602,3,2,neutral,False,True,True,5.0,Eucerin,2181103324,False
3603,1,1,neutral,False,False,False,5.0,Eucerin,2181103324,False
3604,2,2,neutral,False,False,False,5.0,Eucerin,2181103324,False
3605,1,1,positive,False,True,False,5.0,Eucerin,2181103324,False
3606,1,1,neutral,False,False,False,5.0,Eucerin,2181103324,False
3607,1,1,positive,False,True,False,5.0,Eucerin,2181103324,False
3608,3,2,positive,False,True,False,5.0,Eucerin,2181103324,False
3609,2,1,positive,False,True,True,5.0,Eucerin,2181103324,False
3610,1,1,neutral,False,False,False,5.0,Eucerin,2181103324,False
3611,2,1,positive,False,True,True,5.0,Eucerin,2181103324,False
3613,1,1,neutral,False,False,False,5.0,Eucerin,2181103324,False
3614,2,1,neutral,False,True,True,5.0,Eucerin,2181103324,False
3615,1,1,positive,False,True,False,5.0,Eucerin,2181103324,False
3617,1,1,neutral,False,False,False,5.0,Eucerin,2181103324,False
3618,1,1,positive,False,True,False,5.0,Eucerin,2181103324,False
3619,2,2,neutral,False,False,False,5.0,Eucerin,2181103324,False
3620,2,2,positive,False,True,False,5.0,Eucerin,2181103324,False
3621,2,1,positive,False,True,True,5.0,Eucerin,2181103324,False
3623,4,1,neutral,False,True,True,5.0,Eucerin,2181103324,False
3625,1,1,neutral,False,False,False,5.0,Eucerin,2181103324,False
3628,3,1,positive,False,True,False,5.0,Eucerin,2181103324,False
3629,1,1,neutral,False,False,False,5.0,Eucerin,2181103324,False
3630,3,3,positive,False,True,False,5.0,Eucerin,2181103324,False
3631,1,1,neutral,False,False,False,5.0,Eucerin,2181103324,False
3634,1,1,positive,False,True,False,5.0,Eucerin,2181103324,False
3637,2,2,positive,False,True,False,5.0,Eucerin,2181103324,False
3638,2,1,positive,False,True,False,5.0,Eucerin,2181103324,False
3639,2,2,positive,False,True,False,5.0,Eucerin,2181103324,False
3640,1,1,neutral,False,False,False,5.0,Eucerin,2181103324,False
3643,1,1,positive,False,True,False,5.0,Eucerin,2181103324,False
3644,1,1,positive,False,True,False,5.0,Eucerin,2181103324,False
3645,1,1,positive,False,True,False,5.0,Eucerin,2181103324,False
3646,1,1,neutral,False,False,False,5.0,Eucerin,2181103324,False
3648,4,4,neutral,False,True,True,5.0,Eucerin,2181103324,False
3650,2,1,neutral,False,False,False,5.0,Eucerin,2181103324,False
3651,2,1,neutral,False,False,False,5.0,Eucerin,2181103324,False
3652,1,1,positive,False,True,False,5.0,Eucerin,2181103324,False
3654,1,1,positive,False,True,False,5.0,Eucerin,2181103324,False
3656,2,2,positive,False,True,True,5.0,Eucerin,2181103324,False
3658,1,1,neutral,False,False,False,5.0,Eucerin,2181103324,False
3660,1,1,neutral,False,False,False,3.0,Eucerin,2120397072,False
3661,1,1,neutral,False,False,False,3.0,Eucerin,2120397072,False
3664,1,1,neutral,False,False,False,4.0,Eucerin,2120397072,False
3665,3,3,positive,False,True,True,4.0,Eucerin,2120397072,False
3666,1,1,neutral,False,False,False,4.0,Eucerin,2120397072,False
3667,2,1,positive,False,True,True,5.0,Eucerin,2120397072,False
3669,8,5,neutral,False,True,True,5.0,Eucerin,2120397072,False
3670,4,3,positive,False,True,True,5.0,Eucerin,2120397072,False
3671,1,1,positive,False,True,False,5.0,Eucerin,2120397072,False
3672,2,2,neutral,False,False,False,5.0,Eucerin,2120397072,False
3673,1,1,positive,False,True,False,5.0,Eucerin,2120397072,False
3674,3,2,neutral,False,True,True,5.0,Eucerin,2120397072,False
3675,3,2,negative,True,True,True,5.0,Eucerin,2120397072,True
3676,2,2,positive,False,True,True,5.0,Eucerin,2120397072,False
3677,4,4,neutral,False,True,True,5.0,Eucerin,2120397072,False
3678,3,2,positive,False,True,True,5.0,Eucerin,2120397072,False
3679,3,2,positive,False,True,True,5.0,Eucerin,2120397072,False
3680,4,3,positive,False,True,True,5.0,Eucerin,2120397072,False
3681,2,2,neutral,False,True,True,5.0,Eucerin,2120397072,False
3683,2,2,neutral,False,True,True,5.0,Eucerin,2120397072,False
3684,2,2,positive,False,True,False,5.0,Eucerin,2120397072,False
3685,7,3,positive,False,True,True,5.0,Eucerin,2120397072,False
3686,4,3,positive,False,True,True,5.0,Eucerin,2120397072,False
3687,1,1,positive,False,True,False,5.0,Eucerin,2120397072,False
3688,3,3,neutral,False,True,True,5.0,Eucerin,2120397072,False
3689,3,3,neutral,False,False,False,5.0,Eucerin,2120397072,False
3690,3,2,positive,False,True,True,5.0,Eucerin,2120397072,False
3691,2,2,neutral,False,False,False,5.0,Eucerin,2120397072,False
3693,2,1,neutral,False,False,False,5.0,Eucerin,2120397072,False
3694,1,1,neutral,False,False,False,5.0,Eucerin,2120397072,False
3696,2,2,neutral,False,True,True,5.0,Eucerin,2120397072,False
3697,1,1,positive,False,True,False,5.0,Eucerin,2120397072,False
3699,3,2,neutral,False,False,False,5.0,Eucerin,2120397072,False
3701,4,4,neutral,False,True,True,5.0,Eucerin,2120397072,False
3702,1,1,neutral,False,False,False,5.0,Eucerin,2120397072,False
3703,2,1,positive,False,True,True,5.0,Eucerin,2120397072,False
3704,2,1,neutral,False,True,True,5.0,Eucerin,2120397072,False
3705,4,3,neutral,False,False,False,5.0,Eucerin,2120397072,False
3706,1,1,neutral,False,False,False,5.0,Eucerin,2120397072,False
3707,1,1,neutral,False,False,False,5.0,Eucerin,2120397072,False
3708,3,3,positive,False,True,True,5.0,Eucerin,2120397072,False
3709,4,2,positive,False,True,True,5.0,Eucerin,2120397072,False
3710,3,2,positive,False,True,True,5.0,Eucerin,2120397072,False
3711,1,1,positive,False,True,False,5.0,Eucerin,2120397072,False
3712,5,4,neutral,False,True,True,5.0,Eucerin,2120397072,False
3714,1,1,neutral,False,False,False,5.0,Eucerin,2120397072,False
3715,3,2,neutral,False,False,False,5.0,Eucerin,2120397072,False
3716,3,2,neutral,False,True,True,5.0,Eucerin,2120397072,False
3717,3,3,neutral,False,False,False,5.0,Eucerin,2120397072,False
3719,4,1,neutral,False,True,True,5.0,Eucerin,2120397072,False
3720,3,2,positive,False,True,True,5.0,Eucerin,2120397072,False
3721,3,2,positive,False,True,False,5.0,Eucerin,2120397072,False
3722,8,3,neutral,False,True,True,5.0,Eucerin,2120397072,False
3723,2,2,positive,False,True,True,5.0,Eucerin,2120397072,False
3724,1,1,positive,False,True,False,5.0,Eucerin,2120397072,False
3725,7,2,neutral,False,True,True,5.0,Eucerin,2120397072,False
3726,1,1,positive,False,True,False,5.0,Eucerin,2120397072,False
3727,2,2,positive,False,True,True,5.0,Eucerin,2120397072,False
3728,5,3,neutral,False,True,True,5.0,Eucerin,2120397072,False
3729,2,1,neutral,False,True,True,5.0,Eucerin,2120397072,False
3730,1,1,neutral,False,False,False,5.0,Eucerin,2120397072,False
3731,2,2,neutral,False,False,False,5.0,Eucerin,2120397072,False
3732,4,2,positive,False,True,True,5.0,Eucerin,2120397072,False
3733,3,1,positive,False,True,True,5.0,Eucerin,2120397072,False
3734,7,3,positive,False,True,True,5.0,Eucerin,2120397072,False
3735,1,1,neutral,False,False,False,5.0,Eucerin,2120397072,False
3736,5,2,positive,False,True,True,5.0,Eucerin,2120397072,False
3737,3,3,neutral,False,False,False,5.0,Eucerin,2120397072,False
3738,5,2,neutral,False,True,True,5.0,Eucerin,2120397072,False
3739,4,3,neutral,False,True,True,5.0,Eucerin,2120397072,False
3740,2,1,neutral,False,True,True,5.0,Eucerin,2120397072,False
3741,2,2,neutral,False,False,False,5.0,Eucerin,2120397072,False
3742,3,2,neutral,False,False,False,5.0,Eucerin,2120397072,False
3744,1,1,neutral,False,False,False,5.0,Eucerin,2120397072,False
3745,2,2,neutral,False,True,True,5.0,Eucerin,2120397072,False
3746,1,1,positive,False,True,False,5.0,Eucerin,2120397072,False
3747,1,1,neutral,False,False,False,5.0,Eucerin,2120397072,False
3749,1,1,neutral,False,False,False,5.0,Eucerin,2120397072,False
3750,2,2,neutral,False,False,False,5.0,Eucerin,2120397072,False
3751,2,2,positive,False,True,True,5.0,Eucerin,2120397072,False
3752,2,2,neutral,False,False,False,5.0,Eucerin,2120397072,False
3753,1,1,positive,False,True,False,5.0,Eucerin,2120397072,False
3754,3,3,positive,False,True,False,5.0,Eucerin,2120397072,False
3755,3,2,positive,False,True,True,5.0,Eucerin,2120397072,False
3756,1,1,positive,False,True,False,5.0,Eucerin,2120397072,False
3757,1,1,neutral,False,False,False,5.0,Eucerin,2120397072,False
3758,2,2,neutral,False,False,False,5.0,Eucerin,2120397072,False
3759,1,1,neutral,False,False,False,1.0,Eucerin,2120246857,False
3760,1,1,neutral,False,False,False,1.0,Eucerin,2120246857,False
3765,1,1,neutral,False,False,False,3.0,Eucerin,2120246857,False
3766,1,1,neutral,False,False,False,3.0,Eucerin,2120246857,False
3769,7,4,neutral,True,True,True,4.0,Eucerin,2120246857,True
3770,1,1,neutral,False,False,False,4.0,Eucerin,2120246857,False
3771,2,2,neutral,True,False,True,4.0,Eucerin,2120246857,True
3772,2,1,neutral,False,False,False,4.0,Eucerin,2120246857,False
3773,3,3,positive,False,True,False,4.0,Eucerin,2120246857,False
3774,3,3,positive,False,True,False,4.0,Eucerin,2120246857,False
3776,2,1,neutral,True,False,True,4.0,Eucerin,2120246857,True
3779,6,5,positive,False,True,True,5.0,Eucerin,2120246857,False
3780,3,1,neutral,False,True,True,5.0,Eucerin,2120246857,False
3781,4,3,neutral,False,True,True,5.0,Eucerin,2120246857,False
3782,3,3,positive,False,True,False,5.0,Eucerin,2120246857,False
3783,2,2,positive,False,True,True,5.0,Eucerin,2120246857,False
3784,3,2,neutral,False,False,False,5.0,Eucerin,2120246857,False
3785,1,1,positive,False,True,False,5.0,Eucerin,2120246857,False
3786,1,1,neutral,False,False,False,5.0,Eucerin,2120246857,False
3787,1,1,neutral,False,False,False,5.0,Eucerin,2120246857,False
3788,2,2,positive,False,True,False,5.0,Eucerin,2120246857,False
3789,2,2,positive,False,True,True,5.0,Eucerin,2120246857,False
3791,1,1,neutral,False,False,False,5.0,Eucerin,2120246857,False
3792,1,1,positive,False,True,False,5.0,Eucerin,2120246857,False
3793,5,2,positive,False,True,True,5.0,Eucerin,2120246857,False
3794,6,4,positive,True,True,True,5.0,Eucerin,2120246857,True
3795,2,2,neutral,True,False,True,5.0,Eucerin,2120246857,True
3796,1,1,positive,False,True,False,5.0,Eucerin,2120246857,False
3798,3,2,positive,False,True,False,5.0,Eucerin,2120246857,False
3799,4,2,neutral,False,True,True,5.0,Eucerin,2120246857,False
3800,2,2,neutral,False,False,False,5.0,Eucerin,2120246857,False
3801,8,2,neutral,False,True,True,5.0,Eucerin,2120246857,False
3802,2,2,positive,False,True,True,5.0,Eucerin,2120246857,False
3803,1,1,neutral,False,False,False,5.0,Eucerin,2120246857,False
3804,3,2,positive,False,True,True,5.0,Eucerin,2120246857,False
3805,2,1,positive,False,True,True,5.0,Eucerin,2120246857,False
3806,2,1,positive,False,True,True,5.0,Eucerin,2120246857,False
3807,1,1,neutral,False,False,False,5.0,Eucerin,2120246857,False
3808,3,1,neutral,False,True,True,5.0,Eucerin,2120246857,False
3809,3,2,positive,False,True,True,5.0,Eucerin,2120246857,False
3810,2,2,positive,False,True,True,5.0,Eucerin,2120246857,False
3811,6,2,positive,False,True,True,5.0,Eucerin,2120246857,False
3812,4,2,positive,False,True,True,5.0,Eucerin,2120246857,False
3814,4,2,positive,False,True,True,5.0,Eucerin,2120246857,False
3815,2,2,positive,False,True,True,5.0,Eucerin,2120246857,False
3816,2,1,neutral,False,True,True,5.0,Eucerin,2120246857,False
3817,1,1,neutral,False,False,False,5.0,Eucerin,2120246857,False
3818,3,2,positive,False,True,True,5.0,Eucerin,2120246857,False
3819,3,1,neutral,False,True,True,5.0,Eucerin,2120246857,False
3820,1,1,positive,False,True,False,5.0,Eucerin,2120246857,False
3821,2,1,neutral,False,False,False,5.0,Eucerin,2120246857,False
3822,1,1,neutral,False,False,False,5.0,Eucerin,2120246857,False
3823,5,2,positive,False,True,True,5.0,Eucerin,2120246857,False
3824,1,1,neutral,False,False,False,5.0,Eucerin,2120246857,False
3825,3,3,positive,False,True,True,5.0,Eucerin,2120246857,False
3826,2,1,positive,False,True,True,5.0,Eucerin,2120246857,False
3827,3,3,positive,False,True,False,5.0,Eucerin,2120246857,False
3828,3,1,neutral,False,True,True,5.0,Eucerin,2120246857,False
3829,3,1,neutral,False,True,True,5.0,Eucerin,2120246857,False
3830,3,2,neutral,False,True,True,5.0,Eucerin,2120246857,False
3831,1,1,neutral,False,False,False,5.0,Eucerin,2120246857,False
3832,1,1,positive,False,True,False,5.0,Eucerin,2120246857,False
3833,1,1,neutral,False,False,False,5.0,Eucerin,2120246857,False
3834,2,1,positive,False,True,True,5.0,Eucerin,2120246857,False
3835,4,2,neutral,False,False,False,5.0,Eucerin,2120246857,False
3837,2,1,neutral,True,False,True,5.0,Eucerin,2120246857,True
3838,3,2,neutral,False,False,False,5.0,Eucerin,2120246857,False
3839,1,1,neutral,False,False,False,5.0,Eucerin,2120246857,False
3840,1,1,positive,False,True,False,5.0,Eucerin,2120246857,False
3841,3,3,positive,False,True,True,5.0,Eucerin,2120246857,False
3842,6,2,positive,False,True,True,5.0,Eucerin,2120246857,False
3843,3,2,positive,False,True,True,5.0,Eucerin,2120246857,False
3845,2,1,neutral,False,True,True,5.0,Eucerin,2120246857,False
3846,1,1,positive,False,True,False,5.0,Eucerin,2120246857,False
3847,4,2,neutral,False,True,True,5.0,Eucerin,2120246857,False
3848,1,1,neutral,False,False,False,5.0,Eucerin,2120246857,False
3849,1,1,positive,False,True,False,5.0,Eucerin,2120246857,False
3850,3,1,neutral,False,False,False,5.0,Eucerin,2120246857,False
3851,3,2,positive,False,True,True,5.0,Eucerin,2120246857,False
3852,2,1,neutral,False,True,True,5.0,Eucerin,2120246857,False
3853,2,2,positive,False,True,True,5.0,Eucerin,2120246857,False
3854,1,1,neutral,False,False,False,5.0,Eucerin,2120246857,False
3855,2,2,positive,False,True,False,5.0,Eucerin,2120246857,False
3856,2,1,positive,False,True,False,5.0,Eucerin,2120246857,False
3857,1,1,positive,False,True,False,5.0,Eucerin,2120246857,False
3860,2,1,positive,False,True,True,5.0,Eucerin,2120246857,False
3861,4,2,neutral,False,True,True,5.0,Eucerin,2120246857,False
3862,3,1,positive,False,True,False,5.0,Eucerin,2120246857,False
3863,5,2,neutral,False,True,True,5.0,Eucerin,2120246857,False
3864,2,2,neutral,False,False,False,5.0,Eucerin,2120246857,False
3865,2,2,positive,False,True,True,5.0,Eucerin,2120246857,False
3866,5,2,neutral,False,True,True,5.0,Eucerin,2120246857,False
3867,9,2,neutral,False,True,True,5.0,Eucerin,2120246857,False
3868,1,1,neutral,False,False,False,5.0,Eucerin,2120246857,False
3869,4,3,positive,False,True,True,5.0,Eucerin,2120246857,False
3870,2,1,neutral,False,False,False,5.0,Eucerin,2120246857,False
3871,3,1,neutral,False,False,False,5.0,Eucerin,2120246857,False
3872,3,1,neutral,False,False,False,5.0,Eucerin,2120246857,False
3873,2,2,neutral,False,False,False,5.0,Eucerin,2120246857,False
3874,1,1,negative,True,False,False,4.0,Eucerin,2583500030,True
3875,2,2,positive,False,True,False,5.0,Eucerin,2583500030,False
3876,1,1,neutral,False,False,False,5.0,Eucerin,2583500030,False
3877,1,1,positive,False,True,False,5.0,Eucerin,2583500030,False
3878,2,2,positive,False,True,True,5.0,Eucerin,2583500030,False
3879,5,3,positive,True,True,True,5.0,Eucerin,2583500030,True
3880,2,2,neutral,False,True,True,5.0,Eucerin,2583500030,False
3881,1,1,positive,False,True,False,5.0,Eucerin,2583500030,False
3882,3,2,neutral,False,True,True,5.0,Eucerin,2583500030,False
3883,2,2,positive,False,True,False,5.0,Eucerin,2583500030,False
3884,1,1,neutral,False,False,False,5.0,Eucerin,2583500030,False
3885,3,2,positive,False,True,True,5.0,Eucerin,2583500030,False
3886,2,2,positive,False,True,True,5.0,Eucerin,2583500030,False
3889,4,4,positive,False,True,True,5.0,Eucerin,2583500030,False
3890,2,1,positive,False,True,True,5.0,Eucerin,2583500030,False
3891,2,1,neutral,False,True,True,5.0,Eucerin,2583500030,False
3892,1,1,neutral,False,False,False,2.0,Eucerin,2120334610,False
3893,2,2,positive,False,True,False,5.0,Eucerin,2120334610,False
3894,2,1,neutral,False,False,False,5.0,Eucerin,2120334610,False
3895,2,2,positive,False,True,False,5.0,Eucerin,2120334610,False
3896,2,2,positive,False,True,False,5.0,Eucerin,2120334610,False
3898,1,1,positive,False,True,False,5.0,Eucerin,2120334610,False
3900,1,1,neutral,False,False,False,5.0,Eucerin,2120334610,False
3901,4,3,positive,False,True,True,5.0,Eucerin,2120334610,False
3902,3,2,neutral,False,True,True,5.0,Eucerin,2120334610,False
3904,1,1,positive,False,True,False,5.0,Eucerin,2120334610,False
3905,2,2,positive,False,True,False,5.0,Eucerin,2120334610,False
3908,2,2,neutral,False,False,False,5.0,Eucerin,2120334610,False
3912,1,1,positive,False,True,False,5.0,Eucerin,2120334610,False
3913,1,1,neutral,False,False,False,5.0,Eucerin,2120334610,False
3914,2,2,positive,False,True,False,5.0,Eucerin,2120334610,False
3916,3,2,positive,False,True,True,5.0,Eucerin,2120334610,False
3917,2,2,positive,False,True,False,5.0,Eucerin,2120334610,False
3918,1,1,neutral,False,False,False,5.0,Eucerin,2120334610,False
3919,3,2,positive,False,True,False,5.0,Eucerin,2120334610,False
3920,1,1,neutral,False,False,False,5.0,Eucerin,2120334610,False
3921,2,2,positive,False,True,False,5.0,Eucerin,2120334610,False
3922,2,2,neutral,False,True,True,5.0,Eucerin,2120334610,False
3923,1,1,neutral,False,False,False,5.0,Eucerin,2120334610,False
3924,1,1,positive,False,True,False,5.0,Eucerin,2120334610,False
3926,2,1,positive,False,True,True,1.0,Eucerin,2120392116,False
3927,1,1,neutral,False,False,False,1.0,Eucerin,2120392116,False
3930,2,1,neutral,False,True,True,4.0,Eucerin,2120392116,False
3932,1,1,positive,False,True,False,4.0,Eucerin,2120392116,False
3933,3,3,positive,False,True,False,4.0,Eucerin,2120392116,False
3935,1,1,negative,True,False,False,4.0,Eucerin,2120392116,True
3936,1,1,neutral,False,False,False,4.0,Eucerin,2120392116,False
3937,3,3,neutral,False,False,False,4.0,Eucerin,2120392116,False
3938,2,1,positive,False,True,True,4.0,Eucerin,2120392116,False
3940,2,1,positive,False,True,False,5.0,Eucerin,2120392116,False
3941,2,1,neutral,False,False,False,5.0,Eucerin,2120392116,False
3943,4,3,positive,False,True,True,5.0,Eucerin,2120392116,False
3944,1,1,neutral,False,False,False,5.0,Eucerin,2120392116,False
3945,3,2,neutral,False,True,True,5.0,Eucerin,2120392116,False
3947,3,3,positive,False,True,False,5.0,Eucerin,2120392116,False
3948,3,2,neutral,False,False,False,5.0,Eucerin,2120392116,False
3949,1,1,neutral,False,False,False,5.0,Eucerin,2120392116,False
3950,4,2,positive,False,True,True,5.0,Eucerin,2120392116,False
3951,2,1,neutral,False,True,True,5.0,Eucerin,2120392116,False
3952,3,2,positive,False,True,True,5.0,Eucerin,2120392116,False
3953,4,2,positive,False,True,True,5.0,Eucerin,2120392116,False
3954,3,1,neutral,False,True,True,5.0,Eucerin,2120392116,False
3956,2,1,neutral,False,True,True,5.0,Eucerin,2120392116,False
3957,2,1,neutral,False,False,False,5.0,Eucerin,2120392116,False
3958,1,1,positive,False,True,False,5.0,Eucerin,2120392116,False
3959,1,1,neutral,False,False,False,5.0,Eucerin,2120392116,False
3960,1,1,neutral,False,False,False,5.0,Eucerin,2120392116,False
3961,3,1,positive,False,True,True,5.0,Eucerin,2120392116,False
3962,1,1,positive,False,True,False,5.0,Eucerin,2120392116,False
3963,2,1,positive,False,True,False,5.0,Eucerin,2120392116,False
3964,3,2,neutral,False,True,True,5.0,Eucerin,2120392116,False
3965,3,3,positive,False,True,True,5.0,Eucerin,2120392116,False
3966,6,2,neutral,False,True,True,5.0,Eucerin,2120392116,False
3967,2,2,neutral,False,False,False,5.0,Eucerin,2120392116,False
3968,2,1,neutral,False,True,True,5.0,Eucerin,2120392116,False
3970,1,1,neutral,False,False,False,5.0,Eucerin,2120392116,False
3971,3,1,neutral,False,False,False,5.0,Eucerin,2120392116,False
3973,1,1,positive,False,True,False,5.0,Eucerin,2120392116,False
3974,3,3,positive,False,True,True,5.0,Eucerin,2120392116,False
3975,2,1,positive,False,True,True,5.0,Eucerin,2120392116,False
3976,2,2,neutral,False,False,False,5.0,Eucerin,2120392116,False
3977,1,1,positive,False,True,False,5.0,Eucerin,2120392116,False
3978,4,2,neutral,False,True,True,5.0,Eucerin,2120392116,False
3979,1,1,positive,False,True,False,5.0,Eucerin,2120392116,False
3981,1,1,neutral,False,False,False,5.0,Eucerin,2120392116,False
3982,1,1,positive,False,True,False,5.0,Eucerin,2120392116,False
3983,7,4,positive,False,True,True,5.0,Eucerin,2120392116,False
3984,8,2,neutral,False,True,True,5.0,Eucerin,2120392116,False
3985,3,2,positive,False,True,True,5.0,Eucerin,2120392116,False
3987,1,1,positive,False,True,False,5.0,Eucerin,2120392116,False
3988,4,2,positive,False,True,True,5.0,Eucerin,2120392116,False
3990,1,1,neutral,False,False,False,5.0,Eucerin,2120392116,False
3991,4,3,positive,False,True,True,5.0,Eucerin,2120392116,False
3992,1,1,neutral,False,False,False,5.0,Eucerin,2120392116,False
3993,1,1,neutral,False,False,False,5.0,Eucerin,2120392116,False
3994,1,1,neutral,False,False,False,5.0,Eucerin,2120392116,False
3995,2,2,negative,True,True,True,5.0,Eucerin,2120392116,True
3996,1,1,positive,False,True,False,5.0,Eucerin,2120392116,False
3997,4,2,positive,False,True,True,5.0,Eucerin,2120392116,False
3999,2,2,negative,True,False,True,5.0,Eucerin,2120392116,True
4001,2,1,neutral,False,True,True,5.0,Eucerin,2120392116,False
4003,4,2,positive,False,True,True,5.0,Eucerin,2120392116,False
4004,3,3,positive,False,True,False,5.0,Eucerin,2120392116,False
4005,1,1,neutral,False,False,False,5.0,Eucerin,2120392116,False
4006,3,1,neutral,False,True,True,5.0,Eucerin,2120392116,False
4008,2,1,positive,False,True,True,5.0,Eucerin,2120392116,False
4009,1,1,neutral,False,False,False,5.0,Eucerin,2120392116,False
4010,3,1,neutral,False,True,True,5.0,Eucerin,2120392116,False
4011,3,3,negative,True,False,False,5.0,Eucerin,2120392116,True
4012,2,1,positive,False,True,False,5.0,Eucerin,2120392116,False
4014,3,3,positive,False,True,False,5.0,Eucerin,2120392116,False
4017,2,1,positive,False,True,True,5.0,Eucerin,2120392116,False
4019,1,1,positive,False,True,False,5.0,Eucerin,2120392116,False
4020,2,2,negative,True,False,False,5.0,Eucerin,2120392116,True
4022,4,2,positive,False,True,True,5.0,Eucerin,2120392116,False
4023,1,1,positive,False,True,False,5.0,Eucerin,2120392116,False
4025,4,3,positive,False,True,False,5.0,Eucerin,2120392116,False
4026,4,4,positive,False,True,True,5.0,Eucerin,2120392116,False
4028,1,1,positive,False,True,False,5.0,Eucerin,2120392116,False
4031,3,1,neutral,False,False,False,5.0,Eucerin,2120392116,False
4032,2,1,positive,False,True,True,5.0,Eucerin,2120392116,False
4033,2,1,positive,False,True,True,5.0,Eucerin,2120392116,False
4034,1,1,neutral,False,False,False,5.0,Eucerin,2120392116,False
4037,2,2,neutral,False,False,False,5.0,Eucerin,2148361565,False
4038,3,2,neutral,False,False,False,5.0,Eucerin,2148361565,False
4039,1,1,neutral,False,False,False,5.0,Eucerin,2148361565,False
4040,3,3,neutral,False,False,False,5.0,Eucerin,2148361565,False
4041,3,3,neutral,False,False,False,5.0,Eucerin,2148361565,False
4042,3,2,neutral,False,True,True,5.0,Eucerin,2148361565,False
4043,2,2,positive,True,True,True,5.0,Eucerin,2148361565,True
4044,1,1,positive,False,True,False,5.0,Eucerin,2148361565,False
4045,3,2,neutral,False,False,False,5.0,Eucerin,2148361565,False
4047,1,1,neutral,False,False,False,5.0,Eucerin,2148361565,False
4048,2,2,positive,False,True,False,5.0,Eucerin,2148361565,False
4049,1,1,neutral,False,False,False,5.0,Eucerin,2148361565,False
4050,2,2,neutral,False,False,False,5.0,Eucerin,2148361565,False
4051,3,2,neutral,False,True,True,5.0,Eucerin,2148361565,False
4052,2,2,positive,False,True,False,5.0,Eucerin,2148361565,False
4053,2,1,positive,False,True,True,5.0,Eucerin,2148361565,False
4054,1,1,positive,False,True,False,5.0,Eucerin,2148361565,False
4055,2,1,neutral,False,False,False,5.0,Eucerin,2148361565,False
4056,2,2,positive,False,True,False,5.0,Eucerin,2148361565,False
4058,2,2,negative,True,False,False,5.0,Eucerin,2148361565,True
4059,2,2,positive,False,True,False,5.0,Eucerin,2148361565,False
4060,3,2,neutral,False,True,True,5.0,Eucerin,2148361565,False
4061,1,1,neutral,False,False,False,5.0,Eucerin,2148361565,False
4062,2,1,negative,True,False,True,1.0,Eucerin,2120253789,False
4063,1,1,neutral,False,False,False,1.0,Eucerin,2120253789,False
4068,1,1,neutral,False,False,False,3.0,Eucerin,2120253789,False
4069,2,1,neutral,False,False,False,3.0,Eucerin,2120253789,False
4074,2,1,neutral,False,True,True,4.0,Eucerin,2120253789,False
4076,1,1,positive,False,True,False,4.0,Eucerin,2120253789,False
4080,1,1,positive,False,True,False,5.0,Eucerin,2120253789,False
4082,2,2,positive,False,True,False,5.0,Eucerin,2120253789,False
4085,1,1,positive,False,True,False,5.0,Eucerin,2120253789,False
4086,1,1,neutral,False,False,False,5.0,Eucerin,2120253789,False
4087,3,1,positive,False,True,True,5.0,Eucerin,2120253789,False
4088,1,1,positive,False,True,False,5.0,Eucerin,2120253789,False
4089,2,2,positive,False,True,False,5.0,Eucerin,2120253789,False
4090,1,1,positive,False,True,False,5.0,Eucerin,2120253789,False
4091,3,2,positive,False,True,True,5.0,Eucerin,2120253789,False
4093,3,2,neutral,False,False,False,5.0,Eucerin,2120253789,False
4094,1,1,neutral,False,False,False,5.0,Eucerin,2120253789,False
4095,1,1,neutral,False,False,False,5.0,Eucerin,2120253789,False
4096,1,1,positive,False,True,False,5.0,Eucerin,2120253789,False
4097,2,1,neutral,False,True,True,5.0,Eucerin,2120253789,False
4098,1,1,neutral,False,False,False,5.0,Eucerin,2120253789,False
4101,1,1,neutral,False,False,False,5.0,Eucerin,2120253789,False
4102,2,2,neutral,False,False,False,5.0,Eucerin,2120253789,False
4103,2,2,neutral,False,True,True,5.0,Eucerin,2120253789,False
4104,1,1,neutral,False,False,False,5.0,Eucerin,2120253789,False
4105,3,2,neutral,False,True,True,5.0,Eucerin,2120253789,False
4106,3,1,positive,False,True,False,5.0,Eucerin,2120253789,False
4108,1,1,neutral,False,False,False,5.0,Eucerin,2120253789,False
4112,1,1,neutral,False,False,False,5.0,Eucerin,2120253789,False
4113,1,1,neutral,False,False,False,5.0,Eucerin,2120253789,False
4114,1,1,positive,False,True,False,5.0,Eucerin,2120253789,False
4116,1,1,neutral,False,False,False,5.0,Eucerin,2120253789,False
4117,1,1,positive,False,True,False,5.0,Eucerin,2120253789,False
4118,2,2,neutral,False,False,False,5.0,Eucerin,2120253789,False
4121,1,1,positive,False,True,False,5.0,Eucerin,2120253789,False
4122,1,1,neutral,False,False,False,5.0,Eucerin,2120253789,False
4123,2,1,positive,False,True,True,5.0,Eucerin,2120253789,False
4124,1,1,positive,False,True,False,5.0,Eucerin,2120253789,False
4125,1,1,neutral,False,False,False,5.0,Eucerin,2120253789,False
4126,1,1,positive,False,True,False,5.0,Eucerin,2120253789,False
4127,1,1,neutral,False,False,False,5.0,Eucerin,2120253789,False
4130,3,2,positive,False,True,True,5.0,Eucerin,2120253789,False
4134,2,2,positive,False,True,False,5.0,Eucerin,2120253789,False
4135,6,2,neutral,False,True,True,5.0,Eucerin,2120253789,False
4136,1,1,positive,False,True,False,5.0,Eucerin,2120253789,False
4137,1,1,positive,False,True,False,5.0,Eucerin,2120253789,False
4139,1,1,positive,False,True,False,5.0,Eucerin,2120253789,False
4140,1,1,positive,False,True,False,5.0,Eucerin,2120253789,False
4143,1,1,positive,False,True,False,5.0,Eucerin,2120253789,False
4144,1,1,neutral,False,False,False,5.0,Eucerin,2120253789,False
4145,3,2,neutral,False,True,True,5.0,Eucerin,2120253789,False
4147,3,3,positive,False,True,True,5.0,Eucerin,2120253789,False
4148,1,1,neutral,False,False,False,5.0,Eucerin,2120253789,False
4149,4,3,neutral,False,True,True,5.0,Eucerin,2120253789,False
4151,3,3,positive,False,True,True,5.0,Eucerin,2120253789,False
4152,1,1,negative,True,False,False,5.0,Eucerin,2120253789,True
4153,2,2,positive,False,True,False,5.0,Eucerin,2120253789,False
4154,4,4,positive,False,True,True,5.0,Eucerin,2120253789,False
4157,1,1,positive,False,True,False,5.0,Eucerin,2120253789,False
4159,3,3,positive,False,True,True,5.0,Eucerin,2120253789,False
4165,1,1,positive,False,True,False,5.0,Eucerin,2120253789,False
4166,1,1,positive,False,True,False,5.0,Eucerin,2120253789,False
4167,1,1,positive,False,True,False,5.0,Eucerin,2120253789,False
4168,1,1,positive,False,True,False,5.0,Eucerin,2120253789,False
4171,1,1,positive,False,True,False,5.0,Eucerin,2120253789,False
4172,2,2,positive,True,True,True,5.0,Eucerin,2120253789,True
4173,1,1,neutral,False,False,False,1.0,Eucerin,2120347584,False
4175,2,2,neutral,False,False,False,2.0,Eucerin,2120347584,False
4177,1,1,neutral,False,False,False,3.0,Eucerin,2120347584,False
4178,1,1,neutral,False,False,False,3.0,Eucerin,2120347584,False
4180,1,1,negative,True,False,False,4.0,Eucerin,2120347584,True
4181,2,2,positive,True,True,True,4.0,Eucerin,2120347584,True
4182,2,2,positive,False,True,False,4.0,Eucerin,2120347584,False
4183,1,1,negative,True,False,False,4.0,Eucerin,2120347584,True
4184,2,2,neutral,False,False,False,4.0,Eucerin,2120347584,False
4185,2,2,neutral,False,False,False,4.0,Eucerin,2120347584,False
4187,1,1,neutral,False,False,False,5.0,Eucerin,2120347584,False
4188,2,2,neutral,False,False,False,5.0,Eucerin,2120347584,False
4189,1,1,neutral,False,False,False,5.0,Eucerin,2120347584,False
4190,3,2,neutral,False,False,False,5.0,Eucerin,2120347584,False
4191,1,1,positive,False,True,False,5.0,Eucerin,2120347584,False
4192,2,2,positive,False,True,False,5.0,Eucerin,2120347584,False
4193,2,2,positive,False,True,False,5.0,Eucerin,2120347584,False
4194,4,3,positive,False,True,True,5.0,Eucerin,2120347584,False
4195,2,2,positive,False,True,False,5.0,Eucerin,2120347584,False
4196,3,2,positive,False,True,False,5.0,Eucerin,2120347584,False
4198,1,1,neutral,False,False,False,5.0,Eucerin,2120347584,False
4200,3,3,positive,False,True,True,5.0,Eucerin,2120347584,False
4201,3,3,positive,False,True,False,5.0,Eucerin,2120347584,False
4203,1,1,neutral,False,False,False,5.0,Eucerin,2120347584,False
4204,1,1,neutral,False,False,False,5.0,Eucerin,2120347584,False
4205,2,1,neutral,False,True,True,5.0,Eucerin,2120347584,False
4206,1,1,neutral,False,False,False,5.0,Eucerin,2120347584,False
4208,4,1,positive,False,True,False,5.0,Eucerin,2120347584,False
4209,4,2,positive,False,True,True,5.0,Eucerin,2120347584,False
4210,5,3,positive,False,True,True,5.0,Eucerin,2120347584,False
4211,1,1,positive,False,True,False,5.0,Eucerin,2120347584,False
4212,1,1,positive,False,True,False,5.0,Eucerin,2120347584,False
4213,2,1,positive,False,True,False,5.0,Eucerin,2120347584,False
4214,3,1,positive,False,True,False,5.0,Eucerin,2120347584,False
4215,2,2,neutral,False,False,False,5.0,Eucerin,2120347584,False
4216,1,1,positive,False,True,False,5.0,Eucerin,2120347584,False
4217,3,2,positive,False,True,True,5.0,Eucerin,2120347584,False
4219,3,2,positive,False,True,True,5.0,Eucerin,2120347584,False
4220,1,1,neutral,False,False,False,5.0,Eucerin,2120347584,False
4221,1,1,neutral,False,False,False,5.0,Eucerin,2120347584,False
4222,1,1,positive,False,True,False,5.0,Eucerin,2120347584,False
4223,2,2,neutral,False,False,False,5.0,Eucerin,2120347584,False
4224,2,2,neutral,False,True,True,5.0,Eucerin,2120347584,False
4225,4,3,positive,False,True,True,5.0,Eucerin,2120347584,False
4227,1,1,neutral,False,False,False,5.0,Eucerin,2120347584,False
4228,2,2,neutral,False,False,False,5.0,Eucerin,2120347584,False
4229,3,3,neutral,False,False,False,5.0,Eucerin,2120347584,False
4231,1,1,positive,False,True,False,5.0,Eucerin,2120347584,False
4232,2,2,positive,False,True,False,5.0,Eucerin,2120347584,False
4233,2,1,neutral,False,False,False,5.0,Eucerin,2120347584,False
4234,2,1,positive,False,True,False,5.0,Eucerin,2120347584,False
4235,1,1,neutral,False,False,False,5.0,Eucerin,2120347584,False
4237,2,2,neutral,False,False,False,5.0,Eucerin,2120347584,False
4238,2,2,neutral,False,False,False,5.0,Eucerin,2120347584,False
4239,2,1,neutral,False,False,False,5.0,Eucerin,2120347584,False
4240,3,3,positive,False,True,False,5.0,Eucerin,2120347584,False
4241,2,1,positive,False,True,False,5.0,Eucerin,2120347584,False
4242,3,3,neutral,False,False,False,5.0,Eucerin,2120347584,False
4243,2,2,positive,False,True,False,5.0,Eucerin,2120347584,False
4244,3,2,positive,False,True,False,5.0,Eucerin,2120347584,False
4245,1,1,positive,False,True,False,5.0,Eucerin,2120347584,False
4246,7,2,positive,False,True,True,5.0,Eucerin,2120347584,False
4247,2,1,neutral,False,False,False,5.0,Eucerin,2120347584,False
4248,2,1,positive,False,True,False,5.0,Eucerin,2120347584,False
4249,1,1,positive,False,True,False,5.0,Eucerin,2120347584,False
4250,2,2,neutral,False,False,False,5.0,Eucerin,2120347584,False
4251,2,2,positive,False,True,False,5.0,Eucerin,2120347584,False
4253,1,1,neutral,False,False,False,5.0,Eucerin,2120347584,False
4254,1,1,neutral,False,False,False,5.0,Eucerin,2120347584,False
4255,2,1,positive,False,True,False,5.0,Eucerin,2120347584,False
4256,2,2,positive,False,True,True,5.0,Eucerin,2120347584,False
4257,1,1,positive,False,True,False,5.0,Eucerin,2120347584,False
4258,1,1,positive,False,True,False,5.0,Eucerin,2120347584,False
4259,1,1,positive,False,True,False,5.0,Eucerin,2120347584,False
4260,1,1,positive,False,True,False,5.0,Eucerin,2120347584,False
4262,2,2,neutral,False,True,True,5.0,Eucerin,2120347584,False
4263,6,2,positive,False,True,True,5.0,Eucerin,2120347584,False
4264,2,1,positive,False,True,False,5.0,Eucerin,2120347584,False
4265,5,2,positive,False,True,True,5.0,Eucerin,2120347584,False
4266,3,1,positive,False,True,True,5.0,Eucerin,2120347584,False
4267,4,3,neutral,False,True,True,5.0,Eucerin,2120347584,False
4268,1,1,positive,False,True,False,5.0,Eucerin,2120347584,False
4269,1,1,neutral,False,False,False,5.0,Eucerin,2120347584,False
4271,2,2,neutral,False,False,False,5.0,Eucerin,2120347584,False
4273,2,2,positive,False,True,False,5.0,Eucerin,2120347584,False
4275,3,3,neutral,True,False,True,5.0,Eucerin,2120347584,True
4276,1,1,positive,False,True,False,5.0,Eucerin,2120347584,False
4277,3,2,positive,False,True,False,5.0,Eucerin,2120347584,False
4278,2,1,positive,False,True,False,5.0,Eucerin,2120347584,False
4279,1,1,positive,False,True,False,5.0,Eucerin,2120347584,False
4280,3,3,positive,False,True,False,5.0,Eucerin,2120347584,False
4282,3,3,neutral,True,False,True,3.0,Eucerin,2181111373,False
4284,2,2,positive,False,True,True,4.0,Eucerin,2181111373,False
4286,1,1,positive,False,True,False,4.0,Eucerin,2181111373,False
4287,2,2,positive,False,True,False,5.0,Eucerin,2181111373,False
4288,1,1,neutral,False,False,False,5.0,Eucerin,2181111373,False
4290,2,2,neutral,False,False,False,5.0,Eucerin,2181111373,False
4291,1,1,neutral,False,False,False,5.0,Eucerin,2181111373,False
4293,1,1,neutral,False,False,False,5.0,Eucerin,2181111373,False
4294,2,2,positive,False,True,True,5.0,Eucerin,2181111373,False
4296,1,1,positive,False,True,False,5.0,Eucerin,2181111373,False
4297,2,2,neutral,False,True,True,5.0,Eucerin,2181111373,False
4298,1,1,neutral,False,False,False,5.0,Eucerin,2181111373,False
4300,3,3,neutral,False,True,True,5.0,Eucerin,2181111373,False
4302,2,2,neutral,False,True,True,5.0,Eucerin,2181111373,False
4303,2,2,positive,False,True,True,5.0,Eucerin,2181111373,False
4304,1,1,positive,False,True,False,5.0,Eucerin,2181111373,False
4305,1,1,neutral,False,False,False,5.0,Eucerin,2181111373,False
4307,4,3,neutral,False,True,True,5.0,Eucerin,2181111373,False
4308,1,1,neutral,False,False,False,5.0,Eucerin,2181111373,False
4311,3,3,neutral,False,True,True,5.0,Eucerin,2181111373,False
4312,2,2,positive,False,True,True,5.0,Eucerin,2181111373,False
4313,1,1,neutral,False,False,False,5.0,Eucerin,2181111373,False
4314,3,2,neutral,False,True,True,5.0,Eucerin,2181111373,False
4315,3,3,neutral,False,False,False,5.0,Eucerin,2181111373,False
4317,3,2,positive,False,True,False,5.0,Eucerin,2181111373,False
4318,2,2,positive,False,True,False,5.0,Eucerin,2181111373,False
4319,1,1,neutral,False,False,False,5.0,Eucerin,2181111373,False
4320,1,1,positive,False,True,False,5.0,Eucerin,2181111373,False
4321,2,2,neutral,False,False,False,5.0,Eucerin,2181111373,False
4322,2,1,neutral,False,False,False,5.0,Eucerin,2181111373,False
4323,3,2,positive,False,True,False,5.0,Eucerin,2181111373,False
4324,1,1,positive,False,True,False,5.0,Eucerin,2181111373,False
4325,3,3,neutral,False,True,True,5.0,Eucerin,2181111373,False
4326,1,1,neutral,False,False,False,5.0,Eucerin,2181111373,False
4328,3,2,neutral,False,False,False,5.0,Eucerin,2181111373,False
4329,1,1,neutral,False,False,False,5.0,Eucerin,2181111373,False
4330,4,1,positive,False,True,True,5.0,Eucerin,2181111373,False
4331,2,2,neutral,False,True,True,5.0,Eucerin,2181111373,False
4332,1,1,positive,False,True,False,5.0,Eucerin,2181111373,False
4334,2,2,positive,False,True,False,5.0,Eucerin,2181111373,False
4335,1,1,neutral,False,False,False,5.0,Eucerin,2181111373,False
4337,1,1,neutral,False,False,False,5.0,Eucerin,2181111373,False
4339,1,1,neutral,False,False,False,5.0,Eucerin,2181111373,False
4340,2,2,positive,False,True,True,5.0,Eucerin,2181111373,False
4342,4,2,positive,False,True,True,5.0,Eucerin,2181111373,False
4343,1,1,positive,False,True,False,5.0,Eucerin,2181111373,False
4344,1,1,positive,False,True,False,5.0,Eucerin,2181111373,False
4345,1,1,positive,False,True,False,5.0,Eucerin,2181111373,False
4347,1,1,neutral,False,False,False,5.0,Eucerin,2181111373,False
4348,1,1,neutral,False,False,False,5.0,Eucerin,2181111373,False
4349,1,1,neutral,False,False,False,5.0,Eucerin,2181111373,False
4350,1,1,positive,False,True,False,5.0,Eucerin,2181111373,False
4352,1,1,negative,True,False,False,5.0,Eucerin,2181111373,True
4353,1,1,neutral,False,False,False,5.0,Eucerin,2181111373,False
4354,3,3,positive,False,True,False,5.0,Eucerin,2181111373,False
4355,1,1,neutral,False,False,False,5.0,Eucerin,2181111373,False
4356,1,1,neutral,False,False,False,5.0,Eucerin,2181111373,False
4357,1,1,positive,False,True,False,5.0,Eucerin,2181111373,False
4358,1,1,neutral,False,False,False,5.0,Eucerin,2181111373,False
4360,1,1,positive,False,True,False,5.0,Eucerin,2181111373,False
4362,2,2,neutral,False,False,False,5.0,Eucerin,2181111373,False
4363,2,2,neutral,False,True,True,5.0,Eucerin,2181111373,False
4364,2,2,positive,False,True,False,5.0,Eucerin,2181111373,False
4365,1,1,neutral,False,False,False,5.0,Eucerin,2181111373,False
4368,2,2,negative,True,False,True,5.0,Eucerin,2181111373,True
4369,7,1,neutral,False,True,True,5.0,Eucerin,2181111373,False
4370,3,2,positive,True,True,True,5.0,Eucerin,2181111373,True
4371,2,2,negative,True,False,True,5.0,Eucerin,2181111373,True
4373,2,2,neutral,False,True,True,5.0,Eucerin,2181111373,False
4375,1,1,positive,False,True,False,5.0,Eucerin,2181111373,False
4376,2,1,neutral,True,False,True,5.0,Eucerin,2181111373,True
4377,2,2,positive,False,True,False,5.0,Eucerin,2181111373,False
4378,1,1,neutral,False,False,False,5.0,Eucerin,2181111373,False
4379,2,2,positive,False,True,False,5.0,Eucerin,3205009444,False
4380,1,1,neutral,False,False,False,5.0,Eucerin,3205009444,False
4381,1,1,neutral,False,False,False,1.0,Eucerin,2120362531,False
4388,9,3,positive,False,True,True,5.0,Eucerin,2120362531,False
4389,3,3,positive,False,True,False,5.0,Eucerin,2120362531,False
4390,4,4,positive,False,True,True,5.0,Eucerin,2120362531,False
4391,5,3,positive,False,True,False,5.0,Eucerin,2120362531,False
4392,1,1,neutral,False,False,False,5.0,Eucerin,2120362531,False
4395,1,1,positive,False,True,False,5.0,Eucerin,2120362531,False
4396,1,1,positive,False,True,False,5.0,Eucerin,2120362531,False
4397,2,2,positive,False,True,False,5.0,Eucerin,2120362531,False
4398,2,2,positive,False,True,False,5.0,Eucerin,2120362531,False
4400,2,2,positive,False,True,False,5.0,Eucerin,2120362531,False
4401,3,2,positive,False,True,False,5.0,Eucerin,2120362531,False
4402,2,2,positive,False,True,False,5.0,Eucerin,2120362531,False
4403,1,1,positive,False,True,False,5.0,Eucerin,2120362531,False
4404,4,4,positive,False,True,True,5.0,Eucerin,2120362531,False
4405,2,2,positive,False,True,False,5.0,Eucerin,2120362531,False
4406,1,1,positive,False,True,False,5.0,Eucerin,2120362531,False
4407,3,3,positive,False,True,False,5.0,Eucerin,2120362531,False
4408,1,1,neutral,False,False,False,5.0,Eucerin,2120362531,False
4409,3,2,positive,False,True,False,5.0,Eucerin,2120362531,False
4410,2,2,neutral,False,True,True,5.0,Eucerin,2120362531,False
4411,2,1,positive,False,True,True,5.0,Eucerin,2120362531,False
4412,2,2,positive,False,True,False,5.0,Eucerin,2120362531,False
4413,4,3,positive,False,True,True,5.0,Eucerin,2120362531,False
4414,4,3,positive,False,True,False,5.0,Eucerin,2120362531,False
4415,4,3,positive,False,True,False,5.0,Eucerin,2120362531,False
4416,1,1,positive,False,True,False,5.0,Eucerin,2120362531,False
4417,1,1,neutral,False,False,False,5.0,Eucerin,2120362531,False
4418,1,1,positive,False,True,False,5.0,Eucerin,2120362531,False
4419,2,2,neutral,False,True,True,5.0,Eucerin,2120362531,False
4421,1,1,positive,False,True,False,5.0,Eucerin,2120362531,False
4422,2,2,positive,False,True,False,5.0,Eucerin,2120362531,False
4424,1,1,positive,False,True,False,5.0,Eucerin,2120362531,False
4425,3,3,positive,False,True,True,5.0,Eucerin,2120362531,False
4426,2,1,positive,False,True,False,5.0,Eucerin,2120362531,False
4427,3,3,positive,False,True,True,5.0,Eucerin,2120362531,False
4428,2,2,positive,False,True,True,5.0,Eucerin,2120362531,False
4429,4,2,positive,False,True,True,5.0,Eucerin,2120362531,False
4430,3,2,positive,False,True,True,5.0,Eucerin,2120362531,False
4431,1,1,positive,False,True,False,5.0,Eucerin,2120362531,False
4432,1,1,positive,False,True,False,5.0,Eucerin,2120362531,False
4435,3,2,neutral,False,False,False,5.0,Eucerin,2120362531,False
4436,4,4,positive,False,True,True,5.0,Eucerin,2120362531,False
4437,1,1,neutral,False,False,False,5.0,Eucerin,2120362531,False
4438,4,3,positive,False,True,True,5.0,Eucerin,2120362531,False
4439,5,3,neutral,False,True,True,5.0,Eucerin,2120362531,False
4440,3,3,positive,False,True,True,5.0,Eucerin,2120362531,False
4441,1,1,neutral,False,False,False,5.0,Eucerin,2120362531,False
4442,1,1,neutral,False,False,False,5.0,Eucerin,2120362531,False
4445,3,3,positive,False,True,True,5.0,Eucerin,2120362531,False
4446,3,3,positive,False,True,False,5.0,Eucerin,2120362531,False
4449,3,3,positive,False,True,False,5.0,Eucerin,2120362531,False
4450,1,1,positive,False,True,False,5.0,Eucerin,2120362531,False
4451,1,1,positive,False,True,False,5.0,Eucerin,2120362531,False
4452,3,3,positive,False,True,True,5.0,Eucerin,2120362531,False
4455,1,1,neutral,False,False,False,5.0,Eucerin,2120362531,False
4456,4,4,positive,False,True,False,5.0,Eucerin,2120362531,False
4457,1,1,neutral,False,False,False,5.0,Eucerin,2120362531,False
4458,1,1,neutral,False,False,False,5.0,Eucerin,2120362531,False
4460,2,2,positive,False,True,True,5.0,Eucerin,2120362531,False
4461,2,2,positive,False,True,False,5.0,Eucerin,2120362531,False
4462,5,4,positive,True,True,True,5.0,Eucerin,2120362531,True
4463,1,1,positive,False,True,False,5.0,Eucerin,2120362531,False
4465,9,4,positive,False,True,True,5.0,Eucerin,2120362531,False
4466,2,2,neutral,False,False,False,5.0,Eucerin,2120362531,False
4467,2,2,positive,False,True,True,5.0,Eucerin,2120362531,False
4469,3,3,positive,False,True,False,5.0,Eucerin,2120362531,False
4470,2,2,positive,False,True,False,5.0,Eucerin,2120362531,False
4471,2,2,positive,False,True,True,5.0,Eucerin,2120362531,False
4473,1,1,neutral,False,False,False,5.0,Eucerin,2120362531,False
4482,1,1,positive,False,True,False,4.0,Eucerin,2120272782,False
4483,1,1,positive,False,True,False,4.0,Eucerin,2120272782,False
4486,3,3,neutral,False,True,True,4.0,Eucerin,2120272782,False
4487,1,1,positive,False,True,False,5.0,Eucerin,2120272782,False
4488,4,4,positive,False,True,True,5.0,Eucerin,2120272782,False
4489,1,1,positive,False,True,False,5.0,Eucerin,2120272782,False
4490,1,1,positive,False,True,False,5.0,Eucerin,2120272782,False
4491,2,1,neutral,False,True,True,5.0,Eucerin,2120272782,False
4492,1,1,positive,False,True,False,5.0,Eucerin,2120272782,False
4494,1,1,positive,False,True,False,5.0,Eucerin,2120272782,False
4495,3,1,neutral,False,True,True,5.0,Eucerin,2120272782,False
4496,1,1,positive,False,True,False,5.0,Eucerin,2120272782,False
4497,3,3,negative,True,False,False,5.0,Eucerin,2120272782,True
4498,2,2,neutral,False,False,False,5.0,Eucerin,2120272782,False
4502,3,1,positive,True,True,True,5.0,Eucerin,2120272782,True
4503,1,1,positive,False,True,False,5.0,Eucerin,2120272782,False
4504,1,1,neutral,False,False,False,5.0,Eucerin,2120272782,False
4505,2,1,positive,False,True,True,5.0,Eucerin,2120272782,False
4506,3,2,neutral,False,True,True,5.0,Eucerin,2120272782,False
4507,1,1,neutral,False,False,False,5.0,Eucerin,2120272782,False
4508,2,1,neutral,False,True,True,5.0,Eucerin,2120272782,False
4509,3,2,neutral,False,True,True,5.0,Eucerin,2120272782,False
4510,1,1,neutral,False,False,False,5.0,Eucerin,2120272782,False
4511,1,1,positive,False,True,False,5.0,Eucerin,2120272782,False
4512,2,1,positive,False,True,True,5.0,Eucerin,2120272782,False
4513,1,1,positive,False,True,False,5.0,Eucerin,2120272782,False
4514,4,2,neutral,False,True,True,5.0,Eucerin,2120272782,False
4515,2,1,neutral,False,True,True,5.0,Eucerin,2120272782,False
4516,3,3,neutral,False,False,False,5.0,Eucerin,2120272782,False
4517,2,2,positive,False,True,False,5.0,Eucerin,2120272782,False
4518,3,1,positive,False,True,True,5.0,Eucerin,2120272782,False
4519,2,2,negative,True,False,True,5.0,Eucerin,2120272782,True
4520,4,2,positive,False,True,True,5.0,Eucerin,2120272782,False
4521,1,1,positive,False,True,False,5.0,Eucerin,2120272782,False
4522,2,1,positive,False,True,True,5.0,Eucerin,2120272782,False
4523,1,1,neutral,False,False,False,5.0,Eucerin,2120272782,False
4525,1,1,neutral,False,False,False,5.0,Eucerin,2120272782,False
4526,1,1,positive,False,True,False,5.0,Eucerin,2120272782,False
4528,1,1,neutral,False,False,False,5.0,Eucerin,2120272782,False
4529,6,4,positive,True,True,True,5.0,Eucerin,2120272782,True
4530,3,3,positive,False,True,False,5.0,Eucerin,2120272782,False
4531,4,3,neutral,False,True,True,5.0,Eucerin,2120272782,False
4532,3,3,positive,False,True,False,5.0,Eucerin,2120272782,False
4533,3,3,positive,False,True,False,5.0,Eucerin,2120272782,False
4534,1,1,positive,False,True,False,5.0,Eucerin,2120272782,False
4535,1,1,neutral,False,False,False,5.0,Eucerin,2120272782,False
4536,1,1,positive,False,True,False,5.0,Eucerin,2120272782,False
4537,3,2,neutral,False,False,False,5.0,Eucerin,2120272782,False
4539,2,2,positive,False,True,False,5.0,Eucerin,2120272782,False
4540,2,1,positive,False,True,True,5.0,Eucerin,2120272782,False
4543,2,2,positive,False,True,False,5.0,Eucerin,2120272782,False
4545,2,2,neutral,False,False,False,5.0,Eucerin,2120272782,False
4547,4,4,neutral,False,True,True,5.0,Eucerin,2120272782,False
4549,1,1,neutral,False,False,False,5.0,Eucerin,2120272782,False
4551,2,2,neutral,False,True,True,5.0,Eucerin,2120272782,False
4552,2,2,positive,False,True,True,5.0,Eucerin,2120272782,False
4555,1,1,neutral,False,False,False,5.0,Eucerin,2120272782,False
4556,1,1,positive,False,True,False,5.0,Eucerin,2120272782,False
4557,3,2,neutral,False,True,True,5.0,Eucerin,2120272782,False
4560,1,1,neutral,False,False,False,5.0,Eucerin,2120272782,False
4561,1,1,neutral,False,False,False,5.0,Eucerin,2120272782,False
4563,6,4,neutral,False,True,True,5.0,Eucerin,2120272782,False
4564,3,2,neutral,False,False,False,5.0,Eucerin,2120272782,False
4566,2,2,positive,False,True,False,5.0,Eucerin,2120272782,False
4568,2,2,neutral,False,False,False,5.0,Eucerin,2120272782,False
4569,4,3,neutral,True,False,True,5.0,Eucerin,2120272782,True
4570,4,4,positive,False,True,True,5.0,Eucerin,2120272782,False
4571,2,2,negative,True,False,False,5.0,Eucerin,2120272782,True
4574,4,3,positive,False,True,True,5.0,Eucerin,2120272782,False
4575,1,1,negative,True,False,False,5.0,Eucerin,2120272782,True
4576,4,3,positive,False,True,True,5.0,Eucerin,2120272782,False
4577,2,2,neutral,False,False,False,5.0,Eucerin,2120272782,False
4579,1,1,neutral,False,False,False,5.0,Eucerin,2826279167,False
4580,2,1,neutral,False,False,False,5.0,Eucerin,2826279167,False
4581,3,3,positive,False,True,False,5.0,Eucerin,2826279167,False
4582,4,2,neutral,False,False,False,5.0,Eucerin,2826279167,False
4583,1,1,neutral,False,False,False,5.0,Eucerin,2826279167,False
4584,2,2,neutral,False,True,True,1.0,Eucerin,2120247893,False
4589,1,1,positive,False,True,False,4.0,Eucerin,2120247893,False
4590,2,2,positive,False,True,False,4.0,Eucerin,2120247893,False
4591,4,4,neutral,False,False,False,4.0,Eucerin,2120247893,False
4593,1,1,positive,False,True,False,5.0,Eucerin,2120247893,False
4594,2,2,positive,False,True,False,5.0,Eucerin,2120247893,False
4595,1,1,positive,False,True,False,5.0,Eucerin,2120247893,False
4596,1,1,neutral,False,False,False,5.0,Eucerin,2120247893,False
4598,3,2,neutral,False,True,True,5.0,Eucerin,2120247893,False
4599,1,1,positive,False,True,False,5.0,Eucerin,2120247893,False
4600,1,1,neutral,False,False,False,5.0,Eucerin,2120247893,False
4601,2,1,neutral,False,False,False,5.0,Eucerin,2120247893,False
4602,3,2,positive,False,True,False,5.0,Eucerin,2120247893,False
4603,1,1,neutral,False,False,False,5.0,Eucerin,2120247893,False
4604,1,1,positive,False,True,False,5.0,Eucerin,2120247893,False
4606,2,1,neutral,False,False,False,5.0,Eucerin,2120247893,False
4607,1,1,neutral,False,False,False,5.0,Eucerin,2120247893,False
4608,1,1,positive,False,True,False,5.0,Eucerin,2120247893,False
4609,6,4,neutral,False,True,True,5.0,Eucerin,2120247893,False
4611,1,1,neutral,False,False,False,5.0,Eucerin,2120247893,False
4613,2,1,positive,False,True,False,5.0,Eucerin,2120247893,False
4615,3,2,neutral,False,True,True,5.0,Eucerin,2120247893,False
4616,3,2,positive,False,True,True,5.0,Eucerin,2120247893,False
4618,2,2,positive,False,True,False,5.0,Eucerin,2120247893,False
4620,1,1,positive,False,True,False,5.0,Eucerin,2120247893,False
4622,2,2,negative,True,True,True,5.0,Eucerin,2120247893,True
4625,2,1,neutral,False,True,True,5.0,Eucerin,2120247893,False
4626,3,3,positive,False,True,True,5.0,Eucerin,2120247893,False
4627,2,2,neutral,False,False,False,5.0,Eucerin,2120247893,False
4629,2,1,positive,False,True,False,5.0,Eucerin,2120247893,False
4630,2,1,neutral,False,False,False,5.0,Eucerin,2120247893,False
4631,1,1,positive,False,True,False,5.0,Eucerin,2120247893,False
4632,3,3,positive,False,True,False,5.0,Eucerin,2120247893,False
4633,2,2,neutral,False,False,False,5.0,Eucerin,2120247893,False
4634,2,2,neutral,False,False,False,5.0,Eucerin,2120247893,False
4635,2,1,positive,False,True,True,5.0,Eucerin,2120247893,False
4636,4,4,neutral,False,True,True,5.0,Eucerin,2120247893,False
4637,4,3,positive,False,True,False,5.0,Eucerin,2120247893,False
4638,3,2,positive,False,True,True,5.0,Eucerin,2120247893,False
4639,1,1,positive,False,True,False,5.0,Eucerin,2120247893,False
4640,2,1,positive,False,True,True,5.0,Eucerin,2120247893,False
4641,2,2,neutral,False,True,True,5.0,Eucerin,2120247893,False
4642,2,1,positive,False,True,False,5.0,Eucerin,2120247893,False
4643,1,1,neutral,False,False,False,5.0,Eucerin,2120247893,False
4644,2,2,positive,False,True,True,5.0,Eucerin,2120247893,False
4646,1,1,positive,False,True,False,5.0,Eucerin,2120247893,False
4647,2,2,positive,False,True,False,5.0,Eucerin,2120247893,False
4648,2,2,positive,False,True,False,5.0,Eucerin,2120247893,False
4649,2,2,neutral,False,True,True,5.0,Eucerin,2120247893,False
4650,1,1,positive,False,True,False,5.0,Eucerin,2120247893,False
4652,1,1,neutral,False,False,False,5.0,Eucerin,2120247893,False
4655,2,2,positive,False,True,False,5.0,Eucerin,2120247893,False
4658,2,2,negative,True,False,True,5.0,Eucerin,2120247893,True
4659,3,3,positive,False,True,True,5.0,Eucerin,2120247893,False
4660,1,1,positive,False,True,False,5.0,Eucerin,2120247893,False
4661,3,3,positive,False,True,False,5.0,Eucerin,2120247893,False
4662,2,1,neutral,False,True,True,5.0,Eucerin,2120247893,False
4663,2,2,neutral,False,False,False,5.0,Eucerin,2120247893,False
4664,1,1,neutral,False,False,False,5.0,Eucerin,2120247893,False
4665,1,1,neutral,False,False,False,5.0,Eucerin,2120247893,False
4666,3,1,positive,True,True,True,5.0,Eucerin,2120247893,True
4667,1,1,neutral,False,False,False,5.0,Eucerin,2120247893,False
4668,1,1,positive,False,True,False,5.0,Eucerin,2120247893,False
4669,3,3,neutral,False,True,True,5.0,Eucerin,2120247893,False
4671,1,1,neutral,False,False,False,5.0,Eucerin,2120247893,False
4672,1,1,positive,False,True,False,5.0,Eucerin,2120247893,False
4673,1,1,positive,False,True,False,5.0,Eucerin,2120247893,False
4674,1,1,neutral,False,False,False,5.0,Eucerin,2120247893,False
4677,3,2,neutral,False,True,True,5.0,Eucerin,2120247893,False
4678,3,2,neutral,False,True,True,5.0,Eucerin,2120247893,False
4681,1,1,neutral,False,False,False,4.0,Eucerin,2120286734,False
4682,1,1,neutral,False,False,False,5.0,Eucerin,2120286734,False
4683,1,1,positive,False,True,False,5.0,Eucerin,2120286734,False
4685,1,1,positive,False,True,False,5.0,Eucerin,2120286734,False
4688,3,2,positive,False,True,True,5.0,Eucerin,2120286734,False
4689,2,2,positive,False,True,True,5.0,Eucerin,2120286734,False
4690,2,2,neutral,False,True,True,5.0,Eucerin,2120286734,False
4693,1,1,negative,True,False,False,5.0,Eucerin,2120286734,True
4694,2,1,neutral,False,True,True,5.0,Eucerin,2120286734,False
4698,1,1,positive,False,True,False,5.0,Eucerin,2120286734,False
4699,2,2,neutral,False,False,False,5.0,Eucerin,2120286734,False
4700,2,2,positive,True,True,True,5.0,Eucerin,2120286734,True
4701,1,1,positive,False,True,False,5.0,Eucerin,2120286734,False
4703,3,2,neutral,False,True,True,5.0,Eucerin,2120286734,False
4704,1,1,positive,False,True,False,5.0,Eucerin,2120286734,False
4705,1,1,positive,False,True,False,5.0,Eucerin,2120286734,False
4706,1,1,positive,False,True,False,5.0,Eucerin,2120286734,False
4708,4,2,neutral,False,False,False,5.0,Eucerin,2120286734,False
4709,1,1,positive,False,True,False,5.0,Eucerin,2120286734,False
4711,3,1,neutral,False,True,True,5.0,Eucerin,2120286734,False
4713,1,1,neutral,False,False,False,5.0,Eucerin,2120286734,False
4714,4,3,positive,False,True,False,5.0,Eucerin,2120286734,False
4715,3,3,positive,False,True,False,5.0,Eucerin,2120286734,False
4716,1,1,positive,False,True,False,5.0,Eucerin,2120286734,False
4717,1,1,negative,True,False,False,5.0,Eucerin,2120286734,True
4719,1,1,neutral,False,False,False,5.0,Eucerin,2120286734,False
4721,1,1,neutral,False,False,False,5.0,Eucerin,2120286734,False
4722,1,1,positive,False,True,False,5.0,Eucerin,2120286734,False
4725,2,2,positive,False,True,False,5.0,Eucerin,2120286734,False
4727,1,1,neutral,False,False,False,5.0,Eucerin,2120286734,False
4728,1,1,neutral,False,False,False,5.0,Eucerin,2120286734,False
4730,3,2,positive,False,True,True,5.0,Eucerin,2120286734,False
4731,3,3,positive,False,True,False,5.0,Eucerin,2120286734,False
4732,1,1,neutral,False,False,False,1.0,Eucerin,2120245865,False
4734,1,1,neutral,False,False,False,4.0,Eucerin,2120245865,False
4735,3,3,positive,False,True,False,5.0,Eucerin,2120245865,False
4736,3,2,neutral,False,True,True,5.0,Eucerin,2120245865,False
4737,1,1,positive,False,True,False,5.0,Eucerin,2120245865,False
4738,4,2,positive,False,True,True,5.0,Eucerin,2120245865,False
4739,2,1,positive,False,True,False,5.0,Eucerin,2120245865,False
4743,3,2,neutral,False,False,False,5.0,Eucerin,2120245865,False
4744,1,1,positive,False,True,False,5.0,Eucerin,2120245865,False
4745,1,1,positive,False,True,False,5.0,Eucerin,2120245865,False
4747,2,2,neutral,False,True,True,5.0,Eucerin,2120245865,False
4749,1,1,positive,False,True,False,5.0,Eucerin,2120245865,False
4750,2,1,positive,False,True,False,5.0,Eucerin,2120245865,False
4751,1,1,positive,False,True,False,5.0,Eucerin,2120245865,False
4752,2,2,positive,False,True,True,5.0,Eucerin,2120245865,False
4753,2,1,positive,False,True,False,5.0,Eucerin,2120245865,False
4754,3,2,positive,False,True,True,5.0,Eucerin,2120245865,False
4755,2,2,neutral,False,True,True,5.0,Eucerin,2120245865,False
4757,2,1,positive,False,True,False,5.0,Eucerin,2120245865,False
4758,1,1,positive,False,True,False,5.0,Eucerin,2120245865,False
4759,2,1,positive,False,True,True,5.0,Eucerin,2120245865,False
4760,2,2,neutral,False,True,True,5.0,Eucerin,2120245865,False
4763,2,2,positive,False,True,True,5.0,Eucerin,2120245865,False
4764,2,2,neutral,False,False,False,5.0,Eucerin,2120245865,False
4765,1,1,positive,False,True,False,5.0,Eucerin,2120245865,False
4766,3,1,positive,False,True,True,5.0,Eucerin,2120245865,False
4768,2,1,positive,False,True,False,5.0,Eucerin,2120245865,False
4769,1,1,negative,True,False,False,5.0,Eucerin,2120245865,True
4770,2,1,positive,False,True,True,5.0,Eucerin,2120245865,False
4772,2,2,positive,False,True,False,5.0,Eucerin,2120245865,False
4773,1,1,neutral,False,False,False,5.0,Eucerin,2120245865,False
4774,1,1,positive,False,True,False,5.0,Eucerin,2120245865,False
4775,1,1,positive,False,True,False,5.0,Eucerin,2120245865,False
4777,2,1,positive,False,True,False,5.0,Eucerin,2120245865,False
4778,2,1,positive,False,True,False,5.0,Eucerin,2120245865,False
4779,2,2,positive,False,True,True,5.0,Eucerin,2120245865,False
4780,1,1,positive,False,True,False,5.0,Eucerin,2120245865,False
4781,1,1,positive,False,True,False,5.0,Eucerin,2120245865,False
4782,1,1,neutral,False,False,False,5.0,Eucerin,2120245865,False
4786,1,1,neutral,False,False,False,5.0,Eucerin,2120245865,False
4787,1,1,positive,False,True,False,5.0,Eucerin,2120245865,False
4789,1,1,neutral,False,False,False,5.0,Eucerin,2120245865,False
4790,1,1,positive,False,True,False,5.0,Eucerin,2120245865,False
4791,1,1,neutral,False,False,False,5.0,Eucerin,2120245865,False
4792,1,1,positive,False,True,False,5.0,Eucerin,2120245865,False
4793,2,2,neutral,False,False,False,5.0,Eucerin,2120245865,False
4794,1,1,positive,False,True,False,5.0,Eucerin,2120245865,False
4795,1,1,positive,False,True,False,5.0,Eucerin,2120245865,False
4796,1,1,positive,False,True,False,5.0,Eucerin,2120245865,False
4797,2,1,positive,False,True,False,5.0,Eucerin,2120245865,False
4798,1,1,positive,False,True,False,5.0,Eucerin,2120245865,False
4799,1,1,positive,False,True,False,5.0,Eucerin,2120245865,False
4800,2,2,positive,False,True,True,5.0,Eucerin,2120245865,False
4803,4,3,positive,False,True,True,5.0,Eucerin,2120245865,False
4804,1,1,positive,False,True,False,5.0,Eucerin,2120245865,False
4805,1,1,positive,False,True,False,5.0,Eucerin,2120245865,False
4806,1,1,neutral,False,False,False,5.0,Eucerin,2120245865,False
4807,1,1,neutral,False,False,False,5.0,Eucerin,2120245865,False
4809,2,2,neutral,False,True,True,5.0,Eucerin,2120245865,False
4811,2,1,positive,False,True,True,5.0,Eucerin,2120245865,False
4812,4,4,positive,False,True,False,5.0,Eucerin,2120245865,False
4813,5,4,positive,False,True,False,5.0,Eucerin,2120245865,False
4814,2,2,neutral,False,False,False,5.0,Eucerin,2120245865,False
4815,2,2,neutral,False,True,True,5.0,Eucerin,2120245865,False
4817,2,1,positive,False,True,False,5.0,Eucerin,2120245865,False
4818,1,1,positive,False,True,False,5.0,Eucerin,2120245865,False
4819,3,3,neutral,False,False,False,5.0,Eucerin,2120245865,False
4821,1,1,neutral,False,False,False,5.0,Eucerin,2120245865,False
4822,1,1,positive,False,True,False,5.0,Eucerin,2120245865,False
4823,1,1,positive,False,True,False,5.0,Eucerin,2120245865,False
4826,2,2,neutral,False,True,True,4.0,Eucerin,2120354582,False
4827,1,1,positive,False,True,False,4.0,Eucerin,2120354582,False
4828,2,1,neutral,False,False,False,5.0,Eucerin,2120354582,False
4829,1,1,positive,False,True,False,5.0,Eucerin,2120354582,False
4830,4,1,positive,False,True,False,5.0,Eucerin,2120354582,False
4834,3,3,neutral,False,False,False,5.0,Eucerin,2120354582,False
4836,1,1,neutral,False,False,False,5.0,Eucerin,2120354582,False
4838,3,3,neutral,False,False,False,5.0,Eucerin,2120354582,False
4839,1,1,positive,False,True,False,5.0,Eucerin,2120354582,False
4840,1,1,positive,False,True,False,5.0,Eucerin,2120354582,False
4842,2,1,positive,False,True,False,5.0,Eucerin,2120354582,False
4843,2,1,neutral,False,True,True,5.0,Eucerin,2120354582,False
4846,2,1,neutral,False,True,True,5.0,Eucerin,2120354582,False
4847,3,2,positive,False,True,True,5.0,Eucerin,2120354582,False
4848,1,1,neutral,False,False,False,5.0,Eucerin,2120354582,False
4849,1,1,positive,False,True,False,5.0,Eucerin,2120354582,False
4851,2,2,positive,False,True,False,5.0,Eucerin,2120354582,False
4852,1,1,negative,True,False,False,5.0,Eucerin,2120354582,True
4853,1,1,positive,False,True,False,5.0,Eucerin,2120354582,False
4854,2,2,neutral,False,False,False,5.0,Eucerin,2120354582,False
4855,5,3,neutral,False,False,False,5.0,Eucerin,2120354582,False
4856,1,1,positive,False,True,False,5.0,Eucerin,2120354582,False
4857,2,2,positive,False,True,False,5.0,Eucerin,2120354582,False
4858,1,1,positive,False,True,False,5.0,Eucerin,2120354582,False
4859,3,2,neutral,False,True,True,5.0,Eucerin,2120354582,False
4860,1,1,positive,False,True,False,5.0,Eucerin,2120354582,False
4861,3,3,positive,False,True,True,5.0,Eucerin,2120354582,False
4862,1,1,neutral,False,False,False,5.0,Eucerin,2120354582,False
4863,2,2,positive,False,True,False,5.0,Eucerin,2120354582,False
4864,1,1,positive,False,True,False,5.0,Eucerin,2120354582,False
4866,5,4,neutral,False,True,True,5.0,Eucerin,2120354582,False
4867,3,3,neutral,False,False,False,5.0,Eucerin,2120354582,False
4868,3,3,positive,False,True,False,5.0,Eucerin,2120354582,False
4869,2,2,positive,False,True,True,5.0,Eucerin,2120354582,False
4872,5,4,positive,False,True,True,5.0,Eucerin,2120354582,False
4873,1,1,negative,True,False,False,5.0,Eucerin,2120354582,True
4875,3,3,neutral,False,False,False,5.0,Eucerin,2120354582,False
4876,2,2,neutral,False,False,False,5.0,Eucerin,2120354582,False
4878,1,1,positive,False,True,False,5.0,Eucerin,2120354582,False
4879,1,1,positive,False,True,False,5.0,Eucerin,2120354582,False
4880,1,1,positive,False,True,False,5.0,Eucerin,2120354582,False
4883,3,3,neutral,False,False,False,5.0,Eucerin,2120354582,False
4884,1,1,neutral,False,False,False,5.0,Eucerin,2120354582,False
4885,4,2,positive,False,True,True,5.0,Eucerin,2120354582,False
4887,1,1,neutral,False,False,False,5.0,Eucerin,2120354582,False
4888,3,2,positive,False,True,True,5.0,Eucerin,2120354582,False
4889,4,4,neutral,False,True,True,5.0,Eucerin,2120354582,False
4892,3,3,positive,False,True,False,5.0,Eucerin,2120354582,False
4893,3,2,positive,False,True,True,5.0,Eucerin,2120354582,False
4894,4,3,positive,True,True,True,5.0,Eucerin,2120354582,True
4895,1,1,neutral,False,False,False,5.0,Eucerin,2120354582,False
4897,1,1,negative,True,False,False,1.0,Eucerin,2120271814,False
4898,1,1,positive,False,True,False,1.0,Eucerin,2120271814,False
4899,1,1,neutral,False,False,False,1.0,Eucerin,2120271814,False
4900,1,1,neutral,False,False,False,1.0,Eucerin,2120271814,False
4901,3,3,negative,True,False,True,3.0,Eucerin,2120271814,False
4905,1,1,positive,False,True,False,4.0,Eucerin,2120271814,False
4907,1,1,neutral,False,False,False,4.0,Eucerin,2120271814,False
4908,2,2,neutral,False,False,False,4.0,Eucerin,2120271814,False
4909,3,3,neutral,False,True,True,4.0,Eucerin,2120271814,False
4910,1,1,positive,False,True,False,4.0,Eucerin,2120271814,False
4912,1,1,positive,False,True,False,4.0,Eucerin,2120271814,False
4913,3,2,neutral,False,False,False,4.0,Eucerin,2120271814,False
4916,1,1,positive,False,True,False,5.0,Eucerin,2120271814,False
4917,1,1,positive,False,True,False,5.0,Eucerin,2120271814,False
4919,2,1,positive,False,True,True,5.0,Eucerin,2120271814,False
4920,2,2,positive,False,True,False,5.0,Eucerin,2120271814,False
4921,2,2,positive,False,True,True,5.0,Eucerin,2120271814,False
4922,1,1,neutral,False,False,False,5.0,Eucerin,2120271814,False
4927,1,1,neutral,False,False,False,5.0,Eucerin,2120271814,False
4928,1,1,positive,False,True,False,5.0,Eucerin,2120271814,False
4929,2,1,neutral,False,False,False,5.0,Eucerin,2120271814,False
4930,5,5,neutral,False,True,True,5.0,Eucerin,2120271814,False
4931,1,1,neutral,False,False,False,5.0,Eucerin,2120271814,False
4933,3,2,positive,False,True,True,5.0,Eucerin,2120271814,False
4935,1,1,neutral,False,False,False,5.0,Eucerin,2120271814,False
4936,2,1,neutral,False,False,False,5.0,Eucerin,2120271814,False
4939,1,1,neutral,False,False,False,5.0,Eucerin,2120271814,False
4940,1,1,positive,False,True,False,5.0,Eucerin,2120271814,False
4942,1,1,positive,False,True,False,5.0,Eucerin,2120271814,False
4946,1,1,neutral,False,False,False,5.0,Eucerin,2120271814,False
4947,1,1,neutral,False,False,False,5.0,Eucerin,2120271814,False
4948,1,1,positive,False,True,False,5.0,Eucerin,2120271814,False
4949,1,1,neutral,False,False,False,5.0,Eucerin,2120271814,False
4950,2,2,positive,False,True,True,5.0,Eucerin,2120271814,False
4951,1,1,neutral,False,False,False,5.0,Eucerin,2120271814,False
4954,1,1,neutral,False,False,False,5.0,Eucerin,2120271814,False
4955,1,1,positive,False,True,False,5.0,Eucerin,2120271814,False
4956,3,2,neutral,False,True,True,5.0,Eucerin,2120271814,False
4959,5,1,positive,False,True,True,5.0,Eucerin,2120271814,False
4961,1,1,positive,False,True,False,5.0,Eucerin,2120271814,False
4964,1,1,neutral,False,False,False,5.0,Eucerin,2120271814,False
4966,1,1,neutral,False,False,False,5.0,Eucerin,2120271814,False
4969,1,1,neutral,False,False,False,5.0,Eucerin,2120271814,False
4971,2,1,positive,False,True,False,5.0,Eucerin,2120271814,False
4972,1,1,neutral,False,False,False,5.0,Eucerin,2120271814,False
4973,7,5,negative,True,True,True,5.0,Eucerin,2120271814,True
4975,1,1,neutral,False,False,False,5.0,Eucerin,2120271814,False
4976,2,2,neutral,False,False,False,5.0,Eucerin,2120271814,False
4977,1,1,neutral,False,False,False,5.0,Eucerin,2120271814,False
4981,1,1,positive,False,True,False,5.0,Eucerin,2120271814,False
4983,2,2,neutral,False,False,False,5.0,Eucerin,2120271814,False
4984,1,1,neutral,False,False,False,5.0,Eucerin,2120271814,False
4986,1,1,neutral,False,False,False,5.0,Eucerin,2120271814,False
4988,1,1,positive,False,True,False,5.0,Eucerin,2120271814,False
4989,2,2,positive,False,True,True,5.0,Eucerin,2120271814,False
4990,2,2,positive,False,True,False,5.0,Eucerin,2120271814,False
4991,1,1,positive,False,True,False,5.0,Eucerin,2120271814,False
4992,4,3,positive,False,True,False,5.0,Eucerin,2120271814,False
4993,1,1,positive,False,True,False,5.0,Eucerin,2120271814,False
4994,2,2,positive,False,True,True,5.0,Eucerin,2120271814,False
4997,1,1,positive,False,True,False,5.0,Eucerin,2120271814,False
4999,2,2,neutral,False,False,False,5.0,Eucerin,2120271814,False
5000,2,1,neutral,False,False,False,5.0,Eucerin,2120271814,False
5001,1,1,positive,False,True,False,5.0,Eucerin,2120271814,False
5002,2,1,neutral,False,False,False,5.0,Eucerin,2120271814,False
5003,1,1,positive,False,True,False,5.0,Eucerin,2120271814,False
5004,1,1,positive,False,True,False,5.0,Eucerin,2120271814,False
5007,1,1,neutral,False,False,False,5.0,Eucerin,2495957050,False
5009,1,1,neutral,False,False,False,5.0,Eucerin,2495957050,False
5012,3,3,positive,False,True,False,5.0,Eucerin,2495957050,False
5013,2,2,positive,False,True,False,5.0,Eucerin,2495957050,False
5015,1,1,positive,False,True,False,5.0,Eucerin,2495957050,False
5016,2,1,neutral,False,True,True,5.0,Eucerin,2495957050,False
5017,1,1,positive,False,True,False,5.0,Eucerin,2495957050,False
5018,2,1,positive,False,True,True,5.0,Eucerin,2495957050,False
5019,1,1,neutral,False,False,False,5.0,Eucerin,2495957050,False
5024,1,1,positive,False,True,False,5.0,Eucerin,2495957050,False
5026,3,3,positive,False,True,True,5.0,Eucerin,2495957050,False
5027,2,2,neutral,False,False,False,5.0,Eucerin,2495957050,False
5029,2,2,positive,False,True,False,5.0,Eucerin,2495957050,False
5030,1,1,positive,False,True,False,5.0,Eucerin,2495957050,False
5032,1,1,neutral,False,False,False,5.0,Eucerin,2495957050,False
5033,1,1,positive,False,True,False,5.0,Eucerin,2495957050,False
5034,1,1,positive,False,True,False,5.0,Eucerin,2495957050,False
5035,1,1,neutral,False,False,False,5.0,Eucerin,2495957050,False
5036,2,2,positive,False,True,False,5.0,Eucerin,2495957050,False
5038,1,1,positive,False,True,False,5.0,Eucerin,2495957050,False
5039,2,2,positive,False,True,False,5.0,Eucerin,2495957050,False
5040,2,2,positive,False,True,False,5.0,Eucerin,2495957050,False
5041,4,3,positive,False,True,True,5.0,Eucerin,2495957050,False
5042,3,3,positive,False,True,False,5.0,Eucerin,2495957050,False
5044,4,4,positive,False,True,False,5.0,Eucerin,2495957050,False
5045,1,1,neutral,False,False,False,5.0,Eucerin,2495957050,False
5046,1,1,neutral,False,False,False,5.0,Eucerin,2495957050,False
5048,1,1,positive,False,True,False,5.0,Eucerin,2495957050,False
5049,1,1,positive,False,True,False,5.0,Eucerin,2495957050,False
5050,5,1,neutral,False,False,False,5.0,Eucerin,2495957050,False
5051,1,1,neutral,False,False,False,5.0,Eucerin,2495957050,False
5053,4,4,positive,False,True,False,5.0,Eucerin,2495957050,False
5054,2,2,positive,False,True,False,5.0,Eucerin,2495957050,False
5055,3,3,positive,False,True,False,5.0,Eucerin,2495957050,False
5056,2,1,positive,False,True,False,5.0,Eucerin,2495957050,False
5057,1,1,positive,False,True,False,5.0,Eucerin,2495957050,False
5058,2,2,positive,False,True,False,5.0,Eucerin,2495957050,False
5059,1,1,neutral,False,False,False,5.0,Eucerin,2495957050,False
5061,1,1,positive,False,True,False,5.0,Eucerin,2495957050,False
5063,1,1,neutral,False,False,False,1.0,Eucerin,2120267774,False
5066,2,2,negative,True,False,False,1.0,Eucerin,2120267774,False
5067,1,1,negative,True,False,False,1.0,Eucerin,2120267774,False
5069,1,1,neutral,False,False,False,1.0,Eucerin,2120267774,False
5070,1,1,positive,False,True,False,1.0,Eucerin,2120267774,False
5074,2,1,neutral,False,False,False,1.0,Eucerin,2120267774,False
5075,2,1,neutral,False,False,False,1.0,Eucerin,2120267774,False
5076,4,1,neutral,False,False,False,1.0,Eucerin,2120267774,False
5077,1,1,neutral,False,False,False,1.0,Eucerin,2120267774,False
5078,1,1,neutral,False,False,False,1.0,Eucerin,2120267774,False
5079,1,1,neutral,False,False,False,2.0,Eucerin,2120267774,False
5080,5,2,negative,True,False,True,2.0,Eucerin,2120267774,False
5081,1,1,neutral,False,False,False,2.0,Eucerin,2120267774,False
5083,1,1,neutral,False,False,False,2.0,Eucerin,2120267774,False
5084,2,1,neutral,True,False,True,2.0,Eucerin,2120267774,False
5085,1,1,neutral,False,False,False,2.0,Eucerin,2120267774,False
5090,1,1,neutral,False,False,False,3.0,Eucerin,2120267774,False
5091,2,2,neutral,False,False,False,3.0,Eucerin,2120267774,False
5092,1,1,neutral,False,False,False,3.0,Eucerin,2120267774,False
5093,1,1,positive,False,True,False,3.0,Eucerin,2120267774,False
5096,1,1,positive,False,True,False,3.0,Eucerin,2120267774,False
5097,1,1,negative,True,False,False,3.0,Eucerin,2120267774,False
5099,3,2,neutral,False,True,True,3.0,Eucerin,2120267774,False
5100,1,1,neutral,False,False,False,3.0,Eucerin,2120267774,False
5101,6,4,neutral,True,False,True,3.0,Eucerin,2120267774,False
5103,3,2,neutral,False,False,False,3.0,Eucerin,2120267774,False
5106,5,1,neutral,False,True,True,3.0,Eucerin,2120267774,False
5107,2,1,neutral,False,False,False,4.0,Eucerin,2120267774,False
5109,3,3,neutral,True,False,True,4.0,Eucerin,2120267774,True
5112,1,1,positive,False,True,False,4.0,Eucerin,2120267774,False
5113,4,3,negative,True,True,True,4.0,Eucerin,2120267774,True
5114,1,1,positive,False,True,False,4.0,Eucerin,2120267774,False
5115,2,1,positive,False,True,False,4.0,Eucerin,2120267774,False
5116,1,1,negative,True,False,False,4.0,Eucerin,2120267774,True
5117,1,1,neutral,False,False,False,4.0,Eucerin,2120267774,False
5118,2,2,positive,False,True,True,4.0,Eucerin,2120267774,False
5119,1,1,neutral,False,False,False,4.0,Eucerin,2120267774,False
5122,2,2,neutral,False,False,False,4.0,Eucerin,2120267774,False
5123,1,1,neutral,False,False,False,4.0,Eucerin,2120267774,False
5124,6,3,neutral,False,False,False,4.0,Eucerin,2120267774,False
5126,1,1,negative,True,False,False,4.0,Eucerin,2120267774,True
5127,4,4,neutral,True,True,True,4.0,Eucerin,2120267774,True
5128,1,1,neutral,False,False,False,4.0,Eucerin,2120267774,False
5129,3,3,negative,True,True,True,4.0,Eucerin,2120267774,True
5130,1,1,neutral,False,False,False,4.0,Eucerin,2120267774,False
5131,5,5,positive,False,True,True,4.0,Eucerin,2120267774,False
5132,1,1,positive,False,True,False,4.0,Eucerin,2120267774,False
5133,2,2,positive,False,True,False,4.0,Eucerin,2120267774,False
5134,1,1,neutral,False,False,False,4.0,Eucerin,2120267774,False
5136,2,2,neutral,False,True,True,4.0,Eucerin,2120267774,False
5137,3,2,neutral,False,True,True,4.0,Eucerin,2120267774,False
5138,1,1,positive,False,True,False,4.0,Eucerin,2120267774,False
5139,5,3,neutral,False,True,True,4.0,Eucerin,2120267774,False
5142,4,3,neutral,True,False,True,4.0,Eucerin,2120267774,True
5143,4,4,neutral,False,True,True,4.0,Eucerin,2120267774,False
5144,2,2,neutral,False,False,False,4.0,Eucerin,2120267774,False
5145,3,2,neutral,True,False,True,4.0,Eucerin,2120267774,True
5146,1,1,positive,False,True,False,4.0,Eucerin,2120267774,False
5148,3,3,positive,False,True,False,5.0,Eucerin,2120267774,False
5149,1,1,positive,False,True,False,5.0,Eucerin,2120267774,False
5150,1,1,neutral,False,False,False,5.0,Eucerin,2120267774,False
5151,5,3,neutral,True,False,True,5.0,Eucerin,2120267774,True
5152,3,3,positive,False,True,False,5.0,Eucerin,2120267774,False
5153,2,1,positive,False,True,False,5.0,Eucerin,2120267774,False
5154,1,1,neutral,False,False,False,5.0,Eucerin,2120267774,False
5155,1,1,positive,False,True,False,5.0,Eucerin,2120267774,False
5159,1,1,neutral,False,False,False,5.0,Eucerin,2120267774,False
5160,1,1,neutral,False,False,False,5.0,Eucerin,2120267774,False
5161,2,1,positive,False,True,False,5.0,Eucerin,2120267774,False
5163,1,1,positive,False,True,False,5.0,Eucerin,2120267774,False
5164,1,1,positive,False,True,False,5.0,Eucerin,2120267774,False
5165,4,3,positive,False,True,True,5.0,Eucerin,2120267774,False
5166,1,1,positive,False,True,False,5.0,Eucerin,2120267774,False
5167,1,1,positive,False,True,False,5.0,Eucerin,2120267774,False
5168,2,1,positive,False,True,False,5.0,Eucerin,2120267774,False
5170,2,2,positive,False,True,False,5.0,Eucerin,2120267774,False
5173,1,1,positive,False,True,False,5.0,Eucerin,2120267774,False
5174,2,1,positive,False,True,False,5.0,Eucerin,2120267774,False
5175,2,1,positive,False,True,False,5.0,Eucerin,2120267774,False
5179,2,2,positive,False,True,False,5.0,Eucerin,2120267774,False
5182,3,3,neutral,False,True,True,5.0,Eucerin,2120267774,False
5183,1,1,neutral,False,False,False,5.0,Eucerin,2120267774,False
5185,1,1,positive,False,True,False,5.0,Eucerin,2120267774,False
5188,3,3,positive,False,True,True,5.0,Eucerin,2120267774,False
5189,2,2,positive,False,True,False,5.0,Eucerin,2120267774,False
5190,1,1,positive,False,True,False,5.0,Eucerin,2120267774,False
5191,1,1,positive,False,True,False,5.0,Eucerin,2120267774,False
5193,1,1,neutral,False,False,False,5.0,Eucerin,2120267774,False
5194,2,1,positive,False,True,True,5.0,Eucerin,2120267774,False
5195,2,1,neutral,False,True,True,5.0,Eucerin,2120267774,False
5196,3,2,positive,False,True,False,5.0,Eucerin,2120267774,False
5198,1,1,neutral,False,False,False,5.0,Eucerin,2120267774,False
5199,4,2,positive,False,True,True,5.0,Eucerin,2120267774,False
5200,1,1,positive,False,True,False,5.0,Eucerin,2120267774,False
5201,1,1,positive,False,True,False,5.0,Eucerin,2120267774,False
5202,1,1,positive,False,True,False,5.0,Eucerin,2120267774,False
5203,2,1,positive,False,True,True,5.0,Eucerin,2120267774,False
5204,1,1,neutral,False,False,False,5.0,Eucerin,2120267774,False
5207,1,1,positive,False,True,False,5.0,Eucerin,2120267774,False
5208,1,1,positive,False,True,False,5.0,Eucerin,2120267774,False
5209,1,1,positive,False,True,False,5.0,Eucerin,2120267774,False
5212,3,1,positive,False,True,False,5.0,Eucerin,2120267774,False
5213,1,1,positive,False,True,False,5.0,Eucerin,2120267774,False
5215,1,1,positive,False,True,False,5.0,Eucerin,2120267774,False
5216,4,4,neutral,False,False,False,5.0,Eucerin,2120267774,False
5217,1,1,neutral,False,False,False,5.0,Eucerin,2120267774,False
5218,2,1,positive,False,True,False,5.0,Eucerin,2120267774,False
5219,2,1,positive,False,True,False,5.0,Eucerin,2120267774,False
5222,2,2,positive,False,True,False,5.0,Eucerin,2120267774,False
5223,4,2,positive,False,True,False,5.0,Eucerin,2120267774,False
5224,1,1,neutral,False,False,False,5.0,Eucerin,2120267774,False
5225,1,1,positive,False,True,False,5.0,Eucerin,2120267774,False
5228,1,1,positive,False,True,False,5.0,Eucerin,2120267774,False
5229,1,1,neutral,False,False,False,5.0,Eucerin,2120267774,False
5230,1,1,positive,False,True,False,5.0,Eucerin,2120267774,False
5232,1,1,positive,False,True,False,5.0,Eucerin,2120267774,False
5233,4,3,neutral,False,True,True,5.0,Eucerin,2120267774,False
5235,1,1,positive,False,True,False,5.0,Eucerin,2120267774,False
5236,1,1,neutral,False,False,False,5.0,Eucerin,2120267774,False
5237,1,1,neutral,False,False,False,5.0,Eucerin,2120267774,False
5238,2,2,positive,False,True,False,5.0,Eucerin,2120267774,False
5239,2,1,positive,False,True,True,5.0,Eucerin,2120267774,False
5240,2,2,negative,True,False,False,1.0,Eucerin,2120200990,False
5241,3,2,negative,True,False,False,1.0,Eucerin,2120200990,False
5242,2,2,neutral,False,True,True,1.0,Eucerin,2120200990,False
5243,2,2,neutral,False,False,False,1.0,Eucerin,2120200990,False
5244,1,1,neutral,False,False,False,1.0,Eucerin,2120200990,False
5245,3,2,neutral,True,False,True,1.0,Eucerin,2120200990,False
5247,2,2,neutral,False,False,False,2.0,Eucerin,2120200990,False
5248,4,2,neutral,False,False,False,2.0,Eucerin,2120200990,False
5251,1,1,negative,True,False,False,3.0,Eucerin,2120200990,False
5252,1,1,neutral,False,False,False,3.0,Eucerin,2120200990,False
5254,3,3,positive,False,True,False,3.0,Eucerin,2120200990,False
5255,1,1,neutral,False,False,False,3.0,Eucerin,2120200990,False
5256,9,3,neutral,False,False,False,3.0,Eucerin,2120200990,False
5257,1,1,negative,True,False,False,3.0,Eucerin,2120200990,False
5258,3,2,neutral,False,False,False,3.0,Eucerin,2120200990,False
5259,1,1,neutral,False,False,False,3.0,Eucerin,2120200990,False
5260,1,1,neutral,False,False,False,3.0,Eucerin,2120200990,False
5261,1,1,negative,True,False,False,3.0,Eucerin,2120200990,False
5262,1,1,neutral,False,False,False,3.0,Eucerin,2120200990,False
5265,2,2,positive,False,True,False,4.0,Eucerin,2120200990,False
5268,2,2,negative,True,False,False,4.0,Eucerin,2120200990,True
5271,1,1,neutral,False,False,False,4.0,Eucerin,2120200990,False
5272,1,1,positive,False,True,False,4.0,Eucerin,2120200990,False
5273,3,2,neutral,False,True,True,4.0,Eucerin,2120200990,False
5274,2,2,negative,True,False,True,4.0,Eucerin,2120200990,True
5277,1,1,neutral,False,False,False,4.0,Eucerin,2120200990,False
5278,2,2,neutral,False,False,False,4.0,Eucerin,2120200990,False
5279,2,2,neutral,False,True,True,4.0,Eucerin,2120200990,False
5280,1,1,neutral,False,False,False,4.0,Eucerin,2120200990,False
5281,4,3,positive,False,True,True,4.0,Eucerin,2120200990,False
5284,2,2,positive,False,True,False,4.0,Eucerin,2120200990,False
5285,5,4,positive,False,True,True,4.0,Eucerin,2120200990,False
5287,1,1,neutral,False,False,False,4.0,Eucerin,2120200990,False
5288,2,2,negative,True,False,False,4.0,Eucerin,2120200990,True
5289,1,1,neutral,False,False,False,4.0,Eucerin,2120200990,False
5291,1,1,neutral,False,False,False,5.0,Eucerin,2120200990,False
5292,3,3,positive,False,True,False,5.0,Eucerin,2120200990,False
5293,1,1,positive,False,True,False,5.0,Eucerin,2120200990,False
5294,1,1,positive,False,True,False,5.0,Eucerin,2120200990,False
5295,2,2,positive,False,True,False,5.0,Eucerin,2120200990,False
5296,6,5,positive,False,True,True,5.0,Eucerin,2120200990,False
5297,2,2,positive,False,True,False,5.0,Eucerin,2120200990,False
5298,2,2,neutral,False,False,False,5.0,Eucerin,2120200990,False
5299,1,1,positive,False,True,False,5.0,Eucerin,2120200990,False
5302,1,1,positive,False,True,False,5.0,Eucerin,2120200990,False
5303,1,1,neutral,False,False,False,5.0,Eucerin,2120200990,False
5304,3,3,positive,False,True,True,5.0,Eucerin,2120200990,False
5305,2,2,neutral,False,True,True,5.0,Eucerin,2120200990,False
5306,1,1,positive,False,True,False,5.0,Eucerin,2120200990,False
5307,1,1,positive,False,True,False,5.0,Eucerin,2120200990,False
5308,1,1,neutral,False,False,False,5.0,Eucerin,2120200990,False
5310,1,1,positive,False,True,False,5.0,Eucerin,2120200990,False
5311,1,1,positive,False,True,False,5.0,Eucerin,2120200990,False
5313,1,1,positive,False,True,False,5.0,Eucerin,2120200990,False
5314,1,1,positive,False,True,False,5.0,Eucerin,2120200990,False
5316,4,3,positive,False,True,True,5.0,Eucerin,2120200990,False
5317,2,1,positive,True,True,True,5.0,Eucerin,2120200990,True
5318,2,1,negative,True,True,True,5.0,Eucerin,2120200990,True
5319,7,3,positive,False,True,True,5.0,Eucerin,2120200990,False
5320,3,3,positive,False,True,False,5.0,Eucerin,2120200990,False
5322,2,2,positive,False,True,False,5.0,Eucerin,2120200990,False
5323,1,1,neutral,False,False,False,5.0,Eucerin,2120200990,False
5324,2,2,positive,False,True,True,5.0,Eucerin,2120200990,False
5325,1,1,positive,False,True,False,5.0,Eucerin,2120200990,False
5326,3,2,positive,False,True,True,5.0,Eucerin,2120200990,False
5327,1,1,positive,False,True,False,5.0,Eucerin,2120200990,False
5329,3,2,positive,True,True,True,5.0,Eucerin,2120200990,True
5330,2,2,positive,False,True,True,5.0,Eucerin,2120200990,False
5331,1,1,negative,True,False,False,5.0,Eucerin,2120200990,True
5333,2,1,positive,False,True,False,5.0,Eucerin,2120200990,False
5334,3,3,positive,False,True,False,5.0,Eucerin,2120200990,False
5335,1,1,positive,False,True,False,5.0,Eucerin,2120200990,False
5336,2,2,positive,False,True,True,5.0,Eucerin,2120200990,False
5337,1,1,positive,False,True,False,5.0,Eucerin,2120200990,False
5338,3,1,neutral,True,False,True,5.0,Eucerin,2120200990,True
5340,1,1,positive,False,True,False,5.0,Eucerin,2120200990,False
5342,1,1,positive,False,True,False,5.0,Eucerin,2120200990,False
5343,1,1,positive,False,True,False,5.0,Eucerin,2120200990,False
5344,1,1,positive,False,True,False,5.0,Eucerin,2120200990,False
5346,3,2,positive,False,True,True,5.0,Eucerin,2120200990,False
5347,1,1,positive,False,True,False,5.0,Eucerin,2120200990,False
5348,1,1,positive,False,True,False,5.0,Eucerin,2120200990,False
5349,1,1,positive,False,True,False,5.0,Eucerin,2120200990,False
5350,1,1,neutral,False,False,False,5.0,Eucerin,2120200990,False
5351,1,1,positive,False,True,False,5.0,Eucerin,2120200990,False
5354,1,1,positive,False,True,False,5.0,Eucerin,2120200990,False
5355,1,1,positive,False,True,False,5.0,Eucerin,2120200990,False
5357,1,1,positive,False,True,False,5.0,Eucerin,2120200990,False
5358,1,1,positive,False,True,False,5.0,Eucerin,2120200990,False
5359,1,1,neutral,False,False,False,5.0,Eucerin,2120200990,False
5361,1,1,neutral,False,False,False,5.0,Eucerin,2120200990,False
5362,2,1,positive,False,True,False,5.0,Eucerin,2120200990,False
5364,1,1,positive,False,True,False,5.0,Eucerin,2120200990,False
5367,1,1,positive,False,True,False,5.0,Eucerin,2120200990,False
5368,2,2,neutral,False,True,True,5.0,Eucerin,2120200990,False
5369,1,1,neutral,False,False,False,5.0,Eucerin,2120200990,False
5372,1,1,positive,False,True,False,5.0,Eucerin,2120200990,False
5374,1,1,positive,False,True,False,5.0,Eucerin,2120200990,False
5375,1,1,positive,False,True,False,5.0,Eucerin,2120200990,False
5377,4,3,neutral,False,True,True,5.0,Eucerin,2120200990,False
5378,2,2,neutral,False,False,False,5.0,Eucerin,2120200990,False
5379,1,1,negative,True,False,False,1.0,Eucerin,2120201999,False
5380,4,2,positive,True,True,True,3.0,Eucerin,2120201999,False
5382,1,1,neutral,False,False,False,3.0,Eucerin,2120201999,False
5383,2,2,neutral,False,True,True,3.0,Eucerin,2120201999,False
5386,2,2,neutral,False,False,False,4.0,Eucerin,2120201999,False
5388,1,1,neutral,False,False,False,4.0,Eucerin,2120201999,False
5389,2,2,positive,False,True,False,5.0,Eucerin,2120201999,False
5392,4,4,positive,False,True,False,5.0,Eucerin,2120201999,False
5393,2,1,positive,False,True,False,5.0,Eucerin,2120201999,False
5395,2,2,positive,False,True,False,5.0,Eucerin,2120201999,False
5396,1,1,neutral,False,False,False,5.0,Eucerin,2120201999,False
5397,1,1,positive,False,True,False,5.0,Eucerin,2120201999,False
5398,1,1,positive,False,True,False,5.0,Eucerin,2120201999,False
5399,4,2,positive,False,True,True,5.0,Eucerin,2120201999,False
5400,2,1,positive,False,True,True,5.0,Eucerin,2120201999,False
5401,2,2,positive,False,True,False,5.0,Eucerin,2120201999,False
5403,2,2,neutral,False,False,False,5.0,Eucerin,2120201999,False
5405,1,1,neutral,False,False,False,5.0,Eucerin,2120201999,False
5406,1,1,neutral,False,False,False,5.0,Eucerin,2120201999,False
5407,1,1,positive,False,True,False,5.0,Eucerin,2120201999,False
5410,1,1,positive,False,True,False,5.0,Eucerin,2120201999,False
5411,3,2,positive,False,True,False,5.0,Eucerin,2120201999,False
5414,1,1,positive,False,True,False,5.0,Eucerin,2120201999,False
5417,3,2,positive,False,True,True,5.0,Eucerin,2120201999,False
5418,1,1,neutral,False,False,False,5.0,Eucerin,2120201999,False
5420,7,5,positive,True,True,True,5.0,Eucerin,2120201999,True
5421,2,2,positive,False,True,False,5.0,Eucerin,2120201999,False
5422,4,3,positive,False,True,True,5.0,Eucerin,2120201999,False
5423,2,1,positive,False,True,True,5.0,Eucerin,2120201999,False
5424,3,2,positive,False,True,False,5.0,Eucerin,2120201999,False
5425,2,1,neutral,False,True,True,5.0,Eucerin,2120201999,False
5426,2,2,positive,False,True,False,5.0,Eucerin,2120201999,False
5427,2,2,neutral,False,False,False,5.0,Eucerin,2120201999,False
5429,3,2,positive,False,True,True,5.0,Eucerin,2120201999,False
5430,3,1,positive,False,True,True,5.0,Eucerin,2120201999,False
5431,2,1,positive,False,True,False,5.0,Eucerin,2120201999,False
5432,1,1,positive,False,True,False,5.0,Eucerin,2120201999,False
5434,2,1,neutral,False,False,False,5.0,Eucerin,2120201999,False
5436,2,1,positive,False,True,True,5.0,Eucerin,2120201999,False
5437,3,3,positive,False,True,False,5.0,Eucerin,2120201999,False
5438,2,1,positive,False,True,True,5.0,Eucerin,2120201999,False
5440,1,1,positive,False,True,False,5.0,Eucerin,2120201999,False
5441,3,2,positive,False,True,False,5.0,Eucerin,2120201999,False
5442,3,2,positive,False,True,False,5.0,Eucerin,2120201999,False
5443,3,2,positive,False,True,True,5.0,Eucerin,2120201999,False
5444,1,1,neutral,False,False,False,5.0,Eucerin,2120201999,False
5445,1,1,positive,False,True,False,5.0,Eucerin,2120201999,False
5446,1,1,neutral,False,False,False,5.0,Eucerin,2120201999,False
5448,2,1,neutral,False,False,False,5.0,Eucerin,2120201999,False
5449,8,2,positive,False,True,False,5.0,Eucerin,2120201999,False
5450,1,1,positive,False,True,False,5.0,Eucerin,2120201999,False
5451,1,1,positive,False,True,False,5.0,Eucerin,2120201999,False
5453,1,1,positive,False,True,False,5.0,Eucerin,2120201999,False
5454,1,1,positive,False,True,False,5.0,Eucerin,2120201999,False
5455,1,1,positive,False,True,False,5.0,Eucerin,2120201999,False
5456,3,1,neutral,False,True,True,5.0,Eucerin,2120201999,False
5457,1,1,neutral,False,False,False,5.0,Eucerin,2120201999,False
5458,1,1,positive,False,True,False,5.0,Eucerin,2120201999,False
5459,2,2,neutral,False,False,False,5.0,Eucerin,2120201999,False
5460,1,1,neutral,False,False,False,5.0,Eucerin,2120201999,False
5461,1,1,positive,False,True,False,5.0,Eucerin,2120201999,False
5462,1,1,neutral,False,False,False,5.0,Eucerin,2120201999,False
5463,2,1,neutral,False,True,True,5.0,Eucerin,2120201999,False
5464,1,1,neutral,False,False,False,5.0,Eucerin,2120201999,False
5465,1,1,positive,False,True,False,5.0,Eucerin,2120201999,False
5466,2,1,positive,False,True,True,5.0,Eucerin,2120201999,False
5467,1,1,neutral,False,False,False,5.0,Eucerin,2120201999,False
5469,1,1,positive,False,True,False,5.0,Eucerin,2120201999,False
5470,1,1,neutral,False,False,False,5.0,Eucerin,2120201999,False
5471,1,1,neutral,False,False,False,5.0,Eucerin,2120201999,False
5472,3,1,positive,False,True,True,5.0,Eucerin,2120201999,False
5473,1,1,neutral,False,False,False,5.0,Eucerin,2120201999,False
5474,1,1,positive,False,True,False,5.0,Eucerin,2120201999,False
5475,1,1,positive,False,True,False,5.0,Eucerin,2120201999,False
5476,1,1,neutral,False,False,False,5.0,Eucerin,2120201999,False
5477,1,1,positive,False,True,False,5.0,Eucerin,2120201999,False
5478,1,1,neutral,False,False,False,5.0,Eucerin,2120201999,False
5479,3,3,neutral,False,False,False,5.0,Eucerin,2120201999,False
5480,1,1,positive,False,True,False,5.0,Eucerin,2120201999,False
5482,3,2,neutral,True,False,True,1.0,CeraVe,2029022120,False
5483,1,1,neutral,False,False,False,1.0,CeraVe,2029022120,False
5484,3,2,neutral,True,False,True,1.0,CeraVe,2029022120,False
5485,1,1,neutral,False,False,False,1.0,CeraVe,2029022120,False
5487,2,2,neutral,False,False,False,1.0,CeraVe,2029022120,False
5488,3,3,neutral,True,False,True,1.0,CeraVe,2029022120,False
5489,5,2,neutral,False,False,False,1.0,CeraVe,2029022120,False
5490,1,1,neutral,False,False,False,1.0,CeraVe,2029022120,False
5491,2,2,neutral,False,False,False,1.0,CeraVe,2029022120,False
5493,7,2,neutral,False,False,False,1.0,CeraVe,2029022120,False
5494,2,1,neutral,False,False,False,1.0,CeraVe,2029022120,False
5496,2,1,neutral,False,False,False,1.0,CeraVe,2029022120,False
5497,2,2,neutral,False,False,False,1.0,CeraVe,2029022120,False
5498,2,1,neutral,False,False,False,1.0,CeraVe,2029022120,False
5500,1,1,negative,True,False,False,1.0,CeraVe,2029022120,False
5501,1,1,negative,True,False,False,1.0,CeraVe,2029022120,False
5502,1,1,neutral,False,False,False,1.0,CeraVe,2029022120,False
5504,2,2,positive,False,True,False,1.0,CeraVe,2029022120,False
5505,6,4,neutral,True,False,True,1.0,CeraVe,2029022120,False
5506,1,1,neutral,False,False,False,1.0,CeraVe,2029022120,False
5507,4,1,neutral,True,False,True,1.0,CeraVe,2029022120,False
5508,2,1,negative,True,False,True,1.0,CeraVe,2029022120,False
5509,2,2,neutral,False,False,False,1.0,CeraVe,2029022120,False
5510,1,1,negative,True,False,False,1.0,CeraVe,2029022120,False
5511,3,2,negative,True,False,True,1.0,CeraVe,2029022120,False
5512,2,2,neutral,False,False,False,1.0,CeraVe,2029022120,False
5513,9,4,neutral,False,True,True,1.0,CeraVe,2029022120,False
5514,1,1,neutral,False,False,False,1.0,CeraVe,2029022120,False
5516,2,1,negative,True,False,True,1.0,CeraVe,2029022120,False
5518,6,3,negative,True,True,True,1.0,CeraVe,2029022120,False
5520,4,2,neutral,False,False,False,1.0,CeraVe,2029022120,False
5523,1,1,negative,True,False,False,1.0,CeraVe,2029022120,False
5524,1,1,neutral,False,False,False,1.0,CeraVe,2029022120,False
5528,7,4,neutral,False,True,True,1.0,CeraVe,2029022120,False
5530,2,2,neutral,False,False,False,1.0,CeraVe,2029022120,False
5531,2,2,neutral,True,False,True,1.0,CeraVe,2029022120,False
5533,2,2,neutral,False,False,False,1.0,CeraVe,2029022120,False
5534,2,2,negative,True,False,True,1.0,CeraVe,2029022120,False
5537,1,1,neutral,False,False,False,1.0,CeraVe,2029022120,False
5538,3,1,neutral,True,False,True,1.0,CeraVe,2029022120,False
5539,1,1,neutral,False,False,False,1.0,CeraVe,2029022120,False
5540,9,4,neutral,False,True,True,1.0,CeraVe,2029022120,False
5541,1,1,neutral,False,False,False,1.0,CeraVe,2029022120,False
5542,2,1,negative,True,True,True,1.0,CeraVe,2029022120,False
5543,2,2,neutral,True,False,True,1.0,CeraVe,2029022120,False
5545,1,1,neutral,False,False,False,1.0,CeraVe,2029022120,False
5547,1,1,neutral,False,False,False,1.0,CeraVe,2029022120,False
5548,2,2,positive,True,True,True,1.0,CeraVe,2029022120,False
5549,3,2,negative,True,False,True,1.0,CeraVe,2029022120,False
5551,2,1,negative,True,False,True,2.0,CeraVe,2029022120,False
5552,3,2,neutral,False,False,False,2.0,CeraVe,2029022120,False
5553,1,1,neutral,False,False,False,2.0,CeraVe,2029022120,False
5555,1,1,neutral,False,False,False,2.0,CeraVe,2029022120,False
5557,1,1,neutral,False,False,False,2.0,CeraVe,2029022120,False
5558,2,1,neutral,False,False,False,2.0,CeraVe,2029022120,False
5559,3,2,neutral,True,False,True,2.0,CeraVe,2029022120,False
5560,1,1,neutral,False,False,False,2.0,CeraVe,2029022120,False
5561,2,2,neutral,False,True,True,2.0,CeraVe,2029022120,False
5562,2,1,negative,True,False,True,2.0,CeraVe,2029022120,False
5565,1,1,neutral,False,False,False,2.0,CeraVe,2029022120,False
5567,1,1,neutral,False,False,False,3.0,CeraVe,2029022120,False
5570,1,1,neutral,False,False,False,3.0,CeraVe,2029022120,False
5571,2,2,neutral,True,False,True,3.0,CeraVe,2029022120,False
5572,3,3,positive,True,True,True,3.0,CeraVe,2029022120,False
5573,1,1,neutral,False,False,False,3.0,CeraVe,2029022120,False
5574,2,2,neutral,False,False,False,3.0,CeraVe,2029022120,False
5575,1,1,neutral,False,False,False,3.0,CeraVe,2029022120,False
5576,1,1,neutral,False,False,False,3.0,CeraVe,2029022120,False
5578,3,3,positive,False,True,False,3.0,CeraVe,2029022120,False
5579,2,2,neutral,True,False,True,3.0,CeraVe,2029022120,False
5581,1,1,neutral,False,False,False,3.0,CeraVe,2029022120,False
5582,1,1,negative,True,False,False,3.0,CeraVe,2029022120,False
5583,1,1,neutral,False,False,False,3.0,CeraVe,2029022120,False
5586,3,2,neutral,False,False,False,3.0,CeraVe,2029022120,False
5587,1,1,positive,False,True,False,3.0,CeraVe,2029022120,False
5589,4,2,neutral,True,False,True,3.0,CeraVe,2029022120,False
5590,3,2,neutral,True,False,True,3.0,CeraVe,2029022120,False
5591,1,1,neutral,False,False,False,3.0,CeraVe,2029022120,False
5592,2,2,positive,False,True,False,3.0,CeraVe,2029022120,False
5594,1,1,neutral,False,False,False,3.0,CeraVe,2029022120,False
5595,1,1,positive,False,True,False,3.0,CeraVe,2029022120,False
5596,1,1,positive,False,True,False,3.0,CeraVe,2029022120,False
5597,1,1,neutral,False,False,False,3.0,CeraVe,2029022120,False
5598,2,2,neutral,False,False,False,3.0,CeraVe,2029022120,False
5599,3,3,positive,False,True,True,3.0,CeraVe,2029022120,False
5600,4,3,positive,False,True,True,3.0,CeraVe,2029022120,False
5602,2,2,neutral,False,False,False,3.0,CeraVe,2029022120,False
5603,2,2,neutral,False,False,False,3.0,CeraVe,2029022120,False
5605,2,1,negative,True,False,True,4.0,CeraVe,2029022120,True
5607,3,2,neutral,False,True,True,4.0,CeraVe,2029022120,False
5608,1,1,positive,False,True,False,4.0,CeraVe,2029022120,False
5609,5,1,neutral,False,True,True,4.0,CeraVe,2029022120,False
5611,1,1,positive,False,True,False,4.0,CeraVe,2029022120,False
5614,1,1,neutral,False,False,False,4.0,CeraVe,2029022120,False
5615,3,3,positive,True,True,True,4.0,CeraVe,2029022120,True
5616,2,2,positive,False,True,True,4.0,CeraVe,2029022120,False
5617,1,1,neutral,False,False,False,4.0,CeraVe,2029022120,False
5619,5,2,neutral,False,False,False,4.0,CeraVe,2029022120,False
5620,3,3,positive,False,True,False,4.0,CeraVe,2029022120,False
5621,2,2,neutral,False,False,False,4.0,CeraVe,2029022120,False
5622,1,1,positive,False,True,False,4.0,CeraVe,2029022120,False
5623,8,5,neutral,True,False,True,4.0,CeraVe,2029022120,True
5624,3,2,neutral,True,False,True,4.0,CeraVe,2029022120,True
5625,2,1,neutral,False,False,False,4.0,CeraVe,2029022120,False
5626,1,1,neutral,False,False,False,4.0,CeraVe,2029022120,False
5627,9,5,positive,True,True,True,4.0,CeraVe,2029022120,True
5629,7,4,neutral,False,True,True,4.0,CeraVe,2029022120,False
5632,2,2,positive,False,True,True,4.0,CeraVe,2029022120,False
5633,2,2,neutral,False,False,False,4.0,CeraVe,2029022120,False
5634,3,3,neutral,False,False,False,4.0,CeraVe,2029022120,False
5635,3,2,positive,False,True,True,4.0,CeraVe,2029022120,False
5636,2,2,positive,False,True,True,4.0,CeraVe,2029022120,False
5637,2,2,positive,False,True,False,4.0,CeraVe,2029022120,False
5638,3,2,negative,True,False,True,4.0,CeraVe,2029022120,True
5639,1,1,negative,True,False,False,4.0,CeraVe,2029022120,True
5640,1,1,neutral,False,False,False,4.0,CeraVe,2029022120,False
5641,1,1,neutral,False,False,False,4.0,CeraVe,2029022120,False
5642,3,3,neutral,False,True,True,4.0,CeraVe,2029022120,False
5644,2,2,positive,False,True,False,5.0,CeraVe,2029022120,False
5646,1,1,neutral,False,False,False,5.0,CeraVe,2029022120,False
5647,2,2,positive,False,True,False,5.0,CeraVe,2029022120,False
5648,2,2,positive,False,True,False,5.0,CeraVe,2029022120,False
5650,2,2,positive,False,True,False,5.0,CeraVe,2029022120,False
5651,1,1,neutral,False,False,False,5.0,CeraVe,2029022120,False
5658,2,2,positive,False,True,True,5.0,CeraVe,2029022120,False
5660,3,2,positive,False,True,True,5.0,CeraVe,2029022120,False
5661,2,2,positive,False,True,False,5.0,CeraVe,2029022120,False
5662,2,1,neutral,False,False,False,5.0,CeraVe,2029022120,False
5663,2,2,positive,False,True,False,5.0,CeraVe,2029022120,False
5664,4,4,positive,False,True,False,5.0,CeraVe,2029022120,False
5668,2,2,positive,False,True,False,5.0,CeraVe,2029022120,False
5669,3,2,positive,False,True,False,5.0,CeraVe,2029022120,False
5673,2,2,neutral,False,True,True,5.0,CeraVe,2029022120,False
5675,3,2,neutral,False,True,True,5.0,CeraVe,2029022120,False
5676,3,3,positive,False,True,False,5.0,CeraVe,2029022120,False
5677,1,1,neutral,False,False,False,5.0,CeraVe,2029022120,False
5679,3,3,neutral,False,True,True,5.0,CeraVe,2029022120,False
5680,1,1,neutral,False,False,False,5.0,CeraVe,2029022120,False
5683,2,2,positive,False,True,False,5.0,CeraVe,2029022120,False
5684,1,1,neutral,False,False,False,5.0,CeraVe,2029022120,False
5685,1,1,neutral,False,False,False,5.0,CeraVe,2029022120,False
5688,1,1,neutral,False,False,False,5.0,CeraVe,2029022120,False
5689,2,2,neutral,False,False,False,5.0,CeraVe,2029022120,False
5690,1,1,neutral,False,False,False,5.0,CeraVe,2029022120,False
5692,1,1,neutral,False,False,False,5.0,CeraVe,2029022120,False
5695,4,4,neutral,False,True,True,5.0,CeraVe,2029022120,False
5697,3,2,neutral,False,True,True,5.0,CeraVe,2029022120,False
5699,2,2,positive,False,True,False,5.0,CeraVe,2029022120,False
5701,4,3,positive,False,True,True,5.0,CeraVe,2029022120,False
5702,2,2,neutral,False,False,False,5.0,CeraVe,2029022120,False
5705,1,1,neutral,False,False,False,5.0,CeraVe,2029022120,False
5708,4,4,positive,False,True,True,5.0,CeraVe,2029022120,False
5711,2,2,positive,False,True,False,5.0,CeraVe,2029022120,False
5712,1,1,neutral,False,False,False,5.0,CeraVe,2029022120,False
5713,1,1,neutral,False,False,False,5.0,CeraVe,2029022120,False
5715,6,3,positive,False,True,True,5.0,CeraVe,2029022120,False
5716,2,2,positive,False,True,False,5.0,CeraVe,2029022120,False
5717,5,3,positive,False,True,True,5.0,CeraVe,2029022120,False
5719,3,3,neutral,False,False,False,5.0,CeraVe,2029022120,False
5721,2,2,positive,False,True,False,5.0,CeraVe,2029022120,False
5724,3,3,positive,False,True,False,5.0,CeraVe,2029022120,False
5725,3,2,positive,False,True,True,5.0,CeraVe,2029022120,False
5726,1,1,neutral,False,False,False,5.0,CeraVe,2029022120,False
5730,2,2,positive,False,True,False,5.0,CeraVe,2029022120,False
5731,3,2,positive,False,True,True,5.0,CeraVe,2029022120,False
5732,2,2,positive,False,True,False,5.0,CeraVe,2029022120,False
5735,4,4,positive,False,True,True,5.0,CeraVe,2029022120,False
5736,3,2,neutral,True,False,True,1.0,CeraVe,2028836862,False
5737,2,2,negative,True,False,False,1.0,CeraVe,2028836862,False
5738,4,2,neutral,False,False,False,1.0,CeraVe,2028836862,False
5740,2,2,neutral,False,False,False,1.0,CeraVe,2028836862,False
5741,1,1,neutral,False,False,False,1.0,CeraVe,2028836862,False
5742,3,3,neutral,False,False,False,1.0,CeraVe,2028836862,False
5744,1,1,neutral,False,False,False,1.0,CeraVe,2028836862,False
5746,1,1,neutral,False,False,False,1.0,CeraVe,2028836862,False
5749,2,1,positive,True,True,True,1.0,CeraVe,2028836862,False
5750,1,1,neutral,False,False,False,1.0,CeraVe,2028836862,False
5751,2,2,neutral,False,False,False,1.0,CeraVe,2028836862,False
5753,6,3,neutral,False,True,True,1.0,CeraVe,2028836862,False
5756,2,1,neutral,False,False,False,1.0,CeraVe,2028836862,False
5757,2,1,neutral,False,False,False,1.0,CeraVe,2028836862,False
5759,2,1,negative,True,False,False,2.0,CeraVe,2028836862,False
5760,2,2,neutral,False,True,True,2.0,CeraVe,2028836862,False
5762,4,3,neutral,False,False,False,2.0,CeraVe,2028836862,False
5763,2,1,neutral,False,False,False,2.0,CeraVe,2028836862,False
5764,2,1,negative,True,False,False,2.0,CeraVe,2028836862,False
5766,1,1,neutral,False,False,False,2.0,CeraVe,2028836862,False
5768,3,3,neutral,False,False,False,2.0,CeraVe,2028836862,False
5769,2,2,positive,False,True,False,2.0,CeraVe,2028836862,False
5770,2,2,neutral,False,False,False,3.0,CeraVe,2028836862,False
5773,2,1,neutral,True,False,True,3.0,CeraVe,2028836862,False
5774,1,1,neutral,False,False,False,3.0,CeraVe,2028836862,False
5775,2,2,neutral,False,False,False,3.0,CeraVe,2028836862,False
5776,2,2,neutral,True,False,True,3.0,CeraVe,2028836862,False
5779,1,1,neutral,False,False,False,3.0,CeraVe,2028836862,False
5780,3,3,neutral,False,False,False,3.0,CeraVe,2028836862,False
5782,1,1,negative,True,False,False,3.0,CeraVe,2028836862,False
5783,1,1,neutral,False,False,False,3.0,CeraVe,2028836862,False
5784,1,1,positive,False,True,False,3.0,CeraVe,2028836862,False
5786,1,1,neutral,False,False,False,3.0,CeraVe,2028836862,False
5787,1,1,positive,False,True,False,3.0,CeraVe,2028836862,False
5790,3,2,neutral,False,True,True,4.0,CeraVe,2028836862,False
5791,1,1,positive,False,True,False,4.0,CeraVe,2028836862,False
5795,2,2,positive,False,True,True,4.0,CeraVe,2028836862,False
5797,3,3,positive,False,True,False,4.0,CeraVe,2028836862,False
5798,2,2,neutral,False,False,False,4.0,CeraVe,2028836862,False
5799,2,2,positive,False,True,False,4.0,CeraVe,2028836862,False
5800,3,2,neutral,False,True,True,4.0,CeraVe,2028836862,False
5802,1,1,positive,False,True,False,4.0,CeraVe,2028836862,False
5806,1,1,neutral,False,False,False,4.0,CeraVe,2028836862,False
5807,1,1,positive,False,True,False,4.0,CeraVe,2028836862,False
5810,2,2,neutral,False,False,False,4.0,CeraVe,2028836862,False
5812,1,1,neutral,False,False,False,4.0,CeraVe,2028836862,False
5813,1,1,neutral,False,False,False,5.0,CeraVe,2028836862,False
5814,2,2,neutral,False,True,True,5.0,CeraVe,2028836862,False
5816,1,1,neutral,False,False,False,5.0,CeraVe,2028836862,False
5817,3,1,neutral,False,False,False,5.0,CeraVe,2028836862,False
5819,2,2,neutral,False,True,True,5.0,CeraVe,2028836862,False
5820,2,1,neutral,False,True,True,5.0,CeraVe,2028836862,False
5821,3,1,positive,False,True,True,5.0,CeraVe,2028836862,False
5822,2,1,neutral,False,True,True,5.0,CeraVe,2028836862,False
5823,5,3,neutral,False,True,True,5.0,CeraVe,2028836862,False
5824,2,1,positive,False,True,False,5.0,CeraVe,2028836862,False
5826,1,1,positive,False,True,False,5.0,CeraVe,2028836862,False
5827,2,1,neutral,False,False,False,5.0,CeraVe,2028836862,False
5828,3,3,positive,False,True,False,5.0,CeraVe,2028836862,False
5829,2,2,positive,False,True,True,5.0,CeraVe,2028836862,False
5830,1,1,positive,False,True,False,5.0,CeraVe,2028836862,False
5831,2,2,neutral,False,False,False,5.0,CeraVe,2028836862,False
5832,5,3,neutral,False,True,True,5.0,CeraVe,2028836862,False
5833,1,1,positive,False,True,False,5.0,CeraVe,2028836862,False
5834,2,2,positive,False,True,True,5.0,CeraVe,2028836862,False
5835,2,2,positive,False,True,True,5.0,CeraVe,2028836862,False
5838,1,1,positive,False,True,False,5.0,CeraVe,2028836862,False
5839,1,1,positive,False,True,False,5.0,CeraVe,2028836862,False
5840,4,3,positive,False,True,True,5.0,CeraVe,2028836862,False
5841,3,2,positive,False,True,True,5.0,CeraVe,2028836862,False
5842,3,3,positive,False,True,True,5.0,CeraVe,2028836862,False
5844,1,1,neutral,False,False,False,5.0,CeraVe,2028836862,False
5845,2,2,positive,False,True,True,5.0,CeraVe,2028836862,False
5846,1,1,positive,False,True,False,5.0,CeraVe,2028836862,False
5848,2,2,positive,False,True,False,5.0,CeraVe,2028836862,False
5852,1,1,positive,False,True,False,5.0,CeraVe,2028836862,False
5853,2,1,neutral,False,False,False,5.0,CeraVe,2028836862,False
5854,2,2,neutral,False,False,False,5.0,CeraVe,2028836862,False
5855,4,2,positive,False,True,True,5.0,CeraVe,2028836862,False
5856,1,1,positive,False,True,False,5.0,CeraVe,2028836862,False
5857,3,3,positive,False,True,True,5.0,CeraVe,2028836862,False
5858,2,1,positive,False,True,False,5.0,CeraVe,2028836862,False
5859,1,1,neutral,False,False,False,5.0,CeraVe,2028836862,False
5860,1,1,positive,False,True,False,5.0,CeraVe,2028836862,False
5861,1,1,positive,False,True,False,5.0,CeraVe,2028836862,False
5862,3,2,positive,False,True,True,5.0,CeraVe,2028836862,False
5863,3,3,positive,False,True,False,5.0,CeraVe,2028836862,False
5864,1,1,positive,False,True,False,5.0,CeraVe,2028836862,False
5865,1,1,neutral,False,False,False,5.0,CeraVe,2028836862,False
5866,2,2,neutral,False,False,False,5.0,CeraVe,2028836862,False
5867,2,2,neutral,False,True,True,5.0,CeraVe,2028836862,False
5868,1,1,neutral,False,False,False,5.0,CeraVe,2028836862,False
5871,6,1,positive,False,True,True,5.0,CeraVe,2028836862,False
5872,3,2,positive,False,True,True,5.0,CeraVe,2028836862,False
5873,2,2,neutral,False,True,True,5.0,CeraVe,2028836862,False
5874,3,3,positive,False,True,True,5.0,CeraVe,2028836862,False
5875,2,1,positive,False,True,True,5.0,CeraVe,2028836862,False
5876,1,1,positive,False,True,False,5.0,CeraVe,2028836862,False
5877,2,2,neutral,False,False,False,5.0,CeraVe,2028836862,False
5878,2,2,neutral,False,True,True,5.0,CeraVe,2028836862,False
5879,1,1,positive,False,True,False,5.0,CeraVe,2028836862,False
5880,1,1,positive,False,True,False,5.0,CeraVe,2028836862,False
5881,6,1,positive,False,True,True,5.0,CeraVe,2028836862,False
5882,4,1,positive,False,True,True,5.0,CeraVe,2028836862,False
5885,2,1,neutral,False,False,False,5.0,CeraVe,2028836862,False
5886,2,1,positive,False,True,False,5.0,CeraVe,2028836862,False
5887,3,3,positive,False,True,False,5.0,CeraVe,2028836862,False
5888,2,2,neutral,False,False,False,5.0,CeraVe,2028836862,False
5889,1,1,neutral,False,False,False,5.0,CeraVe,2028836862,False
5890,2,1,neutral,False,True,True,5.0,CeraVe,2028836862,False
5891,2,1,positive,False,True,False,5.0,CeraVe,2028836862,False
5892,2,1,positive,False,True,False,5.0,CeraVe,2028836862,False
5893,1,1,positive,False,True,False,5.0,CeraVe,2028836862,False
5894,1,1,positive,False,True,False,5.0,CeraVe,2028836862,False
5895,1,1,neutral,False,False,False,5.0,CeraVe,2028836862,False
5896,1,1,neutral,False,False,False,5.0,CeraVe,2028836862,False
5897,1,1,positive,False,True,False,5.0,CeraVe,2028836862,False
5898,2,1,positive,False,True,False,5.0,CeraVe,2028836862,False
5900,1,1,neutral,False,False,False,5.0,CeraVe,2028836862,False
5901,1,1,neutral,False,False,False,5.0,CeraVe,2028836862,False
5902,1,1,neutral,False,False,False,5.0,CeraVe,2028836862,False
5903,3,2,neutral,False,True,True,5.0,CeraVe,3080296662,False
5904,1,1,neutral,False,False,False,5.0,CeraVe,3080296662,False
5905,2,2,positive,False,True,False,5.0,CeraVe,3080296662,False
5906,1,1,neutral,False,False,False,5.0,CeraVe,3080296662,False
5907,3,3,neutral,False,False,False,5.0,CeraVe,3085554774,False
5908,2,2,positive,False,True,False,5.0,CeraVe,3085554774,False
5909,2,1,positive,False,True,True,5.0,CeraVe,3085554774,False
5910,2,1,positive,False,True,False,5.0,CeraVe,3085554774,False
5911,3,2,positive,False,True,True,5.0,CeraVe,3085554774,False
5913,1,1,positive,False,True,False,5.0,CeraVe,3085554774,False
5914,1,1,positive,False,True,False,5.0,CeraVe,3085554774,False
5915,1,1,positive,False,True,False,5.0,CeraVe,3085554774,False
5916,1,1,positive,False,True,False,5.0,CeraVe,3085554774,False
5917,1,1,positive,False,True,False,5.0,CeraVe,3085554774,False
5920,1,1,neutral,False,False,False,5.0,CeraVe,3085554774,False
5921,3,2,positive,False,True,True,5.0,CeraVe,3085554774,False
5922,1,1,positive,False,True,False,5.0,CeraVe,3085554774,False
5923,1,1,neutral,False,False,False,5.0,CeraVe,3085554774,False
5924,3,1,positive,False,True,True,5.0,CeraVe,3085554774,False
5925,1,1,neutral,False,False,False,5.0,CeraVe,3085554774,False
5926,2,2,positive,False,True,False,5.0,CeraVe,3085554774,False
5927,3,1,positive,False,True,True,5.0,CeraVe,3085554774,False
5928,2,1,positive,False,True,True,5.0,CeraVe,3085554774,False
5929,1,1,positive,False,True,False,5.0,CeraVe,3085554774,False
5930,2,1,neutral,False,True,True,5.0,CeraVe,3085554774,False
5931,1,1,positive,False,True,False,5.0,CeraVe,3085554774,False
5932,2,1,neutral,False,True,True,5.0,CeraVe,3085554774,False
5933,3,1,positive,False,True,True,5.0,CeraVe,3085554774,False
5934,1,1,positive,False,True,False,5.0,CeraVe,3085554774,False
5935,4,4,neutral,False,False,False,5.0,CeraVe,3085554774,False
5936,1,1,positive,False,True,False,5.0,CeraVe,3085554774,False
5939,3,3,positive,False,True,False,5.0,CeraVe,3085554774,False
5940,1,1,positive,False,True,False,5.0,CeraVe,3085554774,False
5941,1,1,positive,False,True,False,5.0,CeraVe,3085554774,False
5942,1,1,positive,False,True,False,5.0,CeraVe,3085554774,False
5943,1,1,positive,False,True,False,5.0,CeraVe,3085554774,False
5944,1,1,positive,False,True,False,5.0,CeraVe,3085554774,False
5945,3,3,positive,False,True,False,5.0,CeraVe,3085554774,False
5946,1,1,positive,False,True,False,5.0,CeraVe,3085554774,False
5947,4,4,neutral,False,False,False,5.0,CeraVe,3085554774,False
5948,3,1,positive,False,True,False,5.0,CeraVe,3085554774,False
5949,1,1,positive,False,True,False,5.0,CeraVe,3085554774,False
5950,1,1,neutral,False,False,False,5.0,CeraVe,3085554774,False
5951,2,2,neutral,False,True,True,5.0,CeraVe,3085554774,False
5953,3,2,neutral,False,True,True,5.0,CeraVe,3085554774,False
5954,2,1,positive,False,True,False,5.0,CeraVe,3085554774,False
5955,2,2,positive,False,True,False,5.0,CeraVe,3085554774,False
5956,1,1,positive,False,True,False,5.0,CeraVe,3085554774,False
5957,2,1,positive,False,True,False,5.0,CeraVe,3085554774,False
5958,3,2,positive,False,True,True,5.0,CeraVe,3085554774,False
5959,1,1,positive,False,True,False,5.0,CeraVe,3085554774,False
5960,5,4,positive,False,True,True,5.0,CeraVe,3085554774,False
5961,2,2,positive,False,True,False,5.0,CeraVe,3085554774,False
5962,4,3,positive,False,True,True,5.0,CeraVe,3085554774,False
5963,3,3,positive,False,True,False,5.0,CeraVe,3085554774,False
5966,1,1,positive,False,True,False,5.0,CeraVe,3085554774,False
5967,3,3,positive,False,True,False,5.0,CeraVe,3085554774,False
5968,5,3,neutral,False,False,False,5.0,CeraVe,3085554774,False
5969,4,4,neutral,False,False,False,5.0,CeraVe,3085554774,False
5971,4,4,positive,False,True,False,5.0,CeraVe,3085554774,False
5972,2,2,neutral,False,False,False,5.0,CeraVe,3085554774,False
5973,1,1,positive,False,True,False,5.0,CeraVe,3085554774,False
5974,2,2,neutral,False,False,False,5.0,CeraVe,3085554774,False
5975,3,3,positive,False,True,False,5.0,CeraVe,3085554774,False
5976,1,1,positive,False,True,False,5.0,CeraVe,3085554774,False
5977,3,3,positive,False,True,True,5.0,CeraVe,3085554774,False
5978,1,1,neutral,False,False,False,5.0,CeraVe,3085554774,False
5980,5,3,positive,False,True,False,5.0,CeraVe,3085554774,False
5981,1,1,positive,False,True,False,5.0,CeraVe,3085554774,False
5982,2,2,positive,False,True,False,5.0,CeraVe,3085554774,False
5983,2,2,positive,False,True,False,5.0,CeraVe,3085554774,False
5984,3,3,neutral,False,False,False,5.0,CeraVe,3085554774,False
5985,2,2,positive,False,True,False,5.0,CeraVe,3085554774,False
5986,1,1,positive,False,True,False,5.0,CeraVe,3085554774,False
5987,3,3,positive,False,True,False,5.0,CeraVe,3085554774,False
5989,2,2,positive,False,True,False,5.0,CeraVe,3085554774,False
5990,6,4,positive,False,True,True,5.0,CeraVe,3085554774,False
5991,4,4,neutral,False,True,True,5.0,CeraVe,3085554774,False
5993,3,3,neutral,False,True,True,5.0,CeraVe,3085554774,False
5994,2,2,positive,False,True,False,5.0,CeraVe,3085554774,False
5996,4,2,neutral,False,False,False,5.0,CeraVe,3085554774,False
5997,3,2,neutral,True,False,True,1.0,CeraVe,3092556110,False
5998,1,1,neutral,False,False,False,1.0,CeraVe,3092556110,False
5999,1,1,neutral,False,False,False,1.0,CeraVe,3092556110,False
6000,1,1,positive,False,True,False,4.0,CeraVe,3092556110,False
6004,1,1,neutral,False,False,False,5.0,CeraVe,3092556110,False
6005,1,1,positive,False,True,False,5.0,CeraVe,3092556110,False
6006,1,1,positive,False,True,False,5.0,CeraVe,3092556110,False
6007,1,1,positive,False,True,False,5.0,CeraVe,3092556110,False
6008,1,1,neutral,False,False,False,5.0,CeraVe,3092556110,False
6009,4,4,positive,False,True,True,5.0,CeraVe,3092556110,False
6010,2,1,neutral,False,False,False,5.0,CeraVe,3092556110,False
6011,5,4,positive,False,True,True,5.0,CeraVe,3092556110,False
6012,3,3,positive,False,True,True,5.0,CeraVe,3092556110,False
6013,1,1,neutral,False,False,False,5.0,CeraVe,3092556110,False
6014,2,2,positive,False,True,False,5.0,CeraVe,3092556110,False
6015,6,4,positive,False,True,True,5.0,CeraVe,3092556110,False
6016,2,2,neutral,False,True,True,5.0,CeraVe,3092556110,False
6017,3,3,positive,False,True,True,5.0,CeraVe,3092556110,False
6018,1,1,neutral,False,False,False,5.0,CeraVe,3092556110,False
6019,3,3,positive,False,True,False,5.0,CeraVe,3092556110,False
6020,3,3,neutral,False,True,True,5.0,CeraVe,3092556110,False
6021,1,1,neutral,False,False,False,5.0,CeraVe,3092556110,False
6022,2,2,positive,False,True,True,5.0,CeraVe,3092556110,False
6023,3,2,neutral,False,False,False,5.0,CeraVe,3092556110,False
6024,3,3,positive,False,True,False,5.0,CeraVe,3092556110,False
6025,1,1,positive,False,True,False,5.0,CeraVe,3092556110,False
6026,1,1,neutral,False,False,False,5.0,CeraVe,3092556110,False
6027,2,2,positive,False,True,False,5.0,CeraVe,3092556110,False
6028,1,1,positive,False,True,False,5.0,CeraVe,3092556110,False
6030,6,3,neutral,False,True,True,5.0,CeraVe,3092556110,False
6031,1,1,positive,False,True,False,5.0,CeraVe,3092556110,False
6032,1,1,positive,False,True,False,5.0,CeraVe,3092556110,False
6033,4,3,positive,False,True,False,5.0,CeraVe,3092556110,False
6035,7,3,positive,False,True,True,5.0,CeraVe,3092556110,False
6037,2,2,positive,False,True,True,5.0,CeraVe,3092556110,False
6038,1,1,positive,False,True,False,5.0,CeraVe,3092556110,False
6039,1,1,positive,False,True,False,5.0,CeraVe,3092556110,False
6040,1,1,positive,False,True,False,5.0,CeraVe,3092556110,False
6041,1,1,neutral,False,False,False,5.0,CeraVe,3092556110,False
6042,1,1,positive,False,True,False,5.0,CeraVe,3092556110,False
6044,3,3,positive,False,True,False,5.0,CeraVe,3092556110,False
6048,1,1,positive,False,True,False,5.0,CeraVe,3092556110,False
6049,4,3,positive,False,True,False,5.0,CeraVe,3092556110,False
6051,2,2,positive,False,True,True,5.0,CeraVe,3092556110,False
6052,2,2,neutral,False,True,True,5.0,CeraVe,3092556110,False
6055,1,1,positive,False,True,False,5.0,CeraVe,3092556110,False
6056,1,1,positive,False,True,False,5.0,CeraVe,3092556110,False
6057,1,1,positive,False,True,False,5.0,CeraVe,3092556110,False
6058,3,3,neutral,False,True,True,5.0,CeraVe,3092556110,False
6059,3,3,positive,False,True,False,5.0,CeraVe,3092556110,False
6060,4,3,neutral,False,True,True,5.0,CeraVe,3092556110,False
6062,2,2,positive,False,True,True,5.0,CeraVe,3092556110,False
6063,1,1,neutral,False,False,False,5.0,CeraVe,3092556110,False
6064,1,1,neutral,False,False,False,5.0,CeraVe,3092556110,False
6065,1,1,neutral,False,False,False,5.0,CeraVe,3092556110,False
6070,2,1,neutral,False,True,True,5.0,CeraVe,3092556110,False
6073,1,1,neutral,False,False,False,5.0,CeraVe,3092556110,False
6074,1,1,neutral,False,False,False,5.0,CeraVe,3092556110,False
6075,2,2,neutral,False,False,False,5.0,CeraVe,3092556110,False
6076,1,1,positive,False,True,False,5.0,CeraVe,3092556110,False
6080,1,1,positive,False,True,False,5.0,CeraVe,3092556110,False
6081,3,2,positive,False,True,True,5.0,CeraVe,3092556110,False
6083,1,1,positive,False,True,False,5.0,CeraVe,3092556110,False
6084,1,1,positive,False,True,False,5.0,CeraVe,3092556110,False
6085,1,1,positive,False,True,False,5.0,CeraVe,3092556110,False
6086,2,2,positive,False,True,True,5.0,CeraVe,3092556110,False
6087,2,1,neutral,False,True,True,1.0,CeraVe,2029044077,False
6091,4,2,neutral,True,False,True,2.0,CeraVe,2029044077,False
6092,2,1,neutral,False,False,False,2.0,CeraVe,2029044077,False
6095,1,1,negative,True,False,False,3.0,CeraVe,2029044077,False
6098,1,1,neutral,False,False,False,4.0,CeraVe,2029044077,False
6099,5,4,negative,True,True,True,4.0,CeraVe,2029044077,True
6100,1,1,neutral,False,False,False,5.0,CeraVe,2029044077,False
6102,2,2,positive,False,True,False,5.0,CeraVe,2029044077,False
6103,6,4,positive,False,True,False,5.0,CeraVe,2029044077,False
6104,3,2,positive,False,True,False,5.0,CeraVe,2029044077,False
6105,3,3,positive,False,True,False,5.0,CeraVe,2029044077,False
6107,5,3,positive,False,True,False,5.0,CeraVe,2029044077,False
6108,2,2,positive,False,True,False,5.0,CeraVe,2029044077,False
6109,2,1,neutral,False,True,True,5.0,CeraVe,2029044077,False
6111,3,3,positive,False,True,True,5.0,CeraVe,2029044077,False
6112,4,2,neutral,False,True,True,5.0,CeraVe,2029044077,False
6113,1,1,neutral,False,False,False,5.0,CeraVe,2029044077,False
6114,2,2,positive,False,True,True,5.0,CeraVe,2029044077,False
6115,3,1,neutral,False,False,False,5.0,CeraVe,2029044077,False
6116,2,2,neutral,False,True,True,5.0,CeraVe,2029044077,False
6117,5,3,positive,False,True,False,5.0,CeraVe,2029044077,False
6118,5,2,neutral,False,False,False,5.0,CeraVe,2029044077,False
6120,5,1,neutral,False,False,False,5.0,CeraVe,2029044077,False
6121,1,1,neutral,False,False,False,5.0,CeraVe,2029044077,False
6122,1,1,neutral,False,False,False,5.0,CeraVe,2029044077,False
6124,4,3,neutral,False,False,False,5.0,CeraVe,2029044077,False
6125,1,1,neutral,False,False,False,5.0,CeraVe,2029044077,False
6126,2,2,positive,False,True,False,5.0,CeraVe,2029044077,False
6127,2,2,positive,False,True,False,5.0,CeraVe,2029044077,False
6128,3,1,neutral,False,False,False,5.0,CeraVe,2029044077,False
6130,4,3,neutral,False,False,False,5.0,CeraVe,2029044077,False
6131,1,1,neutral,False,False,False,5.0,CeraVe,2029044077,False
6132,3,3,neutral,False,True,True,5.0,CeraVe,2029044077,False
6133,4,2,positive,False,True,False,5.0,CeraVe,2029044077,False
6134,2,2,positive,False,True,False,5.0,CeraVe,2029044077,False
6135,5,4,positive,False,True,True,5.0,CeraVe,2029044077,False
6136,1,1,neutral,False,False,False,5.0,CeraVe,2029044077,False
6137,1,1,neutral,False,False,False,5.0,CeraVe,2029044077,False
6138,1,1,positive,False,True,False,5.0,CeraVe,2029044077,False
6139,4,3,neutral,False,True,True,5.0,CeraVe,2029044077,False
6141,2,1,neutral,False,False,False,5.0,CeraVe,2029044077,False
6142,5,5,positive,False,True,True,5.0,CeraVe,2029044077,False
6143,4,3,neutral,False,True,True,5.0,CeraVe,2029044077,False
6144,3,3,positive,False,True,False,5.0,CeraVe,2029044077,False
6146,1,1,positive,False,True,False,5.0,CeraVe,2029044077,False
6147,1,1,positive,False,True,False,5.0,CeraVe,2029044077,False
6149,1,1,neutral,False,False,False,5.0,CeraVe,2029044077,False
6150,2,1,neutral,False,False,False,5.0,CeraVe,2029044077,False
6151,1,1,positive,False,True,False,5.0,CeraVe,2029044077,False
6152,3,3,positive,False,True,False,5.0,CeraVe,2029044077,False
6153,1,1,positive,False,True,False,5.0,CeraVe,2029044077,False
6155,1,1,neutral,False,False,False,5.0,CeraVe,2029044077,False
6156,5,4,neutral,False,True,True,5.0,CeraVe,2029044077,False
6157,2,2,neutral,False,False,False,5.0,CeraVe,2029044077,False
6159,1,1,neutral,False,False,False,5.0,CeraVe,2029044077,False
6160,1,1,neutral,False,False,False,5.0,CeraVe,2029044077,False
6162,3,3,neutral,False,False,False,5.0,CeraVe,2029044077,False
6166,1,1,neutral,False,False,False,1.0,CeraVe,2028969337,False
6167,1,1,negative,True,False,False,1.0,CeraVe,2028969337,False
6168,1,1,neutral,False,False,False,1.0,CeraVe,2028969337,False
6169,1,1,neutral,False,False,False,1.0,CeraVe,2028969337,False
6170,1,1,neutral,False,False,False,1.0,CeraVe,2028969337,False
6172,1,1,neutral,False,False,False,2.0,CeraVe,2028969337,False
6174,2,2,neutral,False,False,False,3.0,CeraVe,2028969337,False
6175,3,2,neutral,False,False,False,3.0,CeraVe,2028969337,False
6177,1,1,neutral,False,False,False,4.0,CeraVe,2028969337,False
6178,2,2,neutral,False,False,False,4.0,CeraVe,2028969337,False
6179,1,1,positive,False,True,False,4.0,CeraVe,2028969337,False
6180,1,1,neutral,False,False,False,4.0,CeraVe,2028969337,False
6181,1,1,neutral,False,False,False,4.0,CeraVe,2028969337,False
6182,2,2,neutral,False,True,True,4.0,CeraVe,2028969337,False
6183,1,1,positive,False,True,False,5.0,CeraVe,2028969337,False
6184,1,1,positive,False,True,False,5.0,CeraVe,2028969337,False
6186,4,2,neutral,False,True,True,5.0,CeraVe,2028969337,False
6187,2,2,positive,False,True,False,5.0,CeraVe,2028969337,False
6188,1,1,positive,False,True,False,5.0,CeraVe,2028969337,False
6190,3,3,neutral,False,True,True,5.0,CeraVe,2028969337,False
6193,2,2,neutral,False,True,True,5.0,CeraVe,2028969337,False
6194,3,2,neutral,False,False,False,5.0,CeraVe,2028969337,False
6195,4,2,positive,False,True,False,5.0,CeraVe,2028969337,False
6196,1,1,neutral,False,False,False,5.0,CeraVe,2028969337,False
6198,1,1,positive,False,True,False,5.0,CeraVe,2028969337,False
6199,3,2,positive,False,True,True,5.0,CeraVe,2028969337,False
6200,2,1,positive,False,True,False,5.0,CeraVe,2028969337,False
6201,2,2,neutral,False,True,True,5.0,CeraVe,2028969337,False
6202,1,1,neutral,False,False,False,5.0,CeraVe,2028969337,False
6203,4,3,positive,False,True,False,5.0,CeraVe,2028969337,False
6204,2,1,neutral,False,True,True,5.0,CeraVe,2028969337,False
6205,2,2,neutral,False,True,True,5.0,CeraVe,2028969337,False
6206,1,1,neutral,False,False,False,5.0,CeraVe,2028969337,False
6207,2,2,positive,False,True,False,5.0,CeraVe,2028969337,False
6208,1,1,positive,False,True,False,5.0,CeraVe,2028969337,False
6209,2,2,positive,False,True,True,5.0,CeraVe,2028969337,False
6210,4,4,positive,False,True,True,5.0,CeraVe,2028969337,False
6211,1,1,neutral,False,False,False,5.0,CeraVe,2028969337,False
6212,4,3,neutral,False,True,True,5.0,CeraVe,2028969337,False
6213,1,1,neutral,False,False,False,5.0,CeraVe,2028969337,False
6214,1,1,positive,False,True,False,5.0,CeraVe,2028969337,False
6215,2,2,positive,False,True,False,5.0,CeraVe,2028969337,False
6217,2,2,neutral,False,False,False,5.0,CeraVe,2028969337,False
6218,1,1,neutral,False,False,False,5.0,CeraVe,2028969337,False
6219,1,1,negative,True,False,False,5.0,CeraVe,2028969337,True
6220,1,1,positive,False,True,False,5.0,CeraVe,2028969337,False
6221,3,2,positive,False,True,False,5.0,CeraVe,2028969337,False
6222,2,2,positive,False,True,False,5.0,CeraVe,2028969337,False
6223,2,2,positive,False,True,True,5.0,CeraVe,2028969337,False
6224,3,3,neutral,False,False,False,5.0,CeraVe,2028969337,False
6225,1,1,positive,False,True,False,5.0,CeraVe,2028969337,False
6226,3,1,positive,False,True,True,5.0,CeraVe,2028969337,False
6227,1,1,positive,False,True,False,5.0,CeraVe,2028969337,False
6229,1,1,positive,False,True,False,5.0,CeraVe,2028969337,False
6230,1,1,positive,False,True,False,5.0,CeraVe,2028969337,False
6232,2,1,neutral,False,True,True,5.0,CeraVe,2028969337,False
6233,8,1,positive,False,True,True,5.0,CeraVe,2028969337,False
6236,1,1,positive,False,True,False,5.0,CeraVe,2028969337,False
6237,1,1,neutral,False,False,False,5.0,CeraVe,2028969337,False
6238,4,3,neutral,False,True,True,5.0,CeraVe,2028969337,False
6240,1,1,neutral,False,False,False,5.0,CeraVe,2028969337,False
6244,3,2,neutral,False,False,False,5.0,CeraVe,2028969337,False
6245,1,1,positive,False,True,False,5.0,CeraVe,2028969337,False
6246,2,1,neutral,False,False,False,5.0,CeraVe,2028969337,False
6247,1,1,positive,False,True,False,5.0,CeraVe,2028969337,False
6248,2,1,positive,False,True,True,5.0,CeraVe,2028969337,False
6249,1,1,positive,False,True,False,5.0,CeraVe,2028969337,False
6250,2,1,neutral,False,True,True,5.0,CeraVe,2028969337,False
6252,3,3,negative,True,False,True,5.0,CeraVe,2028969337,True
6255,1,1,positive,False,True,False,5.0,CeraVe,2028969337,False
6261,2,2,neutral,False,True,True,5.0,CeraVe,2028969337,False
6262,2,1,neutral,False,True,True,5.0,CeraVe,2028969337,False
6263,1,1,neutral,False,False,False,5.0,CeraVe,2028969337,False
6266,2,1,neutral,False,True,True,5.0,CeraVe,2028969337,False
6267,1,1,positive,False,True,False,5.0,CeraVe,2028969337,False
6268,2,2,neutral,False,True,True,5.0,CeraVe,2028969337,False
6269,3,3,positive,False,True,False,5.0,CeraVe,2028969337,False
6270,2,1,positive,False,True,False,5.0,CeraVe,2028969337,False
6272,1,1,neutral,False,False,False,5.0,CeraVe,2028969337,False
6276,2,2,positive,False,True,False,5.0,CeraVe,3070441311,False
6277,2,2,positive,False,True,False,5.0,CeraVe,3070441311,False
6280,1,1,neutral,False,False,False,1.0,CeraVe,2028967302,False
6281,5,3,positive,False,True,True,1.0,CeraVe,2028967302,False
6285,1,1,neutral,False,False,False,3.0,CeraVe,2028967302,False
6287,7,5,neutral,False,True,True,4.0,CeraVe,2028967302,False
6288,1,1,neutral,False,False,False,4.0,CeraVe,2028967302,False
6289,3,3,neutral,False,True,True,5.0,CeraVe,2028967302,False
6290,3,2,neutral,False,False,False,5.0,CeraVe,2028967302,False
6291,5,4,positive,True,True,True,5.0,CeraVe,2028967302,True
6292,3,3,neutral,False,True,True,5.0,CeraVe,2028967302,False
6293,1,1,neutral,False,False,False,5.0,CeraVe,2028967302,False
6294,5,3,positive,False,True,False,5.0,CeraVe,2028967302,False
6296,2,1,neutral,False,False,False,5.0,CeraVe,2028967302,False
6297,1,1,positive,False,True,False,5.0,CeraVe,2028967302,False
6298,4,4,neutral,False,False,False,5.0,CeraVe,2028967302,False
6299,5,3,neutral,False,True,True,5.0,CeraVe,2028967302,False
6300,2,2,positive,False,True,False,5.0,CeraVe,2028967302,False
6301,2,1,neutral,False,False,False,5.0,CeraVe,2028967302,False
6302,2,2,positive,False,True,True,5.0,CeraVe,2028967302,False
6303,2,1,positive,False,True,False,5.0,CeraVe,2028967302,False
6304,2,2,neutral,False,True,True,5.0,CeraVe,2028967302,False
6305,1,1,positive,False,True,False,5.0,CeraVe,2028967302,False
6306,4,3,positive,False,True,True,5.0,CeraVe,2028967302,False
6307,3,2,neutral,False,True,True,5.0,CeraVe,2028967302,False
6308,3,2,positive,False,True,True,5.0,CeraVe,2028967302,False
6309,2,2,neutral,False,True,True,5.0,CeraVe,2028967302,False
6310,2,2,positive,False,True,True,5.0,CeraVe,2028967302,False
6311,6,3,neutral,False,True,True,5.0,CeraVe,2028967302,False
6312,2,2,positive,False,True,True,5.0,CeraVe,2028967302,False
6313,2,2,positive,False,True,False,5.0,CeraVe,2028967302,False
6314,3,2,neutral,False,False,False,5.0,CeraVe,2028967302,False
6315,4,3,neutral,False,True,True,5.0,CeraVe,2028967302,False
6316,1,1,neutral,False,False,False,5.0,CeraVe,2028967302,False
6317,1,1,positive,False,True,False,5.0,CeraVe,2028967302,False
6318,5,3,neutral,False,True,True,5.0,CeraVe,2028967302,False
6320,5,4,positive,False,True,True,5.0,CeraVe,2028967302,False
6321,2,1,neutral,False,True,True,5.0,CeraVe,2028967302,False
6322,1,1,neutral,False,False,False,5.0,CeraVe,2028967302,False
6323,2,1,neutral,False,False,False,5.0,CeraVe,2028967302,False
6324,3,1,neutral,False,False,False,5.0,CeraVe,2028967302,False
6325,3,2,neutral,False,False,False,5.0,CeraVe,2028967302,False
6327,1,1,negative,True,False,False,5.0,CeraVe,2028967302,True
6328,2,2,neutral,False,False,False,5.0,CeraVe,2028967302,False
6329,5,1,neutral,False,True,True,5.0,CeraVe,2028967302,False
6330,4,1,neutral,False,True,True,5.0,CeraVe,2028967302,False
6331,4,3,neutral,False,True,True,5.0,CeraVe,2028967302,False
6332,4,3,neutral,False,True,True,5.0,CeraVe,2028967302,False
6333,6,1,neutral,False,False,False,5.0,CeraVe,2028967302,False
6334,4,3,positive,False,True,True,5.0,CeraVe,2028967302,False
6335,6,2,positive,True,True,True,5.0,CeraVe,2028967302,True
6336,3,3,positive,False,True,False,5.0,CeraVe,2028967302,False
6338,4,3,neutral,False,True,True,5.0,CeraVe,2028967302,False
6339,5,3,neutral,False,False,False,5.0,CeraVe,2028967302,False
6340,6,1,positive,False,True,True,5.0,CeraVe,2028967302,False
6341,3,2,neutral,False,True,True,5.0,CeraVe,2028967302,False
6342,5,3,positive,False,True,True,5.0,CeraVe,2028967302,False
6343,1,1,neutral,False,False,False,5.0,CeraVe,2028967302,False
6344,1,1,positive,False,True,False,5.0,CeraVe,2028967302,False
6345,4,2,neutral,False,False,False,5.0,CeraVe,2028967302,False
6348,7,3,positive,False,True,True,5.0,CeraVe,2028967302,False
6349,1,1,neutral,False,False,False,5.0,CeraVe,2028967302,False
6350,6,4,neutral,False,True,True,5.0,CeraVe,2028967302,False
6352,3,2,positive,False,True,True,5.0,CeraVe,2028967302,False
6354,1,1,neutral,False,False,False,5.0,CeraVe,2028967302,False
6356,2,2,neutral,False,False,False,5.0,CeraVe,2028967302,False
6358,2,2,neutral,False,False,False,5.0,CeraVe,2028967302,False
6359,2,2,neutral,False,False,False,5.0,CeraVe,2028967302,False
6360,1,1,negative,True,False,False,5.0,CeraVe,2028967302,True
6361,1,1,positive,False,True,False,5.0,CeraVe,2028967302,False
6362,3,2,positive,False,True,True,5.0,CeraVe,2028967302,False
6363,1,1,neutral,False,False,False,5.0,CeraVe,2028967302,False
6364,1,1,neutral,False,False,False,5.0,CeraVe,2028967302,False
6365,2,1,neutral,False,True,True,5.0,CeraVe,2028967302,False
6366,4,2,neutral,False,True,True,5.0,CeraVe,2028967302,False
6367,2,1,neutral,False,True,True,5.0,CeraVe,2028967302,False
6368,2,2,neutral,False,False,False,5.0,CeraVe,2028967302,False
6369,2,2,positive,False,True,False,5.0,CeraVe,2028967302,False
6370,3,2,positive,False,True,True,5.0,CeraVe,2028967302,False
6371,1,1,positive,False,True,False,5.0,CeraVe,2028967302,False
6372,3,2,positive,False,True,True,5.0,CeraVe,2028967302,False
6373,1,1,neutral,False,False,False,1.0,CeraVe,2028976344,False
6374,1,1,neutral,False,False,False,1.0,CeraVe,2028976344,False
6375,3,2,neutral,False,False,False,1.0,CeraVe,2028976344,False
6376,4,3,neutral,True,False,True,1.0,CeraVe,2028976344,False
6377,1,1,neutral,False,False,False,1.0,CeraVe,2028976344,False
6378,1,1,negative,True,False,False,2.0,CeraVe,2028976344,False
6379,1,1,neutral,False,False,False,2.0,CeraVe,2028976344,False
6380,1,1,neutral,False,False,False,2.0,CeraVe,2028976344,False
6381,2,2,negative,True,False,False,3.0,CeraVe,2028976344,False
6385,1,1,neutral,False,False,False,4.0,CeraVe,2028976344,False
6386,1,1,neutral,False,False,False,4.0,CeraVe,2028976344,False
6387,3,3,neutral,False,True,True,4.0,CeraVe,2028976344,False
6388,1,1,positive,False,True,False,4.0,CeraVe,2028976344,False
6389,2,2,negative,True,False,False,4.0,CeraVe,2028976344,True
6390,1,1,positive,False,True,False,4.0,CeraVe,2028976344,False
6391,5,3,neutral,False,True,True,5.0,CeraVe,2028976344,False
6392,1,1,negative,True,False,False,5.0,CeraVe,2028976344,True
6394,2,2,positive,False,True,False,5.0,CeraVe,2028976344,False
6395,2,2,neutral,False,False,False,5.0,CeraVe,2028976344,False
6396,1,1,neutral,False,False,False,5.0,CeraVe,2028976344,False
6397,2,2,negative,True,False,True,5.0,CeraVe,2028976344,True
6398,4,2,positive,False,True,True,5.0,CeraVe,2028976344,False
6399,1,1,neutral,False,False,False,5.0,CeraVe,2028976344,False
6401,3,2,positive,False,True,True,5.0,CeraVe,2028976344,False
6402,2,2,neutral,False,True,True,5.0,CeraVe,2028976344,False
6403,2,2,negative,True,False,False,5.0,CeraVe,2028976344,True
6404,1,1,positive,False,True,False,5.0,CeraVe,2028976344,False
6405,1,1,positive,False,True,False,5.0,CeraVe,2028976344,False
6406,3,3,positive,False,True,False,5.0,CeraVe,2028976344,False
6407,2,1,positive,False,True,False,5.0,CeraVe,2028976344,False
6409,1,1,neutral,False,False,False,5.0,CeraVe,2028976344,False
6410,4,2,neutral,False,True,True,5.0,CeraVe,2028976344,False
6411,2,2,positive,False,True,False,5.0,CeraVe,2028976344,False
6412,4,3,positive,False,True,False,5.0,CeraVe,2028976344,False
6413,1,1,negative,True,False,False,5.0,CeraVe,2028976344,True
6414,5,2,positive,False,True,True,5.0,CeraVe,2028976344,False
6415,4,3,neutral,False,True,True,5.0,CeraVe,2028976344,False
6416,3,2,positive,False,True,True,5.0,CeraVe,2028976344,False
6417,5,3,neutral,False,False,False,5.0,CeraVe,2028976344,False
6418,3,2,neutral,True,True,True,5.0,CeraVe,2028976344,True
6419,4,2,neutral,True,True,True,5.0,CeraVe,2028976344,True
6420,3,2,positive,False,True,True,5.0,CeraVe,2028976344,False
6421,5,2,neutral,True,True,True,5.0,CeraVe,2028976344,True
6422,5,2,positive,False,True,True,5.0,CeraVe,2028976344,False
6423,4,2,neutral,False,True,True,5.0,CeraVe,2028976344,False
6424,3,2,neutral,False,False,False,5.0,CeraVe,2028976344,False
6425,2,1,positive,False,True,True,5.0,CeraVe,2028976344,False
6426,2,1,neutral,False,False,False,5.0,CeraVe,2028976344,False
6427,5,2,neutral,False,True,True,5.0,CeraVe,2028976344,False
6429,1,1,positive,False,True,False,5.0,CeraVe,2028976344,False
6431,4,3,positive,False,True,True,5.0,CeraVe,2028976344,False
6432,2,2,positive,False,True,True,5.0,CeraVe,2028976344,False
6433,2,2,positive,False,True,False,5.0,CeraVe,2028976344,False
6434,2,2,neutral,False,False,False,5.0,CeraVe,2028976344,False
6435,3,2,positive,False,True,True,5.0,CeraVe,2028976344,False
6437,5,2,positive,False,True,True,5.0,CeraVe,2028976344,False
6438,4,2,positive,False,True,False,5.0,CeraVe,2028976344,False
6439,2,2,neutral,False,False,False,5.0,CeraVe,2028976344,False
6440,4,2,neutral,False,True,True,5.0,CeraVe,2028976344,False
6441,3,3,neutral,False,False,False,5.0,CeraVe,2028976344,False
6442,1,1,neutral,False,False,False,5.0,CeraVe,2028976344,False
6443,2,1,neutral,False,True,True,5.0,CeraVe,2028976344,False
6444,1,1,positive,False,True,False,5.0,CeraVe,2028976344,False
6445,3,2,neutral,False,True,True,5.0,CeraVe,2028976344,False
6446,2,2,positive,False,True,True,5.0,CeraVe,2028976344,False
6447,3,1,positive,False,True,True,5.0,CeraVe,2028976344,False
6450,5,4,positive,False,True,True,5.0,CeraVe,2028976344,False
6451,1,1,neutral,False,False,False,5.0,CeraVe,2028976344,False
6452,6,3,positive,False,True,True,5.0,CeraVe,2028976344,False
6456,2,2,neutral,False,False,False,5.0,CeraVe,2028976344,False
6457,1,1,neutral,False,False,False,5.0,CeraVe,2028976344,False
6458,4,2,positive,False,True,True,5.0,CeraVe,2028976344,False
6462,1,1,neutral,False,False,False,5.0,CeraVe,2028976344,False
6463,2,2,neutral,False,False,False,5.0,CeraVe,2028976344,False
6464,4,2,positive,False,True,True,5.0,CeraVe,2028976344,False
6465,1,1,positive,False,True,False,5.0,CeraVe,2028976344,False
6466,2,2,neutral,False,True,True,5.0,CeraVe,2028976344,False
6467,2,2,neutral,False,True,True,5.0,CeraVe,2028976344,False
6468,2,2,neutral,False,False,False,5.0,CeraVe,2028976344,False
6469,2,2,neutral,False,False,False,5.0,CeraVe,2028976344,False
6470,3,2,neutral,False,False,False,5.0,CeraVe,2028976344,False
6471,3,3,positive,False,True,True,5.0,CeraVe,2028976344,False
6472,1,1,neutral,False,False,False,5.0,CeraVe,2028976344,False
6473,1,1,positive,False,True,False,5.0,CeraVe,2028976344,False
6474,3,3,neutral,False,True,True,5.0,CeraVe,2028976344,False
6475,4,1,neutral,False,False,False,5.0,CeraVe,2028976344,False
6476,3,3,neutral,False,True,True,5.0,CeraVe,2028976344,False
6477,2,2,neutral,False,False,False,5.0,CeraVe,2028976344,False
6478,3,3,positive,False,True,False,5.0,CeraVe,2028976344,False
6479,2,2,neutral,False,False,False,5.0,CeraVe,2028976344,False
6481,1,1,negative,True,False,False,5.0,CeraVe,3148877020,True
6482,2,1,neutral,False,False,False,5.0,CeraVe,3148747785,False
6483,1,1,positive,False,True,False,1.0,CeraVe,2028781933,False
6484,4,3,positive,False,True,True,1.0,CeraVe,2028781933,False
6485,1,1,neutral,False,False,False,3.0,CeraVe,2028781933,False
6486,3,2,positive,True,True,True,4.0,CeraVe,2028781933,True
6487,3,2,positive,False,True,True,4.0,CeraVe,2028781933,False
6489,1,1,positive,False,True,False,5.0,CeraVe,2028781933,False
6490,2,2,positive,False,True,False,5.0,CeraVe,2028781933,False
6493,6,5,positive,False,True,True,5.0,CeraVe,2028781933,False
6494,2,2,positive,False,True,False,5.0,CeraVe,2028781933,False
6497,1,1,positive,False,True,False,5.0,CeraVe,2028781933,False
6498,2,2,positive,False,True,False,5.0,CeraVe,2028781933,False
6500,3,2,positive,False,True,True,5.0,CeraVe,2028781933,False
6501,2,2,positive,False,True,False,5.0,CeraVe,2028781933,False
6502,3,2,positive,False,True,False,5.0,CeraVe,2028781933,False
6504,2,1,neutral,True,False,True,5.0,CeraVe,2028781933,True
6505,4,2,positive,True,True,True,5.0,CeraVe,2028781933,True
6506,2,2,positive,False,True,False,5.0,CeraVe,2028781933,False
6507,1,1,positive,False,True,False,5.0,CeraVe,2028781933,False
6508,1,1,positive,False,True,False,5.0,CeraVe,2028781933,False
6510,1,1,neutral,False,False,False,5.0,CeraVe,2028781933,False
6512,3,2,positive,True,True,True,5.0,CeraVe,2028781933,True
6513,2,2,positive,False,True,False,5.0,CeraVe,2028781933,False
6514,1,1,positive,False,True,False,5.0,CeraVe,2028781933,False
6515,6,3,positive,False,True,True,5.0,CeraVe,2028781933,False
6516,2,2,positive,False,True,False,5.0,CeraVe,2028781933,False
6518,3,1,positive,True,True,True,5.0,CeraVe,2028781933,True
6519,2,1,positive,False,True,False,5.0,CeraVe,2028781933,False
6520,1,1,neutral,False,False,False,5.0,CeraVe,2028781933,False
6521,3,3,positive,False,True,False,5.0,CeraVe,2028781933,False
6522,2,2,positive,False,True,False,5.0,CeraVe,2028781933,False
6523,2,2,positive,False,True,False,5.0,CeraVe,2028781933,False
6524,3,2,positive,False,True,False,5.0,CeraVe,2028781933,False
6525,2,1,positive,False,True,True,5.0,CeraVe,2028781933,False
6526,1,1,negative,True,False,False,5.0,CeraVe,2028781933,True
6527,5,3,positive,False,True,True,5.0,CeraVe,2028781933,False
6528,4,2,positive,True,True,True,5.0,CeraVe,2028781933,True
6529,3,3,positive,False,True,False,5.0,CeraVe,2028781933,False
6530,1,1,neutral,False,False,False,5.0,CeraVe,2028781933,False
6531,2,2,positive,False,True,False,5.0,CeraVe,2028781933,False
6532,3,3,positive,False,True,True,5.0,CeraVe,2028781933,False
6533,1,1,positive,False,True,False,5.0,CeraVe,2028781933,False
6534,3,3,neutral,False,True,True,5.0,CeraVe,2028781933,False
6535,3,2,positive,False,True,True,5.0,CeraVe,2028781933,False
6536,2,2,positive,False,True,False,5.0,CeraVe,2028781933,False
6538,1,1,neutral,False,False,False,5.0,CeraVe,2028781933,False
6540,1,1,neutral,False,False,False,5.0,CeraVe,2028781933,False
6541,6,4,neutral,False,True,True,5.0,CeraVe,2028781933,False
6542,1,1,positive,False,True,False,5.0,CeraVe,2028781933,False
6543,4,2,positive,True,True,True,5.0,CeraVe,2028781933,True
6544,5,3,positive,False,True,False,5.0,CeraVe,2028781933,False
6545,1,1,neutral,False,False,False,5.0,CeraVe,2028781933,False
6546,2,1,neutral,False,False,False,5.0,CeraVe,2028781933,False
6547,4,4,neutral,False,True,True,5.0,CeraVe,2028781933,False
6548,1,1,neutral,False,False,False,5.0,CeraVe,2028781933,False
6549,4,2,positive,True,True,True,5.0,CeraVe,2028781933,True
6550,3,2,neutral,False,True,True,5.0,CeraVe,2028781933,False
6551,3,2,positive,False,True,False,5.0,CeraVe,2028781933,False
6552,3,2,neutral,False,True,True,5.0,CeraVe,2028781933,False
6553,6,2,neutral,False,False,False,5.0,CeraVe,2028781933,False
6554,2,1,negative,True,True,True,5.0,CeraVe,2028781933,True
6555,4,3,positive,False,True,False,5.0,CeraVe,2028781933,False
6557,1,1,negative,True,False,False,5.0,CeraVe,2028781933,True
6558,2,1,neutral,True,False,True,5.0,CeraVe,2028781933,True
6559,2,2,neutral,False,False,False,5.0,CeraVe,2028781933,False
6560,3,2,positive,False,True,False,5.0,CeraVe,2028781933,False
6561,1,1,neutral,False,False,False,5.0,CeraVe,2028781933,False
6562,1,1,neutral,False,False,False,5.0,CeraVe,2028781933,False
6563,1,1,neutral,False,False,False,5.0,CeraVe,2028781933,False
6564,3,2,positive,False,True,False,5.0,CeraVe,2028781933,False
6565,3,3,positive,False,True,False,5.0,CeraVe,2028781933,False
6566,1,1,positive,False,True,False,5.0,CeraVe,2028781933,False
6568,2,2,positive,False,True,False,5.0,CeraVe,2028781933,False
6569,2,2,positive,False,True,False,5.0,CeraVe,2028781933,False
6570,3,2,positive,False,True,False,5.0,CeraVe,2028781933,False
6571,2,1,neutral,True,False,True,5.0,CeraVe,2028781933,True
6572,5,3,positive,True,True,True,5.0,CeraVe,2028781933,True
6574,2,1,neutral,False,False,False,1.0,CeraVe,3092416553,False
6575,3,3,neutral,False,True,True,5.0,CeraVe,3092416553,False
6576,2,2,positive,False,True,True,5.0,CeraVe,3092416553,False
6578,4,3,positive,False,True,True,5.0,CeraVe,3092416553,False
6579,2,2,neutral,False,False,False,5.0,CeraVe,3092416553,False
6580,3,2,neutral,False,False,False,5.0,CeraVe,3092416553,False
6581,1,1,neutral,False,False,False,5.0,CeraVe,3092416553,False
6582,1,1,positive,False,True,False,5.0,CeraVe,3092416553,False
6585,3,3,neutral,False,False,False,5.0,CeraVe,3092416553,False
6586,2,2,neutral,False,False,False,1.0,CeraVe,2447385502,False
6590,1,1,negative,True,False,False,1.0,CeraVe,2447385502,False
6592,1,1,neutral,False,False,False,2.0,CeraVe,2447385502,False
6593,2,2,neutral,False,True,True,2.0,CeraVe,2447385502,False
6594,1,1,neutral,False,False,False,4.0,CeraVe,2447385502,False
6595,2,1,positive,False,True,True,5.0,CeraVe,2447385502,False
6596,1,1,positive,False,True,False,5.0,CeraVe,2447385502,False
6597,3,3,neutral,False,True,True,5.0,CeraVe,2447385502,False
6598,1,1,positive,False,True,False,5.0,CeraVe,2447385502,False
6599,1,1,positive,False,True,False,5.0,CeraVe,2447385502,False
6600,1,1,neutral,False,False,False,5.0,CeraVe,2447385502,False
6601,1,1,positive,False,True,False,5.0,CeraVe,2447385502,False
6602,1,1,positive,False,True,False,5.0,CeraVe,2447385502,False
6603,1,1,negative,True,False,False,5.0,CeraVe,2447385502,True
6604,1,1,positive,False,True,False,5.0,CeraVe,2447385502,False
6607,1,1,positive,False,True,False,5.0,CeraVe,2447385502,False
6608,5,3,positive,False,True,True,5.0,CeraVe,2447385502,False
6609,1,1,positive,False,True,False,5.0,CeraVe,2447385502,False
6610,1,1,positive,False,True,False,5.0,CeraVe,2447385502,False
6611,4,1,positive,False,True,False,5.0,CeraVe,2447385502,False
6612,1,1,positive,False,True,False,5.0,CeraVe,2447385502,False
6613,1,1,positive,False,True,False,5.0,CeraVe,2447385502,False
6615,1,1,neutral,False,False,False,5.0,CeraVe,2447385502,False
6616,4,1,positive,False,True,True,5.0,CeraVe,2447385502,False
6617,2,2,neutral,False,True,True,5.0,CeraVe,2447385502,False
6619,2,2,positive,False,True,False,5.0,CeraVe,2447385502,False
6620,4,4,neutral,False,True,True,5.0,CeraVe,2447385502,False
6623,1,1,positive,False,True,False,5.0,CeraVe,2447385502,False
6624,1,1,positive,False,True,False,5.0,CeraVe,2447385502,False
6625,1,1,positive,False,True,False,5.0,CeraVe,2447385502,False
6626,1,1,positive,False,True,False,5.0,CeraVe,2447385502,False
6628,2,1,positive,False,True,False,5.0,CeraVe,2447385502,False
6629,2,2,neutral,False,False,False,5.0,CeraVe,2447385502,False
6630,2,1,positive,False,True,True,5.0,CeraVe,2447385502,False
6632,1,1,positive,False,True,False,5.0,CeraVe,2447385502,False
6633,1,1,positive,False,True,False,5.0,CeraVe,2447385502,False
6637,1,1,positive,False,True,False,5.0,CeraVe,2447385502,False
6638,3,2,positive,False,True,True,5.0,CeraVe,2447385502,False
6639,1,1,positive,False,True,False,5.0,CeraVe,2447385502,False
6640,1,1,positive,False,True,False,5.0,CeraVe,2447385502,False
6641,1,1,positive,False,True,False,5.0,CeraVe,2447385502,False
6642,2,2,neutral,False,False,False,5.0,CeraVe,2447385502,False
6644,2,2,positive,False,True,True,5.0,CeraVe,2447385502,False
6646,2,2,positive,False,True,False,5.0,CeraVe,2447385502,False
6649,2,1,positive,False,True,False,5.0,CeraVe,2447385502,False
6651,3,3,positive,True,True,True,5.0,CeraVe,2447385502,True
6652,1,1,positive,False,True,False,5.0,CeraVe,2447385502,False
6653,1,1,neutral,False,False,False,5.0,CeraVe,2447385502,False
6654,1,1,neutral,False,False,False,5.0,CeraVe,2447385502,False
6655,2,2,positive,False,True,False,5.0,CeraVe,2447385502,False
6657,3,2,positive,False,True,True,5.0,CeraVe,2447385502,False
6658,1,1,positive,False,True,False,5.0,CeraVe,2447385502,False
6659,2,1,positive,False,True,False,5.0,CeraVe,2447385502,False
6660,1,1,positive,False,True,False,5.0,CeraVe,2447385502,False
6661,3,1,positive,False,True,True,5.0,CeraVe,2447385502,False
6663,1,1,neutral,False,False,False,5.0,CeraVe,2447385502,False
6664,1,1,neutral,False,False,False,5.0,CeraVe,2447385502,False
6665,1,1,positive,False,True,False,5.0,CeraVe,2447385502,False
6666,1,1,neutral,False,False,False,5.0,CeraVe,2447385502,False
6667,2,1,neutral,False,True,True,5.0,CeraVe,2447385502,False
6668,1,1,neutral,False,False,False,5.0,CeraVe,2447385502,False
6669,1,1,neutral,False,False,False,5.0,CeraVe,2447385502,False
6670,1,1,positive,False,True,False,5.0,CeraVe,2447385502,False
6671,1,1,positive,False,True,False,5.0,CeraVe,2447385502,False
6672,2,1,neutral,False,True,True,5.0,CeraVe,2447385502,False
6673,1,1,positive,False,True,False,5.0,CeraVe,2447385502,False
6674,1,1,positive,False,True,False,5.0,CeraVe,2447385502,False
6676,1,1,negative,True,False,False,3.0,CeraVe,2028939549,False
6677,24,3,positive,False,True,True,4.0,CeraVe,2028939549,False
6679,6,5,positive,False,True,False,4.0,CeraVe,2028939549,False
6680,2,2,positive,False,True,False,5.0,CeraVe,2028939549,False
6681,4,3,neutral,False,True,True,5.0,CeraVe,2028939549,False
6682,2,2,positive,False,True,False,5.0,CeraVe,2028939549,False
6683,1,1,neutral,False,False,False,5.0,CeraVe,2028939549,False
6684,4,3,neutral,False,True,True,5.0,CeraVe,2028939549,False
6685,2,2,positive,False,True,True,5.0,CeraVe,2028939549,False
6687,2,2,neutral,True,False,True,5.0,CeraVe,2028939549,True
6688,3,2,neutral,False,False,False,5.0,CeraVe,2028939549,False
6689,2,2,neutral,False,True,True,5.0,CeraVe,2028939549,False
6690,3,3,positive,False,True,True,5.0,CeraVe,2028939549,False
6691,1,1,neutral,False,False,False,5.0,CeraVe,2028939549,False
6692,3,3,positive,False,True,True,5.0,CeraVe,2028939549,False
6693,1,1,neutral,False,False,False,5.0,CeraVe,2028939549,False
6694,1,1,neutral,False,False,False,5.0,CeraVe,2028939549,False
6695,2,1,neutral,False,False,False,5.0,CeraVe,2028939549,False
6696,5,3,positive,False,True,False,5.0,CeraVe,2028939549,False
6697,3,3,positive,False,True,True,5.0,CeraVe,2028939549,False
6698,2,2,positive,False,True,False,5.0,CeraVe,2028939549,False
6699,4,4,positive,False,True,True,5.0,CeraVe,2028939549,False
6700,2,2,positive,False,True,False,5.0,CeraVe,2028939549,False
6701,2,2,positive,False,True,False,5.0,CeraVe,2028939549,False
6702,1,1,neutral,False,False,False,5.0,CeraVe,2028939549,False
6704,2,1,neutral,False,False,False,5.0,CeraVe,2028939549,False
6706,1,1,neutral,False,False,False,5.0,CeraVe,2028939549,False
6707,3,3,positive,False,True,False,5.0,CeraVe,2028939549,False
6708,1,1,positive,False,True,False,5.0,CeraVe,2028939549,False
6709,2,1,positive,False,True,False,5.0,CeraVe,2028939549,False
6710,1,1,positive,False,True,False,5.0,CeraVe,2028939549,False
6711,2,2,neutral,False,False,False,5.0,CeraVe,2028939549,False
6712,4,2,positive,False,True,True,5.0,CeraVe,2028939549,False
6713,3,3,positive,False,True,False,5.0,CeraVe,2028939549,False
6714,1,1,positive,False,True,False,5.0,CeraVe,2028939549,False
6715,3,2,neutral,False,True,True,5.0,CeraVe,2028939549,False
6717,1,1,neutral,False,False,False,5.0,CeraVe,2028939549,False
6718,2,1,positive,False,True,False,5.0,CeraVe,2028939549,False
6719,2,1,positive,False,True,False,5.0,CeraVe,2028939549,False
6720,4,3,positive,False,True,False,5.0,CeraVe,2028939549,False
6722,3,3,positive,False,True,True,5.0,CeraVe,2028939549,False
6723,3,3,positive,False,True,False,5.0,CeraVe,2028939549,False
6724,1,1,positive,False,True,False,5.0,CeraVe,2028939549,False
6725,2,2,positive,False,True,False,5.0,CeraVe,2028939549,False
6726,3,1,positive,False,True,True,5.0,CeraVe,2028939549,False
6727,1,1,neutral,False,False,False,5.0,CeraVe,2028939549,False
6728,3,2,positive,False,True,False,5.0,CeraVe,2028939549,False
6729,4,3,positive,False,True,False,5.0,CeraVe,2028939549,False
6730,3,1,positive,False,True,False,5.0,CeraVe,2028939549,False
6731,1,1,positive,False,True,False,5.0,CeraVe,2028939549,False
6733,1,1,neutral,False,False,False,5.0,CeraVe,2028939549,False
6734,1,1,neutral,False,False,False,5.0,CeraVe,2028939549,False
6735,2,2,neutral,False,False,False,5.0,CeraVe,2028939549,False
6736,4,4,neutral,False,False,False,5.0,CeraVe,2028939549,False
6738,2,2,neutral,False,False,False,5.0,CeraVe,2028939549,False
6739,5,4,positive,False,True,True,5.0,CeraVe,2028939549,False
6740,3,2,neutral,True,False,True,5.0,CeraVe,2028939549,True
6741,2,2,positive,False,True,True,5.0,CeraVe,2028939549,False
6742,4,3,positive,False,True,True,5.0,CeraVe,2028939549,False
6743,2,2,neutral,False,True,True,5.0,CeraVe,2028939549,False
6744,2,2,neutral,False,False,False,5.0,CeraVe,2028939549,False
6745,2,2,neutral,False,False,False,5.0,CeraVe,2028939549,False
6746,1,1,neutral,False,False,False,5.0,CeraVe,2028939549,False
6747,3,3,neutral,False,False,False,5.0,CeraVe,2028939549,False
6748,2,2,neutral,False,False,False,5.0,CeraVe,2028939549,False
6749,3,2,neutral,False,True,True,5.0,CeraVe,2028939549,False
6750,2,2,neutral,False,False,False,5.0,CeraVe,2028939549,False
6751,2,2,neutral,False,False,False,5.0,CeraVe,2028939549,False
6752,3,2,neutral,False,False,False,5.0,CeraVe,2028939549,False
6753,2,2,neutral,False,True,True,5.0,CeraVe,2028939549,False
6755,1,1,positive,False,True,False,5.0,CeraVe,2028939549,False
6756,1,1,neutral,False,False,False,5.0,CeraVe,2028939549,False
6757,3,3,positive,False,True,True,5.0,CeraVe,2028939549,False
6758,3,2,positive,False,True,True,5.0,CeraVe,2028939549,False
6761,3,2,neutral,True,True,True,5.0,CeraVe,2028939549,True
6762,3,3,positive,False,True,False,5.0,CeraVe,2028939549,False
6763,3,3,positive,False,True,False,5.0,CeraVe,2028939549,False
6764,1,1,positive,False,True,False,5.0,CeraVe,2028939549,False
6765,1,1,neutral,False,False,False,5.0,CeraVe,2028939549,False
6766,2,2,neutral,True,False,True,5.0,CeraVe,2028939549,True
6767,1,1,neutral,False,False,False,5.0,CeraVe,2028939549,False
6769,2,1,neutral,False,False,False,5.0,CeraVe,3036046665,False
6770,4,4,positive,False,True,True,5.0,CeraVe,3036046665,False
6771,3,1,neutral,False,False,False,5.0,CeraVe,3036046665,False
6772,2,1,neutral,False,False,False,5.0,CeraVe,3036046665,False
6773,2,2,positive,False,True,False,5.0,CeraVe,3036046665,False
6776,1,1,neutral,False,False,False,2.0,CeraVe,2028954414,False
6777,1,1,negative,True,False,False,2.0,CeraVe,2028954414,False
6779,1,1,neutral,False,False,False,2.0,CeraVe,2028954414,False
6783,1,1,neutral,False,False,False,3.0,CeraVe,2028954414,False
6788,2,2,neutral,False,True,True,4.0,CeraVe,2028954414,False
6789,3,2,positive,False,True,True,4.0,CeraVe,2028954414,False
6790,1,1,neutral,False,False,False,4.0,CeraVe,2028954414,False
6792,1,1,negative,True,False,False,5.0,CeraVe,2028954414,True
6793,2,2,neutral,False,True,True,5.0,CeraVe,2028954414,False
6794,1,1,positive,False,True,False,5.0,CeraVe,2028954414,False
6796,1,1,positive,False,True,False,5.0,CeraVe,2028954414,False
6797,3,3,positive,False,True,False,5.0,CeraVe,2028954414,False
6798,2,2,positive,False,True,False,5.0,CeraVe,2028954414,False
6799,1,1,neutral,False,False,False,5.0,CeraVe,2028954414,False
6800,2,2,positive,False,True,False,5.0,CeraVe,2028954414,False
6804,1,1,neutral,False,False,False,5.0,CeraVe,2028954414,False
6805,3,2,neutral,False,False,False,5.0,CeraVe,2028954414,False
6806,3,3,positive,False,True,True,5.0,CeraVe,2028954414,False
6807,10,4,positive,False,True,True,5.0,CeraVe,2028954414,False
6808,1,1,positive,False,True,False,5.0,CeraVe,2028954414,False
6809,1,1,neutral,False,False,False,5.0,CeraVe,2028954414,False
6810,7,2,positive,False,True,True,5.0,CeraVe,2028954414,False
6814,1,1,neutral,False,False,False,5.0,CeraVe,2028954414,False
6816,3,3,positive,False,True,True,5.0,CeraVe,2028954414,False
6817,1,1,positive,False,True,False,5.0,CeraVe,2028954414,False
6819,3,2,neutral,False,False,False,5.0,CeraVe,2028954414,False
6820,1,1,neutral,False,False,False,5.0,CeraVe,2028954414,False
6822,2,2,positive,False,True,True,5.0,CeraVe,2028954414,False
6823,3,2,positive,False,True,True,5.0,CeraVe,2028954414,False
6824,2,2,positive,False,True,False,5.0,CeraVe,2028954414,False
6828,3,3,positive,False,True,False,5.0,CeraVe,2028954414,False
6829,1,1,neutral,False,False,False,5.0,CeraVe,2028954414,False
6830,4,2,positive,False,True,True,5.0,CeraVe,2028954414,False
6831,2,2,positive,False,True,True,5.0,CeraVe,2028954414,False
6832,1,1,neutral,False,False,False,5.0,CeraVe,2028954414,False
6834,1,1,positive,False,True,False,5.0,CeraVe,2028954414,False
6835,3,3,positive,False,True,False,5.0,CeraVe,2028954414,False
6836,5,3,neutral,False,True,True,5.0,CeraVe,2028954414,False
6837,1,1,neutral,False,False,False,5.0,CeraVe,2028954414,False
6838,1,1,neutral,False,False,False,5.0,CeraVe,2028954414,False
6839,1,1,neutral,False,False,False,5.0,CeraVe,2028954414,False
6840,2,1,positive,False,True,False,5.0,CeraVe,2028954414,False
6841,3,3,positive,False,True,True,5.0,CeraVe,2028954414,False
6843,2,2,positive,False,True,True,5.0,CeraVe,2028954414,False
6845,1,1,positive,False,True,False,5.0,CeraVe,2028954414,False
6847,1,1,neutral,False,False,False,5.0,CeraVe,2028954414,False
6848,7,2,neutral,False,False,False,5.0,CeraVe,2028954414,False
6850,2,1,positive,False,True,False,5.0,CeraVe,2028954414,False
6851,2,1,positive,False,True,True,5.0,CeraVe,2028954414,False
6852,1,1,neutral,False,False,False,5.0,CeraVe,2028954414,False
6854,3,2,positive,False,True,True,5.0,CeraVe,2028954414,False
6855,1,1,positive,False,True,False,5.0,CeraVe,2028954414,False
6856,2,2,neutral,False,False,False,5.0,CeraVe,2028954414,False
6858,2,2,positive,False,True,False,5.0,CeraVe,2028954414,False
6859,1,1,neutral,False,False,False,5.0,CeraVe,2028954414,False
6860,1,1,neutral,False,False,False,5.0,CeraVe,2028954414,False
6861,3,3,positive,False,True,False,5.0,CeraVe,2028954414,False
6862,2,1,positive,False,True,False,5.0,CeraVe,2028954414,False
6865,1,1,positive,False,True,False,5.0,CeraVe,2028954414,False
6867,1,1,neutral,False,False,False,5.0,CeraVe,2028954414,False
6868,1,1,neutral,False,False,False,5.0,CeraVe,2028954414,False
6869,2,2,positive,False,True,False,5.0,CeraVe,2028954414,False
6870,2,2,positive,False,True,False,5.0,CeraVe,2028954414,False
6872,2,2,neutral,False,False,False,5.0,CeraVe,2028954414,False
6873,2,1,neutral,False,False,False,5.0,CeraVe,2028954414,False
6874,1,1,neutral,False,False,False,5.0,CeraVe,2028954414,False
6876,1,1,positive,False,True,False,5.0,CeraVe,2028954414,False
6877,2,2,positive,False,True,True,5.0,CeraVe,2028954414,False
6879,1,1,positive,False,True,False,5.0,CeraVe,2028954414,False
6881,1,1,positive,False,True,False,5.0,CeraVe,2028954414,False
6883,2,2,positive,False,True,False,5.0,CeraVe,3029571068,False
6885,4,2,neutral,False,True,True,5.0,CeraVe,3029571068,False
6887,1,1,neutral,False,False,False,5.0,CeraVe,3029571068,False
6888,1,1,positive,False,True,False,5.0,CeraVe,3029571068,False
6889,1,1,positive,False,True,False,5.0,CeraVe,3029571068,False
6890,1,1,neutral,False,False,False,5.0,CeraVe,3029571068,False
6893,1,1,positive,False,True,False,1.0,CeraVe,2028922907,False
6895,1,1,neutral,False,False,False,1.0,CeraVe,2028922907,False
6896,1,1,neutral,False,False,False,1.0,CeraVe,2028922907,False
6897,1,1,negative,True,False,False,1.0,CeraVe,2028922907,False
6898,1,1,neutral,False,False,False,1.0,CeraVe,2028922907,False
6899,1,1,neutral,False,False,False,1.0,CeraVe,2028922907,False
6900,3,1,negative,True,False,True,1.0,CeraVe,2028922907,False
6901,1,1,neutral,False,False,False,1.0,CeraVe,2028922907,False
6909,1,1,negative,True,False,False,1.0,CeraVe,2028922907,False
6912,2,2,neutral,False,False,False,2.0,CeraVe,2028922907,False
6915,4,2,neutral,False,False,False,2.0,CeraVe,2028922907,False
6917,1,1,negative,True,False,False,3.0,CeraVe,2028922907,False
6918,1,1,negative,True,False,False,3.0,CeraVe,2028922907,False
6919,1,1,neutral,False,False,False,3.0,CeraVe,2028922907,False
6921,2,1,neutral,False,False,False,3.0,CeraVe,2028922907,False
6922,1,1,negative,True,False,False,3.0,CeraVe,2028922907,False
6923,1,1,neutral,False,False,False,3.0,CeraVe,2028922907,False
6924,1,1,neutral,False,False,False,3.0,CeraVe,2028922907,False
6925,1,1,neutral,False,False,False,3.0,CeraVe,2028922907,False
6926,2,2,neutral,True,False,True,3.0,CeraVe,2028922907,False
6927,1,1,neutral,False,False,False,3.0,CeraVe,2028922907,False
6928,1,1,neutral,False,False,False,3.0,CeraVe,2028922907,False
6929,1,1,negative,True,False,False,3.0,CeraVe,2028922907,False
6930,2,2,neutral,False,False,False,3.0,CeraVe,2028922907,False
6931,1,1,neutral,False,False,False,4.0,CeraVe,2028922907,False
6932,1,1,neutral,False,False,False,4.0,CeraVe,2028922907,False
6934,1,1,positive,False,True,False,4.0,CeraVe,2028922907,False
6936,2,1,neutral,False,False,False,4.0,CeraVe,2028922907,False
6937,1,1,neutral,False,False,False,4.0,CeraVe,2028922907,False
6941,3,2,neutral,False,False,False,4.0,CeraVe,2028922907,False
6942,2,2,neutral,False,False,False,4.0,CeraVe,2028922907,False
6943,2,2,neutral,False,False,False,4.0,CeraVe,2028922907,False
6944,2,2,positive,False,True,False,4.0,CeraVe,2028922907,False
6946,1,1,neutral,False,False,False,4.0,CeraVe,2028922907,False
6947,1,1,neutral,False,False,False,4.0,CeraVe,2028922907,False
6948,3,3,neutral,False,True,True,4.0,CeraVe,2028922907,False
6949,3,3,neutral,False,True,True,4.0,CeraVe,2028922907,False
6950,2,2,positive,False,True,False,5.0,CeraVe,2028922907,False
6951,3,2,neutral,False,True,True,5.0,CeraVe,2028922907,False
6952,4,2,positive,False,True,True,5.0,CeraVe,2028922907,False
6954,3,1,neutral,False,False,False,5.0,CeraVe,2028922907,False
6955,1,1,neutral,False,False,False,5.0,CeraVe,2028922907,False
6956,2,2,positive,False,True,True,5.0,CeraVe,2028922907,False
6957,2,2,neutral,False,True,True,5.0,CeraVe,2028922907,False
6958,1,1,neutral,False,False,False,5.0,CeraVe,2028922907,False
6959,2,2,neutral,False,False,False,5.0,CeraVe,2028922907,False
6960,3,2,positive,False,True,True,5.0,CeraVe,2028922907,False
6961,5,3,positive,False,True,True,5.0,CeraVe,2028922907,False
6962,4,3,neutral,False,True,True,5.0,CeraVe,2028922907,False
6963,1,1,neutral,False,False,False,5.0,CeraVe,2028922907,False
6964,1,1,neutral,False,False,False,5.0,CeraVe,2028922907,False
6965,1,1,neutral,False,False,False,5.0,CeraVe,2028922907,False
6966,4,2,positive,False,True,True,5.0,CeraVe,2028922907,False
6967,1,1,neutral,False,False,False,5.0,CeraVe,2028922907,False
6968,1,1,neutral,False,False,False,5.0,CeraVe,2028922907,False
6969,2,2,positive,False,True,False,5.0,CeraVe,2028922907,False
6970,5,2,neutral,False,True,True,5.0,CeraVe,2028922907,False
6971,3,3,neutral,False,False,False,5.0,CeraVe,2028922907,False
6972,2,2,neutral,False,True,True,5.0,CeraVe,2028922907,False
6973,2,2,neutral,False,False,False,5.0,CeraVe,2028922907,False
6976,3,2,positive,False,True,True,5.0,CeraVe,2028922907,False
6978,1,1,positive,False,True,False,5.0,CeraVe,2028922907,False
6980,2,2,neutral,False,False,False,5.0,CeraVe,2028922907,False
6981,1,1,negative,True,False,False,5.0,CeraVe,2028922907,True
6982,1,1,neutral,False,False,False,5.0,CeraVe,2028922907,False
6983,2,2,neutral,False,False,False,5.0,CeraVe,2028922907,False
6984,2,2,positive,False,True,False,5.0,CeraVe,2028922907,False
6986,1,1,positive,False,True,False,5.0,CeraVe,2028922907,False
6988,2,2,neutral,False,True,True,5.0,CeraVe,2028922907,False
6990,4,2,positive,False,True,False,5.0,CeraVe,2028922907,False
6991,1,1,neutral,False,False,False,5.0,CeraVe,2028922907,False
6992,2,2,positive,False,True,True,5.0,CeraVe,2028922907,False
6993,2,1,positive,False,True,True,5.0,CeraVe,2028922907,False
6994,1,1,positive,False,True,False,5.0,CeraVe,2028922907,False
6995,1,1,neutral,False,False,False,5.0,CeraVe,2028922907,False
6996,1,1,positive,False,True,False,5.0,CeraVe,2028922907,False
6997,1,1,neutral,False,False,False,5.0,CeraVe,2028922907,False
6999,2,1,neutral,False,False,False,5.0,CeraVe,2028922907,False
7000,5,3,positive,False,True,True,5.0,CeraVe,2028922907,False
7001,2,2,positive,False,True,False,5.0,CeraVe,2028922907,False
7002,2,2,positive,False,True,False,5.0,CeraVe,2028922907,False
7003,3,3,positive,False,True,True,5.0,CeraVe,2028922907,False
7006,2,2,neutral,False,False,False,5.0,CeraVe,2028922907,False
7007,2,2,neutral,False,False,False,5.0,CeraVe,2028922907,False
7008,2,2,neutral,False,False,False,5.0,CeraVe,2028922907,False
7009,2,2,positive,False,True,True,5.0,CeraVe,2028922907,False
7011,3,2,positive,False,True,True,5.0,CeraVe,2028922907,False
7013,1,1,neutral,False,False,False,5.0,CeraVe,2028922907,False
7014,3,3,neutral,False,True,True,5.0,CeraVe,2028922907,False
7015,1,1,neutral,False,False,False,5.0,CeraVe,2028922907,False
7016,3,3,positive,False,True,True,5.0,CeraVe,2028922907,False
7017,3,3,neutral,False,True,True,5.0,CeraVe,2028922907,False
7019,4,2,positive,False,True,False,5.0,CeraVe,2028922907,False
7020,2,2,positive,False,True,False,5.0,CeraVe,2028922907,False
7025,2,2,neutral,False,False,False,5.0,CeraVe,2028922907,False
7026,1,1,neutral,False,False,False,5.0,CeraVe,2028922907,False
7027,3,2,positive,False,True,True,5.0,CeraVe,2028922907,False
7028,3,2,positive,False,True,True,5.0,CeraVe,2028922907,False
7029,2,2,positive,False,True,False,5.0,CeraVe,2028922907,False
7030,2,2,neutral,False,True,True,5.0,CeraVe,2028922907,False
7031,2,2,neutral,False,False,False,5.0,CeraVe,2028922907,False
7032,3,2,neutral,False,False,False,5.0,CeraVe,2028922907,False
7033,2,2,positive,False,True,False,5.0,CeraVe,2028922907,False
7034,2,2,neutral,True,False,True,1.0,CeraVe,2028874804,False
7035,4,2,positive,True,True,True,1.0,CeraVe,2028874804,False
7036,1,1,negative,True,False,False,1.0,CeraVe,2028874804,False
7037,2,2,neutral,False,False,False,1.0,CeraVe,2028874804,False
7038,2,2,neutral,False,False,False,2.0,CeraVe,2028874804,False
7039,5,3,neutral,True,False,True,2.0,CeraVe,2028874804,False
7041,2,1,negative,True,False,False,3.0,CeraVe,2028874804,False
7042,2,1,neutral,False,True,True,4.0,CeraVe,2028874804,False
7043,9,5,neutral,False,True,True,4.0,CeraVe,2028874804,False
7044,4,3,neutral,True,True,True,4.0,CeraVe,2028874804,True
7046,1,1,negative,True,False,False,4.0,CeraVe,2028874804,True
7047,1,1,positive,False,True,False,5.0,CeraVe,2028874804,False
7048,2,2,negative,True,False,True,5.0,CeraVe,2028874804,True
7049,2,1,neutral,False,True,True,5.0,CeraVe,2028874804,False
7050,2,1,positive,False,True,True,5.0,CeraVe,2028874804,False
7051,2,1,neutral,False,True,True,5.0,CeraVe,2028874804,False
7052,3,1,neutral,False,True,True,5.0,CeraVe,2028874804,False
7053,2,2,positive,False,True,True,5.0,CeraVe,2028874804,False
7054,4,4,neutral,False,True,True,5.0,CeraVe,2028874804,False
7055,2,1,neutral,False,True,True,5.0,CeraVe,2028874804,False
7056,1,1,positive,False,True,False,5.0,CeraVe,2028874804,False
7057,1,1,positive,False,True,False,5.0,CeraVe,2028874804,False
7058,1,1,positive,False,True,False,5.0,CeraVe,2028874804,False
7059,2,1,positive,False,True,False,5.0,CeraVe,2028874804,False
7061,2,2,positive,False,True,False,5.0,CeraVe,2028874804,False
7063,1,1,positive,False,True,False,5.0,CeraVe,2028874804,False
7065,4,2,positive,False,True,False,5.0,CeraVe,2028874804,False
7066,1,1,neutral,False,False,False,5.0,CeraVe,2028874804,False
7067,5,4,positive,False,True,True,5.0,CeraVe,2028874804,False
7068,7,4,neutral,False,False,False,5.0,CeraVe,2028874804,False
7069,2,2,positive,False,True,True,5.0,CeraVe,2028874804,False
7070,1,1,neutral,False,False,False,5.0,CeraVe,2028874804,False
7071,1,1,positive,False,True,False,5.0,CeraVe,2028874804,False
7072,3,2,positive,False,True,True,5.0,CeraVe,2028874804,False
7073,2,2,positive,False,True,True,5.0,CeraVe,2028874804,False
7074,2,1,neutral,False,True,True,5.0,CeraVe,2028874804,False
7075,4,2,positive,False,True,True,5.0,CeraVe,2028874804,False
7076,4,2,positive,False,True,True,5.0,CeraVe,2028874804,False
7077,5,2,positive,False,True,True,5.0,CeraVe,2028874804,False
7078,4,3,neutral,False,False,False,5.0,CeraVe,2028874804,False
7081,6,3,positive,False,True,True,5.0,CeraVe,2028874804,False
7082,2,1,neutral,False,False,False,5.0,CeraVe,2028874804,False
7083,5,3,positive,False,True,True,5.0,CeraVe,2028874804,False
7084,3,2,neutral,False,True,True,5.0,CeraVe,2028874804,False
7085,3,1,neutral,False,False,False,5.0,CeraVe,2028874804,False
7086,2,1,neutral,False,True,True,5.0,CeraVe,2028874804,False
7087,1,1,positive,False,True,False,5.0,CeraVe,2028874804,False
7088,4,3,neutral,False,True,True,5.0,CeraVe,2028874804,False
7089,3,2,positive,True,True,True,5.0,CeraVe,2028874804,True
7090,4,2,positive,False,True,False,5.0,CeraVe,2028874804,False
7091,1,1,positive,False,True,False,5.0,CeraVe,2028874804,False
7092,3,3,neutral,False,False,False,5.0,CeraVe,2028874804,False
7093,1,1,positive,False,True,False,5.0,CeraVe,2028874804,False
7095,3,2,positive,False,True,True,5.0,CeraVe,2028874804,False
7096,3,1,positive,False,True,True,5.0,CeraVe,2028874804,False
7099,1,1,positive,False,True,False,5.0,CeraVe,2028874804,False
7100,2,1,neutral,False,False,False,5.0,CeraVe,2028874804,False
7101,2,1,positive,False,True,False,5.0,CeraVe,2028874804,False
7102,4,2,positive,False,True,True,5.0,CeraVe,2028874804,False
7103,1,1,positive,False,True,False,5.0,CeraVe,2028874804,False
7104,2,2,negative,True,False,False,5.0,CeraVe,2028874804,True
7105,3,3,neutral,False,True,True,5.0,CeraVe,2028874804,False
7106,3,2,positive,False,True,False,5.0,CeraVe,2028874804,False
7107,2,2,neutral,False,True,True,5.0,CeraVe,2028874804,False
7108,3,3,positive,False,True,True,5.0,CeraVe,2028874804,False
7109,3,3,neutral,False,False,False,5.0,CeraVe,2028874804,False
7110,1,1,neutral,False,False,False,5.0,CeraVe,2028874804,False
7111,1,1,positive,False,True,False,5.0,CeraVe,2028874804,False
7112,3,3,positive,False,True,False,5.0,CeraVe,2028874804,False
7113,1,1,positive,False,True,False,5.0,CeraVe,2028874804,False
7114,2,2,neutral,False,True,True,5.0,CeraVe,2028874804,False
7115,1,1,positive,False,True,False,5.0,CeraVe,2028874804,False
7116,2,2,neutral,False,True,True,5.0,CeraVe,2028874804,False
7117,3,3,positive,False,True,True,5.0,CeraVe,2028874804,False
7118,1,1,positive,False,True,False,5.0,CeraVe,2028874804,False
7119,4,4,neutral,False,True,True,5.0,CeraVe,2028874804,False
7120,2,2,positive,False,True,False,5.0,CeraVe,2028874804,False
7121,1,1,neutral,False,False,False,5.0,CeraVe,2028874804,False
7122,1,1,positive,False,True,False,5.0,CeraVe,2028874804,False
7123,2,2,positive,False,True,True,5.0,CeraVe,2028874804,False
7124,3,2,positive,False,True,False,5.0,CeraVe,2028874804,False
7125,2,1,neutral,False,False,False,5.0,CeraVe,2028874804,False
7126,2,2,positive,False,True,False,5.0,CeraVe,2028874804,False
7127,4,2,neutral,False,False,False,5.0,CeraVe,2028874804,False
7128,4,2,neutral,False,True,True,5.0,CeraVe,2028874804,False
7129,3,2,positive,False,True,True,5.0,CeraVe,2028874804,False
7130,3,2,positive,False,True,True,5.0,CeraVe,2028874804,False
7131,2,2,positive,False,True,False,5.0,CeraVe,2028874804,False
7132,2,2,positive,False,True,True,5.0,CeraVe,2028874804,False
7133,4,2,positive,False,True,True,5.0,CeraVe,2028874804,False
7134,4,3,positive,False,True,True,5.0,CeraVe,2028874804,False
7135,3,2,neutral,False,True,True,5.0,CeraVe,2028874804,False
7136,2,2,positive,False,True,True,5.0,CeraVe,2028874804,False
7137,1,1,neutral,False,False,False,5.0,CeraVe,2028874804,False
7138,1,1,neutral,False,False,False,5.0,CeraVe,2028874804,False
7141,4,3,positive,False,True,False,3.0,CeraVe,2028930571,False
7142,2,2,negative,True,False,False,3.0,CeraVe,2028930571,False
7143,2,2,positive,False,True,True,4.0,CeraVe,2028930571,False
7144,1,1,neutral,False,False,False,5.0,CeraVe,2028930571,False
7145,2,2,positive,False,True,False,5.0,CeraVe,2028930571,False
7146,3,2,neutral,False,True,True,5.0,CeraVe,2028930571,False
7148,3,2,positive,False,True,True,5.0,CeraVe,2028930571,False
7149,5,3,neutral,False,True,True,5.0,CeraVe,2028930571,False
7151,1,1,neutral,False,False,False,5.0,CeraVe,2028930571,False
7152,1,1,neutral,False,False,False,5.0,CeraVe,2028930571,False
7153,1,1,neutral,False,False,False,5.0,CeraVe,2028930571,False
7154,2,2,neutral,False,False,False,5.0,CeraVe,2028930571,False
7156,2,2,positive,False,True,True,5.0,CeraVe,2028930571,False
7157,3,2,positive,False,True,True,5.0,CeraVe,2028930571,False
7158,2,2,neutral,False,False,False,5.0,CeraVe,2028930571,False
7159,2,2,positive,False,True,True,5.0,CeraVe,2028930571,False
7160,1,1,neutral,False,False,False,5.0,CeraVe,2028930571,False
7161,4,2,positive,False,True,True,5.0,CeraVe,2028930571,False
7163,1,1,neutral,False,False,False,5.0,CeraVe,2028930571,False
7164,1,1,neutral,False,False,False,5.0,CeraVe,2028930571,False
7167,1,1,positive,False,True,False,5.0,CeraVe,2028930571,False
7168,1,1,neutral,False,False,False,5.0,CeraVe,2028930571,False
7169,2,1,neutral,False,False,False,5.0,CeraVe,2028930571,False
7170,2,1,neutral,False,False,False,5.0,CeraVe,2028930571,False
7171,1,1,neutral,False,False,False,5.0,CeraVe,2028930571,False
7172,2,2,positive,False,True,False,5.0,CeraVe,2028930571,False
7173,3,2,positive,False,True,True,5.0,CeraVe,2028930571,False
7174,1,1,neutral,False,False,False,5.0,CeraVe,2028930571,False
7175,2,2,neutral,False,False,False,5.0,CeraVe,2028930571,False
7176,2,1,neutral,False,False,False,5.0,CeraVe,2028930571,False
7177,1,1,neutral,False,False,False,5.0,CeraVe,2028930571,False
7178,1,1,positive,False,True,False,5.0,CeraVe,2028930571,False
7179,1,1,neutral,False,False,False,5.0,CeraVe,2028930571,False
7181,2,2,positive,False,True,False,5.0,CeraVe,2028930571,False
7185,2,2,positive,False,True,True,5.0,CeraVe,2028930571,False
7186,1,1,positive,False,True,False,5.0,CeraVe,2028930571,False
7187,1,1,neutral,False,False,False,5.0,CeraVe,2028930571,False
7188,1,1,neutral,False,False,False,5.0,CeraVe,2028930571,False
7189,4,3,positive,False,True,True,5.0,CeraVe,2028930571,False
7191,2,1,neutral,False,False,False,5.0,CeraVe,2028930571,False
7192,1,1,neutral,False,False,False,5.0,CeraVe,2028930571,False
7194,1,1,neutral,False,False,False,5.0,CeraVe,2028930571,False
7195,2,2,neutral,False,False,False,5.0,CeraVe,2028930571,False
7196,2,2,positive,False,True,False,5.0,CeraVe,2028930571,False
7198,4,4,positive,False,True,False,5.0,CeraVe,2028930571,False
7200,1,1,negative,True,False,False,5.0,CeraVe,2028930571,True
7201,1,1,positive,False,True,False,5.0,CeraVe,2028930571,False
7202,1,1,positive,False,True,False,5.0,CeraVe,2028930571,False
7204,2,2,negative,True,True,True,5.0,CeraVe,2028930571,True
7205,3,3,positive,False,True,False,5.0,CeraVe,2028930571,False
7206,3,2,neutral,False,False,False,5.0,CeraVe,2028930571,False
7207,1,1,neutral,False,False,False,5.0,CeraVe,2028930571,False
7208,4,4,positive,False,True,True,5.0,CeraVe,2028930571,False
7210,3,3,positive,False,True,False,5.0,CeraVe,2028930571,False
7211,1,1,neutral,False,False,False,5.0,CeraVe,2028930571,False
7212,1,1,positive,False,True,False,5.0,CeraVe,2028930571,False
7213,1,1,neutral,False,False,False,5.0,CeraVe,2028930571,False
7215,1,1,positive,False,True,False,5.0,CeraVe,2028930571,False
7216,1,1,positive,False,True,False,5.0,CeraVe,2028930571,False
7217,2,2,positive,False,True,False,5.0,CeraVe,2028930571,False
7218,1,1,neutral,False,False,False,5.0,CeraVe,2028930571,False
7219,3,3,positive,False,True,False,5.0,CeraVe,2028930571,False
7221,3,3,neutral,False,False,False,5.0,CeraVe,2028930571,False
7222,4,4,neutral,False,False,False,5.0,CeraVe,2028930571,False
7223,1,1,positive,False,True,False,5.0,CeraVe,2028930571,False
7224,2,2,neutral,False,False,False,5.0,CeraVe,2028930571,False
7225,1,1,positive,False,True,False,5.0,CeraVe,2028930571,False
7226,1,1,positive,False,True,False,5.0,CeraVe,2028930571,False
7227,1,1,neutral,False,False,False,5.0,CeraVe,2028930571,False
7228,2,2,neutral,False,False,False,5.0,CeraVe,2028930571,False
7229,3,3,neutral,False,True,True,5.0,CeraVe,3057000585,False
7232,1,1,positive,False,True,False,5.0,CeraVe,3057000585,False
7233,1,1,positive,False,True,False,5.0,CeraVe,3057000585,False
7234,1,1,negative,True,False,False,2.0,CeraVe,2836044322,False
7236,1,1,neutral,False,False,False,3.0,CeraVe,2836044322,False
7237,3,2,neutral,False,False,False,3.0,CeraVe,2836044322,False
7238,2,2,positive,False,True,False,5.0,CeraVe,2836044322,False
7239,1,1,neutral,False,False,False,5.0,CeraVe,2836044322,False
7242,2,1,neutral,False,False,False,5.0,CeraVe,2836044322,False
7243,5,3,neutral,False,True,True,5.0,CeraVe,2836044322,False
7244,2,1,neutral,False,False,False,5.0,CeraVe,2836044322,False
7245,6,3,neutral,False,True,True,5.0,CeraVe,2836044322,False
7246,4,3,neutral,False,True,True,5.0,CeraVe,2836044322,False
7247,3,1,neutral,False,False,False,5.0,CeraVe,2836044322,False
7248,4,1,neutral,False,True,True,5.0,CeraVe,2836044322,False
7249,5,3,neutral,False,True,True,5.0,CeraVe,2836044322,False
7250,3,2,neutral,False,True,True,5.0,CeraVe,2836044322,False
7251,3,3,positive,False,True,False,5.0,CeraVe,2836044322,False
7253,2,2,neutral,False,False,False,5.0,CeraVe,2836044322,False
7254,4,4,neutral,False,True,True,5.0,CeraVe,2836044322,False
7255,3,3,positive,False,True,False,5.0,CeraVe,2836044322,False
7256,2,2,positive,False,True,False,5.0,CeraVe,2836044322,False
7257,1,1,positive,False,True,False,5.0,CeraVe,2836044322,False
7260,1,1,positive,False,True,False,5.0,CeraVe,2836044322,False
7262,3,2,positive,False,True,False,5.0,CeraVe,3102329976,False
7263,4,2,positive,False,True,False,5.0,CeraVe,3102329976,False
7264,2,2,neutral,False,True,True,5.0,CeraVe,3102329976,False
7265,1,1,neutral,False,False,False,5.0,CeraVe,3102329976,False
7266,2,1,positive,False,True,True,5.0,CeraVe,3102329976,False
7267,3,3,positive,False,True,True,5.0,CeraVe,3102329976,False
7268,7,4,neutral,False,False,False,5.0,CeraVe,2929082006,False
7269,3,3,positive,False,True,False,5.0,CeraVe,2929082006,False
7270,2,2,negative,True,False,True,2.0,CeraVe,2028966367,False
7271,1,1,neutral,False,False,False,2.0,CeraVe,2028966367,False
7272,1,1,neutral,False,False,False,2.0,CeraVe,2028966367,False
7274,1,1,neutral,False,False,False,3.0,CeraVe,2028966367,False
7277,2,2,positive,False,True,False,5.0,CeraVe,2028966367,False
7279,5,3,neutral,False,True,True,5.0,CeraVe,2028966367,False
7280,1,1,neutral,False,False,False,5.0,CeraVe,2028966367,False
7281,4,2,neutral,False,True,True,5.0,CeraVe,2028966367,False
7282,2,2,neutral,False,False,False,5.0,CeraVe,2028966367,False
7283,1,1,neutral,False,False,False,5.0,CeraVe,2028966367,False
7284,5,3,neutral,False,True,True,5.0,CeraVe,2028966367,False
7285,5,3,positive,False,True,True,5.0,CeraVe,2028966367,False
7286,2,2,neutral,False,False,False,5.0,CeraVe,2028966367,False
7287,1,1,positive,False,True,False,5.0,CeraVe,2028966367,False
7292,1,1,neutral,False,False,False,5.0,CeraVe,2028966367,False
7293,7,4,neutral,False,False,False,5.0,CeraVe,2028966367,False
7294,1,1,positive,False,True,False,5.0,CeraVe,2028966367,False
7295,3,3,neutral,False,True,True,5.0,CeraVe,2028966367,False
7296,3,3,positive,False,True,True,5.0,CeraVe,2028966367,False
7297,1,1,neutral,False,False,False,5.0,CeraVe,2028966367,False
7298,2,2,neutral,False,True,True,5.0,CeraVe,2028966367,False
7299,1,1,neutral,False,False,False,5.0,CeraVe,2028966367,False
7301,3,3,neutral,False,True,True,5.0,CeraVe,2028966367,False
7302,3,2,positive,False,True,True,5.0,CeraVe,2028966367,False
7303,2,1,neutral,False,True,True,5.0,CeraVe,2028966367,False
7304,1,1,positive,False,True,False,5.0,CeraVe,2028966367,False
7305,3,2,neutral,False,True,True,5.0,CeraVe,2028966367,False
7306,1,1,positive,False,True,False,5.0,CeraVe,2028966367,False
7307,2,2,neutral,False,True,True,5.0,CeraVe,2028966367,False
7309,2,2,neutral,False,False,False,5.0,CeraVe,2028966367,False
7310,3,2,neutral,False,True,True,5.0,CeraVe,2028966367,False
7311,3,3,neutral,False,False,False,5.0,CeraVe,2028966367,False
7312,1,1,neutral,False,False,False,5.0,CeraVe,2028966367,False
7313,3,2,positive,False,True,True,5.0,CeraVe,2028966367,False
7314,2,2,positive,False,True,False,5.0,CeraVe,2028966367,False
7315,1,1,negative,True,False,False,5.0,CeraVe,2028966367,True
7316,1,1,neutral,False,False,False,5.0,CeraVe,2028966367,False
7317,3,2,positive,False,True,True,5.0,CeraVe,2028966367,False
7318,1,1,positive,False,True,False,5.0,CeraVe,2028966367,False
7319,2,2,neutral,False,False,False,5.0,CeraVe,2028966367,False
7320,1,1,neutral,False,False,False,5.0,CeraVe,2028966367,False
7321,2,2,neutral,False,False,False,5.0,CeraVe,2028966367,False
7322,1,1,positive,False,True,False,5.0,CeraVe,2028966367,False
7325,2,2,positive,False,True,False,5.0,CeraVe,2028966367,False
7328,1,1,neutral,False,False,False,5.0,CeraVe,2028966367,False
7329,2,1,neutral,False,False,False,5.0,CeraVe,2028966367,False
7332,2,2,neutral,False,False,False,5.0,CeraVe,2028966367,False
7333,3,2,neutral,False,False,False,5.0,CeraVe,2028966367,False
7334,3,3,neutral,False,True,True,5.0,CeraVe,2028966367,False
7335,2,2,positive,False,True,True,5.0,CeraVe,2028966367,False
7336,3,3,neutral,False,True,True,5.0,CeraVe,2028966367,False
7338,3,2,neutral,False,True,True,5.0,CeraVe,2028966367,False
7339,3,3,positive,False,True,True,5.0,CeraVe,2028966367,False
7340,3,1,neutral,False,True,True,5.0,CeraVe,2028966367,False
7341,1,1,neutral,False,False,False,5.0,CeraVe,2028966367,False
7342,3,1,neutral,False,False,False,5.0,CeraVe,2028966367,False
7343,1,1,neutral,False,False,False,5.0,CeraVe,2028966367,False
7344,1,1,neutral,False,False,False,5.0,CeraVe,2028966367,False
7345,17,1,neutral,False,False,False,5.0,CeraVe,2028966367,False
7346,5,1,neutral,False,False,False,5.0,CeraVe,2028966367,False
7347,4,2,positive,False,True,True,5.0,CeraVe,2028966367,False
7348,2,2,neutral,False,False,False,5.0,CeraVe,2028966367,False
7349,2,2,positive,False,True,True,5.0,CeraVe,2028966367,False
7350,1,1,neutral,False,False,False,5.0,CeraVe,2028966367,False
7351,4,2,neutral,False,True,True,5.0,CeraVe,2028966367,False
7352,2,2,neutral,False,False,False,5.0,CeraVe,2028966367,False
7353,1,1,positive,False,True,False,5.0,CeraVe,2028966367,False
7355,2,2,positive,False,True,False,5.0,CeraVe,2028966367,False
7356,1,1,neutral,False,False,False,5.0,CeraVe,2028966367,False
7357,2,2,neutral,False,True,True,5.0,CeraVe,2028966367,False
7358,1,1,neutral,False,False,False,5.0,CeraVe,2028966367,False
7360,6,5,neutral,False,False,False,5.0,CeraVe,2028966367,False
7361,2,2,neutral,False,False,False,5.0,CeraVe,2028966367,False
7362,1,1,neutral,False,False,False,5.0,CeraVe,2028966367,False
